ISO-10303-21;
HEADER;
FILE_DESCRIPTION(('Open CASCADE Model'),'2;1');
FILE_NAME('smart_wearable_enclosure_assembly','2026-10-07T22:23:33',(
    'Author'),('Open CASCADE'),'Open CASCADE STEP processor 7.9',
  'build123d','Unknown');
FILE_SCHEMA(('AUTOMOTIVE_DESIGN { 1 0 10303 214 1 1 1 1 }'));
ENDSEC;
DATA;
#1 = APPLICATION_PROTOCOL_DEFINITION('international standard',
  'automotive_design',2000,#2);
#2 = APPLICATION_CONTEXT(
  'core data for automotive mechanical design processes');
#3 = SHAPE_DEFINITION_REPRESENTATION(#4,#10);
#4 = PRODUCT_DEFINITION_SHAPE('','',#5);
#5 = PRODUCT_DEFINITION('design','',#6,#9);
#6 = PRODUCT_DEFINITION_FORMATION('','',#7);
#7 = PRODUCT('smart_wearable_enclosure_assembly',
  'smart_wearable_enclosure_assembly','',(#8));
#8 = PRODUCT_CONTEXT('',#2,'mechanical');
#9 = PRODUCT_DEFINITION_CONTEXT('part definition',#2,'design');
#10 = SHAPE_REPRESENTATION('',(#11,#15,#19,#23,#27),#31);
#11 = AXIS2_PLACEMENT_3D('',#12,#13,#14);
#12 = CARTESIAN_POINT('',(0.,0.,0.));
#13 = DIRECTION('',(0.,0.,1.));
#14 = DIRECTION('',(1.,0.,-0.));
#15 = AXIS2_PLACEMENT_3D('',#16,#17,#18);
#16 = CARTESIAN_POINT('',(0.,0.,0.));
#17 = DIRECTION('',(0.,0.,1.));
#18 = DIRECTION('',(1.,0.,-0.));
#19 = AXIS2_PLACEMENT_3D('',#20,#21,#22);
#20 = CARTESIAN_POINT('',(0.,0.,0.));
#21 = DIRECTION('',(0.,0.,1.));
#22 = DIRECTION('',(1.,0.,-0.));
#23 = AXIS2_PLACEMENT_3D('',#24,#25,#26);
#24 = CARTESIAN_POINT('',(0.,0.,11.18));
#25 = DIRECTION('',(0.,0.,1.));
#26 = DIRECTION('',(1.,0.,-0.));
#27 = AXIS2_PLACEMENT_3D('',#28,#29,#30);
#28 = CARTESIAN_POINT('',(0.,0.,0.));
#29 = DIRECTION('',(0.,0.,1.));
#30 = DIRECTION('',(1.,0.,-0.));
#31 = ( GEOMETRIC_REPRESENTATION_CONTEXT(3) 
GLOBAL_UNCERTAINTY_ASSIGNED_CONTEXT((#35)) GLOBAL_UNIT_ASSIGNED_CONTEXT(
(#32,#33,#34)) REPRESENTATION_CONTEXT('Context #1',
  '3D Context with UNIT and UNCERTAINTY') );
#32 = ( LENGTH_UNIT() NAMED_UNIT(*) SI_UNIT(.MILLI.,.METRE.) );
#33 = ( NAMED_UNIT(*) PLANE_ANGLE_UNIT() SI_UNIT($,.RADIAN.) );
#34 = ( NAMED_UNIT(*) SI_UNIT($,.STERADIAN.) SOLID_ANGLE_UNIT() );
#35 = UNCERTAINTY_MEASURE_WITH_UNIT(LENGTH_MEASURE(1.E-07),#32,
  'distance_accuracy_value','confusion accuracy');
#36 = PRODUCT_RELATED_PRODUCT_CATEGORY('part',$,(#7));
#37 = SHAPE_DEFINITION_REPRESENTATION(#38,#44);
#38 = PRODUCT_DEFINITION_SHAPE('','',#39);
#39 = PRODUCT_DEFINITION('design','',#40,#43);
#40 = PRODUCT_DEFINITION_FORMATION('','',#41);
#41 = PRODUCT('main_body_case','main_body_case','',(#42));
#42 = PRODUCT_CONTEXT('',#2,'mechanical');
#43 = PRODUCT_DEFINITION_CONTEXT('part definition',#2,'design');
#44 = ADVANCED_BREP_SHAPE_REPRESENTATION('',(#11,#45),#12179);
#45 = MANIFOLD_SOLID_BREP('',#46);
#46 = CLOSED_SHELL('',(#47,#202,#349,#428,#507,#644,#703,#921,#1051,
    #1083,#1141,#1296,#2446,#2530,#2939,#2965,#3016,#3181,#3326,#3405,
    #3516,#3597,#3703,#3821,#3848,#3946,#3972,#4032,#4083,#4255,#4355,
    #4466,#4584,#4611,#4753,#4835,#4920,#4946,#4994,#5101,#5172,#5305,
    #5446,#5495,#5660,#5764,#5846,#5906,#5934,#6045,#6163,#6190,#6332,
    #6394,#6470,#6524,#6573,#6627,#6676,#6730,#6779,#6811,#6837,#6863,
    #6912,#6939,#6993,#7042,#7155,#7202,#7310,#7359,#7391,#7428,#7457,
    #8264,#8295,#8524,#8555,#8586,#8617,#8831,#8909,#8983,#9057,#9106,
    #9155,#9202,#9305,#9423,#9499,#9573,#9673,#9727,#9754,#9835,#9935,
    #9982,#10038,#10129,#10178,#10227,#10254,#10309,#10364,#10419,#10474
    ,#10529,#10584,#10658,#10712,#10759,#10813,#10860,#10914,#10961,
    #10993,#11018,#11142,#11193,#11244,#11333,#11340,#11347,#11353,
    #11388,#11394,#11429,#11464,#11499,#11534,#11569,#11604,#11639,
    #11650,#11675,#11700,#11707,#11762,#11817,#11872,#11927,#11982,
    #12037,#12092,#12147,#12151,#12155,#12159,#12163,#12167,#12171,
    #12175));
#47 = ADVANCED_FACE('',(#48,#167),#62,.T.);
#48 = FACE_BOUND('',#49,.T.);
#49 = EDGE_LOOP('',(#50,#85,#113,#141));
#50 = ORIENTED_EDGE('',*,*,#51,.T.);
#51 = EDGE_CURVE('',#52,#54,#56,.T.);
#52 = VERTEX_POINT('',#53);
#53 = CARTESIAN_POINT('',(-24.,-10.5,0.55));
#54 = VERTEX_POINT('',#55);
#55 = CARTESIAN_POINT('',(-24.,-10.5,8.95));
#56 = SURFACE_CURVE('',#57,(#61,#73),.PCURVE_S1.);
#57 = LINE('',#58,#59);
#58 = CARTESIAN_POINT('',(-24.,-10.5,0.));
#59 = VECTOR('',#60,1.);
#60 = DIRECTION('',(0.,0.,1.));
#61 = PCURVE('',#62,#67);
#62 = PLANE('',#63);
#63 = AXIS2_PLACEMENT_3D('',#64,#65,#66);
#64 = CARTESIAN_POINT('',(-24.,-10.5,0.));
#65 = DIRECTION('',(-1.,0.,0.));
#66 = DIRECTION('',(0.,1.,0.));
#67 = DEFINITIONAL_REPRESENTATION('',(#68),#72);
#68 = LINE('',#69,#70);
#69 = CARTESIAN_POINT('',(-1.7763568394E-15,0.));
#70 = VECTOR('',#71,1.);
#71 = DIRECTION('',(0.,-1.));
#72 = ( GEOMETRIC_REPRESENTATION_CONTEXT(2) 
PARAMETRIC_REPRESENTATION_CONTEXT() REPRESENTATION_CONTEXT('2D SPACE',''
  ) );
#73 = PCURVE('',#74,#79);
#74 = CYLINDRICAL_SURFACE('',#75,11.5);
#75 = AXIS2_PLACEMENT_3D('',#76,#77,#78);
#76 = CARTESIAN_POINT('',(-12.5,-10.5,0.));
#77 = DIRECTION('',(0.,0.,-1.));
#78 = DIRECTION('',(-1.,0.,0.));
#79 = DEFINITIONAL_REPRESENTATION('',(#80),#84);
#80 = LINE('',#81,#82);
#81 = CARTESIAN_POINT('',(6.28318530718,0.));
#82 = VECTOR('',#83,1.);
#83 = DIRECTION('',(0.,-1.));
#84 = ( GEOMETRIC_REPRESENTATION_CONTEXT(2) 
PARAMETRIC_REPRESENTATION_CONTEXT() REPRESENTATION_CONTEXT('2D SPACE',''
  ) );
#85 = ORIENTED_EDGE('',*,*,#86,.T.);
#86 = EDGE_CURVE('',#54,#87,#89,.T.);
#87 = VERTEX_POINT('',#88);
#88 = CARTESIAN_POINT('',(-24.,10.499999984226,8.95));
#89 = SURFACE_CURVE('',#90,(#94,#101),.PCURVE_S1.);
#90 = LINE('',#91,#92);
#91 = CARTESIAN_POINT('',(-24.,-10.5,8.95));
#92 = VECTOR('',#93,1.);
#93 = DIRECTION('',(0.,1.,0.));
#94 = PCURVE('',#62,#95);
#95 = DEFINITIONAL_REPRESENTATION('',(#96),#100);
#96 = LINE('',#97,#98);
#97 = CARTESIAN_POINT('',(0.,-8.95));
#98 = VECTOR('',#99,1.);
#99 = DIRECTION('',(1.,0.));
#100 = ( GEOMETRIC_REPRESENTATION_CONTEXT(2) 
PARAMETRIC_REPRESENTATION_CONTEXT() REPRESENTATION_CONTEXT('2D SPACE',''
  ) );
#101 = PCURVE('',#102,#107);
#102 = CYLINDRICAL_SURFACE('',#103,0.55);
#103 = AXIS2_PLACEMENT_3D('',#104,#105,#106);
#104 = CARTESIAN_POINT('',(-23.45,-10.5,8.95));
#105 = DIRECTION('',(0.,1.,0.));
#106 = DIRECTION('',(-1.,0.,0.));
#107 = DEFINITIONAL_REPRESENTATION('',(#108),#112);
#108 = LINE('',#109,#110);
#109 = CARTESIAN_POINT('',(0.,0.));
#110 = VECTOR('',#111,1.);
#111 = DIRECTION('',(0.,1.));
#112 = ( GEOMETRIC_REPRESENTATION_CONTEXT(2) 
PARAMETRIC_REPRESENTATION_CONTEXT() REPRESENTATION_CONTEXT('2D SPACE',''
  ) );
#113 = ORIENTED_EDGE('',*,*,#114,.F.);
#114 = EDGE_CURVE('',#115,#87,#117,.T.);
#115 = VERTEX_POINT('',#116);
#116 = CARTESIAN_POINT('',(-24.,10.499999984226,0.55));
#117 = SURFACE_CURVE('',#118,(#122,#129),.PCURVE_S1.);
#118 = LINE('',#119,#120);
#119 = CARTESIAN_POINT('',(-24.,10.499999984226,0.));
#120 = VECTOR('',#121,1.);
#121 = DIRECTION('',(0.,0.,1.));
#122 = PCURVE('',#62,#123);
#123 = DEFINITIONAL_REPRESENTATION('',(#124),#128);
#124 = LINE('',#125,#126);
#125 = CARTESIAN_POINT('',(20.999999984226,0.));
#126 = VECTOR('',#127,1.);
#127 = DIRECTION('',(0.,-1.));
#128 = ( GEOMETRIC_REPRESENTATION_CONTEXT(2) 
PARAMETRIC_REPRESENTATION_CONTEXT() REPRESENTATION_CONTEXT('2D SPACE',''
  ) );
#129 = PCURVE('',#130,#135);
#130 = CYLINDRICAL_SURFACE('',#131,11.5);
#131 = AXIS2_PLACEMENT_3D('',#132,#133,#134);
#132 = CARTESIAN_POINT('',(-12.5,10.499999984226,0.));
#133 = DIRECTION('',(0.,0.,-1.));
#134 = DIRECTION('',(-1.,0.,0.));
#135 = DEFINITIONAL_REPRESENTATION('',(#136),#140);
#136 = LINE('',#137,#138);
#137 = CARTESIAN_POINT('',(0.,0.));
#138 = VECTOR('',#139,1.);
#139 = DIRECTION('',(0.,-1.));
#140 = ( GEOMETRIC_REPRESENTATION_CONTEXT(2) 
PARAMETRIC_REPRESENTATION_CONTEXT() REPRESENTATION_CONTEXT('2D SPACE',''
  ) );
#141 = ORIENTED_EDGE('',*,*,#142,.F.);
#142 = EDGE_CURVE('',#52,#115,#143,.T.);
#143 = SURFACE_CURVE('',#144,(#148,#155),.PCURVE_S1.);
#144 = LINE('',#145,#146);
#145 = CARTESIAN_POINT('',(-24.,-10.5,0.55));
#146 = VECTOR('',#147,1.);
#147 = DIRECTION('',(0.,1.,0.));
#148 = PCURVE('',#62,#149);
#149 = DEFINITIONAL_REPRESENTATION('',(#150),#154);
#150 = LINE('',#151,#152);
#151 = CARTESIAN_POINT('',(0.,-0.55));
#152 = VECTOR('',#153,1.);
#153 = DIRECTION('',(1.,0.));
#154 = ( GEOMETRIC_REPRESENTATION_CONTEXT(2) 
PARAMETRIC_REPRESENTATION_CONTEXT() REPRESENTATION_CONTEXT('2D SPACE',''
  ) );
#155 = PCURVE('',#156,#161);
#156 = CYLINDRICAL_SURFACE('',#157,0.55);
#157 = AXIS2_PLACEMENT_3D('',#158,#159,#160);
#158 = CARTESIAN_POINT('',(-23.45,-10.5,0.55));
#159 = DIRECTION('',(0.,1.,0.));
#160 = DIRECTION('',(-1.,0.,0.));
#161 = DEFINITIONAL_REPRESENTATION('',(#162),#166);
#162 = LINE('',#163,#164);
#163 = CARTESIAN_POINT('',(-0.,0.));
#164 = VECTOR('',#165,1.);
#165 = DIRECTION('',(-0.,1.));
#166 = ( GEOMETRIC_REPRESENTATION_CONTEXT(2) 
PARAMETRIC_REPRESENTATION_CONTEXT() REPRESENTATION_CONTEXT('2D SPACE',''
  ) );
#167 = FACE_BOUND('',#168,.T.);
#168 = EDGE_LOOP('',(#169));
#169 = ORIENTED_EDGE('',*,*,#170,.T.);
#170 = EDGE_CURVE('',#171,#171,#173,.T.);
#171 = VERTEX_POINT('',#172);
#172 = CARTESIAN_POINT('',(-24.,-6.858022075225E-16,1.9));
#173 = SURFACE_CURVE('',#174,(#179,#190),.PCURVE_S1.);
#174 = CIRCLE('',#175,2.8);
#175 = AXIS2_PLACEMENT_3D('',#176,#177,#178);
#176 = CARTESIAN_POINT('',(-24.,0.,4.7));
#177 = DIRECTION('',(1.,0.,2.22044604925E-16));
#178 = DIRECTION('',(2.22044604925E-16,0.,-1.));
#179 = PCURVE('',#62,#180);
#180 = DEFINITIONAL_REPRESENTATION('',(#181),#189);
#181 = ( BOUNDED_CURVE() B_SPLINE_CURVE(2,(#182,#183,#184,#185,#186,#187
,#188),.UNSPECIFIED.,.T.,.F.) B_SPLINE_CURVE_WITH_KNOTS((1,2,2,2,2,1),(
    -2.094395102393,0.,2.094395102393,4.188790204786,6.28318530718,
8.377580409573),.UNSPECIFIED.) CURVE() GEOMETRIC_REPRESENTATION_ITEM() 
RATIONAL_B_SPLINE_CURVE((1.,0.5,1.,0.5,1.,0.5,1.)) REPRESENTATION_ITEM(
  '') );
#182 = CARTESIAN_POINT('',(10.5,-1.9));
#183 = CARTESIAN_POINT('',(15.349742261193,-1.9));
#184 = CARTESIAN_POINT('',(12.924871130596,-6.1));
#185 = CARTESIAN_POINT('',(10.5,-10.3));
#186 = CARTESIAN_POINT('',(8.075128869404,-6.1));
#187 = CARTESIAN_POINT('',(5.650257738807,-1.9));
#188 = CARTESIAN_POINT('',(10.5,-1.9));
#189 = ( GEOMETRIC_REPRESENTATION_CONTEXT(2) 
PARAMETRIC_REPRESENTATION_CONTEXT() REPRESENTATION_CONTEXT('2D SPACE',''
  ) );
#190 = PCURVE('',#191,#196);
#191 = CYLINDRICAL_SURFACE('',#192,2.8);
#192 = AXIS2_PLACEMENT_3D('',#193,#194,#195);
#193 = CARTESIAN_POINT('',(-27.,0.,4.7));
#194 = DIRECTION('',(1.,0.,2.22044604925E-16));
#195 = DIRECTION('',(2.22044604925E-16,0.,-1.));
#196 = DEFINITIONAL_REPRESENTATION('',(#197),#201);
#197 = LINE('',#198,#199);
#198 = CARTESIAN_POINT('',(0.,3.));
#199 = VECTOR('',#200,1.);
#200 = DIRECTION('',(1.,0.));
#201 = ( GEOMETRIC_REPRESENTATION_CONTEXT(2) 
PARAMETRIC_REPRESENTATION_CONTEXT() REPRESENTATION_CONTEXT('2D SPACE',''
  ) );
#202 = ADVANCED_FACE('',(#203),#74,.T.);
#203 = FACE_BOUND('',#204,.T.);
#204 = EDGE_LOOP('',(#205,#240,#268,#295,#296,#325));
#205 = ORIENTED_EDGE('',*,*,#206,.F.);
#206 = EDGE_CURVE('',#207,#209,#211,.T.);
#207 = VERTEX_POINT('',#208);
#208 = CARTESIAN_POINT('',(-12.5,-22.,4.6));
#209 = VERTEX_POINT('',#210);
#210 = CARTESIAN_POINT('',(-15.54496265207,-21.5895537533,4.6));
#211 = SURFACE_CURVE('',#212,(#217,#224),.PCURVE_S1.);
#212 = CIRCLE('',#213,11.5);
#213 = AXIS2_PLACEMENT_3D('',#214,#215,#216);
#214 = CARTESIAN_POINT('',(-12.5,-10.5,4.6));
#215 = DIRECTION('',(0.,0.,-1.));
#216 = DIRECTION('',(-1.,0.,0.));
#217 = PCURVE('',#74,#218);
#218 = DEFINITIONAL_REPRESENTATION('',(#219),#223);
#219 = LINE('',#220,#221);
#220 = CARTESIAN_POINT('',(0.,-4.6));
#221 = VECTOR('',#222,1.);
#222 = DIRECTION('',(1.,0.));
#223 = ( GEOMETRIC_REPRESENTATION_CONTEXT(2) 
PARAMETRIC_REPRESENTATION_CONTEXT() REPRESENTATION_CONTEXT('2D SPACE',''
  ) );
#224 = PCURVE('',#225,#230);
#225 = PLANE('',#226);
#226 = AXIS2_PLACEMENT_3D('',#227,#228,#229);
#227 = CARTESIAN_POINT('',(-11.70000000576,-25.8,4.6));
#228 = DIRECTION('',(0.,0.,1.));
#229 = DIRECTION('',(1.,0.,-0.));
#230 = DEFINITIONAL_REPRESENTATION('',(#231),#239);
#231 = ( BOUNDED_CURVE() B_SPLINE_CURVE(2,(#232,#233,#234,#235,#236,#237
,#238),.UNSPECIFIED.,.T.,.F.) B_SPLINE_CURVE_WITH_KNOTS((1,2,2,2,2,1),(
    -2.094395102393,0.,2.094395102393,4.188790204786,6.28318530718,
8.377580409573),.UNSPECIFIED.) CURVE() GEOMETRIC_REPRESENTATION_ITEM() 
RATIONAL_B_SPLINE_CURVE((1.,0.5,1.,0.5,1.,0.5,1.)) REPRESENTATION_ITEM(
  '') );
#232 = CARTESIAN_POINT('',(-12.29999999423,15.3));
#233 = CARTESIAN_POINT('',(-12.29999999423,35.218584287042));
#234 = CARTESIAN_POINT('',(4.950000005763,25.259292143521));
#235 = CARTESIAN_POINT('',(22.200000005763,15.3));
#236 = CARTESIAN_POINT('',(4.950000005763,5.340707856479));
#237 = CARTESIAN_POINT('',(-12.29999999423,-4.618584287042));
#238 = CARTESIAN_POINT('',(-12.29999999423,15.3));
#239 = ( GEOMETRIC_REPRESENTATION_CONTEXT(2) 
PARAMETRIC_REPRESENTATION_CONTEXT() REPRESENTATION_CONTEXT('2D SPACE',''
  ) );
#240 = ORIENTED_EDGE('',*,*,#241,.T.);
#241 = EDGE_CURVE('',#207,#242,#244,.T.);
#242 = VERTEX_POINT('',#243);
#243 = CARTESIAN_POINT('',(-12.5,-22.,8.95));
#244 = SURFACE_CURVE('',#245,(#249,#256),.PCURVE_S1.);
#245 = LINE('',#246,#247);
#246 = CARTESIAN_POINT('',(-12.5,-22.,0.));
#247 = VECTOR('',#248,1.);
#248 = DIRECTION('',(0.,0.,1.));
#249 = PCURVE('',#74,#250);
#250 = DEFINITIONAL_REPRESENTATION('',(#251),#255);
#251 = LINE('',#252,#253);
#252 = CARTESIAN_POINT('',(4.712388980385,0.));
#253 = VECTOR('',#254,1.);
#254 = DIRECTION('',(0.,-1.));
#255 = ( GEOMETRIC_REPRESENTATION_CONTEXT(2) 
PARAMETRIC_REPRESENTATION_CONTEXT() REPRESENTATION_CONTEXT('2D SPACE',''
  ) );
#256 = PCURVE('',#257,#262);
#257 = PLANE('',#258);
#258 = AXIS2_PLACEMENT_3D('',#259,#260,#261);
#259 = CARTESIAN_POINT('',(-12.5,-22.,0.));
#260 = DIRECTION('',(0.,1.,0.));
#261 = DIRECTION('',(1.,0.,0.));
#262 = DEFINITIONAL_REPRESENTATION('',(#263),#267);
#263 = LINE('',#264,#265);
#264 = CARTESIAN_POINT('',(0.,0.));
#265 = VECTOR('',#266,1.);
#266 = DIRECTION('',(0.,-1.));
#267 = ( GEOMETRIC_REPRESENTATION_CONTEXT(2) 
PARAMETRIC_REPRESENTATION_CONTEXT() REPRESENTATION_CONTEXT('2D SPACE',''
  ) );
#268 = ORIENTED_EDGE('',*,*,#269,.T.);
#269 = EDGE_CURVE('',#242,#54,#270,.T.);
#270 = SURFACE_CURVE('',#271,(#276,#283),.PCURVE_S1.);
#271 = CIRCLE('',#272,11.5);
#272 = AXIS2_PLACEMENT_3D('',#273,#274,#275);
#273 = CARTESIAN_POINT('',(-12.5,-10.5,8.95));
#274 = DIRECTION('',(0.,-0.,-1.));
#275 = DIRECTION('',(1.544658121218E-16,-1.,0.));
#276 = PCURVE('',#74,#277);
#277 = DEFINITIONAL_REPRESENTATION('',(#278),#282);
#278 = LINE('',#279,#280);
#279 = CARTESIAN_POINT('',(4.712388980385,-8.95));
#280 = VECTOR('',#281,1.);
#281 = DIRECTION('',(1.,0.));
#282 = ( GEOMETRIC_REPRESENTATION_CONTEXT(2) 
PARAMETRIC_REPRESENTATION_CONTEXT() REPRESENTATION_CONTEXT('2D SPACE',''
  ) );
#283 = PCURVE('',#284,#289);
#284 = TOROIDAL_SURFACE('',#285,10.95,0.55);
#285 = AXIS2_PLACEMENT_3D('',#286,#287,#288);
#286 = CARTESIAN_POINT('',(-12.5,-10.5,8.95));
#287 = DIRECTION('',(0.,0.,1.));
#288 = DIRECTION('',(1.544658121218E-16,-1.,0.));
#289 = DEFINITIONAL_REPRESENTATION('',(#290),#294);
#290 = LINE('',#291,#292);
#291 = CARTESIAN_POINT('',(-0.,0.));
#292 = VECTOR('',#293,1.);
#293 = DIRECTION('',(-1.,0.));
#294 = ( GEOMETRIC_REPRESENTATION_CONTEXT(2) 
PARAMETRIC_REPRESENTATION_CONTEXT() REPRESENTATION_CONTEXT('2D SPACE',''
  ) );
#295 = ORIENTED_EDGE('',*,*,#51,.F.);
#296 = ORIENTED_EDGE('',*,*,#297,.F.);
#297 = EDGE_CURVE('',#298,#52,#300,.T.);
#298 = VERTEX_POINT('',#299);
#299 = CARTESIAN_POINT('',(-15.54496265207,-21.5895537533,0.55));
#300 = SURFACE_CURVE('',#301,(#306,#313),.PCURVE_S1.);
#301 = CIRCLE('',#302,11.5);
#302 = AXIS2_PLACEMENT_3D('',#303,#304,#305);
#303 = CARTESIAN_POINT('',(-12.5,-10.5,0.55));
#304 = DIRECTION('',(0.,-0.,-1.));
#305 = DIRECTION('',(1.544658121218E-16,-1.,0.));
#306 = PCURVE('',#74,#307);
#307 = DEFINITIONAL_REPRESENTATION('',(#308),#312);
#308 = LINE('',#309,#310);
#309 = CARTESIAN_POINT('',(4.712388980385,-0.55));
#310 = VECTOR('',#311,1.);
#311 = DIRECTION('',(1.,0.));
#312 = ( GEOMETRIC_REPRESENTATION_CONTEXT(2) 
PARAMETRIC_REPRESENTATION_CONTEXT() REPRESENTATION_CONTEXT('2D SPACE',''
  ) );
#313 = PCURVE('',#314,#319);
#314 = TOROIDAL_SURFACE('',#315,10.95,0.55);
#315 = AXIS2_PLACEMENT_3D('',#316,#317,#318);
#316 = CARTESIAN_POINT('',(-12.5,-10.5,0.55));
#317 = DIRECTION('',(-0.,-0.,-1.));
#318 = DIRECTION('',(1.544658121218E-16,-1.,0.));
#319 = DEFINITIONAL_REPRESENTATION('',(#320),#324);
#320 = LINE('',#321,#322);
#321 = CARTESIAN_POINT('',(0.,0.));
#322 = VECTOR('',#323,1.);
#323 = DIRECTION('',(1.,0.));
#324 = ( GEOMETRIC_REPRESENTATION_CONTEXT(2) 
PARAMETRIC_REPRESENTATION_CONTEXT() REPRESENTATION_CONTEXT('2D SPACE',''
  ) );
#325 = ORIENTED_EDGE('',*,*,#326,.F.);
#326 = EDGE_CURVE('',#209,#298,#327,.T.);
#327 = SURFACE_CURVE('',#328,(#332,#338),.PCURVE_S1.);
#328 = LINE('',#329,#330);
#329 = CARTESIAN_POINT('',(-15.54496265207,-21.5895537533,0.));
#330 = VECTOR('',#331,1.);
#331 = DIRECTION('',(0.,0.,-1.));
#332 = PCURVE('',#74,#333);
#333 = DEFINITIONAL_REPRESENTATION('',(#334),#337);
#334 = B_SPLINE_CURVE_WITH_KNOTS('',1,(#335,#336),.UNSPECIFIED.,.F.,.F.,
  (2,2),(-4.6000006,-0.5499994),.PIECEWISE_BEZIER_KNOTS.);
#335 = CARTESIAN_POINT('',(4.980364090282,-4.6000006));
#336 = CARTESIAN_POINT('',(4.980364090282,-0.5499994));
#337 = ( GEOMETRIC_REPRESENTATION_CONTEXT(2) 
PARAMETRIC_REPRESENTATION_CONTEXT() REPRESENTATION_CONTEXT('2D SPACE',''
  ) );
#338 = PCURVE('',#339,#344);
#339 = CYLINDRICAL_SURFACE('',#340,3.);
#340 = AXIS2_PLACEMENT_3D('',#341,#342,#343);
#341 = CARTESIAN_POINT('',(-12.8000000141,-22.8,0.));
#342 = DIRECTION('',(-0.,-0.,-1.));
#343 = DIRECTION('',(1.,0.,0.));
#344 = DEFINITIONAL_REPRESENTATION('',(#345),#348);
#345 = B_SPLINE_CURVE_WITH_KNOTS('',1,(#346,#347),.UNSPECIFIED.,.F.,.F.,
  (2,2),(-4.6000006,-0.5499994),.PIECEWISE_BEZIER_KNOTS.);
#346 = CARTESIAN_POINT('',(-2.726273380079,-4.6000006));
#347 = CARTESIAN_POINT('',(-2.726273380079,-0.5499994));
#348 = ( GEOMETRIC_REPRESENTATION_CONTEXT(2) 
PARAMETRIC_REPRESENTATION_CONTEXT() REPRESENTATION_CONTEXT('2D SPACE',''
  ) );
#349 = ADVANCED_FACE('',(#350),#156,.T.);
#350 = FACE_BOUND('',#351,.F.);
#351 = EDGE_LOOP('',(#352,#374,#402,#427));
#352 = ORIENTED_EDGE('',*,*,#353,.T.);
#353 = EDGE_CURVE('',#52,#354,#356,.T.);
#354 = VERTEX_POINT('',#355);
#355 = CARTESIAN_POINT('',(-23.45,-10.5,-1.110223024625E-16));
#356 = SURFACE_CURVE('',#357,(#362,#368),.PCURVE_S1.);
#357 = CIRCLE('',#358,0.55);
#358 = AXIS2_PLACEMENT_3D('',#359,#360,#361);
#359 = CARTESIAN_POINT('',(-23.45,-10.5,0.55));
#360 = DIRECTION('',(-0.,-1.,-0.));
#361 = DIRECTION('',(-1.,0.,0.));
#362 = PCURVE('',#156,#363);
#363 = DEFINITIONAL_REPRESENTATION('',(#364),#367);
#364 = B_SPLINE_CURVE_WITH_KNOTS('',1,(#365,#366),.UNSPECIFIED.,.F.,.F.,
  (2,2),(0.,1.570796326795),.PIECEWISE_BEZIER_KNOTS.);
#365 = CARTESIAN_POINT('',(0.,-1.7763568394E-15));
#366 = CARTESIAN_POINT('',(-1.570796326795,-1.7763568394E-15));
#367 = ( GEOMETRIC_REPRESENTATION_CONTEXT(2) 
PARAMETRIC_REPRESENTATION_CONTEXT() REPRESENTATION_CONTEXT('2D SPACE',''
  ) );
#368 = PCURVE('',#314,#369);
#369 = DEFINITIONAL_REPRESENTATION('',(#370),#373);
#370 = B_SPLINE_CURVE_WITH_KNOTS('',1,(#371,#372),.UNSPECIFIED.,.F.,.F.,
  (2,2),(0.,1.570796326795),.PIECEWISE_BEZIER_KNOTS.);
#371 = CARTESIAN_POINT('',(1.570796326795,0.));
#372 = CARTESIAN_POINT('',(1.570796326795,1.570796326795));
#373 = ( GEOMETRIC_REPRESENTATION_CONTEXT(2) 
PARAMETRIC_REPRESENTATION_CONTEXT() REPRESENTATION_CONTEXT('2D SPACE',''
  ) );
#374 = ORIENTED_EDGE('',*,*,#375,.T.);
#375 = EDGE_CURVE('',#354,#376,#378,.T.);
#376 = VERTEX_POINT('',#377);
#377 = CARTESIAN_POINT('',(-23.45,10.499999984226,-1.110223024625E-16));
#378 = SURFACE_CURVE('',#379,(#383,#390),.PCURVE_S1.);
#379 = LINE('',#380,#381);
#380 = CARTESIAN_POINT('',(-23.45,-10.5,-1.110223024625E-16));
#381 = VECTOR('',#382,1.);
#382 = DIRECTION('',(0.,1.,0.));
#383 = PCURVE('',#156,#384);
#384 = DEFINITIONAL_REPRESENTATION('',(#385),#389);
#385 = LINE('',#386,#387);
#386 = CARTESIAN_POINT('',(-1.570796326795,0.));
#387 = VECTOR('',#388,1.);
#388 = DIRECTION('',(-0.,1.));
#389 = ( GEOMETRIC_REPRESENTATION_CONTEXT(2) 
PARAMETRIC_REPRESENTATION_CONTEXT() REPRESENTATION_CONTEXT('2D SPACE',''
  ) );
#390 = PCURVE('',#391,#396);
#391 = PLANE('',#392);
#392 = AXIS2_PLACEMENT_3D('',#393,#394,#395);
#393 = CARTESIAN_POINT('',(-1.178506503405E-09,-2.412279910971E-09,0.));
#394 = DIRECTION('',(0.,0.,1.));
#395 = DIRECTION('',(1.,0.,-0.));
#396 = DEFINITIONAL_REPRESENTATION('',(#397),#401);
#397 = LINE('',#398,#399);
#398 = CARTESIAN_POINT('',(-23.44999999882,-10.49999999758));
#399 = VECTOR('',#400,1.);
#400 = DIRECTION('',(0.,1.));
#401 = ( GEOMETRIC_REPRESENTATION_CONTEXT(2) 
PARAMETRIC_REPRESENTATION_CONTEXT() REPRESENTATION_CONTEXT('2D SPACE',''
  ) );
#402 = ORIENTED_EDGE('',*,*,#403,.F.);
#403 = EDGE_CURVE('',#115,#376,#404,.T.);
#404 = SURFACE_CURVE('',#405,(#410,#416),.PCURVE_S1.);
#405 = CIRCLE('',#406,0.55);
#406 = AXIS2_PLACEMENT_3D('',#407,#408,#409);
#407 = CARTESIAN_POINT('',(-23.45,10.499999984226,0.55));
#408 = DIRECTION('',(-0.,-1.,-0.));
#409 = DIRECTION('',(-1.,0.,0.));
#410 = PCURVE('',#156,#411);
#411 = DEFINITIONAL_REPRESENTATION('',(#412),#415);
#412 = B_SPLINE_CURVE_WITH_KNOTS('',1,(#413,#414),.UNSPECIFIED.,.F.,.F.,
  (2,2),(0.,1.570796326795),.PIECEWISE_BEZIER_KNOTS.);
#413 = CARTESIAN_POINT('',(0.,20.999999984226));
#414 = CARTESIAN_POINT('',(-1.570796326795,20.999999984226));
#415 = ( GEOMETRIC_REPRESENTATION_CONTEXT(2) 
PARAMETRIC_REPRESENTATION_CONTEXT() REPRESENTATION_CONTEXT('2D SPACE',''
  ) );
#416 = PCURVE('',#417,#422);
#417 = TOROIDAL_SURFACE('',#418,10.95,0.55);
#418 = AXIS2_PLACEMENT_3D('',#419,#420,#421);
#419 = CARTESIAN_POINT('',(-12.5,10.499999984226,0.55));
#420 = DIRECTION('',(-0.,-0.,-1.));
#421 = DIRECTION('',(-1.,0.,0.));
#422 = DEFINITIONAL_REPRESENTATION('',(#423),#426);
#423 = B_SPLINE_CURVE_WITH_KNOTS('',1,(#424,#425),.UNSPECIFIED.,.F.,.F.,
  (2,2),(0.,1.570796326795),.PIECEWISE_BEZIER_KNOTS.);
#424 = CARTESIAN_POINT('',(0.,0.));
#425 = CARTESIAN_POINT('',(0.,1.570796326795));
#426 = ( GEOMETRIC_REPRESENTATION_CONTEXT(2) 
PARAMETRIC_REPRESENTATION_CONTEXT() REPRESENTATION_CONTEXT('2D SPACE',''
  ) );
#427 = ORIENTED_EDGE('',*,*,#142,.F.);
#428 = ADVANCED_FACE('',(#429),#102,.T.);
#429 = FACE_BOUND('',#430,.T.);
#430 = EDGE_LOOP('',(#431,#453,#481,#506));
#431 = ORIENTED_EDGE('',*,*,#432,.T.);
#432 = EDGE_CURVE('',#54,#433,#435,.T.);
#433 = VERTEX_POINT('',#434);
#434 = CARTESIAN_POINT('',(-23.45,-10.5,9.5));
#435 = SURFACE_CURVE('',#436,(#441,#447),.PCURVE_S1.);
#436 = CIRCLE('',#437,0.55);
#437 = AXIS2_PLACEMENT_3D('',#438,#439,#440);
#438 = CARTESIAN_POINT('',(-23.45,-10.5,8.95));
#439 = DIRECTION('',(0.,1.,0.));
#440 = DIRECTION('',(-1.,0.,0.));
#441 = PCURVE('',#102,#442);
#442 = DEFINITIONAL_REPRESENTATION('',(#443),#446);
#443 = B_SPLINE_CURVE_WITH_KNOTS('',1,(#444,#445),.UNSPECIFIED.,.F.,.F.,
  (2,2),(0.,1.570796326795),.PIECEWISE_BEZIER_KNOTS.);
#444 = CARTESIAN_POINT('',(0.,-1.7763568394E-15));
#445 = CARTESIAN_POINT('',(1.570796326795,-1.7763568394E-15));
#446 = ( GEOMETRIC_REPRESENTATION_CONTEXT(2) 
PARAMETRIC_REPRESENTATION_CONTEXT() REPRESENTATION_CONTEXT('2D SPACE',''
  ) );
#447 = PCURVE('',#284,#448);
#448 = DEFINITIONAL_REPRESENTATION('',(#449),#452);
#449 = B_SPLINE_CURVE_WITH_KNOTS('',1,(#450,#451),.UNSPECIFIED.,.F.,.F.,
  (2,2),(0.,1.570796326795),.PIECEWISE_BEZIER_KNOTS.);
#450 = CARTESIAN_POINT('',(-1.570796326795,0.));
#451 = CARTESIAN_POINT('',(-1.570796326795,1.570796326795));
#452 = ( GEOMETRIC_REPRESENTATION_CONTEXT(2) 
PARAMETRIC_REPRESENTATION_CONTEXT() REPRESENTATION_CONTEXT('2D SPACE',''
  ) );
#453 = ORIENTED_EDGE('',*,*,#454,.T.);
#454 = EDGE_CURVE('',#433,#455,#457,.T.);
#455 = VERTEX_POINT('',#456);
#456 = CARTESIAN_POINT('',(-23.45,10.499999984226,9.5));
#457 = SURFACE_CURVE('',#458,(#462,#469),.PCURVE_S1.);
#458 = LINE('',#459,#460);
#459 = CARTESIAN_POINT('',(-23.45,-10.5,9.5));
#460 = VECTOR('',#461,1.);
#461 = DIRECTION('',(0.,1.,0.));
#462 = PCURVE('',#102,#463);
#463 = DEFINITIONAL_REPRESENTATION('',(#464),#468);
#464 = LINE('',#465,#466);
#465 = CARTESIAN_POINT('',(1.570796326795,0.));
#466 = VECTOR('',#467,1.);
#467 = DIRECTION('',(0.,1.));
#468 = ( GEOMETRIC_REPRESENTATION_CONTEXT(2) 
PARAMETRIC_REPRESENTATION_CONTEXT() REPRESENTATION_CONTEXT('2D SPACE',''
  ) );
#469 = PCURVE('',#470,#475);
#470 = PLANE('',#471);
#471 = AXIS2_PLACEMENT_3D('',#472,#473,#474);
#472 = CARTESIAN_POINT('',(-1.178506503405E-09,-2.412279910971E-09,9.5)
  );
#473 = DIRECTION('',(0.,0.,1.));
#474 = DIRECTION('',(1.,0.,-0.));
#475 = DEFINITIONAL_REPRESENTATION('',(#476),#480);
#476 = LINE('',#477,#478);
#477 = CARTESIAN_POINT('',(-23.44999999882,-10.49999999758));
#478 = VECTOR('',#479,1.);
#479 = DIRECTION('',(0.,1.));
#480 = ( GEOMETRIC_REPRESENTATION_CONTEXT(2) 
PARAMETRIC_REPRESENTATION_CONTEXT() REPRESENTATION_CONTEXT('2D SPACE',''
  ) );
#481 = ORIENTED_EDGE('',*,*,#482,.F.);
#482 = EDGE_CURVE('',#87,#455,#483,.T.);
#483 = SURFACE_CURVE('',#484,(#489,#495),.PCURVE_S1.);
#484 = CIRCLE('',#485,0.55);
#485 = AXIS2_PLACEMENT_3D('',#486,#487,#488);
#486 = CARTESIAN_POINT('',(-23.45,10.499999984226,8.95));
#487 = DIRECTION('',(0.,1.,0.));
#488 = DIRECTION('',(-1.,0.,0.));
#489 = PCURVE('',#102,#490);
#490 = DEFINITIONAL_REPRESENTATION('',(#491),#494);
#491 = B_SPLINE_CURVE_WITH_KNOTS('',1,(#492,#493),.UNSPECIFIED.,.F.,.F.,
  (2,2),(0.,1.570796326795),.PIECEWISE_BEZIER_KNOTS.);
#492 = CARTESIAN_POINT('',(0.,20.999999984226));
#493 = CARTESIAN_POINT('',(1.570796326795,20.999999984226));
#494 = ( GEOMETRIC_REPRESENTATION_CONTEXT(2) 
PARAMETRIC_REPRESENTATION_CONTEXT() REPRESENTATION_CONTEXT('2D SPACE',''
  ) );
#495 = PCURVE('',#496,#501);
#496 = TOROIDAL_SURFACE('',#497,10.95,0.55);
#497 = AXIS2_PLACEMENT_3D('',#498,#499,#500);
#498 = CARTESIAN_POINT('',(-12.5,10.499999984226,8.95));
#499 = DIRECTION('',(0.,0.,1.));
#500 = DIRECTION('',(-1.,0.,0.));
#501 = DEFINITIONAL_REPRESENTATION('',(#502),#505);
#502 = B_SPLINE_CURVE_WITH_KNOTS('',1,(#503,#504),.UNSPECIFIED.,.F.,.F.,
  (2,2),(0.,1.570796326795),.PIECEWISE_BEZIER_KNOTS.);
#503 = CARTESIAN_POINT('',(0.,0.));
#504 = CARTESIAN_POINT('',(0.,1.570796326795));
#505 = ( GEOMETRIC_REPRESENTATION_CONTEXT(2) 
PARAMETRIC_REPRESENTATION_CONTEXT() REPRESENTATION_CONTEXT('2D SPACE',''
  ) );
#506 = ORIENTED_EDGE('',*,*,#86,.F.);
#507 = ADVANCED_FACE('',(#508),#130,.T.);
#508 = FACE_BOUND('',#509,.T.);
#509 = EDGE_LOOP('',(#510,#534,#535,#559,#587,#620));
#510 = ORIENTED_EDGE('',*,*,#511,.F.);
#511 = EDGE_CURVE('',#115,#512,#514,.T.);
#512 = VERTEX_POINT('',#513);
#513 = CARTESIAN_POINT('',(-15.54496264587,21.589553739236,0.55));
#514 = SURFACE_CURVE('',#515,(#520,#527),.PCURVE_S1.);
#515 = CIRCLE('',#516,11.5);
#516 = AXIS2_PLACEMENT_3D('',#517,#518,#519);
#517 = CARTESIAN_POINT('',(-12.5,10.499999984226,0.55));
#518 = DIRECTION('',(-0.,0.,-1.));
#519 = DIRECTION('',(-1.,0.,0.));
#520 = PCURVE('',#130,#521);
#521 = DEFINITIONAL_REPRESENTATION('',(#522),#526);
#522 = LINE('',#523,#524);
#523 = CARTESIAN_POINT('',(0.,-0.55));
#524 = VECTOR('',#525,1.);
#525 = DIRECTION('',(1.,0.));
#526 = ( GEOMETRIC_REPRESENTATION_CONTEXT(2) 
PARAMETRIC_REPRESENTATION_CONTEXT() REPRESENTATION_CONTEXT('2D SPACE',''
  ) );
#527 = PCURVE('',#417,#528);
#528 = DEFINITIONAL_REPRESENTATION('',(#529),#533);
#529 = LINE('',#530,#531);
#530 = CARTESIAN_POINT('',(0.,0.));
#531 = VECTOR('',#532,1.);
#532 = DIRECTION('',(1.,0.));
#533 = ( GEOMETRIC_REPRESENTATION_CONTEXT(2) 
PARAMETRIC_REPRESENTATION_CONTEXT() REPRESENTATION_CONTEXT('2D SPACE',''
  ) );
#534 = ORIENTED_EDGE('',*,*,#114,.T.);
#535 = ORIENTED_EDGE('',*,*,#536,.T.);
#536 = EDGE_CURVE('',#87,#537,#539,.T.);
#537 = VERTEX_POINT('',#538);
#538 = CARTESIAN_POINT('',(-12.5,21.999999984226,8.95));
#539 = SURFACE_CURVE('',#540,(#545,#552),.PCURVE_S1.);
#540 = CIRCLE('',#541,11.5);
#541 = AXIS2_PLACEMENT_3D('',#542,#543,#544);
#542 = CARTESIAN_POINT('',(-12.5,10.499999984226,8.95));
#543 = DIRECTION('',(-0.,0.,-1.));
#544 = DIRECTION('',(-1.,0.,0.));
#545 = PCURVE('',#130,#546);
#546 = DEFINITIONAL_REPRESENTATION('',(#547),#551);
#547 = LINE('',#548,#549);
#548 = CARTESIAN_POINT('',(0.,-8.95));
#549 = VECTOR('',#550,1.);
#550 = DIRECTION('',(1.,0.));
#551 = ( GEOMETRIC_REPRESENTATION_CONTEXT(2) 
PARAMETRIC_REPRESENTATION_CONTEXT() REPRESENTATION_CONTEXT('2D SPACE',''
  ) );
#552 = PCURVE('',#496,#553);
#553 = DEFINITIONAL_REPRESENTATION('',(#554),#558);
#554 = LINE('',#555,#556);
#555 = CARTESIAN_POINT('',(-0.,0.));
#556 = VECTOR('',#557,1.);
#557 = DIRECTION('',(-1.,0.));
#558 = ( GEOMETRIC_REPRESENTATION_CONTEXT(2) 
PARAMETRIC_REPRESENTATION_CONTEXT() REPRESENTATION_CONTEXT('2D SPACE',''
  ) );
#559 = ORIENTED_EDGE('',*,*,#560,.F.);
#560 = EDGE_CURVE('',#561,#537,#563,.T.);
#561 = VERTEX_POINT('',#562);
#562 = CARTESIAN_POINT('',(-12.5,21.999999992113,4.6));
#563 = SURFACE_CURVE('',#564,(#568,#575),.PCURVE_S1.);
#564 = LINE('',#565,#566);
#565 = CARTESIAN_POINT('',(-12.5,21.999999992113,0.));
#566 = VECTOR('',#567,1.);
#567 = DIRECTION('',(0.,0.,1.));
#568 = PCURVE('',#130,#569);
#569 = DEFINITIONAL_REPRESENTATION('',(#570),#574);
#570 = LINE('',#571,#572);
#571 = CARTESIAN_POINT('',(1.570796326795,0.));
#572 = VECTOR('',#573,1.);
#573 = DIRECTION('',(0.,-1.));
#574 = ( GEOMETRIC_REPRESENTATION_CONTEXT(2) 
PARAMETRIC_REPRESENTATION_CONTEXT() REPRESENTATION_CONTEXT('2D SPACE',''
  ) );
#575 = PCURVE('',#576,#581);
#576 = PLANE('',#577);
#577 = AXIS2_PLACEMENT_3D('',#578,#579,#580);
#578 = CARTESIAN_POINT('',(-12.5,22.,0.));
#579 = DIRECTION('',(0.,1.,0.));
#580 = DIRECTION('',(1.,0.,0.));
#581 = DEFINITIONAL_REPRESENTATION('',(#582),#586);
#582 = LINE('',#583,#584);
#583 = CARTESIAN_POINT('',(0.,0.));
#584 = VECTOR('',#585,1.);
#585 = DIRECTION('',(0.,-1.));
#586 = ( GEOMETRIC_REPRESENTATION_CONTEXT(2) 
PARAMETRIC_REPRESENTATION_CONTEXT() REPRESENTATION_CONTEXT('2D SPACE',''
  ) );
#587 = ORIENTED_EDGE('',*,*,#588,.F.);
#588 = EDGE_CURVE('',#589,#561,#591,.T.);
#589 = VERTEX_POINT('',#590);
#590 = CARTESIAN_POINT('',(-15.54496264587,21.589553739236,4.6));
#591 = SURFACE_CURVE('',#592,(#597,#604),.PCURVE_S1.);
#592 = CIRCLE('',#593,11.5);
#593 = AXIS2_PLACEMENT_3D('',#594,#595,#596);
#594 = CARTESIAN_POINT('',(-12.5,10.499999984226,4.6));
#595 = DIRECTION('',(0.,0.,-1.));
#596 = DIRECTION('',(-1.,0.,0.));
#597 = PCURVE('',#130,#598);
#598 = DEFINITIONAL_REPRESENTATION('',(#599),#603);
#599 = LINE('',#600,#601);
#600 = CARTESIAN_POINT('',(0.,-4.6));
#601 = VECTOR('',#602,1.);
#602 = DIRECTION('',(1.,0.));
#603 = ( GEOMETRIC_REPRESENTATION_CONTEXT(2) 
PARAMETRIC_REPRESENTATION_CONTEXT() REPRESENTATION_CONTEXT('2D SPACE',''
  ) );
#604 = PCURVE('',#605,#610);
#605 = PLANE('',#606);
#606 = AXIS2_PLACEMENT_3D('',#607,#608,#609);
#607 = CARTESIAN_POINT('',(-11.70000000576,25.8,4.6));
#608 = DIRECTION('',(0.,0.,1.));
#609 = DIRECTION('',(1.,0.,-0.));
#610 = DEFINITIONAL_REPRESENTATION('',(#611),#619);
#611 = ( BOUNDED_CURVE() B_SPLINE_CURVE(2,(#612,#613,#614,#615,#616,#617
,#618),.UNSPECIFIED.,.T.,.F.) B_SPLINE_CURVE_WITH_KNOTS((1,2,2,2,2,1),(
    -2.094395102393,0.,2.094395102393,4.188790204786,6.28318530718,
8.377580409573),.UNSPECIFIED.) CURVE() GEOMETRIC_REPRESENTATION_ITEM() 
RATIONAL_B_SPLINE_CURVE((1.,0.5,1.,0.5,1.,0.5,1.)) REPRESENTATION_ITEM(
  '') );
#612 = CARTESIAN_POINT('',(-12.29999999423,-15.30000001577));
#613 = CARTESIAN_POINT('',(-12.29999999423,4.618584271268));
#614 = CARTESIAN_POINT('',(4.950000005763,-5.340707872253));
#615 = CARTESIAN_POINT('',(22.200000005763,-15.30000001577));
#616 = CARTESIAN_POINT('',(4.950000005763,-25.25929215929));
#617 = CARTESIAN_POINT('',(-12.29999999423,-35.21858430281));
#618 = CARTESIAN_POINT('',(-12.29999999423,-15.30000001577));
#619 = ( GEOMETRIC_REPRESENTATION_CONTEXT(2) 
PARAMETRIC_REPRESENTATION_CONTEXT() REPRESENTATION_CONTEXT('2D SPACE',''
  ) );
#620 = ORIENTED_EDGE('',*,*,#621,.T.);
#621 = EDGE_CURVE('',#589,#512,#622,.T.);
#622 = SURFACE_CURVE('',#623,(#627,#633),.PCURVE_S1.);
#623 = LINE('',#624,#625);
#624 = CARTESIAN_POINT('',(-15.54496264587,21.589553739236,0.));
#625 = VECTOR('',#626,1.);
#626 = DIRECTION('',(0.,0.,-1.));
#627 = PCURVE('',#130,#628);
#628 = DEFINITIONAL_REPRESENTATION('',(#629),#632);
#629 = B_SPLINE_CURVE_WITH_KNOTS('',1,(#630,#631),.UNSPECIFIED.,.F.,.F.,
  (2,2),(-4.6000006,-0.5499994),.PIECEWISE_BEZIER_KNOTS.);
#630 = CARTESIAN_POINT('',(1.302821217457,-4.6000006));
#631 = CARTESIAN_POINT('',(1.302821217457,-0.5499994));
#632 = ( GEOMETRIC_REPRESENTATION_CONTEXT(2) 
PARAMETRIC_REPRESENTATION_CONTEXT() REPRESENTATION_CONTEXT('2D SPACE',''
  ) );
#633 = PCURVE('',#634,#639);
#634 = CYLINDRICAL_SURFACE('',#635,3.);
#635 = AXIS2_PLACEMENT_3D('',#636,#637,#638);
#636 = CARTESIAN_POINT('',(-12.8000000141,22.8,0.));
#637 = DIRECTION('',(-0.,-0.,-1.));
#638 = DIRECTION('',(1.,0.,0.));
#639 = DEFINITIONAL_REPRESENTATION('',(#640),#643);
#640 = B_SPLINE_CURVE_WITH_KNOTS('',1,(#641,#642),.UNSPECIFIED.,.F.,.F.,
  (2,2),(-4.6000006,-0.5499994),.PIECEWISE_BEZIER_KNOTS.);
#641 = CARTESIAN_POINT('',(-3.556911932226,-4.6000006));
#642 = CARTESIAN_POINT('',(-3.556911932226,-0.5499994));
#643 = ( GEOMETRIC_REPRESENTATION_CONTEXT(2) 
PARAMETRIC_REPRESENTATION_CONTEXT() REPRESENTATION_CONTEXT('2D SPACE',''
  ) );
#644 = ADVANCED_FACE('',(#645),#191,.F.);
#645 = FACE_BOUND('',#646,.F.);
#646 = EDGE_LOOP('',(#647,#680,#701,#702));
#647 = ORIENTED_EDGE('',*,*,#648,.F.);
#648 = EDGE_CURVE('',#649,#649,#651,.T.);
#649 = VERTEX_POINT('',#650);
#650 = CARTESIAN_POINT('',(-21.2,-6.858022075225E-16,1.9));
#651 = SURFACE_CURVE('',#652,(#657,#664),.PCURVE_S1.);
#652 = CIRCLE('',#653,2.8);
#653 = AXIS2_PLACEMENT_3D('',#654,#655,#656);
#654 = CARTESIAN_POINT('',(-21.2,0.,4.7));
#655 = DIRECTION('',(1.,0.,2.22044604925E-16));
#656 = DIRECTION('',(2.22044604925E-16,0.,-1.));
#657 = PCURVE('',#191,#658);
#658 = DEFINITIONAL_REPRESENTATION('',(#659),#663);
#659 = LINE('',#660,#661);
#660 = CARTESIAN_POINT('',(0.,5.8));
#661 = VECTOR('',#662,1.);
#662 = DIRECTION('',(1.,0.));
#663 = ( GEOMETRIC_REPRESENTATION_CONTEXT(2) 
PARAMETRIC_REPRESENTATION_CONTEXT() REPRESENTATION_CONTEXT('2D SPACE',''
  ) );
#664 = PCURVE('',#665,#670);
#665 = PLANE('',#666);
#666 = AXIS2_PLACEMENT_3D('',#667,#668,#669);
#667 = CARTESIAN_POINT('',(-21.2,-10.7,1.8));
#668 = DIRECTION('',(-1.,0.,0.));
#669 = DIRECTION('',(0.,1.,0.));
#670 = DEFINITIONAL_REPRESENTATION('',(#671),#679);
#671 = ( BOUNDED_CURVE() B_SPLINE_CURVE(2,(#672,#673,#674,#675,#676,#677
,#678),.UNSPECIFIED.,.T.,.F.) B_SPLINE_CURVE_WITH_KNOTS((1,2,2,2,2,1),(
    -2.094395102393,0.,2.094395102393,4.188790204786,6.28318530718,
8.377580409573),.UNSPECIFIED.) CURVE() GEOMETRIC_REPRESENTATION_ITEM() 
RATIONAL_B_SPLINE_CURVE((1.,0.5,1.,0.5,1.,0.5,1.)) REPRESENTATION_ITEM(
  '') );
#672 = CARTESIAN_POINT('',(10.7,-0.1));
#673 = CARTESIAN_POINT('',(15.549742261193,-0.1));
#674 = CARTESIAN_POINT('',(13.124871130596,-4.3));
#675 = CARTESIAN_POINT('',(10.7,-8.5));
#676 = CARTESIAN_POINT('',(8.275128869404,-4.3));
#677 = CARTESIAN_POINT('',(5.850257738807,-0.1));
#678 = CARTESIAN_POINT('',(10.7,-0.1));
#679 = ( GEOMETRIC_REPRESENTATION_CONTEXT(2) 
PARAMETRIC_REPRESENTATION_CONTEXT() REPRESENTATION_CONTEXT('2D SPACE',''
  ) );
#680 = ORIENTED_EDGE('',*,*,#681,.F.);
#681 = EDGE_CURVE('',#171,#649,#682,.T.);
#682 = SEAM_CURVE('',#683,(#687,#694),.PCURVE_S1.);
#683 = LINE('',#684,#685);
#684 = CARTESIAN_POINT('',(-27.,-6.858022075225E-16,1.9));
#685 = VECTOR('',#686,1.);
#686 = DIRECTION('',(1.,0.,2.22044604925E-16));
#687 = PCURVE('',#191,#688);
#688 = DEFINITIONAL_REPRESENTATION('',(#689),#693);
#689 = LINE('',#690,#691);
#690 = CARTESIAN_POINT('',(6.28318530718,-0.));
#691 = VECTOR('',#692,1.);
#692 = DIRECTION('',(0.,1.));
#693 = ( GEOMETRIC_REPRESENTATION_CONTEXT(2) 
PARAMETRIC_REPRESENTATION_CONTEXT() REPRESENTATION_CONTEXT('2D SPACE',''
  ) );
#694 = PCURVE('',#191,#695);
#695 = DEFINITIONAL_REPRESENTATION('',(#696),#700);
#696 = LINE('',#697,#698);
#697 = CARTESIAN_POINT('',(0.,-0.));
#698 = VECTOR('',#699,1.);
#699 = DIRECTION('',(0.,1.));
#700 = ( GEOMETRIC_REPRESENTATION_CONTEXT(2) 
PARAMETRIC_REPRESENTATION_CONTEXT() REPRESENTATION_CONTEXT('2D SPACE',''
  ) );
#701 = ORIENTED_EDGE('',*,*,#170,.T.);
#702 = ORIENTED_EDGE('',*,*,#681,.T.);
#703 = ADVANCED_FACE('',(#704),#225,.T.);
#704 = FACE_BOUND('',#705,.T.);
#705 = EDGE_LOOP('',(#706,#736,#765,#793,#822,#850,#879,#898,#899));
#706 = ORIENTED_EDGE('',*,*,#707,.F.);
#707 = EDGE_CURVE('',#708,#710,#712,.T.);
#708 = VERTEX_POINT('',#709);
#709 = CARTESIAN_POINT('',(-15.8,-28.8,4.6));
#710 = VERTEX_POINT('',#711);
#711 = CARTESIAN_POINT('',(-15.8,-22.8,4.6));
#712 = SURFACE_CURVE('',#713,(#717,#724),.PCURVE_S1.);
#713 = LINE('',#714,#715);
#714 = CARTESIAN_POINT('',(-15.79999998589,-25.8,4.6));
#715 = VECTOR('',#716,1.);
#716 = DIRECTION('',(0.,1.,0.));
#717 = PCURVE('',#225,#718);
#718 = DEFINITIONAL_REPRESENTATION('',(#719),#723);
#719 = LINE('',#720,#721);
#720 = CARTESIAN_POINT('',(-4.099999980135,-1.901339693486E-16));
#721 = VECTOR('',#722,1.);
#722 = DIRECTION('',(0.,1.));
#723 = ( GEOMETRIC_REPRESENTATION_CONTEXT(2) 
PARAMETRIC_REPRESENTATION_CONTEXT() REPRESENTATION_CONTEXT('2D SPACE',''
  ) );
#724 = PCURVE('',#725,#730);
#725 = PLANE('',#726);
#726 = AXIS2_PLACEMENT_3D('',#727,#728,#729);
#727 = CARTESIAN_POINT('',(-15.79999998589,-28.8,0.));
#728 = DIRECTION('',(-1.,0.,0.));
#729 = DIRECTION('',(0.,1.,0.));
#730 = DEFINITIONAL_REPRESENTATION('',(#731),#735);
#731 = LINE('',#732,#733);
#732 = CARTESIAN_POINT('',(3.,-4.6));
#733 = VECTOR('',#734,1.);
#734 = DIRECTION('',(1.,0.));
#735 = ( GEOMETRIC_REPRESENTATION_CONTEXT(2) 
PARAMETRIC_REPRESENTATION_CONTEXT() REPRESENTATION_CONTEXT('2D SPACE',''
  ) );
#736 = ORIENTED_EDGE('',*,*,#737,.T.);
#737 = EDGE_CURVE('',#708,#738,#740,.T.);
#738 = VERTEX_POINT('',#739);
#739 = CARTESIAN_POINT('',(-12.8000000141,-31.8,4.6));
#740 = SURFACE_CURVE('',#741,(#746,#753),.PCURVE_S1.);
#741 = CIRCLE('',#742,3.);
#742 = AXIS2_PLACEMENT_3D('',#743,#744,#745);
#743 = CARTESIAN_POINT('',(-12.8000000141,-28.8,4.6));
#744 = DIRECTION('',(0.,0.,1.));
#745 = DIRECTION('',(1.,0.,0.));
#746 = PCURVE('',#225,#747);
#747 = DEFINITIONAL_REPRESENTATION('',(#748),#752);
#748 = CIRCLE('',#749,3.);
#749 = AXIS2_PLACEMENT_2D('',#750,#751);
#750 = CARTESIAN_POINT('',(-1.100000008339,-3.));
#751 = DIRECTION('',(1.,0.));
#752 = ( GEOMETRIC_REPRESENTATION_CONTEXT(2) 
PARAMETRIC_REPRESENTATION_CONTEXT() REPRESENTATION_CONTEXT('2D SPACE',''
  ) );
#753 = PCURVE('',#754,#759);
#754 = CYLINDRICAL_SURFACE('',#755,3.);
#755 = AXIS2_PLACEMENT_3D('',#756,#757,#758);
#756 = CARTESIAN_POINT('',(-12.8000000141,-28.8,0.));
#757 = DIRECTION('',(-0.,-0.,-1.));
#758 = DIRECTION('',(1.,0.,0.));
#759 = DEFINITIONAL_REPRESENTATION('',(#760),#764);
#760 = LINE('',#761,#762);
#761 = CARTESIAN_POINT('',(-0.,-4.6));
#762 = VECTOR('',#763,1.);
#763 = DIRECTION('',(-1.,0.));
#764 = ( GEOMETRIC_REPRESENTATION_CONTEXT(2) 
PARAMETRIC_REPRESENTATION_CONTEXT() REPRESENTATION_CONTEXT('2D SPACE',''
  ) );
#765 = ORIENTED_EDGE('',*,*,#766,.T.);
#766 = EDGE_CURVE('',#738,#767,#769,.T.);
#767 = VERTEX_POINT('',#768);
#768 = CARTESIAN_POINT('',(-10.60000001812,-31.8,4.6));
#769 = SURFACE_CURVE('',#770,(#774,#781),.PCURVE_S1.);
#770 = LINE('',#771,#772);
#771 = CARTESIAN_POINT('',(-11.69999998589,-31.8,4.6));
#772 = VECTOR('',#773,1.);
#773 = DIRECTION('',(1.,0.,0.));
#774 = PCURVE('',#225,#775);
#775 = DEFINITIONAL_REPRESENTATION('',(#776),#780);
#776 = LINE('',#777,#778);
#777 = CARTESIAN_POINT('',(1.986489848045E-08,-6.));
#778 = VECTOR('',#779,1.);
#779 = DIRECTION('',(1.,0.));
#780 = ( GEOMETRIC_REPRESENTATION_CONTEXT(2) 
PARAMETRIC_REPRESENTATION_CONTEXT() REPRESENTATION_CONTEXT('2D SPACE',''
  ) );
#781 = PCURVE('',#782,#787);
#782 = PLANE('',#783);
#783 = AXIS2_PLACEMENT_3D('',#784,#785,#786);
#784 = CARTESIAN_POINT('',(-12.8000000141,-31.8,0.));
#785 = DIRECTION('',(0.,1.,0.));
#786 = DIRECTION('',(1.,0.,0.));
#787 = DEFINITIONAL_REPRESENTATION('',(#788),#792);
#788 = LINE('',#789,#790);
#789 = CARTESIAN_POINT('',(1.100000028204,-4.6));
#790 = VECTOR('',#791,1.);
#791 = DIRECTION('',(1.,0.));
#792 = ( GEOMETRIC_REPRESENTATION_CONTEXT(2) 
PARAMETRIC_REPRESENTATION_CONTEXT() REPRESENTATION_CONTEXT('2D SPACE',''
  ) );
#793 = ORIENTED_EDGE('',*,*,#794,.T.);
#794 = EDGE_CURVE('',#767,#795,#797,.T.);
#795 = VERTEX_POINT('',#796);
#796 = CARTESIAN_POINT('',(-7.600000002009,-28.8,4.6));
#797 = SURFACE_CURVE('',#798,(#803,#810),.PCURVE_S1.);
#798 = CIRCLE('',#799,3.);
#799 = AXIS2_PLACEMENT_3D('',#800,#801,#802);
#800 = CARTESIAN_POINT('',(-10.60000001812,-28.8,4.6));
#801 = DIRECTION('',(0.,0.,1.));
#802 = DIRECTION('',(1.,0.,0.));
#803 = PCURVE('',#225,#804);
#804 = DEFINITIONAL_REPRESENTATION('',(#805),#809);
#805 = CIRCLE('',#806,3.);
#806 = AXIS2_PLACEMENT_2D('',#807,#808);
#807 = CARTESIAN_POINT('',(1.099999987642,-3.));
#808 = DIRECTION('',(1.,0.));
#809 = ( GEOMETRIC_REPRESENTATION_CONTEXT(2) 
PARAMETRIC_REPRESENTATION_CONTEXT() REPRESENTATION_CONTEXT('2D SPACE',''
  ) );
#810 = PCURVE('',#811,#816);
#811 = CYLINDRICAL_SURFACE('',#812,3.);
#812 = AXIS2_PLACEMENT_3D('',#813,#814,#815);
#813 = CARTESIAN_POINT('',(-10.60000001812,-28.8,0.));
#814 = DIRECTION('',(-0.,-0.,-1.));
#815 = DIRECTION('',(1.,0.,0.));
#816 = DEFINITIONAL_REPRESENTATION('',(#817),#821);
#817 = LINE('',#818,#819);
#818 = CARTESIAN_POINT('',(-0.,-4.6));
#819 = VECTOR('',#820,1.);
#820 = DIRECTION('',(-1.,0.));
#821 = ( GEOMETRIC_REPRESENTATION_CONTEXT(2) 
PARAMETRIC_REPRESENTATION_CONTEXT() REPRESENTATION_CONTEXT('2D SPACE',''
  ) );
#822 = ORIENTED_EDGE('',*,*,#823,.T.);
#823 = EDGE_CURVE('',#795,#824,#826,.T.);
#824 = VERTEX_POINT('',#825);
#825 = CARTESIAN_POINT('',(-7.600000002009,-22.8,4.6));
#826 = SURFACE_CURVE('',#827,(#831,#838),.PCURVE_S1.);
#827 = LINE('',#828,#829);
#828 = CARTESIAN_POINT('',(-7.599999985898,-25.8,4.6));
#829 = VECTOR('',#830,1.);
#830 = DIRECTION('',(0.,1.,0.));
#831 = PCURVE('',#225,#832);
#832 = DEFINITIONAL_REPRESENTATION('',(#833),#837);
#833 = LINE('',#834,#835);
#834 = CARTESIAN_POINT('',(4.100000019865,-1.901339693486E-16));
#835 = VECTOR('',#836,1.);
#836 = DIRECTION('',(0.,1.));
#837 = ( GEOMETRIC_REPRESENTATION_CONTEXT(2) 
PARAMETRIC_REPRESENTATION_CONTEXT() REPRESENTATION_CONTEXT('2D SPACE',''
  ) );
#838 = PCURVE('',#839,#844);
#839 = PLANE('',#840);
#840 = AXIS2_PLACEMENT_3D('',#841,#842,#843);
#841 = CARTESIAN_POINT('',(-7.599999985898,-28.8,0.));
#842 = DIRECTION('',(-1.,0.,0.));
#843 = DIRECTION('',(0.,1.,0.));
#844 = DEFINITIONAL_REPRESENTATION('',(#845),#849);
#845 = LINE('',#846,#847);
#846 = CARTESIAN_POINT('',(3.,-4.6));
#847 = VECTOR('',#848,1.);
#848 = DIRECTION('',(1.,0.));
#849 = ( GEOMETRIC_REPRESENTATION_CONTEXT(2) 
PARAMETRIC_REPRESENTATION_CONTEXT() REPRESENTATION_CONTEXT('2D SPACE',''
  ) );
#850 = ORIENTED_EDGE('',*,*,#851,.T.);
#851 = EDGE_CURVE('',#824,#852,#854,.T.);
#852 = VERTEX_POINT('',#853);
#853 = CARTESIAN_POINT('',(-7.70863355916,-22.,4.6));
#854 = SURFACE_CURVE('',#855,(#860,#867),.PCURVE_S1.);
#855 = CIRCLE('',#856,3.);
#856 = AXIS2_PLACEMENT_3D('',#857,#858,#859);
#857 = CARTESIAN_POINT('',(-10.60000001812,-22.8,4.6));
#858 = DIRECTION('',(0.,0.,1.));
#859 = DIRECTION('',(1.,0.,0.));
#860 = PCURVE('',#225,#861);
#861 = DEFINITIONAL_REPRESENTATION('',(#862),#866);
#862 = CIRCLE('',#863,3.);
#863 = AXIS2_PLACEMENT_2D('',#864,#865);
#864 = CARTESIAN_POINT('',(1.099999987642,3.));
#865 = DIRECTION('',(1.,0.));
#866 = ( GEOMETRIC_REPRESENTATION_CONTEXT(2) 
PARAMETRIC_REPRESENTATION_CONTEXT() REPRESENTATION_CONTEXT('2D SPACE',''
  ) );
#867 = PCURVE('',#868,#873);
#868 = CYLINDRICAL_SURFACE('',#869,3.);
#869 = AXIS2_PLACEMENT_3D('',#870,#871,#872);
#870 = CARTESIAN_POINT('',(-10.60000001812,-22.8,0.));
#871 = DIRECTION('',(-0.,-0.,-1.));
#872 = DIRECTION('',(1.,0.,0.));
#873 = DEFINITIONAL_REPRESENTATION('',(#874),#878);
#874 = LINE('',#875,#876);
#875 = CARTESIAN_POINT('',(-0.,-4.6));
#876 = VECTOR('',#877,1.);
#877 = DIRECTION('',(-1.,0.));
#878 = ( GEOMETRIC_REPRESENTATION_CONTEXT(2) 
PARAMETRIC_REPRESENTATION_CONTEXT() REPRESENTATION_CONTEXT('2D SPACE',''
  ) );
#879 = ORIENTED_EDGE('',*,*,#880,.F.);
#880 = EDGE_CURVE('',#207,#852,#881,.T.);
#881 = SURFACE_CURVE('',#882,(#886,#892),.PCURVE_S1.);
#882 = LINE('',#883,#884);
#883 = CARTESIAN_POINT('',(-12.10000000288,-22.,4.6));
#884 = VECTOR('',#885,1.);
#885 = DIRECTION('',(1.,0.,0.));
#886 = PCURVE('',#225,#887);
#887 = DEFINITIONAL_REPRESENTATION('',(#888),#891);
#888 = B_SPLINE_CURVE_WITH_KNOTS('',1,(#889,#890),.UNSPECIFIED.,.F.,.F.,
  (2,2),(-0.399999997119,4.500000016984),.PIECEWISE_BEZIER_KNOTS.);
#889 = CARTESIAN_POINT('',(-0.799999994237,3.8));
#890 = CARTESIAN_POINT('',(4.100000019865,3.8));
#891 = ( GEOMETRIC_REPRESENTATION_CONTEXT(2) 
PARAMETRIC_REPRESENTATION_CONTEXT() REPRESENTATION_CONTEXT('2D SPACE',''
  ) );
#892 = PCURVE('',#257,#893);
#893 = DEFINITIONAL_REPRESENTATION('',(#894),#897);
#894 = B_SPLINE_CURVE_WITH_KNOTS('',1,(#895,#896),.UNSPECIFIED.,.F.,.F.,
  (2,2),(-0.399999997119,4.500000016984),.PIECEWISE_BEZIER_KNOTS.);
#895 = CARTESIAN_POINT('',(0.,-4.6));
#896 = CARTESIAN_POINT('',(4.900000014102,-4.6));
#897 = ( GEOMETRIC_REPRESENTATION_CONTEXT(2) 
PARAMETRIC_REPRESENTATION_CONTEXT() REPRESENTATION_CONTEXT('2D SPACE',''
  ) );
#898 = ORIENTED_EDGE('',*,*,#206,.T.);
#899 = ORIENTED_EDGE('',*,*,#900,.T.);
#900 = EDGE_CURVE('',#209,#710,#901,.T.);
#901 = SURFACE_CURVE('',#902,(#907,#914),.PCURVE_S1.);
#902 = CIRCLE('',#903,3.);
#903 = AXIS2_PLACEMENT_3D('',#904,#905,#906);
#904 = CARTESIAN_POINT('',(-12.8000000141,-22.8,4.6));
#905 = DIRECTION('',(0.,0.,1.));
#906 = DIRECTION('',(1.,0.,0.));
#907 = PCURVE('',#225,#908);
#908 = DEFINITIONAL_REPRESENTATION('',(#909),#913);
#909 = CIRCLE('',#910,3.);
#910 = AXIS2_PLACEMENT_2D('',#911,#912);
#911 = CARTESIAN_POINT('',(-1.100000008339,3.));
#912 = DIRECTION('',(1.,0.));
#913 = ( GEOMETRIC_REPRESENTATION_CONTEXT(2) 
PARAMETRIC_REPRESENTATION_CONTEXT() REPRESENTATION_CONTEXT('2D SPACE',''
  ) );
#914 = PCURVE('',#339,#915);
#915 = DEFINITIONAL_REPRESENTATION('',(#916),#920);
#916 = LINE('',#917,#918);
#917 = CARTESIAN_POINT('',(-0.,-4.6));
#918 = VECTOR('',#919,1.);
#919 = DIRECTION('',(-1.,0.));
#920 = ( GEOMETRIC_REPRESENTATION_CONTEXT(2) 
PARAMETRIC_REPRESENTATION_CONTEXT() REPRESENTATION_CONTEXT('2D SPACE',''
  ) );
#921 = ADVANCED_FACE('',(#922),#339,.T.);
#922 = FACE_BOUND('',#923,.F.);
#923 = EDGE_LOOP('',(#924,#950,#1028,#1029,#1030));
#924 = ORIENTED_EDGE('',*,*,#925,.F.);
#925 = EDGE_CURVE('',#926,#928,#930,.T.);
#926 = VERTEX_POINT('',#927);
#927 = CARTESIAN_POINT('',(-15.26796609387,-21.09437887293,0.));
#928 = VERTEX_POINT('',#929);
#929 = CARTESIAN_POINT('',(-15.8,-22.8,0.));
#930 = SURFACE_CURVE('',#931,(#936,#943),.PCURVE_S1.);
#931 = CIRCLE('',#932,3.);
#932 = AXIS2_PLACEMENT_3D('',#933,#934,#935);
#933 = CARTESIAN_POINT('',(-12.8000000141,-22.8,0.));
#934 = DIRECTION('',(0.,0.,1.));
#935 = DIRECTION('',(1.,0.,0.));
#936 = PCURVE('',#339,#937);
#937 = DEFINITIONAL_REPRESENTATION('',(#938),#942);
#938 = LINE('',#939,#940);
#939 = CARTESIAN_POINT('',(-0.,0.));
#940 = VECTOR('',#941,1.);
#941 = DIRECTION('',(-1.,0.));
#942 = ( GEOMETRIC_REPRESENTATION_CONTEXT(2) 
PARAMETRIC_REPRESENTATION_CONTEXT() REPRESENTATION_CONTEXT('2D SPACE',''
  ) );
#943 = PCURVE('',#391,#944);
#944 = DEFINITIONAL_REPRESENTATION('',(#945),#949);
#945 = CIRCLE('',#946,3.);
#946 = AXIS2_PLACEMENT_2D('',#947,#948);
#947 = CARTESIAN_POINT('',(-12.80000001292,-22.79999999758));
#948 = DIRECTION('',(1.,0.));
#949 = ( GEOMETRIC_REPRESENTATION_CONTEXT(2) 
PARAMETRIC_REPRESENTATION_CONTEXT() REPRESENTATION_CONTEXT('2D SPACE',''
  ) );
#950 = ORIENTED_EDGE('',*,*,#951,.F.);
#951 = EDGE_CURVE('',#298,#926,#952,.T.);
#952 = SURFACE_CURVE('',#953,(#976,#1002),.PCURVE_S1.);
#953 = B_SPLINE_CURVE_WITH_KNOTS('',6,(#954,#955,#956,#957,#958,#959,
    #960,#961,#962,#963,#964,#965,#966,#967,#968,#969,#970,#971,#972,
    #973,#974,#975),.UNSPECIFIED.,.F.,.F.,(7,5,5,5,7),(0.,0.259793003452
    ,0.512346335152,0.939853633568,1.),.UNSPECIFIED.);
#954 = CARTESIAN_POINT('',(-15.54496265207,-21.5895537533,0.55));
#955 = CARTESIAN_POINT('',(-15.54496265207,-21.5895537533,0.514058200418
    ));
#956 = CARTESIAN_POINT('',(-15.54381292817,-21.58694660159,
    0.478117683438));
#957 = CARTESIAN_POINT('',(-15.54151387215,-21.58173267564,
    0.442406720402));
#958 = CARTESIAN_POINT('',(-15.53804988959,-21.57392785266,
    0.407158573507));
#959 = CARTESIAN_POINT('',(-15.53339264706,-21.56356777183,0.3726130797)
  );
#960 = CARTESIAN_POINT('',(-15.52178008183,-21.5382146714,0.306359579607
    ));
#961 = CARTESIAN_POINT('',(-15.51489267788,-21.52335956101,
    0.274601306669));
#962 = CARTESIAN_POINT('',(-15.50680859237,-21.50620231118,
    0.243971050564));
#963 = CARTESIAN_POINT('',(-15.49748651215,-21.48682373487,0.214712304)
  );
#964 = CARTESIAN_POINT('',(-15.4868887254,-21.46533913974,0.187076480193
    ));
#965 = CARTESIAN_POINT('',(-15.45485533218,-21.40224396003,
    0.117707428453));
#966 = CARTESIAN_POINT('',(-15.43098018477,-21.35696720805,
    7.943253446858E-02));
#967 = CARTESIAN_POINT('',(-15.40328528706,-21.30689650411,
    4.779565841927E-02));
#968 = CARTESIAN_POINT('',(-15.37183166835,-21.25323121774,
    2.398897062274E-02));
#969 = CARTESIAN_POINT('',(-15.33706139509,-21.19755580552,
    8.882882749811E-03));
#970 = CARTESIAN_POINT('',(-15.29472451336,-21.13373504485,
    1.758349880746E-03));
#971 = CARTESIAN_POINT('',(-15.28945596345,-21.12585752922,
    1.054941615171E-03));
#972 = CARTESIAN_POINT('',(-15.28414314071,-21.11797863209,
    5.273130385628E-04));
#973 = CARTESIAN_POINT('',(-15.2787886886,-21.11010289853,
    1.756772190517E-04));
#974 = CARTESIAN_POINT('',(-15.27339537532,-21.10223482772,
    5.494527644559E-19));
#975 = CARTESIAN_POINT('',(-15.26796609387,-21.09437887293,0.));
#976 = PCURVE('',#339,#977);
#977 = DEFINITIONAL_REPRESENTATION('',(#978),#1001);
#978 = B_SPLINE_CURVE_WITH_KNOTS('',6,(#979,#980,#981,#982,#983,#984,
    #985,#986,#987,#988,#989,#990,#991,#992,#993,#994,#995,#996,#997,
    #998,#999,#1000),.UNSPECIFIED.,.F.,.F.,(7,5,5,5,7),(0.,
    0.259793003452,0.512346335152,0.939853633568,1.),.UNSPECIFIED.);
#979 = CARTESIAN_POINT('',(-2.726273380079,-0.55));
#980 = CARTESIAN_POINT('',(-2.726273380079,-0.514058200418));
#981 = CARTESIAN_POINT('',(-2.72532358542,-0.478117683438));
#982 = CARTESIAN_POINT('',(-2.7234241311,-0.442406720402));
#983 = CARTESIAN_POINT('',(-2.720577827626,-0.407158573507));
#984 = CARTESIAN_POINT('',(-2.716791665184,-0.3726130797));
#985 = CARTESIAN_POINT('',(-2.707496317648,-0.306359579607));
#986 = CARTESIAN_POINT('',(-2.702038347175,-0.274601306669));
#987 = CARTESIAN_POINT('',(-2.695716416239,-0.243971050564));
#988 = CARTESIAN_POINT('',(-2.688548781202,-0.214712304));
#989 = CARTESIAN_POINT('',(-2.680563903517,-0.187076480193));
#990 = CARTESIAN_POINT('',(-2.656976854379,-0.117707428453));
#991 = CARTESIAN_POINT('',(-2.639916917896,-7.943253446858E-02));
#992 = CARTESIAN_POINT('',(-2.62084970504,-4.779565841928E-02));
#993 = CARTESIAN_POINT('',(-2.600126881122,-2.398897062274E-02));
#994 = CARTESIAN_POINT('',(-2.578254871169,-8.882882749811E-03));
#995 = CARTESIAN_POINT('',(-2.552726018109,-1.758349880746E-03));
#996 = CARTESIAN_POINT('',(-2.549567052294,-1.054941615171E-03));
#997 = CARTESIAN_POINT('',(-2.546399488167,-5.273130385628E-04));
#998 = CARTESIAN_POINT('',(-2.543225017692,-1.756772190517E-04));
#999 = CARTESIAN_POINT('',(-2.540045342233,0.));
#1000 = CARTESIAN_POINT('',(-2.536862172555,0.));
#1001 = ( GEOMETRIC_REPRESENTATION_CONTEXT(2) 
PARAMETRIC_REPRESENTATION_CONTEXT() REPRESENTATION_CONTEXT('2D SPACE',''
  ) );
#1002 = PCURVE('',#314,#1003);
#1003 = DEFINITIONAL_REPRESENTATION('',(#1004),#1027);
#1004 = B_SPLINE_CURVE_WITH_KNOTS('',6,(#1005,#1006,#1007,#1008,#1009,
    #1010,#1011,#1012,#1013,#1014,#1015,#1016,#1017,#1018,#1019,#1020,
    #1021,#1022,#1023,#1024,#1025,#1026),.UNSPECIFIED.,.F.,.F.,(7,5,5,5,
    7),(0.,0.259793003452,0.512346335152,0.939853633568,1.),
  .UNSPECIFIED.);
#1005 = CARTESIAN_POINT('',(0.267975109897,0.));
#1006 = CARTESIAN_POINT('',(0.267975109897,6.534872651294E-02));
#1007 = CARTESIAN_POINT('',(0.267938731121,0.130695237623));
#1008 = CARTESIAN_POINT('',(0.267865992123,0.196126254632));
#1009 = CARTESIAN_POINT('',(0.267755097335,0.261720944655));
#1010 = CARTESIAN_POINT('',(0.267602570293,0.327553354943));
#1011 = CARTESIAN_POINT('',(0.267209754062,0.457993169378));
#1012 = CARTESIAN_POINT('',(0.266972031494,0.522580006769));
#1013 = CARTESIAN_POINT('',(0.266685690464,0.58751831147));
#1014 = CARTESIAN_POINT('',(0.266344765831,0.652855419422));
#1015 = CARTESIAN_POINT('',(0.265942559532,0.718620685118));
#1016 = CARTESIAN_POINT('',(0.264676391359,0.896886664684));
#1017 = CARTESIAN_POINT('',(0.263684875306,1.010298479792));
#1018 = CARTESIAN_POINT('',(0.2624664742,1.124918806933));
#1019 = CARTESIAN_POINT('',(0.260991096597,1.240512751255));
#1020 = CARTESIAN_POINT('',(0.259249980175,1.356726568014));
#1021 = CARTESIAN_POINT('',(0.257004936372,1.489166760472));
#1022 = CARTESIAN_POINT('',(0.256723522349,1.505500685525));
#1023 = CARTESIAN_POINT('',(0.256437690758,1.521832075029));
#1024 = CARTESIAN_POINT('',(0.256147552054,1.538159443933));
#1025 = CARTESIAN_POINT('',(0.255853230544,1.554481336596));
#1026 = CARTESIAN_POINT('',(0.255554864386,1.570796326795));
#1027 = ( GEOMETRIC_REPRESENTATION_CONTEXT(2) 
PARAMETRIC_REPRESENTATION_CONTEXT() REPRESENTATION_CONTEXT('2D SPACE',''
  ) );
#1028 = ORIENTED_EDGE('',*,*,#326,.F.);
#1029 = ORIENTED_EDGE('',*,*,#900,.T.);
#1030 = ORIENTED_EDGE('',*,*,#1031,.F.);
#1031 = EDGE_CURVE('',#928,#710,#1032,.T.);
#1032 = SURFACE_CURVE('',#1033,(#1037,#1044),.PCURVE_S1.);
#1033 = LINE('',#1034,#1035);
#1034 = CARTESIAN_POINT('',(-15.8,-22.8,0.));
#1035 = VECTOR('',#1036,1.);
#1036 = DIRECTION('',(0.,0.,1.));
#1037 = PCURVE('',#339,#1038);
#1038 = DEFINITIONAL_REPRESENTATION('',(#1039),#1043);
#1039 = LINE('',#1040,#1041);
#1040 = CARTESIAN_POINT('',(-3.14159265359,0.));
#1041 = VECTOR('',#1042,1.);
#1042 = DIRECTION('',(-0.,-1.));
#1043 = ( GEOMETRIC_REPRESENTATION_CONTEXT(2) 
PARAMETRIC_REPRESENTATION_CONTEXT() REPRESENTATION_CONTEXT('2D SPACE',''
  ) );
#1044 = PCURVE('',#725,#1045);
#1045 = DEFINITIONAL_REPRESENTATION('',(#1046),#1050);
#1046 = LINE('',#1047,#1048);
#1047 = CARTESIAN_POINT('',(6.,0.));
#1048 = VECTOR('',#1049,1.);
#1049 = DIRECTION('',(0.,-1.));
#1050 = ( GEOMETRIC_REPRESENTATION_CONTEXT(2) 
PARAMETRIC_REPRESENTATION_CONTEXT() REPRESENTATION_CONTEXT('2D SPACE',''
  ) );
#1051 = ADVANCED_FACE('',(#1052),#314,.T.);
#1052 = FACE_BOUND('',#1053,.T.);
#1053 = EDGE_LOOP('',(#1054,#1055,#1056,#1057));
#1054 = ORIENTED_EDGE('',*,*,#951,.F.);
#1055 = ORIENTED_EDGE('',*,*,#297,.T.);
#1056 = ORIENTED_EDGE('',*,*,#353,.T.);
#1057 = ORIENTED_EDGE('',*,*,#1058,.F.);
#1058 = EDGE_CURVE('',#926,#354,#1059,.T.);
#1059 = SURFACE_CURVE('',#1060,(#1065,#1072),.PCURVE_S1.);
#1060 = CIRCLE('',#1061,10.95);
#1061 = AXIS2_PLACEMENT_3D('',#1062,#1063,#1064);
#1062 = CARTESIAN_POINT('',(-12.5,-10.5,0.));
#1063 = DIRECTION('',(0.,-0.,-1.));
#1064 = DIRECTION('',(1.544658121218E-16,-1.,0.));
#1065 = PCURVE('',#314,#1066);
#1066 = DEFINITIONAL_REPRESENTATION('',(#1067),#1071);
#1067 = LINE('',#1068,#1069);
#1068 = CARTESIAN_POINT('',(0.,1.570796326795));
#1069 = VECTOR('',#1070,1.);
#1070 = DIRECTION('',(1.,0.));
#1071 = ( GEOMETRIC_REPRESENTATION_CONTEXT(2) 
PARAMETRIC_REPRESENTATION_CONTEXT() REPRESENTATION_CONTEXT('2D SPACE',''
  ) );
#1072 = PCURVE('',#391,#1073);
#1073 = DEFINITIONAL_REPRESENTATION('',(#1074),#1082);
#1074 = ( BOUNDED_CURVE() B_SPLINE_CURVE(2,(#1075,#1076,#1077,#1078,
#1079,#1080,#1081),.UNSPECIFIED.,.T.,.F.) B_SPLINE_CURVE_WITH_KNOTS((1,2
    ,2,2,2,1),(-2.094395102393,0.,2.094395102393,4.188790204786,
6.28318530718,8.377580409573),.UNSPECIFIED.) CURVE() 
GEOMETRIC_REPRESENTATION_ITEM() RATIONAL_B_SPLINE_CURVE((1.,0.5,1.,0.5,
1.,0.5,1.)) REPRESENTATION_ITEM('') );
#1075 = CARTESIAN_POINT('',(-12.49999999882,-21.44999999758));
#1076 = CARTESIAN_POINT('',(-31.4659563417,-21.44999999758));
#1077 = CARTESIAN_POINT('',(-21.98297817026,-5.024999997588));
#1078 = CARTESIAN_POINT('',(-12.49999999882,11.400000002412));
#1079 = CARTESIAN_POINT('',(-3.017021827382,-5.024999997588));
#1080 = CARTESIAN_POINT('',(6.465956344058,-21.44999999758));
#1081 = CARTESIAN_POINT('',(-12.49999999882,-21.44999999758));
#1082 = ( GEOMETRIC_REPRESENTATION_CONTEXT(2) 
PARAMETRIC_REPRESENTATION_CONTEXT() REPRESENTATION_CONTEXT('2D SPACE',''
  ) );
#1083 = ADVANCED_FACE('',(#1084),#284,.T.);
#1084 = FACE_BOUND('',#1085,.F.);
#1085 = EDGE_LOOP('',(#1086,#1113,#1114,#1115));
#1086 = ORIENTED_EDGE('',*,*,#1087,.F.);
#1087 = EDGE_CURVE('',#242,#1088,#1090,.T.);
#1088 = VERTEX_POINT('',#1089);
#1089 = CARTESIAN_POINT('',(-12.5,-21.45,9.5));
#1090 = SURFACE_CURVE('',#1091,(#1096,#1102),.PCURVE_S1.);
#1091 = CIRCLE('',#1092,0.55);
#1092 = AXIS2_PLACEMENT_3D('',#1093,#1094,#1095);
#1093 = CARTESIAN_POINT('',(-12.5,-21.45,8.95));
#1094 = DIRECTION('',(-1.,-0.,0.));
#1095 = DIRECTION('',(0.,-1.,0.));
#1096 = PCURVE('',#284,#1097);
#1097 = DEFINITIONAL_REPRESENTATION('',(#1098),#1101);
#1098 = B_SPLINE_CURVE_WITH_KNOTS('',1,(#1099,#1100),.UNSPECIFIED.,.F.,
  .F.,(2,2),(0.,1.570796326795),.PIECEWISE_BEZIER_KNOTS.);
#1099 = CARTESIAN_POINT('',(0.,0.));
#1100 = CARTESIAN_POINT('',(0.,1.570796326795));
#1101 = ( GEOMETRIC_REPRESENTATION_CONTEXT(2) 
PARAMETRIC_REPRESENTATION_CONTEXT() REPRESENTATION_CONTEXT('2D SPACE',''
  ) );
#1102 = PCURVE('',#1103,#1108);
#1103 = CYLINDRICAL_SURFACE('',#1104,0.55);
#1104 = AXIS2_PLACEMENT_3D('',#1105,#1106,#1107);
#1105 = CARTESIAN_POINT('',(12.49999998742,-21.45,8.95));
#1106 = DIRECTION('',(-1.,-0.,-0.));
#1107 = DIRECTION('',(0.,-1.,0.));
#1108 = DEFINITIONAL_REPRESENTATION('',(#1109),#1112);
#1109 = B_SPLINE_CURVE_WITH_KNOTS('',1,(#1110,#1111),.UNSPECIFIED.,.F.,
  .F.,(2,2),(0.,1.570796326795),.PIECEWISE_BEZIER_KNOTS.);
#1110 = CARTESIAN_POINT('',(0.,24.99999998742));
#1111 = CARTESIAN_POINT('',(1.570796326795,24.99999998742));
#1112 = ( GEOMETRIC_REPRESENTATION_CONTEXT(2) 
PARAMETRIC_REPRESENTATION_CONTEXT() REPRESENTATION_CONTEXT('2D SPACE',''
  ) );
#1113 = ORIENTED_EDGE('',*,*,#269,.T.);
#1114 = ORIENTED_EDGE('',*,*,#432,.T.);
#1115 = ORIENTED_EDGE('',*,*,#1116,.F.);
#1116 = EDGE_CURVE('',#1088,#433,#1117,.T.);
#1117 = SURFACE_CURVE('',#1118,(#1123,#1130),.PCURVE_S1.);
#1118 = CIRCLE('',#1119,10.95);
#1119 = AXIS2_PLACEMENT_3D('',#1120,#1121,#1122);
#1120 = CARTESIAN_POINT('',(-12.5,-10.5,9.5));
#1121 = DIRECTION('',(0.,-0.,-1.));
#1122 = DIRECTION('',(1.544658121218E-16,-1.,0.));
#1123 = PCURVE('',#284,#1124);
#1124 = DEFINITIONAL_REPRESENTATION('',(#1125),#1129);
#1125 = LINE('',#1126,#1127);
#1126 = CARTESIAN_POINT('',(-0.,1.570796326795));
#1127 = VECTOR('',#1128,1.);
#1128 = DIRECTION('',(-1.,0.));
#1129 = ( GEOMETRIC_REPRESENTATION_CONTEXT(2) 
PARAMETRIC_REPRESENTATION_CONTEXT() REPRESENTATION_CONTEXT('2D SPACE',''
  ) );
#1130 = PCURVE('',#470,#1131);
#1131 = DEFINITIONAL_REPRESENTATION('',(#1132),#1140);
#1132 = ( BOUNDED_CURVE() B_SPLINE_CURVE(2,(#1133,#1134,#1135,#1136,
#1137,#1138,#1139),.UNSPECIFIED.,.T.,.F.) B_SPLINE_CURVE_WITH_KNOTS((1,2
    ,2,2,2,1),(-2.094395102393,0.,2.094395102393,4.188790204786,
6.28318530718,8.377580409573),.UNSPECIFIED.) CURVE() 
GEOMETRIC_REPRESENTATION_ITEM() RATIONAL_B_SPLINE_CURVE((1.,0.5,1.,0.5,
1.,0.5,1.)) REPRESENTATION_ITEM('') );
#1133 = CARTESIAN_POINT('',(-12.49999999882,-21.44999999758));
#1134 = CARTESIAN_POINT('',(-31.4659563417,-21.44999999758));
#1135 = CARTESIAN_POINT('',(-21.98297817026,-5.024999997588));
#1136 = CARTESIAN_POINT('',(-12.49999999882,11.400000002412));
#1137 = CARTESIAN_POINT('',(-3.017021827382,-5.024999997588));
#1138 = CARTESIAN_POINT('',(6.465956344058,-21.44999999758));
#1139 = CARTESIAN_POINT('',(-12.49999999882,-21.44999999758));
#1140 = ( GEOMETRIC_REPRESENTATION_CONTEXT(2) 
PARAMETRIC_REPRESENTATION_CONTEXT() REPRESENTATION_CONTEXT('2D SPACE',''
  ) );
#1141 = ADVANCED_FACE('',(#1142),#257,.F.);
#1142 = FACE_BOUND('',#1143,.F.);
#1143 = EDGE_LOOP('',(#1144,#1145,#1146,#1169,#1197,#1223,#1249,#1277));
#1144 = ORIENTED_EDGE('',*,*,#880,.F.);
#1145 = ORIENTED_EDGE('',*,*,#241,.T.);
#1146 = ORIENTED_EDGE('',*,*,#1147,.F.);
#1147 = EDGE_CURVE('',#1148,#242,#1150,.T.);
#1148 = VERTEX_POINT('',#1149);
#1149 = CARTESIAN_POINT('',(12.49999998742,-22.,8.95));
#1150 = SURFACE_CURVE('',#1151,(#1155,#1162),.PCURVE_S1.);
#1151 = LINE('',#1152,#1153);
#1152 = CARTESIAN_POINT('',(12.49999998742,-22.,8.95));
#1153 = VECTOR('',#1154,1.);
#1154 = DIRECTION('',(-1.,-0.,-0.));
#1155 = PCURVE('',#257,#1156);
#1156 = DEFINITIONAL_REPRESENTATION('',(#1157),#1161);
#1157 = LINE('',#1158,#1159);
#1158 = CARTESIAN_POINT('',(24.99999998742,-8.95));
#1159 = VECTOR('',#1160,1.);
#1160 = DIRECTION('',(-1.,0.));
#1161 = ( GEOMETRIC_REPRESENTATION_CONTEXT(2) 
PARAMETRIC_REPRESENTATION_CONTEXT() REPRESENTATION_CONTEXT('2D SPACE',''
  ) );
#1162 = PCURVE('',#1103,#1163);
#1163 = DEFINITIONAL_REPRESENTATION('',(#1164),#1168);
#1164 = LINE('',#1165,#1166);
#1165 = CARTESIAN_POINT('',(0.,0.));
#1166 = VECTOR('',#1167,1.);
#1167 = DIRECTION('',(0.,1.));
#1168 = ( GEOMETRIC_REPRESENTATION_CONTEXT(2) 
PARAMETRIC_REPRESENTATION_CONTEXT() REPRESENTATION_CONTEXT('2D SPACE',''
  ) );
#1169 = ORIENTED_EDGE('',*,*,#1170,.F.);
#1170 = EDGE_CURVE('',#1171,#1148,#1173,.T.);
#1171 = VERTEX_POINT('',#1172);
#1172 = CARTESIAN_POINT('',(12.49999998742,-22.,4.6));
#1173 = SURFACE_CURVE('',#1174,(#1178,#1185),.PCURVE_S1.);
#1174 = LINE('',#1175,#1176);
#1175 = CARTESIAN_POINT('',(12.49999998742,-22.,0.));
#1176 = VECTOR('',#1177,1.);
#1177 = DIRECTION('',(0.,0.,1.));
#1178 = PCURVE('',#257,#1179);
#1179 = DEFINITIONAL_REPRESENTATION('',(#1180),#1184);
#1180 = LINE('',#1181,#1182);
#1181 = CARTESIAN_POINT('',(24.99999998742,0.));
#1182 = VECTOR('',#1183,1.);
#1183 = DIRECTION('',(0.,-1.));
#1184 = ( GEOMETRIC_REPRESENTATION_CONTEXT(2) 
PARAMETRIC_REPRESENTATION_CONTEXT() REPRESENTATION_CONTEXT('2D SPACE',''
  ) );
#1185 = PCURVE('',#1186,#1191);
#1186 = CYLINDRICAL_SURFACE('',#1187,11.5);
#1187 = AXIS2_PLACEMENT_3D('',#1188,#1189,#1190);
#1188 = CARTESIAN_POINT('',(12.49999998742,-10.5,0.));
#1189 = DIRECTION('',(0.,0.,-1.));
#1190 = DIRECTION('',(-1.,0.,0.));
#1191 = DEFINITIONAL_REPRESENTATION('',(#1192),#1196);
#1192 = LINE('',#1193,#1194);
#1193 = CARTESIAN_POINT('',(4.712388980385,0.));
#1194 = VECTOR('',#1195,1.);
#1195 = DIRECTION('',(0.,-1.));
#1196 = ( GEOMETRIC_REPRESENTATION_CONTEXT(2) 
PARAMETRIC_REPRESENTATION_CONTEXT() REPRESENTATION_CONTEXT('2D SPACE',''
  ) );
#1197 = ORIENTED_EDGE('',*,*,#1198,.F.);
#1198 = EDGE_CURVE('',#1199,#1171,#1201,.T.);
#1199 = VERTEX_POINT('',#1200);
#1200 = CARTESIAN_POINT('',(7.708633526938,-22.,4.6));
#1201 = SURFACE_CURVE('',#1202,(#1206,#1212),.PCURVE_S1.);
#1202 = LINE('',#1203,#1204);
#1203 = CARTESIAN_POINT('',(-0.400000002881,-22.,4.6));
#1204 = VECTOR('',#1205,1.);
#1205 = DIRECTION('',(1.,0.,0.));
#1206 = PCURVE('',#257,#1207);
#1207 = DEFINITIONAL_REPRESENTATION('',(#1208),#1211);
#1208 = B_SPLINE_CURVE_WITH_KNOTS('',1,(#1209,#1210),.UNSPECIFIED.,.F.,
  .F.,(2,2),(7.999999988779,12.899999990302),.PIECEWISE_BEZIER_KNOTS.);
#1209 = CARTESIAN_POINT('',(20.099999985898,-4.6));
#1210 = CARTESIAN_POINT('',(24.99999998742,-4.6));
#1211 = ( GEOMETRIC_REPRESENTATION_CONTEXT(2) 
PARAMETRIC_REPRESENTATION_CONTEXT() REPRESENTATION_CONTEXT('2D SPACE',''
  ) );
#1212 = PCURVE('',#1213,#1218);
#1213 = PLANE('',#1214);
#1214 = AXIS2_PLACEMENT_3D('',#1215,#1216,#1217);
#1215 = CARTESIAN_POINT('',(11.699999994237,-25.8,4.6));
#1216 = DIRECTION('',(0.,0.,1.));
#1217 = DIRECTION('',(1.,0.,-0.));
#1218 = DEFINITIONAL_REPRESENTATION('',(#1219),#1222);
#1219 = B_SPLINE_CURVE_WITH_KNOTS('',1,(#1220,#1221),.UNSPECIFIED.,.F.,
  .F.,(2,2),(7.999999988779,12.899999990302),.PIECEWISE_BEZIER_KNOTS.);
#1220 = CARTESIAN_POINT('',(-4.100000008339,3.8));
#1221 = CARTESIAN_POINT('',(0.799999993183,3.8));
#1222 = ( GEOMETRIC_REPRESENTATION_CONTEXT(2) 
PARAMETRIC_REPRESENTATION_CONTEXT() REPRESENTATION_CONTEXT('2D SPACE',''
  ) );
#1223 = ORIENTED_EDGE('',*,*,#1224,.T.);
#1224 = EDGE_CURVE('',#1199,#1225,#1227,.T.);
#1225 = VERTEX_POINT('',#1226);
#1226 = CARTESIAN_POINT('',(7.708633526938,-22.,0.55));
#1227 = SURFACE_CURVE('',#1228,(#1232,#1238),.PCURVE_S1.);
#1228 = LINE('',#1229,#1230);
#1229 = CARTESIAN_POINT('',(7.708633526938,-22.,0.));
#1230 = VECTOR('',#1231,1.);
#1231 = DIRECTION('',(-0.,-0.,-1.));
#1232 = PCURVE('',#257,#1233);
#1233 = DEFINITIONAL_REPRESENTATION('',(#1234),#1237);
#1234 = B_SPLINE_CURVE_WITH_KNOTS('',1,(#1235,#1236),.UNSPECIFIED.,.F.,
  .F.,(2,2),(-4.6000006,6.E-07),.PIECEWISE_BEZIER_KNOTS.);
#1235 = CARTESIAN_POINT('',(20.208633526938,-4.6000006));
#1236 = CARTESIAN_POINT('',(20.208633526938,6.E-07));
#1237 = ( GEOMETRIC_REPRESENTATION_CONTEXT(2) 
PARAMETRIC_REPRESENTATION_CONTEXT() REPRESENTATION_CONTEXT('2D SPACE',''
  ) );
#1238 = PCURVE('',#1239,#1244);
#1239 = CYLINDRICAL_SURFACE('',#1240,3.);
#1240 = AXIS2_PLACEMENT_3D('',#1241,#1242,#1243);
#1241 = CARTESIAN_POINT('',(10.599999985898,-22.8,0.));
#1242 = DIRECTION('',(-0.,-0.,-1.));
#1243 = DIRECTION('',(1.,0.,0.));
#1244 = DEFINITIONAL_REPRESENTATION('',(#1245),#1248);
#1245 = B_SPLINE_CURVE_WITH_KNOTS('',1,(#1246,#1247),.UNSPECIFIED.,.F.,
  .F.,(2,2),(-4.6000006,6.E-07),.PIECEWISE_BEZIER_KNOTS.);
#1246 = CARTESIAN_POINT('',(-2.871659857756,-4.6000006));
#1247 = CARTESIAN_POINT('',(-2.871659857756,6.E-07));
#1248 = ( GEOMETRIC_REPRESENTATION_CONTEXT(2) 
PARAMETRIC_REPRESENTATION_CONTEXT() REPRESENTATION_CONTEXT('2D SPACE',''
  ) );
#1249 = ORIENTED_EDGE('',*,*,#1250,.T.);
#1250 = EDGE_CURVE('',#1225,#1251,#1253,.T.);
#1251 = VERTEX_POINT('',#1252);
#1252 = CARTESIAN_POINT('',(-7.70863355916,-22.,0.55));
#1253 = SURFACE_CURVE('',#1254,(#1258,#1265),.PCURVE_S1.);
#1254 = LINE('',#1255,#1256);
#1255 = CARTESIAN_POINT('',(12.49999998742,-22.,0.55));
#1256 = VECTOR('',#1257,1.);
#1257 = DIRECTION('',(-1.,-0.,-0.));
#1258 = PCURVE('',#257,#1259);
#1259 = DEFINITIONAL_REPRESENTATION('',(#1260),#1264);
#1260 = LINE('',#1261,#1262);
#1261 = CARTESIAN_POINT('',(24.99999998742,-0.55));
#1262 = VECTOR('',#1263,1.);
#1263 = DIRECTION('',(-1.,0.));
#1264 = ( GEOMETRIC_REPRESENTATION_CONTEXT(2) 
PARAMETRIC_REPRESENTATION_CONTEXT() REPRESENTATION_CONTEXT('2D SPACE',''
  ) );
#1265 = PCURVE('',#1266,#1271);
#1266 = CYLINDRICAL_SURFACE('',#1267,0.55);
#1267 = AXIS2_PLACEMENT_3D('',#1268,#1269,#1270);
#1268 = CARTESIAN_POINT('',(12.49999998742,-21.45,0.55));
#1269 = DIRECTION('',(-1.,-0.,-0.));
#1270 = DIRECTION('',(0.,-1.,0.));
#1271 = DEFINITIONAL_REPRESENTATION('',(#1272),#1276);
#1272 = LINE('',#1273,#1274);
#1273 = CARTESIAN_POINT('',(-0.,0.));
#1274 = VECTOR('',#1275,1.);
#1275 = DIRECTION('',(-0.,1.));
#1276 = ( GEOMETRIC_REPRESENTATION_CONTEXT(2) 
PARAMETRIC_REPRESENTATION_CONTEXT() REPRESENTATION_CONTEXT('2D SPACE',''
  ) );
#1277 = ORIENTED_EDGE('',*,*,#1278,.F.);
#1278 = EDGE_CURVE('',#852,#1251,#1279,.T.);
#1279 = SURFACE_CURVE('',#1280,(#1284,#1290),.PCURVE_S1.);
#1280 = LINE('',#1281,#1282);
#1281 = CARTESIAN_POINT('',(-7.70863355916,-22.,0.));
#1282 = VECTOR('',#1283,1.);
#1283 = DIRECTION('',(-0.,-0.,-1.));
#1284 = PCURVE('',#257,#1285);
#1285 = DEFINITIONAL_REPRESENTATION('',(#1286),#1289);
#1286 = B_SPLINE_CURVE_WITH_KNOTS('',1,(#1287,#1288),.UNSPECIFIED.,.F.,
  .F.,(2,2),(-4.6000006,6.E-07),.PIECEWISE_BEZIER_KNOTS.);
#1287 = CARTESIAN_POINT('',(4.79136644084,-4.6000006));
#1288 = CARTESIAN_POINT('',(4.79136644084,6.E-07));
#1289 = ( GEOMETRIC_REPRESENTATION_CONTEXT(2) 
PARAMETRIC_REPRESENTATION_CONTEXT() REPRESENTATION_CONTEXT('2D SPACE',''
  ) );
#1290 = PCURVE('',#868,#1291);
#1291 = DEFINITIONAL_REPRESENTATION('',(#1292),#1295);
#1292 = B_SPLINE_CURVE_WITH_KNOTS('',1,(#1293,#1294),.UNSPECIFIED.,.F.,
  .F.,(2,2),(-4.6000006,6.E-07),.PIECEWISE_BEZIER_KNOTS.);
#1293 = CARTESIAN_POINT('',(-0.269932795833,-4.6000006));
#1294 = CARTESIAN_POINT('',(-0.269932795833,6.E-07));
#1295 = ( GEOMETRIC_REPRESENTATION_CONTEXT(2) 
PARAMETRIC_REPRESENTATION_CONTEXT() REPRESENTATION_CONTEXT('2D SPACE',''
  ) );
#1296 = ADVANCED_FACE('',(#1297,#2204),#391,.F.);
#1297 = FACE_BOUND('',#1298,.F.);
#1298 = EDGE_LOOP('',(#1299,#1300,#1301,#1302,#1325,#1349,#1372,#1396,
    #1419,#1443,#1466,#1490,#1518,#1547,#1575,#1604,#1632,#1661,#1694,
    #1722,#1755,#1784,#1812,#1841,#1869,#1898,#1926,#1955,#1983,#2012,
    #2040,#2069,#2097,#2126,#2154,#2178));
#1299 = ORIENTED_EDGE('',*,*,#375,.F.);
#1300 = ORIENTED_EDGE('',*,*,#1058,.F.);
#1301 = ORIENTED_EDGE('',*,*,#925,.T.);
#1302 = ORIENTED_EDGE('',*,*,#1303,.F.);
#1303 = EDGE_CURVE('',#1304,#928,#1306,.T.);
#1304 = VERTEX_POINT('',#1305);
#1305 = CARTESIAN_POINT('',(-15.8,-28.8,0.));
#1306 = SURFACE_CURVE('',#1307,(#1311,#1318),.PCURVE_S1.);
#1307 = LINE('',#1308,#1309);
#1308 = CARTESIAN_POINT('',(-15.79999998589,-25.8,0.));
#1309 = VECTOR('',#1310,1.);
#1310 = DIRECTION('',(0.,1.,0.));
#1311 = PCURVE('',#391,#1312);
#1312 = DEFINITIONAL_REPRESENTATION('',(#1313),#1317);
#1313 = LINE('',#1314,#1315);
#1314 = CARTESIAN_POINT('',(-15.79999998471,-25.79999999758));
#1315 = VECTOR('',#1316,1.);
#1316 = DIRECTION('',(0.,1.));
#1317 = ( GEOMETRIC_REPRESENTATION_CONTEXT(2) 
PARAMETRIC_REPRESENTATION_CONTEXT() REPRESENTATION_CONTEXT('2D SPACE',''
  ) );
#1318 = PCURVE('',#725,#1319);
#1319 = DEFINITIONAL_REPRESENTATION('',(#1320),#1324);
#1320 = LINE('',#1321,#1322);
#1321 = CARTESIAN_POINT('',(3.,0.));
#1322 = VECTOR('',#1323,1.);
#1323 = DIRECTION('',(1.,0.));
#1324 = ( GEOMETRIC_REPRESENTATION_CONTEXT(2) 
PARAMETRIC_REPRESENTATION_CONTEXT() REPRESENTATION_CONTEXT('2D SPACE',''
  ) );
#1325 = ORIENTED_EDGE('',*,*,#1326,.T.);
#1326 = EDGE_CURVE('',#1304,#1327,#1329,.T.);
#1327 = VERTEX_POINT('',#1328);
#1328 = CARTESIAN_POINT('',(-12.8000000141,-31.8,0.));
#1329 = SURFACE_CURVE('',#1330,(#1335,#1342),.PCURVE_S1.);
#1330 = CIRCLE('',#1331,3.);
#1331 = AXIS2_PLACEMENT_3D('',#1332,#1333,#1334);
#1332 = CARTESIAN_POINT('',(-12.8000000141,-28.8,0.));
#1333 = DIRECTION('',(0.,0.,1.));
#1334 = DIRECTION('',(1.,0.,0.));
#1335 = PCURVE('',#391,#1336);
#1336 = DEFINITIONAL_REPRESENTATION('',(#1337),#1341);
#1337 = CIRCLE('',#1338,3.);
#1338 = AXIS2_PLACEMENT_2D('',#1339,#1340);
#1339 = CARTESIAN_POINT('',(-12.80000001292,-28.79999999758));
#1340 = DIRECTION('',(1.,0.));
#1341 = ( GEOMETRIC_REPRESENTATION_CONTEXT(2) 
PARAMETRIC_REPRESENTATION_CONTEXT() REPRESENTATION_CONTEXT('2D SPACE',''
  ) );
#1342 = PCURVE('',#754,#1343);
#1343 = DEFINITIONAL_REPRESENTATION('',(#1344),#1348);
#1344 = LINE('',#1345,#1346);
#1345 = CARTESIAN_POINT('',(-0.,0.));
#1346 = VECTOR('',#1347,1.);
#1347 = DIRECTION('',(-1.,0.));
#1348 = ( GEOMETRIC_REPRESENTATION_CONTEXT(2) 
PARAMETRIC_REPRESENTATION_CONTEXT() REPRESENTATION_CONTEXT('2D SPACE',''
  ) );
#1349 = ORIENTED_EDGE('',*,*,#1350,.T.);
#1350 = EDGE_CURVE('',#1327,#1351,#1353,.T.);
#1351 = VERTEX_POINT('',#1352);
#1352 = CARTESIAN_POINT('',(-10.60000001812,-31.8,0.));
#1353 = SURFACE_CURVE('',#1354,(#1358,#1365),.PCURVE_S1.);
#1354 = LINE('',#1355,#1356);
#1355 = CARTESIAN_POINT('',(-11.69999998589,-31.8,0.));
#1356 = VECTOR('',#1357,1.);
#1357 = DIRECTION('',(1.,0.,0.));
#1358 = PCURVE('',#391,#1359);
#1359 = DEFINITIONAL_REPRESENTATION('',(#1360),#1364);
#1360 = LINE('',#1361,#1362);
#1361 = CARTESIAN_POINT('',(-11.69999998471,-31.79999999758));
#1362 = VECTOR('',#1363,1.);
#1363 = DIRECTION('',(1.,0.));
#1364 = ( GEOMETRIC_REPRESENTATION_CONTEXT(2) 
PARAMETRIC_REPRESENTATION_CONTEXT() REPRESENTATION_CONTEXT('2D SPACE',''
  ) );
#1365 = PCURVE('',#782,#1366);
#1366 = DEFINITIONAL_REPRESENTATION('',(#1367),#1371);
#1367 = LINE('',#1368,#1369);
#1368 = CARTESIAN_POINT('',(1.100000028204,0.));
#1369 = VECTOR('',#1370,1.);
#1370 = DIRECTION('',(1.,0.));
#1371 = ( GEOMETRIC_REPRESENTATION_CONTEXT(2) 
PARAMETRIC_REPRESENTATION_CONTEXT() REPRESENTATION_CONTEXT('2D SPACE',''
  ) );
#1372 = ORIENTED_EDGE('',*,*,#1373,.T.);
#1373 = EDGE_CURVE('',#1351,#1374,#1376,.T.);
#1374 = VERTEX_POINT('',#1375);
#1375 = CARTESIAN_POINT('',(-7.600000002009,-28.8,0.));
#1376 = SURFACE_CURVE('',#1377,(#1382,#1389),.PCURVE_S1.);
#1377 = CIRCLE('',#1378,3.);
#1378 = AXIS2_PLACEMENT_3D('',#1379,#1380,#1381);
#1379 = CARTESIAN_POINT('',(-10.60000001812,-28.8,0.));
#1380 = DIRECTION('',(0.,0.,1.));
#1381 = DIRECTION('',(1.,0.,0.));
#1382 = PCURVE('',#391,#1383);
#1383 = DEFINITIONAL_REPRESENTATION('',(#1384),#1388);
#1384 = CIRCLE('',#1385,3.);
#1385 = AXIS2_PLACEMENT_2D('',#1386,#1387);
#1386 = CARTESIAN_POINT('',(-10.60000001694,-28.79999999758));
#1387 = DIRECTION('',(1.,0.));
#1388 = ( GEOMETRIC_REPRESENTATION_CONTEXT(2) 
PARAMETRIC_REPRESENTATION_CONTEXT() REPRESENTATION_CONTEXT('2D SPACE',''
  ) );
#1389 = PCURVE('',#811,#1390);
#1390 = DEFINITIONAL_REPRESENTATION('',(#1391),#1395);
#1391 = LINE('',#1392,#1393);
#1392 = CARTESIAN_POINT('',(-0.,0.));
#1393 = VECTOR('',#1394,1.);
#1394 = DIRECTION('',(-1.,0.));
#1395 = ( GEOMETRIC_REPRESENTATION_CONTEXT(2) 
PARAMETRIC_REPRESENTATION_CONTEXT() REPRESENTATION_CONTEXT('2D SPACE',''
  ) );
#1396 = ORIENTED_EDGE('',*,*,#1397,.T.);
#1397 = EDGE_CURVE('',#1374,#1398,#1400,.T.);
#1398 = VERTEX_POINT('',#1399);
#1399 = CARTESIAN_POINT('',(-7.600000002009,-22.8,0.));
#1400 = SURFACE_CURVE('',#1401,(#1405,#1412),.PCURVE_S1.);
#1401 = LINE('',#1402,#1403);
#1402 = CARTESIAN_POINT('',(-7.599999985898,-25.8,0.));
#1403 = VECTOR('',#1404,1.);
#1404 = DIRECTION('',(0.,1.,0.));
#1405 = PCURVE('',#391,#1406);
#1406 = DEFINITIONAL_REPRESENTATION('',(#1407),#1411);
#1407 = LINE('',#1408,#1409);
#1408 = CARTESIAN_POINT('',(-7.599999984719,-25.79999999758));
#1409 = VECTOR('',#1410,1.);
#1410 = DIRECTION('',(0.,1.));
#1411 = ( GEOMETRIC_REPRESENTATION_CONTEXT(2) 
PARAMETRIC_REPRESENTATION_CONTEXT() REPRESENTATION_CONTEXT('2D SPACE',''
  ) );
#1412 = PCURVE('',#839,#1413);
#1413 = DEFINITIONAL_REPRESENTATION('',(#1414),#1418);
#1414 = LINE('',#1415,#1416);
#1415 = CARTESIAN_POINT('',(3.,0.));
#1416 = VECTOR('',#1417,1.);
#1417 = DIRECTION('',(1.,0.));
#1418 = ( GEOMETRIC_REPRESENTATION_CONTEXT(2) 
PARAMETRIC_REPRESENTATION_CONTEXT() REPRESENTATION_CONTEXT('2D SPACE',''
  ) );
#1419 = ORIENTED_EDGE('',*,*,#1420,.T.);
#1420 = EDGE_CURVE('',#1398,#1421,#1423,.T.);
#1421 = VERTEX_POINT('',#1422);
#1422 = CARTESIAN_POINT('',(-7.920914353197,-21.45,-5.551115123126E-17)
  );
#1423 = SURFACE_CURVE('',#1424,(#1429,#1436),.PCURVE_S1.);
#1424 = CIRCLE('',#1425,3.);
#1425 = AXIS2_PLACEMENT_3D('',#1426,#1427,#1428);
#1426 = CARTESIAN_POINT('',(-10.60000001812,-22.8,0.));
#1427 = DIRECTION('',(0.,0.,1.));
#1428 = DIRECTION('',(1.,0.,0.));
#1429 = PCURVE('',#391,#1430);
#1430 = DEFINITIONAL_REPRESENTATION('',(#1431),#1435);
#1431 = CIRCLE('',#1432,3.);
#1432 = AXIS2_PLACEMENT_2D('',#1433,#1434);
#1433 = CARTESIAN_POINT('',(-10.60000001694,-22.79999999758));
#1434 = DIRECTION('',(1.,0.));
#1435 = ( GEOMETRIC_REPRESENTATION_CONTEXT(2) 
PARAMETRIC_REPRESENTATION_CONTEXT() REPRESENTATION_CONTEXT('2D SPACE',''
  ) );
#1436 = PCURVE('',#868,#1437);
#1437 = DEFINITIONAL_REPRESENTATION('',(#1438),#1442);
#1438 = LINE('',#1439,#1440);
#1439 = CARTESIAN_POINT('',(-0.,0.));
#1440 = VECTOR('',#1441,1.);
#1441 = DIRECTION('',(-1.,0.));
#1442 = ( GEOMETRIC_REPRESENTATION_CONTEXT(2) 
PARAMETRIC_REPRESENTATION_CONTEXT() REPRESENTATION_CONTEXT('2D SPACE',''
  ) );
#1443 = ORIENTED_EDGE('',*,*,#1444,.F.);
#1444 = EDGE_CURVE('',#1445,#1421,#1447,.T.);
#1445 = VERTEX_POINT('',#1446);
#1446 = CARTESIAN_POINT('',(7.920914320974,-21.45,-5.551115123126E-17));
#1447 = SURFACE_CURVE('',#1448,(#1452,#1459),.PCURVE_S1.);
#1448 = LINE('',#1449,#1450);
#1449 = CARTESIAN_POINT('',(12.49999998742,-21.45,-1.110223024625E-16));
#1450 = VECTOR('',#1451,1.);
#1451 = DIRECTION('',(-1.,-0.,-0.));
#1452 = PCURVE('',#391,#1453);
#1453 = DEFINITIONAL_REPRESENTATION('',(#1454),#1458);
#1454 = LINE('',#1455,#1456);
#1455 = CARTESIAN_POINT('',(12.499999988599,-21.44999999758));
#1456 = VECTOR('',#1457,1.);
#1457 = DIRECTION('',(-1.,0.));
#1458 = ( GEOMETRIC_REPRESENTATION_CONTEXT(2) 
PARAMETRIC_REPRESENTATION_CONTEXT() REPRESENTATION_CONTEXT('2D SPACE',''
  ) );
#1459 = PCURVE('',#1266,#1460);
#1460 = DEFINITIONAL_REPRESENTATION('',(#1461),#1465);
#1461 = LINE('',#1462,#1463);
#1462 = CARTESIAN_POINT('',(-1.570796326795,0.));
#1463 = VECTOR('',#1464,1.);
#1464 = DIRECTION('',(-0.,1.));
#1465 = ( GEOMETRIC_REPRESENTATION_CONTEXT(2) 
PARAMETRIC_REPRESENTATION_CONTEXT() REPRESENTATION_CONTEXT('2D SPACE',''
  ) );
#1466 = ORIENTED_EDGE('',*,*,#1467,.T.);
#1467 = EDGE_CURVE('',#1445,#1468,#1470,.T.);
#1468 = VERTEX_POINT('',#1469);
#1469 = CARTESIAN_POINT('',(7.6,-22.8,0.));
#1470 = SURFACE_CURVE('',#1471,(#1476,#1483),.PCURVE_S1.);
#1471 = CIRCLE('',#1472,3.);
#1472 = AXIS2_PLACEMENT_3D('',#1473,#1474,#1475);
#1473 = CARTESIAN_POINT('',(10.599999985898,-22.8,0.));
#1474 = DIRECTION('',(0.,0.,1.));
#1475 = DIRECTION('',(1.,0.,0.));
#1476 = PCURVE('',#391,#1477);
#1477 = DEFINITIONAL_REPRESENTATION('',(#1478),#1482);
#1478 = CIRCLE('',#1479,3.);
#1479 = AXIS2_PLACEMENT_2D('',#1480,#1481);
#1480 = CARTESIAN_POINT('',(10.599999987076,-22.79999999758));
#1481 = DIRECTION('',(1.,0.));
#1482 = ( GEOMETRIC_REPRESENTATION_CONTEXT(2) 
PARAMETRIC_REPRESENTATION_CONTEXT() REPRESENTATION_CONTEXT('2D SPACE',''
  ) );
#1483 = PCURVE('',#1239,#1484);
#1484 = DEFINITIONAL_REPRESENTATION('',(#1485),#1489);
#1485 = LINE('',#1486,#1487);
#1486 = CARTESIAN_POINT('',(-0.,0.));
#1487 = VECTOR('',#1488,1.);
#1488 = DIRECTION('',(-1.,0.));
#1489 = ( GEOMETRIC_REPRESENTATION_CONTEXT(2) 
PARAMETRIC_REPRESENTATION_CONTEXT() REPRESENTATION_CONTEXT('2D SPACE',''
  ) );
#1490 = ORIENTED_EDGE('',*,*,#1491,.F.);
#1491 = EDGE_CURVE('',#1492,#1468,#1494,.T.);
#1492 = VERTEX_POINT('',#1493);
#1493 = CARTESIAN_POINT('',(7.6,-28.8,0.));
#1494 = SURFACE_CURVE('',#1495,(#1499,#1506),.PCURVE_S1.);
#1495 = LINE('',#1496,#1497);
#1496 = CARTESIAN_POINT('',(7.600000014102,-25.8,0.));
#1497 = VECTOR('',#1498,1.);
#1498 = DIRECTION('',(0.,1.,0.));
#1499 = PCURVE('',#391,#1500);
#1500 = DEFINITIONAL_REPRESENTATION('',(#1501),#1505);
#1501 = LINE('',#1502,#1503);
#1502 = CARTESIAN_POINT('',(7.600000015281,-25.79999999758));
#1503 = VECTOR('',#1504,1.);
#1504 = DIRECTION('',(0.,1.));
#1505 = ( GEOMETRIC_REPRESENTATION_CONTEXT(2) 
PARAMETRIC_REPRESENTATION_CONTEXT() REPRESENTATION_CONTEXT('2D SPACE',''
  ) );
#1506 = PCURVE('',#1507,#1512);
#1507 = PLANE('',#1508);
#1508 = AXIS2_PLACEMENT_3D('',#1509,#1510,#1511);
#1509 = CARTESIAN_POINT('',(7.600000014102,-28.8,0.));
#1510 = DIRECTION('',(-1.,0.,0.));
#1511 = DIRECTION('',(0.,1.,0.));
#1512 = DEFINITIONAL_REPRESENTATION('',(#1513),#1517);
#1513 = LINE('',#1514,#1515);
#1514 = CARTESIAN_POINT('',(3.,0.));
#1515 = VECTOR('',#1516,1.);
#1516 = DIRECTION('',(1.,0.));
#1517 = ( GEOMETRIC_REPRESENTATION_CONTEXT(2) 
PARAMETRIC_REPRESENTATION_CONTEXT() REPRESENTATION_CONTEXT('2D SPACE',''
  ) );
#1518 = ORIENTED_EDGE('',*,*,#1519,.T.);
#1519 = EDGE_CURVE('',#1492,#1520,#1522,.T.);
#1520 = VERTEX_POINT('',#1521);
#1521 = CARTESIAN_POINT('',(10.599999985898,-31.8,0.));
#1522 = SURFACE_CURVE('',#1523,(#1528,#1535),.PCURVE_S1.);
#1523 = CIRCLE('',#1524,3.);
#1524 = AXIS2_PLACEMENT_3D('',#1525,#1526,#1527);
#1525 = CARTESIAN_POINT('',(10.599999985898,-28.8,0.));
#1526 = DIRECTION('',(0.,0.,1.));
#1527 = DIRECTION('',(1.,0.,0.));
#1528 = PCURVE('',#391,#1529);
#1529 = DEFINITIONAL_REPRESENTATION('',(#1530),#1534);
#1530 = CIRCLE('',#1531,3.);
#1531 = AXIS2_PLACEMENT_2D('',#1532,#1533);
#1532 = CARTESIAN_POINT('',(10.599999987076,-28.79999999758));
#1533 = DIRECTION('',(1.,0.));
#1534 = ( GEOMETRIC_REPRESENTATION_CONTEXT(2) 
PARAMETRIC_REPRESENTATION_CONTEXT() REPRESENTATION_CONTEXT('2D SPACE',''
  ) );
#1535 = PCURVE('',#1536,#1541);
#1536 = CYLINDRICAL_SURFACE('',#1537,3.);
#1537 = AXIS2_PLACEMENT_3D('',#1538,#1539,#1540);
#1538 = CARTESIAN_POINT('',(10.599999985898,-28.8,0.));
#1539 = DIRECTION('',(-0.,-0.,-1.));
#1540 = DIRECTION('',(1.,0.,0.));
#1541 = DEFINITIONAL_REPRESENTATION('',(#1542),#1546);
#1542 = LINE('',#1543,#1544);
#1543 = CARTESIAN_POINT('',(-0.,0.));
#1544 = VECTOR('',#1545,1.);
#1545 = DIRECTION('',(-1.,0.));
#1546 = ( GEOMETRIC_REPRESENTATION_CONTEXT(2) 
PARAMETRIC_REPRESENTATION_CONTEXT() REPRESENTATION_CONTEXT('2D SPACE',''
  ) );
#1547 = ORIENTED_EDGE('',*,*,#1548,.T.);
#1548 = EDGE_CURVE('',#1520,#1549,#1551,.T.);
#1549 = VERTEX_POINT('',#1550);
#1550 = CARTESIAN_POINT('',(12.79999998188,-31.8,0.));
#1551 = SURFACE_CURVE('',#1552,(#1556,#1563),.PCURVE_S1.);
#1552 = LINE('',#1553,#1554);
#1553 = CARTESIAN_POINT('',(11.700000014102,-31.8,0.));
#1554 = VECTOR('',#1555,1.);
#1555 = DIRECTION('',(1.,0.,0.));
#1556 = PCURVE('',#391,#1557);
#1557 = DEFINITIONAL_REPRESENTATION('',(#1558),#1562);
#1558 = LINE('',#1559,#1560);
#1559 = CARTESIAN_POINT('',(11.700000015281,-31.79999999758));
#1560 = VECTOR('',#1561,1.);
#1561 = DIRECTION('',(1.,0.));
#1562 = ( GEOMETRIC_REPRESENTATION_CONTEXT(2) 
PARAMETRIC_REPRESENTATION_CONTEXT() REPRESENTATION_CONTEXT('2D SPACE',''
  ) );
#1563 = PCURVE('',#1564,#1569);
#1564 = PLANE('',#1565);
#1565 = AXIS2_PLACEMENT_3D('',#1566,#1567,#1568);
#1566 = CARTESIAN_POINT('',(10.599999985898,-31.8,0.));
#1567 = DIRECTION('',(0.,1.,0.));
#1568 = DIRECTION('',(1.,0.,0.));
#1569 = DEFINITIONAL_REPRESENTATION('',(#1570),#1574);
#1570 = LINE('',#1571,#1572);
#1571 = CARTESIAN_POINT('',(1.100000028204,0.));
#1572 = VECTOR('',#1573,1.);
#1573 = DIRECTION('',(1.,0.));
#1574 = ( GEOMETRIC_REPRESENTATION_CONTEXT(2) 
PARAMETRIC_REPRESENTATION_CONTEXT() REPRESENTATION_CONTEXT('2D SPACE',''
  ) );
#1575 = ORIENTED_EDGE('',*,*,#1576,.T.);
#1576 = EDGE_CURVE('',#1549,#1577,#1579,.T.);
#1577 = VERTEX_POINT('',#1578);
#1578 = CARTESIAN_POINT('',(15.799999997991,-28.8,0.));
#1579 = SURFACE_CURVE('',#1580,(#1585,#1592),.PCURVE_S1.);
#1580 = CIRCLE('',#1581,3.);
#1581 = AXIS2_PLACEMENT_3D('',#1582,#1583,#1584);
#1582 = CARTESIAN_POINT('',(12.79999998188,-28.8,0.));
#1583 = DIRECTION('',(0.,0.,1.));
#1584 = DIRECTION('',(1.,0.,0.));
#1585 = PCURVE('',#391,#1586);
#1586 = DEFINITIONAL_REPRESENTATION('',(#1587),#1591);
#1587 = CIRCLE('',#1588,3.);
#1588 = AXIS2_PLACEMENT_2D('',#1589,#1590);
#1589 = CARTESIAN_POINT('',(12.799999983058,-28.79999999758));
#1590 = DIRECTION('',(1.,0.));
#1591 = ( GEOMETRIC_REPRESENTATION_CONTEXT(2) 
PARAMETRIC_REPRESENTATION_CONTEXT() REPRESENTATION_CONTEXT('2D SPACE',''
  ) );
#1592 = PCURVE('',#1593,#1598);
#1593 = CYLINDRICAL_SURFACE('',#1594,3.);
#1594 = AXIS2_PLACEMENT_3D('',#1595,#1596,#1597);
#1595 = CARTESIAN_POINT('',(12.79999998188,-28.8,0.));
#1596 = DIRECTION('',(-0.,-0.,-1.));
#1597 = DIRECTION('',(1.,0.,0.));
#1598 = DEFINITIONAL_REPRESENTATION('',(#1599),#1603);
#1599 = LINE('',#1600,#1601);
#1600 = CARTESIAN_POINT('',(-0.,0.));
#1601 = VECTOR('',#1602,1.);
#1602 = DIRECTION('',(-1.,0.));
#1603 = ( GEOMETRIC_REPRESENTATION_CONTEXT(2) 
PARAMETRIC_REPRESENTATION_CONTEXT() REPRESENTATION_CONTEXT('2D SPACE',''
  ) );
#1604 = ORIENTED_EDGE('',*,*,#1605,.T.);
#1605 = EDGE_CURVE('',#1577,#1606,#1608,.T.);
#1606 = VERTEX_POINT('',#1607);
#1607 = CARTESIAN_POINT('',(15.799999997991,-22.8,0.));
#1608 = SURFACE_CURVE('',#1609,(#1613,#1620),.PCURVE_S1.);
#1609 = LINE('',#1610,#1611);
#1610 = CARTESIAN_POINT('',(15.800000014102,-25.8,0.));
#1611 = VECTOR('',#1612,1.);
#1612 = DIRECTION('',(0.,1.,0.));
#1613 = PCURVE('',#391,#1614);
#1614 = DEFINITIONAL_REPRESENTATION('',(#1615),#1619);
#1615 = LINE('',#1616,#1617);
#1616 = CARTESIAN_POINT('',(15.800000015281,-25.79999999758));
#1617 = VECTOR('',#1618,1.);
#1618 = DIRECTION('',(0.,1.));
#1619 = ( GEOMETRIC_REPRESENTATION_CONTEXT(2) 
PARAMETRIC_REPRESENTATION_CONTEXT() REPRESENTATION_CONTEXT('2D SPACE',''
  ) );
#1620 = PCURVE('',#1621,#1626);
#1621 = PLANE('',#1622);
#1622 = AXIS2_PLACEMENT_3D('',#1623,#1624,#1625);
#1623 = CARTESIAN_POINT('',(15.800000014102,-28.8,0.));
#1624 = DIRECTION('',(-1.,0.,0.));
#1625 = DIRECTION('',(0.,1.,0.));
#1626 = DEFINITIONAL_REPRESENTATION('',(#1627),#1631);
#1627 = LINE('',#1628,#1629);
#1628 = CARTESIAN_POINT('',(3.,0.));
#1629 = VECTOR('',#1630,1.);
#1630 = DIRECTION('',(1.,0.));
#1631 = ( GEOMETRIC_REPRESENTATION_CONTEXT(2) 
PARAMETRIC_REPRESENTATION_CONTEXT() REPRESENTATION_CONTEXT('2D SPACE',''
  ) );
#1632 = ORIENTED_EDGE('',*,*,#1633,.T.);
#1633 = EDGE_CURVE('',#1606,#1634,#1636,.T.);
#1634 = VERTEX_POINT('',#1635);
#1635 = CARTESIAN_POINT('',(15.267966064653,-21.09437887727,0.));
#1636 = SURFACE_CURVE('',#1637,(#1642,#1649),.PCURVE_S1.);
#1637 = CIRCLE('',#1638,3.);
#1638 = AXIS2_PLACEMENT_3D('',#1639,#1640,#1641);
#1639 = CARTESIAN_POINT('',(12.79999998188,-22.8,0.));
#1640 = DIRECTION('',(0.,0.,1.));
#1641 = DIRECTION('',(1.,0.,0.));
#1642 = PCURVE('',#391,#1643);
#1643 = DEFINITIONAL_REPRESENTATION('',(#1644),#1648);
#1644 = CIRCLE('',#1645,3.);
#1645 = AXIS2_PLACEMENT_2D('',#1646,#1647);
#1646 = CARTESIAN_POINT('',(12.799999983058,-22.79999999758));
#1647 = DIRECTION('',(1.,0.));
#1648 = ( GEOMETRIC_REPRESENTATION_CONTEXT(2) 
PARAMETRIC_REPRESENTATION_CONTEXT() REPRESENTATION_CONTEXT('2D SPACE',''
  ) );
#1649 = PCURVE('',#1650,#1655);
#1650 = CYLINDRICAL_SURFACE('',#1651,3.);
#1651 = AXIS2_PLACEMENT_3D('',#1652,#1653,#1654);
#1652 = CARTESIAN_POINT('',(12.79999998188,-22.8,0.));
#1653 = DIRECTION('',(-0.,-0.,-1.));
#1654 = DIRECTION('',(1.,0.,0.));
#1655 = DEFINITIONAL_REPRESENTATION('',(#1656),#1660);
#1656 = LINE('',#1657,#1658);
#1657 = CARTESIAN_POINT('',(-0.,0.));
#1658 = VECTOR('',#1659,1.);
#1659 = DIRECTION('',(-1.,0.));
#1660 = ( GEOMETRIC_REPRESENTATION_CONTEXT(2) 
PARAMETRIC_REPRESENTATION_CONTEXT() REPRESENTATION_CONTEXT('2D SPACE',''
  ) );
#1661 = ORIENTED_EDGE('',*,*,#1662,.F.);
#1662 = EDGE_CURVE('',#1663,#1634,#1665,.T.);
#1663 = VERTEX_POINT('',#1664);
#1664 = CARTESIAN_POINT('',(23.45,-10.5,-1.110223024625E-16));
#1665 = SURFACE_CURVE('',#1666,(#1671,#1682),.PCURVE_S1.);
#1666 = CIRCLE('',#1667,10.95);
#1667 = AXIS2_PLACEMENT_3D('',#1668,#1669,#1670);
#1668 = CARTESIAN_POINT('',(12.49999998742,-10.5,0.));
#1669 = DIRECTION('',(0.,-0.,-1.));
#1670 = DIRECTION('',(1.,1.544658121218E-16,-0.));
#1671 = PCURVE('',#391,#1672);
#1672 = DEFINITIONAL_REPRESENTATION('',(#1673),#1681);
#1673 = ( BOUNDED_CURVE() B_SPLINE_CURVE(2,(#1674,#1675,#1676,#1677,
#1678,#1679,#1680),.UNSPECIFIED.,.T.,.F.) B_SPLINE_CURVE_WITH_KNOTS((1,2
    ,2,2,2,1),(-2.094395102393,0.,2.094395102393,4.188790204786,
6.28318530718,8.377580409573),.UNSPECIFIED.) CURVE() 
GEOMETRIC_REPRESENTATION_ITEM() RATIONAL_B_SPLINE_CURVE((1.,0.5,1.,0.5,
1.,0.5,1.)) REPRESENTATION_ITEM('') );
#1674 = CARTESIAN_POINT('',(23.449999988599,-10.49999999758));
#1675 = CARTESIAN_POINT('',(23.449999988599,-29.46595634046));
#1676 = CARTESIAN_POINT('',(7.024999988599,-19.98297816902));
#1677 = CARTESIAN_POINT('',(-9.400000011401,-10.49999999758));
#1678 = CARTESIAN_POINT('',(7.024999988599,-1.017021826148));
#1679 = CARTESIAN_POINT('',(23.449999988599,8.465956345291));
#1680 = CARTESIAN_POINT('',(23.449999988599,-10.49999999758));
#1681 = ( GEOMETRIC_REPRESENTATION_CONTEXT(2) 
PARAMETRIC_REPRESENTATION_CONTEXT() REPRESENTATION_CONTEXT('2D SPACE',''
  ) );
#1682 = PCURVE('',#1683,#1688);
#1683 = TOROIDAL_SURFACE('',#1684,10.95,0.55);
#1684 = AXIS2_PLACEMENT_3D('',#1685,#1686,#1687);
#1685 = CARTESIAN_POINT('',(12.49999998742,-10.5,0.55));
#1686 = DIRECTION('',(-0.,-0.,-1.));
#1687 = DIRECTION('',(1.,1.544658121218E-16,-0.));
#1688 = DEFINITIONAL_REPRESENTATION('',(#1689),#1693);
#1689 = LINE('',#1690,#1691);
#1690 = CARTESIAN_POINT('',(0.,1.570796326795));
#1691 = VECTOR('',#1692,1.);
#1692 = DIRECTION('',(1.,0.));
#1693 = ( GEOMETRIC_REPRESENTATION_CONTEXT(2) 
PARAMETRIC_REPRESENTATION_CONTEXT() REPRESENTATION_CONTEXT('2D SPACE',''
  ) );
#1694 = ORIENTED_EDGE('',*,*,#1695,.F.);
#1695 = EDGE_CURVE('',#1696,#1663,#1698,.T.);
#1696 = VERTEX_POINT('',#1697);
#1697 = CARTESIAN_POINT('',(23.45,10.499999992113,0.));
#1698 = SURFACE_CURVE('',#1699,(#1703,#1710),.PCURVE_S1.);
#1699 = LINE('',#1700,#1701);
#1700 = CARTESIAN_POINT('',(23.45,10.499999992113,-1.110223024625E-16));
#1701 = VECTOR('',#1702,1.);
#1702 = DIRECTION('',(-0.,-1.,-0.));
#1703 = PCURVE('',#391,#1704);
#1704 = DEFINITIONAL_REPRESENTATION('',(#1705),#1709);
#1705 = LINE('',#1706,#1707);
#1706 = CARTESIAN_POINT('',(23.450000001179,10.499999994525));
#1707 = VECTOR('',#1708,1.);
#1708 = DIRECTION('',(0.,-1.));
#1709 = ( GEOMETRIC_REPRESENTATION_CONTEXT(2) 
PARAMETRIC_REPRESENTATION_CONTEXT() REPRESENTATION_CONTEXT('2D SPACE',''
  ) );
#1710 = PCURVE('',#1711,#1716);
#1711 = CYLINDRICAL_SURFACE('',#1712,0.55);
#1712 = AXIS2_PLACEMENT_3D('',#1713,#1714,#1715);
#1713 = CARTESIAN_POINT('',(23.45,10.499999992113,0.55));
#1714 = DIRECTION('',(-0.,-1.,-0.));
#1715 = DIRECTION('',(1.,-0.,0.));
#1716 = DEFINITIONAL_REPRESENTATION('',(#1717),#1721);
#1717 = LINE('',#1718,#1719);
#1718 = CARTESIAN_POINT('',(-1.570796326795,0.));
#1719 = VECTOR('',#1720,1.);
#1720 = DIRECTION('',(-0.,1.));
#1721 = ( GEOMETRIC_REPRESENTATION_CONTEXT(2) 
PARAMETRIC_REPRESENTATION_CONTEXT() REPRESENTATION_CONTEXT('2D SPACE',''
  ) );
#1722 = ORIENTED_EDGE('',*,*,#1723,.F.);
#1723 = EDGE_CURVE('',#1724,#1696,#1726,.T.);
#1724 = VERTEX_POINT('',#1725);
#1725 = CARTESIAN_POINT('',(15.26796606196,21.09437887338,0.));
#1726 = SURFACE_CURVE('',#1727,(#1732,#1743),.PCURVE_S1.);
#1727 = CIRCLE('',#1728,10.95);
#1728 = AXIS2_PLACEMENT_3D('',#1729,#1730,#1731);
#1729 = CARTESIAN_POINT('',(12.5,10.499999992113,0.));
#1730 = DIRECTION('',(0.,-0.,-1.));
#1731 = DIRECTION('',(0.,1.,-0.));
#1732 = PCURVE('',#391,#1733);
#1733 = DEFINITIONAL_REPRESENTATION('',(#1734),#1742);
#1734 = ( BOUNDED_CURVE() B_SPLINE_CURVE(2,(#1735,#1736,#1737,#1738,
#1739,#1740,#1741),.UNSPECIFIED.,.T.,.F.) B_SPLINE_CURVE_WITH_KNOTS((1,2
    ,2,2,2,1),(-2.094395102393,0.,2.094395102393,4.188790204786,
6.28318530718,8.377580409573),.UNSPECIFIED.) CURVE() 
GEOMETRIC_REPRESENTATION_ITEM() RATIONAL_B_SPLINE_CURVE((1.,0.5,1.,0.5,
1.,0.5,1.)) REPRESENTATION_ITEM('') );
#1735 = CARTESIAN_POINT('',(12.500000001179,21.449999994525));
#1736 = CARTESIAN_POINT('',(31.465956344058,21.449999994525));
#1737 = CARTESIAN_POINT('',(21.982978172618,5.024999994525));
#1738 = CARTESIAN_POINT('',(12.500000001179,-11.40000000547));
#1739 = CARTESIAN_POINT('',(3.017021829739,5.024999994525));
#1740 = CARTESIAN_POINT('',(-6.465956341701,21.449999994525));
#1741 = CARTESIAN_POINT('',(12.500000001179,21.449999994525));
#1742 = ( GEOMETRIC_REPRESENTATION_CONTEXT(2) 
PARAMETRIC_REPRESENTATION_CONTEXT() REPRESENTATION_CONTEXT('2D SPACE',''
  ) );
#1743 = PCURVE('',#1744,#1749);
#1744 = TOROIDAL_SURFACE('',#1745,10.95,0.55);
#1745 = AXIS2_PLACEMENT_3D('',#1746,#1747,#1748);
#1746 = CARTESIAN_POINT('',(12.5,10.499999992113,0.55));
#1747 = DIRECTION('',(-0.,-0.,-1.));
#1748 = DIRECTION('',(0.,1.,-0.));
#1749 = DEFINITIONAL_REPRESENTATION('',(#1750),#1754);
#1750 = LINE('',#1751,#1752);
#1751 = CARTESIAN_POINT('',(0.,1.570796326795));
#1752 = VECTOR('',#1753,1.);
#1753 = DIRECTION('',(1.,0.));
#1754 = ( GEOMETRIC_REPRESENTATION_CONTEXT(2) 
PARAMETRIC_REPRESENTATION_CONTEXT() REPRESENTATION_CONTEXT('2D SPACE',''
  ) );
#1755 = ORIENTED_EDGE('',*,*,#1756,.T.);
#1756 = EDGE_CURVE('',#1724,#1757,#1759,.T.);
#1757 = VERTEX_POINT('',#1758);
#1758 = CARTESIAN_POINT('',(15.799999997991,22.8,0.));
#1759 = SURFACE_CURVE('',#1760,(#1765,#1772),.PCURVE_S1.);
#1760 = CIRCLE('',#1761,3.);
#1761 = AXIS2_PLACEMENT_3D('',#1762,#1763,#1764);
#1762 = CARTESIAN_POINT('',(12.79999998188,22.8,0.));
#1763 = DIRECTION('',(0.,0.,1.));
#1764 = DIRECTION('',(1.,0.,0.));
#1765 = PCURVE('',#391,#1766);
#1766 = DEFINITIONAL_REPRESENTATION('',(#1767),#1771);
#1767 = CIRCLE('',#1768,3.);
#1768 = AXIS2_PLACEMENT_2D('',#1769,#1770);
#1769 = CARTESIAN_POINT('',(12.799999983058,22.800000002412));
#1770 = DIRECTION('',(1.,0.));
#1771 = ( GEOMETRIC_REPRESENTATION_CONTEXT(2) 
PARAMETRIC_REPRESENTATION_CONTEXT() REPRESENTATION_CONTEXT('2D SPACE',''
  ) );
#1772 = PCURVE('',#1773,#1778);
#1773 = CYLINDRICAL_SURFACE('',#1774,3.);
#1774 = AXIS2_PLACEMENT_3D('',#1775,#1776,#1777);
#1775 = CARTESIAN_POINT('',(12.79999998188,22.8,0.));
#1776 = DIRECTION('',(-0.,-0.,-1.));
#1777 = DIRECTION('',(1.,0.,0.));
#1778 = DEFINITIONAL_REPRESENTATION('',(#1779),#1783);
#1779 = LINE('',#1780,#1781);
#1780 = CARTESIAN_POINT('',(-0.,0.));
#1781 = VECTOR('',#1782,1.);
#1782 = DIRECTION('',(-1.,0.));
#1783 = ( GEOMETRIC_REPRESENTATION_CONTEXT(2) 
PARAMETRIC_REPRESENTATION_CONTEXT() REPRESENTATION_CONTEXT('2D SPACE',''
  ) );
#1784 = ORIENTED_EDGE('',*,*,#1785,.T.);
#1785 = EDGE_CURVE('',#1757,#1786,#1788,.T.);
#1786 = VERTEX_POINT('',#1787);
#1787 = CARTESIAN_POINT('',(15.799999997991,28.8,0.));
#1788 = SURFACE_CURVE('',#1789,(#1793,#1800),.PCURVE_S1.);
#1789 = LINE('',#1790,#1791);
#1790 = CARTESIAN_POINT('',(15.800000014102,25.8,0.));
#1791 = VECTOR('',#1792,1.);
#1792 = DIRECTION('',(0.,1.,0.));
#1793 = PCURVE('',#391,#1794);
#1794 = DEFINITIONAL_REPRESENTATION('',(#1795),#1799);
#1795 = LINE('',#1796,#1797);
#1796 = CARTESIAN_POINT('',(15.800000015281,25.800000002412));
#1797 = VECTOR('',#1798,1.);
#1798 = DIRECTION('',(0.,1.));
#1799 = ( GEOMETRIC_REPRESENTATION_CONTEXT(2) 
PARAMETRIC_REPRESENTATION_CONTEXT() REPRESENTATION_CONTEXT('2D SPACE',''
  ) );
#1800 = PCURVE('',#1801,#1806);
#1801 = PLANE('',#1802);
#1802 = AXIS2_PLACEMENT_3D('',#1803,#1804,#1805);
#1803 = CARTESIAN_POINT('',(15.800000014102,22.8,0.));
#1804 = DIRECTION('',(-1.,0.,0.));
#1805 = DIRECTION('',(0.,1.,0.));
#1806 = DEFINITIONAL_REPRESENTATION('',(#1807),#1811);
#1807 = LINE('',#1808,#1809);
#1808 = CARTESIAN_POINT('',(3.,0.));
#1809 = VECTOR('',#1810,1.);
#1810 = DIRECTION('',(1.,0.));
#1811 = ( GEOMETRIC_REPRESENTATION_CONTEXT(2) 
PARAMETRIC_REPRESENTATION_CONTEXT() REPRESENTATION_CONTEXT('2D SPACE',''
  ) );
#1812 = ORIENTED_EDGE('',*,*,#1813,.T.);
#1813 = EDGE_CURVE('',#1786,#1814,#1816,.T.);
#1814 = VERTEX_POINT('',#1815);
#1815 = CARTESIAN_POINT('',(12.79999998188,31.8,0.));
#1816 = SURFACE_CURVE('',#1817,(#1822,#1829),.PCURVE_S1.);
#1817 = CIRCLE('',#1818,3.);
#1818 = AXIS2_PLACEMENT_3D('',#1819,#1820,#1821);
#1819 = CARTESIAN_POINT('',(12.79999998188,28.8,0.));
#1820 = DIRECTION('',(0.,0.,1.));
#1821 = DIRECTION('',(1.,0.,0.));
#1822 = PCURVE('',#391,#1823);
#1823 = DEFINITIONAL_REPRESENTATION('',(#1824),#1828);
#1824 = CIRCLE('',#1825,3.);
#1825 = AXIS2_PLACEMENT_2D('',#1826,#1827);
#1826 = CARTESIAN_POINT('',(12.799999983058,28.800000002412));
#1827 = DIRECTION('',(1.,0.));
#1828 = ( GEOMETRIC_REPRESENTATION_CONTEXT(2) 
PARAMETRIC_REPRESENTATION_CONTEXT() REPRESENTATION_CONTEXT('2D SPACE',''
  ) );
#1829 = PCURVE('',#1830,#1835);
#1830 = CYLINDRICAL_SURFACE('',#1831,3.);
#1831 = AXIS2_PLACEMENT_3D('',#1832,#1833,#1834);
#1832 = CARTESIAN_POINT('',(12.79999998188,28.8,0.));
#1833 = DIRECTION('',(-0.,-0.,-1.));
#1834 = DIRECTION('',(1.,0.,0.));
#1835 = DEFINITIONAL_REPRESENTATION('',(#1836),#1840);
#1836 = LINE('',#1837,#1838);
#1837 = CARTESIAN_POINT('',(-0.,0.));
#1838 = VECTOR('',#1839,1.);
#1839 = DIRECTION('',(-1.,0.));
#1840 = ( GEOMETRIC_REPRESENTATION_CONTEXT(2) 
PARAMETRIC_REPRESENTATION_CONTEXT() REPRESENTATION_CONTEXT('2D SPACE',''
  ) );
#1841 = ORIENTED_EDGE('',*,*,#1842,.F.);
#1842 = EDGE_CURVE('',#1843,#1814,#1845,.T.);
#1843 = VERTEX_POINT('',#1844);
#1844 = CARTESIAN_POINT('',(10.599999985898,31.8,0.));
#1845 = SURFACE_CURVE('',#1846,(#1850,#1857),.PCURVE_S1.);
#1846 = LINE('',#1847,#1848);
#1847 = CARTESIAN_POINT('',(11.700000014102,31.8,0.));
#1848 = VECTOR('',#1849,1.);
#1849 = DIRECTION('',(1.,0.,0.));
#1850 = PCURVE('',#391,#1851);
#1851 = DEFINITIONAL_REPRESENTATION('',(#1852),#1856);
#1852 = LINE('',#1853,#1854);
#1853 = CARTESIAN_POINT('',(11.700000015281,31.800000002412));
#1854 = VECTOR('',#1855,1.);
#1855 = DIRECTION('',(1.,0.));
#1856 = ( GEOMETRIC_REPRESENTATION_CONTEXT(2) 
PARAMETRIC_REPRESENTATION_CONTEXT() REPRESENTATION_CONTEXT('2D SPACE',''
  ) );
#1857 = PCURVE('',#1858,#1863);
#1858 = PLANE('',#1859);
#1859 = AXIS2_PLACEMENT_3D('',#1860,#1861,#1862);
#1860 = CARTESIAN_POINT('',(10.599999985898,31.8,0.));
#1861 = DIRECTION('',(0.,1.,0.));
#1862 = DIRECTION('',(1.,0.,0.));
#1863 = DEFINITIONAL_REPRESENTATION('',(#1864),#1868);
#1864 = LINE('',#1865,#1866);
#1865 = CARTESIAN_POINT('',(1.100000028204,0.));
#1866 = VECTOR('',#1867,1.);
#1867 = DIRECTION('',(1.,0.));
#1868 = ( GEOMETRIC_REPRESENTATION_CONTEXT(2) 
PARAMETRIC_REPRESENTATION_CONTEXT() REPRESENTATION_CONTEXT('2D SPACE',''
  ) );
#1869 = ORIENTED_EDGE('',*,*,#1870,.T.);
#1870 = EDGE_CURVE('',#1843,#1871,#1873,.T.);
#1871 = VERTEX_POINT('',#1872);
#1872 = CARTESIAN_POINT('',(7.6,28.8,0.));
#1873 = SURFACE_CURVE('',#1874,(#1879,#1886),.PCURVE_S1.);
#1874 = CIRCLE('',#1875,3.);
#1875 = AXIS2_PLACEMENT_3D('',#1876,#1877,#1878);
#1876 = CARTESIAN_POINT('',(10.599999985898,28.8,0.));
#1877 = DIRECTION('',(0.,0.,1.));
#1878 = DIRECTION('',(1.,0.,0.));
#1879 = PCURVE('',#391,#1880);
#1880 = DEFINITIONAL_REPRESENTATION('',(#1881),#1885);
#1881 = CIRCLE('',#1882,3.);
#1882 = AXIS2_PLACEMENT_2D('',#1883,#1884);
#1883 = CARTESIAN_POINT('',(10.599999987076,28.800000002412));
#1884 = DIRECTION('',(1.,0.));
#1885 = ( GEOMETRIC_REPRESENTATION_CONTEXT(2) 
PARAMETRIC_REPRESENTATION_CONTEXT() REPRESENTATION_CONTEXT('2D SPACE',''
  ) );
#1886 = PCURVE('',#1887,#1892);
#1887 = CYLINDRICAL_SURFACE('',#1888,3.);
#1888 = AXIS2_PLACEMENT_3D('',#1889,#1890,#1891);
#1889 = CARTESIAN_POINT('',(10.599999985898,28.8,0.));
#1890 = DIRECTION('',(-0.,-0.,-1.));
#1891 = DIRECTION('',(1.,0.,0.));
#1892 = DEFINITIONAL_REPRESENTATION('',(#1893),#1897);
#1893 = LINE('',#1894,#1895);
#1894 = CARTESIAN_POINT('',(-0.,0.));
#1895 = VECTOR('',#1896,1.);
#1896 = DIRECTION('',(-1.,0.));
#1897 = ( GEOMETRIC_REPRESENTATION_CONTEXT(2) 
PARAMETRIC_REPRESENTATION_CONTEXT() REPRESENTATION_CONTEXT('2D SPACE',''
  ) );
#1898 = ORIENTED_EDGE('',*,*,#1899,.F.);
#1899 = EDGE_CURVE('',#1900,#1871,#1902,.T.);
#1900 = VERTEX_POINT('',#1901);
#1901 = CARTESIAN_POINT('',(7.6,22.8,0.));
#1902 = SURFACE_CURVE('',#1903,(#1907,#1914),.PCURVE_S1.);
#1903 = LINE('',#1904,#1905);
#1904 = CARTESIAN_POINT('',(7.600000014102,25.8,0.));
#1905 = VECTOR('',#1906,1.);
#1906 = DIRECTION('',(0.,1.,0.));
#1907 = PCURVE('',#391,#1908);
#1908 = DEFINITIONAL_REPRESENTATION('',(#1909),#1913);
#1909 = LINE('',#1910,#1911);
#1910 = CARTESIAN_POINT('',(7.600000015281,25.800000002412));
#1911 = VECTOR('',#1912,1.);
#1912 = DIRECTION('',(0.,1.));
#1913 = ( GEOMETRIC_REPRESENTATION_CONTEXT(2) 
PARAMETRIC_REPRESENTATION_CONTEXT() REPRESENTATION_CONTEXT('2D SPACE',''
  ) );
#1914 = PCURVE('',#1915,#1920);
#1915 = PLANE('',#1916);
#1916 = AXIS2_PLACEMENT_3D('',#1917,#1918,#1919);
#1917 = CARTESIAN_POINT('',(7.600000014102,22.8,0.));
#1918 = DIRECTION('',(-1.,0.,0.));
#1919 = DIRECTION('',(0.,1.,0.));
#1920 = DEFINITIONAL_REPRESENTATION('',(#1921),#1925);
#1921 = LINE('',#1922,#1923);
#1922 = CARTESIAN_POINT('',(3.,0.));
#1923 = VECTOR('',#1924,1.);
#1924 = DIRECTION('',(1.,0.));
#1925 = ( GEOMETRIC_REPRESENTATION_CONTEXT(2) 
PARAMETRIC_REPRESENTATION_CONTEXT() REPRESENTATION_CONTEXT('2D SPACE',''
  ) );
#1926 = ORIENTED_EDGE('',*,*,#1927,.T.);
#1927 = EDGE_CURVE('',#1900,#1928,#1930,.T.);
#1928 = VERTEX_POINT('',#1929);
#1929 = CARTESIAN_POINT('',(7.920914320974,21.45,-5.551115123126E-17));
#1930 = SURFACE_CURVE('',#1931,(#1936,#1943),.PCURVE_S1.);
#1931 = CIRCLE('',#1932,3.);
#1932 = AXIS2_PLACEMENT_3D('',#1933,#1934,#1935);
#1933 = CARTESIAN_POINT('',(10.599999985898,22.8,0.));
#1934 = DIRECTION('',(0.,0.,1.));
#1935 = DIRECTION('',(1.,0.,0.));
#1936 = PCURVE('',#391,#1937);
#1937 = DEFINITIONAL_REPRESENTATION('',(#1938),#1942);
#1938 = CIRCLE('',#1939,3.);
#1939 = AXIS2_PLACEMENT_2D('',#1940,#1941);
#1940 = CARTESIAN_POINT('',(10.599999987076,22.800000002412));
#1941 = DIRECTION('',(1.,0.));
#1942 = ( GEOMETRIC_REPRESENTATION_CONTEXT(2) 
PARAMETRIC_REPRESENTATION_CONTEXT() REPRESENTATION_CONTEXT('2D SPACE',''
  ) );
#1943 = PCURVE('',#1944,#1949);
#1944 = CYLINDRICAL_SURFACE('',#1945,3.);
#1945 = AXIS2_PLACEMENT_3D('',#1946,#1947,#1948);
#1946 = CARTESIAN_POINT('',(10.599999985898,22.8,0.));
#1947 = DIRECTION('',(-0.,-0.,-1.));
#1948 = DIRECTION('',(1.,0.,0.));
#1949 = DEFINITIONAL_REPRESENTATION('',(#1950),#1954);
#1950 = LINE('',#1951,#1952);
#1951 = CARTESIAN_POINT('',(-0.,0.));
#1952 = VECTOR('',#1953,1.);
#1953 = DIRECTION('',(-1.,0.));
#1954 = ( GEOMETRIC_REPRESENTATION_CONTEXT(2) 
PARAMETRIC_REPRESENTATION_CONTEXT() REPRESENTATION_CONTEXT('2D SPACE',''
  ) );
#1955 = ORIENTED_EDGE('',*,*,#1956,.F.);
#1956 = EDGE_CURVE('',#1957,#1928,#1959,.T.);
#1957 = VERTEX_POINT('',#1958);
#1958 = CARTESIAN_POINT('',(-7.920914353197,21.45,-5.551115123126E-17));
#1959 = SURFACE_CURVE('',#1960,(#1964,#1971),.PCURVE_S1.);
#1960 = LINE('',#1961,#1962);
#1961 = CARTESIAN_POINT('',(-12.5,21.45,-1.110223024625E-16));
#1962 = VECTOR('',#1963,1.);
#1963 = DIRECTION('',(1.,0.,0.));
#1964 = PCURVE('',#391,#1965);
#1965 = DEFINITIONAL_REPRESENTATION('',(#1966),#1970);
#1966 = LINE('',#1967,#1968);
#1967 = CARTESIAN_POINT('',(-12.49999999882,21.450000002412));
#1968 = VECTOR('',#1969,1.);
#1969 = DIRECTION('',(1.,0.));
#1970 = ( GEOMETRIC_REPRESENTATION_CONTEXT(2) 
PARAMETRIC_REPRESENTATION_CONTEXT() REPRESENTATION_CONTEXT('2D SPACE',''
  ) );
#1971 = PCURVE('',#1972,#1977);
#1972 = CYLINDRICAL_SURFACE('',#1973,0.55);
#1973 = AXIS2_PLACEMENT_3D('',#1974,#1975,#1976);
#1974 = CARTESIAN_POINT('',(-12.5,21.45,0.55));
#1975 = DIRECTION('',(1.,0.,0.));
#1976 = DIRECTION('',(-0.,1.,0.));
#1977 = DEFINITIONAL_REPRESENTATION('',(#1978),#1982);
#1978 = LINE('',#1979,#1980);
#1979 = CARTESIAN_POINT('',(-1.570796326795,0.));
#1980 = VECTOR('',#1981,1.);
#1981 = DIRECTION('',(-0.,1.));
#1982 = ( GEOMETRIC_REPRESENTATION_CONTEXT(2) 
PARAMETRIC_REPRESENTATION_CONTEXT() REPRESENTATION_CONTEXT('2D SPACE',''
  ) );
#1983 = ORIENTED_EDGE('',*,*,#1984,.T.);
#1984 = EDGE_CURVE('',#1957,#1985,#1987,.T.);
#1985 = VERTEX_POINT('',#1986);
#1986 = CARTESIAN_POINT('',(-7.600000002009,22.8,0.));
#1987 = SURFACE_CURVE('',#1988,(#1993,#2000),.PCURVE_S1.);
#1988 = CIRCLE('',#1989,3.);
#1989 = AXIS2_PLACEMENT_3D('',#1990,#1991,#1992);
#1990 = CARTESIAN_POINT('',(-10.60000001812,22.8,0.));
#1991 = DIRECTION('',(0.,0.,1.));
#1992 = DIRECTION('',(1.,0.,0.));
#1993 = PCURVE('',#391,#1994);
#1994 = DEFINITIONAL_REPRESENTATION('',(#1995),#1999);
#1995 = CIRCLE('',#1996,3.);
#1996 = AXIS2_PLACEMENT_2D('',#1997,#1998);
#1997 = CARTESIAN_POINT('',(-10.60000001694,22.800000002412));
#1998 = DIRECTION('',(1.,0.));
#1999 = ( GEOMETRIC_REPRESENTATION_CONTEXT(2) 
PARAMETRIC_REPRESENTATION_CONTEXT() REPRESENTATION_CONTEXT('2D SPACE',''
  ) );
#2000 = PCURVE('',#2001,#2006);
#2001 = CYLINDRICAL_SURFACE('',#2002,3.);
#2002 = AXIS2_PLACEMENT_3D('',#2003,#2004,#2005);
#2003 = CARTESIAN_POINT('',(-10.60000001812,22.8,0.));
#2004 = DIRECTION('',(-0.,-0.,-1.));
#2005 = DIRECTION('',(1.,0.,0.));
#2006 = DEFINITIONAL_REPRESENTATION('',(#2007),#2011);
#2007 = LINE('',#2008,#2009);
#2008 = CARTESIAN_POINT('',(-0.,0.));
#2009 = VECTOR('',#2010,1.);
#2010 = DIRECTION('',(-1.,0.));
#2011 = ( GEOMETRIC_REPRESENTATION_CONTEXT(2) 
PARAMETRIC_REPRESENTATION_CONTEXT() REPRESENTATION_CONTEXT('2D SPACE',''
  ) );
#2012 = ORIENTED_EDGE('',*,*,#2013,.T.);
#2013 = EDGE_CURVE('',#1985,#2014,#2016,.T.);
#2014 = VERTEX_POINT('',#2015);
#2015 = CARTESIAN_POINT('',(-7.600000002009,28.8,0.));
#2016 = SURFACE_CURVE('',#2017,(#2021,#2028),.PCURVE_S1.);
#2017 = LINE('',#2018,#2019);
#2018 = CARTESIAN_POINT('',(-7.599999985898,25.8,0.));
#2019 = VECTOR('',#2020,1.);
#2020 = DIRECTION('',(0.,1.,0.));
#2021 = PCURVE('',#391,#2022);
#2022 = DEFINITIONAL_REPRESENTATION('',(#2023),#2027);
#2023 = LINE('',#2024,#2025);
#2024 = CARTESIAN_POINT('',(-7.599999984719,25.800000002412));
#2025 = VECTOR('',#2026,1.);
#2026 = DIRECTION('',(0.,1.));
#2027 = ( GEOMETRIC_REPRESENTATION_CONTEXT(2) 
PARAMETRIC_REPRESENTATION_CONTEXT() REPRESENTATION_CONTEXT('2D SPACE',''
  ) );
#2028 = PCURVE('',#2029,#2034);
#2029 = PLANE('',#2030);
#2030 = AXIS2_PLACEMENT_3D('',#2031,#2032,#2033);
#2031 = CARTESIAN_POINT('',(-7.599999985898,22.8,0.));
#2032 = DIRECTION('',(-1.,0.,0.));
#2033 = DIRECTION('',(0.,1.,0.));
#2034 = DEFINITIONAL_REPRESENTATION('',(#2035),#2039);
#2035 = LINE('',#2036,#2037);
#2036 = CARTESIAN_POINT('',(3.,0.));
#2037 = VECTOR('',#2038,1.);
#2038 = DIRECTION('',(1.,0.));
#2039 = ( GEOMETRIC_REPRESENTATION_CONTEXT(2) 
PARAMETRIC_REPRESENTATION_CONTEXT() REPRESENTATION_CONTEXT('2D SPACE',''
  ) );
#2040 = ORIENTED_EDGE('',*,*,#2041,.T.);
#2041 = EDGE_CURVE('',#2014,#2042,#2044,.T.);
#2042 = VERTEX_POINT('',#2043);
#2043 = CARTESIAN_POINT('',(-10.60000001812,31.8,0.));
#2044 = SURFACE_CURVE('',#2045,(#2050,#2057),.PCURVE_S1.);
#2045 = CIRCLE('',#2046,3.);
#2046 = AXIS2_PLACEMENT_3D('',#2047,#2048,#2049);
#2047 = CARTESIAN_POINT('',(-10.60000001812,28.8,0.));
#2048 = DIRECTION('',(0.,0.,1.));
#2049 = DIRECTION('',(1.,0.,0.));
#2050 = PCURVE('',#391,#2051);
#2051 = DEFINITIONAL_REPRESENTATION('',(#2052),#2056);
#2052 = CIRCLE('',#2053,3.);
#2053 = AXIS2_PLACEMENT_2D('',#2054,#2055);
#2054 = CARTESIAN_POINT('',(-10.60000001694,28.800000002412));
#2055 = DIRECTION('',(1.,0.));
#2056 = ( GEOMETRIC_REPRESENTATION_CONTEXT(2) 
PARAMETRIC_REPRESENTATION_CONTEXT() REPRESENTATION_CONTEXT('2D SPACE',''
  ) );
#2057 = PCURVE('',#2058,#2063);
#2058 = CYLINDRICAL_SURFACE('',#2059,3.);
#2059 = AXIS2_PLACEMENT_3D('',#2060,#2061,#2062);
#2060 = CARTESIAN_POINT('',(-10.60000001812,28.8,0.));
#2061 = DIRECTION('',(-0.,-0.,-1.));
#2062 = DIRECTION('',(1.,0.,0.));
#2063 = DEFINITIONAL_REPRESENTATION('',(#2064),#2068);
#2064 = LINE('',#2065,#2066);
#2065 = CARTESIAN_POINT('',(-0.,0.));
#2066 = VECTOR('',#2067,1.);
#2067 = DIRECTION('',(-1.,0.));
#2068 = ( GEOMETRIC_REPRESENTATION_CONTEXT(2) 
PARAMETRIC_REPRESENTATION_CONTEXT() REPRESENTATION_CONTEXT('2D SPACE',''
  ) );
#2069 = ORIENTED_EDGE('',*,*,#2070,.F.);
#2070 = EDGE_CURVE('',#2071,#2042,#2073,.T.);
#2071 = VERTEX_POINT('',#2072);
#2072 = CARTESIAN_POINT('',(-12.8000000141,31.8,0.));
#2073 = SURFACE_CURVE('',#2074,(#2078,#2085),.PCURVE_S1.);
#2074 = LINE('',#2075,#2076);
#2075 = CARTESIAN_POINT('',(-11.69999998589,31.8,0.));
#2076 = VECTOR('',#2077,1.);
#2077 = DIRECTION('',(1.,0.,0.));
#2078 = PCURVE('',#391,#2079);
#2079 = DEFINITIONAL_REPRESENTATION('',(#2080),#2084);
#2080 = LINE('',#2081,#2082);
#2081 = CARTESIAN_POINT('',(-11.69999998471,31.800000002412));
#2082 = VECTOR('',#2083,1.);
#2083 = DIRECTION('',(1.,0.));
#2084 = ( GEOMETRIC_REPRESENTATION_CONTEXT(2) 
PARAMETRIC_REPRESENTATION_CONTEXT() REPRESENTATION_CONTEXT('2D SPACE',''
  ) );
#2085 = PCURVE('',#2086,#2091);
#2086 = PLANE('',#2087);
#2087 = AXIS2_PLACEMENT_3D('',#2088,#2089,#2090);
#2088 = CARTESIAN_POINT('',(-12.8000000141,31.8,0.));
#2089 = DIRECTION('',(0.,1.,0.));
#2090 = DIRECTION('',(1.,0.,0.));
#2091 = DEFINITIONAL_REPRESENTATION('',(#2092),#2096);
#2092 = LINE('',#2093,#2094);
#2093 = CARTESIAN_POINT('',(1.100000028204,0.));
#2094 = VECTOR('',#2095,1.);
#2095 = DIRECTION('',(1.,0.));
#2096 = ( GEOMETRIC_REPRESENTATION_CONTEXT(2) 
PARAMETRIC_REPRESENTATION_CONTEXT() REPRESENTATION_CONTEXT('2D SPACE',''
  ) );
#2097 = ORIENTED_EDGE('',*,*,#2098,.T.);
#2098 = EDGE_CURVE('',#2071,#2099,#2101,.T.);
#2099 = VERTEX_POINT('',#2100);
#2100 = CARTESIAN_POINT('',(-15.8,28.8,0.));
#2101 = SURFACE_CURVE('',#2102,(#2107,#2114),.PCURVE_S1.);
#2102 = CIRCLE('',#2103,3.);
#2103 = AXIS2_PLACEMENT_3D('',#2104,#2105,#2106);
#2104 = CARTESIAN_POINT('',(-12.8000000141,28.8,0.));
#2105 = DIRECTION('',(0.,0.,1.));
#2106 = DIRECTION('',(1.,0.,0.));
#2107 = PCURVE('',#391,#2108);
#2108 = DEFINITIONAL_REPRESENTATION('',(#2109),#2113);
#2109 = CIRCLE('',#2110,3.);
#2110 = AXIS2_PLACEMENT_2D('',#2111,#2112);
#2111 = CARTESIAN_POINT('',(-12.80000001292,28.800000002412));
#2112 = DIRECTION('',(1.,0.));
#2113 = ( GEOMETRIC_REPRESENTATION_CONTEXT(2) 
PARAMETRIC_REPRESENTATION_CONTEXT() REPRESENTATION_CONTEXT('2D SPACE',''
  ) );
#2114 = PCURVE('',#2115,#2120);
#2115 = CYLINDRICAL_SURFACE('',#2116,3.);
#2116 = AXIS2_PLACEMENT_3D('',#2117,#2118,#2119);
#2117 = CARTESIAN_POINT('',(-12.8000000141,28.8,0.));
#2118 = DIRECTION('',(-0.,-0.,-1.));
#2119 = DIRECTION('',(1.,0.,0.));
#2120 = DEFINITIONAL_REPRESENTATION('',(#2121),#2125);
#2121 = LINE('',#2122,#2123);
#2122 = CARTESIAN_POINT('',(-0.,0.));
#2123 = VECTOR('',#2124,1.);
#2124 = DIRECTION('',(-1.,0.));
#2125 = ( GEOMETRIC_REPRESENTATION_CONTEXT(2) 
PARAMETRIC_REPRESENTATION_CONTEXT() REPRESENTATION_CONTEXT('2D SPACE',''
  ) );
#2126 = ORIENTED_EDGE('',*,*,#2127,.F.);
#2127 = EDGE_CURVE('',#2128,#2099,#2130,.T.);
#2128 = VERTEX_POINT('',#2129);
#2129 = CARTESIAN_POINT('',(-15.8,22.8,0.));
#2130 = SURFACE_CURVE('',#2131,(#2135,#2142),.PCURVE_S1.);
#2131 = LINE('',#2132,#2133);
#2132 = CARTESIAN_POINT('',(-15.79999998589,25.8,0.));
#2133 = VECTOR('',#2134,1.);
#2134 = DIRECTION('',(0.,1.,0.));
#2135 = PCURVE('',#391,#2136);
#2136 = DEFINITIONAL_REPRESENTATION('',(#2137),#2141);
#2137 = LINE('',#2138,#2139);
#2138 = CARTESIAN_POINT('',(-15.79999998471,25.800000002412));
#2139 = VECTOR('',#2140,1.);
#2140 = DIRECTION('',(0.,1.));
#2141 = ( GEOMETRIC_REPRESENTATION_CONTEXT(2) 
PARAMETRIC_REPRESENTATION_CONTEXT() REPRESENTATION_CONTEXT('2D SPACE',''
  ) );
#2142 = PCURVE('',#2143,#2148);
#2143 = PLANE('',#2144);
#2144 = AXIS2_PLACEMENT_3D('',#2145,#2146,#2147);
#2145 = CARTESIAN_POINT('',(-15.79999998589,22.8,0.));
#2146 = DIRECTION('',(-1.,0.,0.));
#2147 = DIRECTION('',(0.,1.,0.));
#2148 = DEFINITIONAL_REPRESENTATION('',(#2149),#2153);
#2149 = LINE('',#2150,#2151);
#2150 = CARTESIAN_POINT('',(3.,0.));
#2151 = VECTOR('',#2152,1.);
#2152 = DIRECTION('',(1.,0.));
#2153 = ( GEOMETRIC_REPRESENTATION_CONTEXT(2) 
PARAMETRIC_REPRESENTATION_CONTEXT() REPRESENTATION_CONTEXT('2D SPACE',''
  ) );
#2154 = ORIENTED_EDGE('',*,*,#2155,.T.);
#2155 = EDGE_CURVE('',#2128,#2156,#2158,.T.);
#2156 = VERTEX_POINT('',#2157);
#2157 = CARTESIAN_POINT('',(-15.26796608463,21.094378859568,0.));
#2158 = SURFACE_CURVE('',#2159,(#2164,#2171),.PCURVE_S1.);
#2159 = CIRCLE('',#2160,3.);
#2160 = AXIS2_PLACEMENT_3D('',#2161,#2162,#2163);
#2161 = CARTESIAN_POINT('',(-12.8000000141,22.8,0.));
#2162 = DIRECTION('',(0.,0.,1.));
#2163 = DIRECTION('',(1.,0.,0.));
#2164 = PCURVE('',#391,#2165);
#2165 = DEFINITIONAL_REPRESENTATION('',(#2166),#2170);
#2166 = CIRCLE('',#2167,3.);
#2167 = AXIS2_PLACEMENT_2D('',#2168,#2169);
#2168 = CARTESIAN_POINT('',(-12.80000001292,22.800000002412));
#2169 = DIRECTION('',(1.,0.));
#2170 = ( GEOMETRIC_REPRESENTATION_CONTEXT(2) 
PARAMETRIC_REPRESENTATION_CONTEXT() REPRESENTATION_CONTEXT('2D SPACE',''
  ) );
#2171 = PCURVE('',#634,#2172);
#2172 = DEFINITIONAL_REPRESENTATION('',(#2173),#2177);
#2173 = LINE('',#2174,#2175);
#2174 = CARTESIAN_POINT('',(-0.,0.));
#2175 = VECTOR('',#2176,1.);
#2176 = DIRECTION('',(-1.,0.));
#2177 = ( GEOMETRIC_REPRESENTATION_CONTEXT(2) 
PARAMETRIC_REPRESENTATION_CONTEXT() REPRESENTATION_CONTEXT('2D SPACE',''
  ) );
#2178 = ORIENTED_EDGE('',*,*,#2179,.F.);
#2179 = EDGE_CURVE('',#376,#2156,#2180,.T.);
#2180 = SURFACE_CURVE('',#2181,(#2186,#2197),.PCURVE_S1.);
#2181 = CIRCLE('',#2182,10.95);
#2182 = AXIS2_PLACEMENT_3D('',#2183,#2184,#2185);
#2183 = CARTESIAN_POINT('',(-12.5,10.499999984226,0.));
#2184 = DIRECTION('',(-0.,0.,-1.));
#2185 = DIRECTION('',(-1.,0.,0.));
#2186 = PCURVE('',#391,#2187);
#2187 = DEFINITIONAL_REPRESENTATION('',(#2188),#2196);
#2188 = ( BOUNDED_CURVE() B_SPLINE_CURVE(2,(#2189,#2190,#2191,#2192,
#2193,#2194,#2195),.UNSPECIFIED.,.T.,.F.) B_SPLINE_CURVE_WITH_KNOTS((1,2
    ,2,2,2,1),(-2.094395102393,0.,2.094395102393,4.188790204786,
6.28318530718,8.377580409573),.UNSPECIFIED.) CURVE() 
GEOMETRIC_REPRESENTATION_ITEM() RATIONAL_B_SPLINE_CURVE((1.,0.5,1.,0.5,
1.,0.5,1.)) REPRESENTATION_ITEM('') );
#2189 = CARTESIAN_POINT('',(-23.44999999882,10.499999986638));
#2190 = CARTESIAN_POINT('',(-23.44999999882,29.465956329517));
#2191 = CARTESIAN_POINT('',(-7.024999998821,19.982978158078));
#2192 = CARTESIAN_POINT('',(9.400000001179,10.499999986638));
#2193 = CARTESIAN_POINT('',(-7.024999998821,1.017021815198));
#2194 = CARTESIAN_POINT('',(-23.44999999882,-8.465956356241));
#2195 = CARTESIAN_POINT('',(-23.44999999882,10.499999986638));
#2196 = ( GEOMETRIC_REPRESENTATION_CONTEXT(2) 
PARAMETRIC_REPRESENTATION_CONTEXT() REPRESENTATION_CONTEXT('2D SPACE',''
  ) );
#2197 = PCURVE('',#417,#2198);
#2198 = DEFINITIONAL_REPRESENTATION('',(#2199),#2203);
#2199 = LINE('',#2200,#2201);
#2200 = CARTESIAN_POINT('',(0.,1.570796326795));
#2201 = VECTOR('',#2202,1.);
#2202 = DIRECTION('',(1.,0.));
#2203 = ( GEOMETRIC_REPRESENTATION_CONTEXT(2) 
PARAMETRIC_REPRESENTATION_CONTEXT() REPRESENTATION_CONTEXT('2D SPACE',''
  ) );
#2204 = FACE_BOUND('',#2205,.F.);
#2205 = EDGE_LOOP('',(#2206,#2235,#2268,#2295,#2328,#2355,#2388,#2415));
#2206 = ORIENTED_EDGE('',*,*,#2207,.F.);
#2207 = EDGE_CURVE('',#2208,#2210,#2212,.T.);
#2208 = VERTEX_POINT('',#2209);
#2209 = CARTESIAN_POINT('',(-6.5,2.499999971593,0.));
#2210 = VERTEX_POINT('',#2211);
#2211 = CARTESIAN_POINT('',(-6.5,-2.500000038121,0.));
#2212 = SURFACE_CURVE('',#2213,(#2217,#2224),.PCURVE_S1.);
#2213 = LINE('',#2214,#2215);
#2214 = CARTESIAN_POINT('',(-6.5,-1.250000020267,0.));
#2215 = VECTOR('',#2216,1.);
#2216 = DIRECTION('',(0.,-1.,0.));
#2217 = PCURVE('',#391,#2218);
#2218 = DEFINITIONAL_REPRESENTATION('',(#2219),#2223);
#2219 = LINE('',#2220,#2221);
#2220 = CARTESIAN_POINT('',(-6.499999998821,-1.250000017854));
#2221 = VECTOR('',#2222,1.);
#2222 = DIRECTION('',(0.,-1.));
#2223 = ( GEOMETRIC_REPRESENTATION_CONTEXT(2) 
PARAMETRIC_REPRESENTATION_CONTEXT() REPRESENTATION_CONTEXT('2D SPACE',''
  ) );
#2224 = PCURVE('',#2225,#2230);
#2225 = PLANE('',#2226);
#2226 = AXIS2_PLACEMENT_3D('',#2227,#2228,#2229);
#2227 = CARTESIAN_POINT('',(-6.5,-2.500000038121,-2.E-02));
#2228 = DIRECTION('',(-1.,0.,0.));
#2229 = DIRECTION('',(0.,1.,0.));
#2230 = DEFINITIONAL_REPRESENTATION('',(#2231),#2234);
#2231 = B_SPLINE_CURVE_WITH_KNOTS('',1,(#2232,#2233),.UNSPECIFIED.,.F.,
  .F.,(2,2),(-3.74999999186,1.250000017854),.PIECEWISE_BEZIER_KNOTS.);
#2232 = CARTESIAN_POINT('',(5.000000009714,-2.E-02));
#2233 = CARTESIAN_POINT('',(-4.440892098501E-16,-2.E-02));
#2234 = ( GEOMETRIC_REPRESENTATION_CONTEXT(2) 
PARAMETRIC_REPRESENTATION_CONTEXT() REPRESENTATION_CONTEXT('2D SPACE',''
  ) );
#2235 = ORIENTED_EDGE('',*,*,#2236,.T.);
#2236 = EDGE_CURVE('',#2208,#2237,#2239,.T.);
#2237 = VERTEX_POINT('',#2238);
#2238 = CARTESIAN_POINT('',(-2.5,6.500000004857,0.));
#2239 = SURFACE_CURVE('',#2240,(#2245,#2256),.PCURVE_S1.);
#2240 = CIRCLE('',#2241,4.);
#2241 = AXIS2_PLACEMENT_3D('',#2242,#2243,#2244);
#2242 = CARTESIAN_POINT('',(-2.5,2.499999971593,0.));
#2243 = DIRECTION('',(0.,0.,-1.));
#2244 = DIRECTION('',(-1.,0.,0.));
#2245 = PCURVE('',#391,#2246);
#2246 = DEFINITIONAL_REPRESENTATION('',(#2247),#2255);
#2247 = ( BOUNDED_CURVE() B_SPLINE_CURVE(2,(#2248,#2249,#2250,#2251,
#2252,#2253,#2254),.UNSPECIFIED.,.T.,.F.) B_SPLINE_CURVE_WITH_KNOTS((1,2
    ,2,2,2,1),(-2.094395102393,0.,2.094395102393,4.188790204786,
6.28318530718,8.377580409573),.UNSPECIFIED.) CURVE() 
GEOMETRIC_REPRESENTATION_ITEM() RATIONAL_B_SPLINE_CURVE((1.,0.5,1.,0.5,
1.,0.5,1.)) REPRESENTATION_ITEM('') );
#2248 = CARTESIAN_POINT('',(-6.499999998821,2.499999974006));
#2249 = CARTESIAN_POINT('',(-6.499999998821,9.428203204281));
#2250 = CARTESIAN_POINT('',(-0.499999998821,5.964101589143));
#2251 = CARTESIAN_POINT('',(5.500000001179,2.499999974006));
#2252 = CARTESIAN_POINT('',(-0.499999998821,-0.964101641132));
#2253 = CARTESIAN_POINT('',(-6.499999998821,-4.42820325627));
#2254 = CARTESIAN_POINT('',(-6.499999998821,2.499999974006));
#2255 = ( GEOMETRIC_REPRESENTATION_CONTEXT(2) 
PARAMETRIC_REPRESENTATION_CONTEXT() REPRESENTATION_CONTEXT('2D SPACE',''
  ) );
#2256 = PCURVE('',#2257,#2262);
#2257 = CYLINDRICAL_SURFACE('',#2258,4.);
#2258 = AXIS2_PLACEMENT_3D('',#2259,#2260,#2261);
#2259 = CARTESIAN_POINT('',(-2.5,2.499999971593,-2.E-02));
#2260 = DIRECTION('',(0.,0.,-1.));
#2261 = DIRECTION('',(-1.,0.,0.));
#2262 = DEFINITIONAL_REPRESENTATION('',(#2263),#2267);
#2263 = LINE('',#2264,#2265);
#2264 = CARTESIAN_POINT('',(0.,-2.E-02));
#2265 = VECTOR('',#2266,1.);
#2266 = DIRECTION('',(1.,0.));
#2267 = ( GEOMETRIC_REPRESENTATION_CONTEXT(2) 
PARAMETRIC_REPRESENTATION_CONTEXT() REPRESENTATION_CONTEXT('2D SPACE',''
  ) );
#2268 = ORIENTED_EDGE('',*,*,#2269,.F.);
#2269 = EDGE_CURVE('',#2270,#2237,#2272,.T.);
#2270 = VERTEX_POINT('',#2271);
#2271 = CARTESIAN_POINT('',(2.5,6.50000003679,0.));
#2272 = SURFACE_CURVE('',#2273,(#2277,#2284),.PCURVE_S1.);
#2273 = LINE('',#2274,#2275);
#2274 = CARTESIAN_POINT('',(-1.250000000589,6.500000038121,0.));
#2275 = VECTOR('',#2276,1.);
#2276 = DIRECTION('',(-1.,0.,0.));
#2277 = PCURVE('',#391,#2278);
#2278 = DEFINITIONAL_REPRESENTATION('',(#2279),#2283);
#2279 = LINE('',#2280,#2281);
#2280 = CARTESIAN_POINT('',(-1.249999999411,6.500000040533));
#2281 = VECTOR('',#2282,1.);
#2282 = DIRECTION('',(-1.,0.));
#2283 = ( GEOMETRIC_REPRESENTATION_CONTEXT(2) 
PARAMETRIC_REPRESENTATION_CONTEXT() REPRESENTATION_CONTEXT('2D SPACE',''
  ) );
#2284 = PCURVE('',#2285,#2290);
#2285 = PLANE('',#2286);
#2286 = AXIS2_PLACEMENT_3D('',#2287,#2288,#2289);
#2287 = CARTESIAN_POINT('',(-2.5,6.500000038121,-2.E-02));
#2288 = DIRECTION('',(0.,1.,0.));
#2289 = DIRECTION('',(1.,0.,0.));
#2290 = DEFINITIONAL_REPRESENTATION('',(#2291),#2294);
#2291 = B_SPLINE_CURVE_WITH_KNOTS('',1,(#2292,#2293),.UNSPECIFIED.,.F.,
  .F.,(2,2),(-3.750000000589,1.249999999411),.PIECEWISE_BEZIER_KNOTS.);
#2292 = CARTESIAN_POINT('',(5.,-2.E-02));
#2293 = CARTESIAN_POINT('',(0.,-2.E-02));
#2294 = ( GEOMETRIC_REPRESENTATION_CONTEXT(2) 
PARAMETRIC_REPRESENTATION_CONTEXT() REPRESENTATION_CONTEXT('2D SPACE',''
  ) );
#2295 = ORIENTED_EDGE('',*,*,#2296,.T.);
#2296 = EDGE_CURVE('',#2270,#2297,#2299,.T.);
#2297 = VERTEX_POINT('',#2298);
#2298 = CARTESIAN_POINT('',(6.5,2.50000003546,0.));
#2299 = SURFACE_CURVE('',#2300,(#2305,#2316),.PCURVE_S1.);
#2300 = CIRCLE('',#2301,4.);
#2301 = AXIS2_PLACEMENT_3D('',#2302,#2303,#2304);
#2302 = CARTESIAN_POINT('',(2.5,2.50000003546,0.));
#2303 = DIRECTION('',(0.,0.,-1.));
#2304 = DIRECTION('',(-1.,0.,0.));
#2305 = PCURVE('',#391,#2306);
#2306 = DEFINITIONAL_REPRESENTATION('',(#2307),#2315);
#2307 = ( BOUNDED_CURVE() B_SPLINE_CURVE(2,(#2308,#2309,#2310,#2311,
#2312,#2313,#2314),.UNSPECIFIED.,.T.,.F.) B_SPLINE_CURVE_WITH_KNOTS((1,2
    ,2,2,2,1),(-2.094395102393,0.,2.094395102393,4.188790204786,
6.28318530718,8.377580409573),.UNSPECIFIED.) CURVE() 
GEOMETRIC_REPRESENTATION_ITEM() RATIONAL_B_SPLINE_CURVE((1.,0.5,1.,0.5,
1.,0.5,1.)) REPRESENTATION_ITEM('') );
#2308 = CARTESIAN_POINT('',(-1.499999998821,2.500000037872));
#2309 = CARTESIAN_POINT('',(-1.499999998821,9.428203268147));
#2310 = CARTESIAN_POINT('',(4.500000001179,5.96410165301));
#2311 = CARTESIAN_POINT('',(10.500000001179,2.500000037872));
#2312 = CARTESIAN_POINT('',(4.500000001179,-0.964101577266));
#2313 = CARTESIAN_POINT('',(-1.499999998821,-4.428203192404));
#2314 = CARTESIAN_POINT('',(-1.499999998821,2.500000037872));
#2315 = ( GEOMETRIC_REPRESENTATION_CONTEXT(2) 
PARAMETRIC_REPRESENTATION_CONTEXT() REPRESENTATION_CONTEXT('2D SPACE',''
  ) );
#2316 = PCURVE('',#2317,#2322);
#2317 = CYLINDRICAL_SURFACE('',#2318,4.);
#2318 = AXIS2_PLACEMENT_3D('',#2319,#2320,#2321);
#2319 = CARTESIAN_POINT('',(2.5,2.50000003546,-2.E-02));
#2320 = DIRECTION('',(0.,0.,-1.));
#2321 = DIRECTION('',(-1.,0.,0.));
#2322 = DEFINITIONAL_REPRESENTATION('',(#2323),#2327);
#2323 = LINE('',#2324,#2325);
#2324 = CARTESIAN_POINT('',(0.,-2.E-02));
#2325 = VECTOR('',#2326,1.);
#2326 = DIRECTION('',(1.,0.));
#2327 = ( GEOMETRIC_REPRESENTATION_CONTEXT(2) 
PARAMETRIC_REPRESENTATION_CONTEXT() REPRESENTATION_CONTEXT('2D SPACE',''
  ) );
#2328 = ORIENTED_EDGE('',*,*,#2329,.T.);
#2329 = EDGE_CURVE('',#2297,#2330,#2332,.T.);
#2330 = VERTEX_POINT('',#2331);
#2331 = CARTESIAN_POINT('',(6.499999998669,-2.499999961879,0.));
#2332 = SURFACE_CURVE('',#2333,(#2337,#2344),.PCURVE_S1.);
#2333 = LINE('',#2334,#2335);
#2334 = CARTESIAN_POINT('',(6.5,-1.249999982146,0.));
#2335 = VECTOR('',#2336,1.);
#2336 = DIRECTION('',(0.,-1.,0.));
#2337 = PCURVE('',#391,#2338);
#2338 = DEFINITIONAL_REPRESENTATION('',(#2339),#2343);
#2339 = LINE('',#2340,#2341);
#2340 = CARTESIAN_POINT('',(6.500000001179,-1.249999979733));
#2341 = VECTOR('',#2342,1.);
#2342 = DIRECTION('',(0.,-1.));
#2343 = ( GEOMETRIC_REPRESENTATION_CONTEXT(2) 
PARAMETRIC_REPRESENTATION_CONTEXT() REPRESENTATION_CONTEXT('2D SPACE',''
  ) );
#2344 = PCURVE('',#2345,#2350);
#2345 = PLANE('',#2346);
#2346 = AXIS2_PLACEMENT_3D('',#2347,#2348,#2349);
#2347 = CARTESIAN_POINT('',(6.5,-2.499999961879,-2.E-02));
#2348 = DIRECTION('',(-1.,0.,0.));
#2349 = DIRECTION('',(0.,1.,0.));
#2350 = DEFINITIONAL_REPRESENTATION('',(#2351),#2354);
#2351 = B_SPLINE_CURVE_WITH_KNOTS('',1,(#2352,#2353),.UNSPECIFIED.,.F.,
  .F.,(2,2),(-3.750000017605,1.249999979733),.PIECEWISE_BEZIER_KNOTS.);
#2352 = CARTESIAN_POINT('',(4.999999997339,-2.E-02));
#2353 = CARTESIAN_POINT('',(0.,-2.E-02));
#2354 = ( GEOMETRIC_REPRESENTATION_CONTEXT(2) 
PARAMETRIC_REPRESENTATION_CONTEXT() REPRESENTATION_CONTEXT('2D SPACE',''
  ) );
#2355 = ORIENTED_EDGE('',*,*,#2356,.T.);
#2356 = EDGE_CURVE('',#2330,#2357,#2359,.T.);
#2357 = VERTEX_POINT('',#2358);
#2358 = CARTESIAN_POINT('',(2.499999997339,-6.499999961879,0.));
#2359 = SURFACE_CURVE('',#2360,(#2365,#2376),.PCURVE_S1.);
#2360 = CIRCLE('',#2361,4.);
#2361 = AXIS2_PLACEMENT_3D('',#2362,#2363,#2364);
#2362 = CARTESIAN_POINT('',(2.499999997339,-2.499999961879,0.));
#2363 = DIRECTION('',(0.,0.,-1.));
#2364 = DIRECTION('',(-1.,0.,0.));
#2365 = PCURVE('',#391,#2366);
#2366 = DEFINITIONAL_REPRESENTATION('',(#2367),#2375);
#2367 = ( BOUNDED_CURVE() B_SPLINE_CURVE(2,(#2368,#2369,#2370,#2371,
#2372,#2373,#2374),.UNSPECIFIED.,.T.,.F.) B_SPLINE_CURVE_WITH_KNOTS((1,2
    ,2,2,2,1),(-2.094395102393,0.,2.094395102393,4.188790204786,
6.28318530718,8.377580409573),.UNSPECIFIED.) CURVE() 
GEOMETRIC_REPRESENTATION_ITEM() RATIONAL_B_SPLINE_CURVE((1.,0.5,1.,0.5,
1.,0.5,1.)) REPRESENTATION_ITEM('') );
#2368 = CARTESIAN_POINT('',(-1.500000001483,-2.499999959467));
#2369 = CARTESIAN_POINT('',(-1.500000001483,4.428203270809));
#2370 = CARTESIAN_POINT('',(4.499999998517,0.964101655671));
#2371 = CARTESIAN_POINT('',(10.499999998517,-2.499999959467));
#2372 = CARTESIAN_POINT('',(4.499999998517,-5.964101574605));
#2373 = CARTESIAN_POINT('',(-1.500000001483,-9.428203189743));
#2374 = CARTESIAN_POINT('',(-1.500000001483,-2.499999959467));
#2375 = ( GEOMETRIC_REPRESENTATION_CONTEXT(2) 
PARAMETRIC_REPRESENTATION_CONTEXT() REPRESENTATION_CONTEXT('2D SPACE',''
  ) );
#2376 = PCURVE('',#2377,#2382);
#2377 = CYLINDRICAL_SURFACE('',#2378,4.);
#2378 = AXIS2_PLACEMENT_3D('',#2379,#2380,#2381);
#2379 = CARTESIAN_POINT('',(2.499999997339,-2.499999961879,-2.E-02));
#2380 = DIRECTION('',(0.,0.,-1.));
#2381 = DIRECTION('',(-1.,0.,0.));
#2382 = DEFINITIONAL_REPRESENTATION('',(#2383),#2387);
#2383 = LINE('',#2384,#2385);
#2384 = CARTESIAN_POINT('',(0.,-2.E-02));
#2385 = VECTOR('',#2386,1.);
#2386 = DIRECTION('',(1.,0.));
#2387 = ( GEOMETRIC_REPRESENTATION_CONTEXT(2) 
PARAMETRIC_REPRESENTATION_CONTEXT() REPRESENTATION_CONTEXT('2D SPACE',''
  ) );
#2388 = ORIENTED_EDGE('',*,*,#2389,.T.);
#2389 = EDGE_CURVE('',#2357,#2390,#2392,.T.);
#2390 = VERTEX_POINT('',#2391);
#2391 = CARTESIAN_POINT('',(-2.5,-6.5,0.));
#2392 = SURFACE_CURVE('',#2393,(#2397,#2404),.PCURVE_S1.);
#2393 = LINE('',#2394,#2395);
#2394 = CARTESIAN_POINT('',(-1.250000000589,-6.499999961879,0.));
#2395 = VECTOR('',#2396,1.);
#2396 = DIRECTION('',(-1.,0.,0.));
#2397 = PCURVE('',#391,#2398);
#2398 = DEFINITIONAL_REPRESENTATION('',(#2399),#2403);
#2399 = LINE('',#2400,#2401);
#2400 = CARTESIAN_POINT('',(-1.249999999411,-6.499999959467));
#2401 = VECTOR('',#2402,1.);
#2402 = DIRECTION('',(-1.,0.));
#2403 = ( GEOMETRIC_REPRESENTATION_CONTEXT(2) 
PARAMETRIC_REPRESENTATION_CONTEXT() REPRESENTATION_CONTEXT('2D SPACE',''
  ) );
#2404 = PCURVE('',#2405,#2410);
#2405 = PLANE('',#2406);
#2406 = AXIS2_PLACEMENT_3D('',#2407,#2408,#2409);
#2407 = CARTESIAN_POINT('',(-2.5,-6.499999961879,-2.E-02));
#2408 = DIRECTION('',(0.,1.,0.));
#2409 = DIRECTION('',(1.,0.,0.));
#2410 = DEFINITIONAL_REPRESENTATION('',(#2411),#2414);
#2411 = B_SPLINE_CURVE_WITH_KNOTS('',1,(#2412,#2413),.UNSPECIFIED.,.F.,
  .F.,(2,2),(-3.749999997928,1.249999999411),.PIECEWISE_BEZIER_KNOTS.);
#2412 = CARTESIAN_POINT('',(4.999999997339,-2.E-02));
#2413 = CARTESIAN_POINT('',(0.,-2.E-02));
#2414 = ( GEOMETRIC_REPRESENTATION_CONTEXT(2) 
PARAMETRIC_REPRESENTATION_CONTEXT() REPRESENTATION_CONTEXT('2D SPACE',''
  ) );
#2415 = ORIENTED_EDGE('',*,*,#2416,.T.);
#2416 = EDGE_CURVE('',#2390,#2210,#2417,.T.);
#2417 = SURFACE_CURVE('',#2418,(#2423,#2434),.PCURVE_S1.);
#2418 = CIRCLE('',#2419,4.);
#2419 = AXIS2_PLACEMENT_3D('',#2420,#2421,#2422);
#2420 = CARTESIAN_POINT('',(-2.5,-2.500000038121,0.));
#2421 = DIRECTION('',(0.,0.,-1.));
#2422 = DIRECTION('',(-1.,0.,0.));
#2423 = PCURVE('',#391,#2424);
#2424 = DEFINITIONAL_REPRESENTATION('',(#2425),#2433);
#2425 = ( BOUNDED_CURVE() B_SPLINE_CURVE(2,(#2426,#2427,#2428,#2429,
#2430,#2431,#2432),.UNSPECIFIED.,.T.,.F.) B_SPLINE_CURVE_WITH_KNOTS((1,2
    ,2,2,2,1),(-2.094395102393,0.,2.094395102393,4.188790204786,
6.28318530718,8.377580409573),.UNSPECIFIED.) CURVE() 
GEOMETRIC_REPRESENTATION_ITEM() RATIONAL_B_SPLINE_CURVE((1.,0.5,1.,0.5,
1.,0.5,1.)) REPRESENTATION_ITEM('') );
#2426 = CARTESIAN_POINT('',(-6.499999998821,-2.500000035708));
#2427 = CARTESIAN_POINT('',(-6.499999998821,4.428203194567));
#2428 = CARTESIAN_POINT('',(-0.499999998821,0.964101579429));
#2429 = CARTESIAN_POINT('',(5.500000001179,-2.500000035708));
#2430 = CARTESIAN_POINT('',(-0.499999998821,-5.964101650846));
#2431 = CARTESIAN_POINT('',(-6.499999998821,-9.428203265984));
#2432 = CARTESIAN_POINT('',(-6.499999998821,-2.500000035708));
#2433 = ( GEOMETRIC_REPRESENTATION_CONTEXT(2) 
PARAMETRIC_REPRESENTATION_CONTEXT() REPRESENTATION_CONTEXT('2D SPACE',''
  ) );
#2434 = PCURVE('',#2435,#2440);
#2435 = CYLINDRICAL_SURFACE('',#2436,4.);
#2436 = AXIS2_PLACEMENT_3D('',#2437,#2438,#2439);
#2437 = CARTESIAN_POINT('',(-2.5,-2.500000038121,-2.E-02));
#2438 = DIRECTION('',(0.,0.,-1.));
#2439 = DIRECTION('',(-1.,0.,0.));
#2440 = DEFINITIONAL_REPRESENTATION('',(#2441),#2445);
#2441 = LINE('',#2442,#2443);
#2442 = CARTESIAN_POINT('',(0.,-2.E-02));
#2443 = VECTOR('',#2444,1.);
#2444 = DIRECTION('',(1.,0.));
#2445 = ( GEOMETRIC_REPRESENTATION_CONTEXT(2) 
PARAMETRIC_REPRESENTATION_CONTEXT() REPRESENTATION_CONTEXT('2D SPACE',''
  ) );
#2446 = ADVANCED_FACE('',(#2447),#417,.T.);
#2447 = FACE_BOUND('',#2448,.T.);
#2448 = EDGE_LOOP('',(#2449,#2450,#2451,#2529));
#2449 = ORIENTED_EDGE('',*,*,#403,.F.);
#2450 = ORIENTED_EDGE('',*,*,#511,.T.);
#2451 = ORIENTED_EDGE('',*,*,#2452,.T.);
#2452 = EDGE_CURVE('',#512,#2156,#2453,.T.);
#2453 = SURFACE_CURVE('',#2454,(#2477,#2503),.PCURVE_S1.);
#2454 = B_SPLINE_CURVE_WITH_KNOTS('',6,(#2455,#2456,#2457,#2458,#2459,
    #2460,#2461,#2462,#2463,#2464,#2465,#2466,#2467,#2468,#2469,#2470,
    #2471,#2472,#2473,#2474,#2475,#2476),.UNSPECIFIED.,.F.,.F.,(7,5,5,5,
    7),(0.,0.259793003579,0.512346335242,0.939853633711,1.),
  .UNSPECIFIED.);
#2455 = CARTESIAN_POINT('',(-15.54496264587,21.589553739236,0.55));
#2456 = CARTESIAN_POINT('',(-15.54496264587,21.589553739236,
    0.514058200393));
#2457 = CARTESIAN_POINT('',(-15.54381292195,21.586946587525,
    0.478117683388));
#2458 = CARTESIAN_POINT('',(-15.54151386589,21.581732661576,
    0.442406720328));
#2459 = CARTESIAN_POINT('',(-15.53804988329,21.573927838593,
    0.407158573409));
#2460 = CARTESIAN_POINT('',(-15.5333926407,21.563567757762,
    0.372613079581));
#2461 = CARTESIAN_POINT('',(-15.52178007531,21.538214657349,
    0.30635957947));
#2462 = CARTESIAN_POINT('',(-15.51489267127,21.523359546967,
    0.274601306536));
#2463 = CARTESIAN_POINT('',(-15.50680858567,21.506202297154,
    0.243971050436));
#2464 = CARTESIAN_POINT('',(-15.49748650533,21.486823720868,
    0.214712303878));
#2465 = CARTESIAN_POINT('',(-15.48688871845,21.465339125757,
    0.187076480079));
#2466 = CARTESIAN_POINT('',(-15.45485532485,21.402243946118,
    0.117707428349));
#2467 = CARTESIAN_POINT('',(-15.43098017717,21.356967194179,
    7.943253437468E-02));
#2468 = CARTESIAN_POINT('',(-15.40328527914,21.306896490298,
    4.779565834152E-02));
#2469 = CARTESIAN_POINT('',(-15.37183166009,21.253231204004,
    2.398897056686E-02));
#2470 = CARTESIAN_POINT('',(-15.33706138646,21.197555791865,
    8.882882716286E-03));
#2471 = CARTESIAN_POINT('',(-15.29472450432,21.133735031324,
    1.758349870945E-03));
#2472 = CARTESIAN_POINT('',(-15.28945595438,21.12585751573,
    1.054941609274E-03));
#2473 = CARTESIAN_POINT('',(-15.2841431316,21.11797861863,
    5.273130356071E-04));
#2474 = CARTESIAN_POINT('',(-15.27878867944,21.110102885105,
    1.756772180647E-04));
#2475 = CARTESIAN_POINT('',(-15.27339536613,21.102234814328,
    5.494527629125E-19));
#2476 = CARTESIAN_POINT('',(-15.26796608463,21.094378859568,0.));
#2477 = PCURVE('',#417,#2478);
#2478 = DEFINITIONAL_REPRESENTATION('',(#2479),#2502);
#2479 = B_SPLINE_CURVE_WITH_KNOTS('',6,(#2480,#2481,#2482,#2483,#2484,
    #2485,#2486,#2487,#2488,#2489,#2490,#2491,#2492,#2493,#2494,#2495,
    #2496,#2497,#2498,#2499,#2500,#2501),.UNSPECIFIED.,.F.,.F.,(7,5,5,5,
    7),(0.,0.259793003579,0.512346335242,0.939853633711,1.),
  .UNSPECIFIED.);
#2480 = CARTESIAN_POINT('',(1.302821217457,0.));
#2481 = CARTESIAN_POINT('',(1.302821217457,6.534872655844E-02));
#2482 = CARTESIAN_POINT('',(1.302857596234,0.130695237714));
#2483 = CARTESIAN_POINT('',(1.302930335236,0.196126254768));
#2484 = CARTESIAN_POINT('',(1.303041230028,0.261720944837));
#2485 = CARTESIAN_POINT('',(1.303193757076,0.327553355171));
#2486 = CARTESIAN_POINT('',(1.303586573322,0.457993169653));
#2487 = CARTESIAN_POINT('',(1.303824295899,0.522580007046));
#2488 = CARTESIAN_POINT('',(1.304110636938,0.587518311748));
#2489 = CARTESIAN_POINT('',(1.304451561582,0.6528554197));
#2490 = CARTESIAN_POINT('',(1.304853767894,0.718620685394));
#2491 = CARTESIAN_POINT('',(1.306119936105,0.89688666498));
#2492 = CARTESIAN_POINT('',(1.307111452186,1.010298480105));
#2493 = CARTESIAN_POINT('',(1.308329853323,1.124918807255));
#2494 = CARTESIAN_POINT('',(1.309805230961,1.240512751573));
#2495 = CARTESIAN_POINT('',(1.311546347421,1.356726568316));
#2496 = CARTESIAN_POINT('',(1.313791391269,1.4891667607));
#2497 = CARTESIAN_POINT('',(1.314072805298,1.505500685707));
#2498 = CARTESIAN_POINT('',(1.314358636894,1.521832075166));
#2499 = CARTESIAN_POINT('',(1.314648775602,1.538159444024));
#2500 = CARTESIAN_POINT('',(1.314943097117,1.554481336641));
#2501 = CARTESIAN_POINT('',(1.31524146328,1.570796326795));
#2502 = ( GEOMETRIC_REPRESENTATION_CONTEXT(2) 
PARAMETRIC_REPRESENTATION_CONTEXT() REPRESENTATION_CONTEXT('2D SPACE',''
  ) );
#2503 = PCURVE('',#634,#2504);
#2504 = DEFINITIONAL_REPRESENTATION('',(#2505),#2528);
#2505 = B_SPLINE_CURVE_WITH_KNOTS('',6,(#2506,#2507,#2508,#2509,#2510,
    #2511,#2512,#2513,#2514,#2515,#2516,#2517,#2518,#2519,#2520,#2521,
    #2522,#2523,#2524,#2525,#2526,#2527),.UNSPECIFIED.,.F.,.F.,(7,5,5,5,
    7),(0.,0.259793003579,0.512346335242,0.939853633711,1.),
  .UNSPECIFIED.);
#2506 = CARTESIAN_POINT('',(-3.556911932226,-0.55));
#2507 = CARTESIAN_POINT('',(-3.556911932226,-0.514058200393));
#2508 = CARTESIAN_POINT('',(-3.557861726887,-0.478117683388));
#2509 = CARTESIAN_POINT('',(-3.559761181212,-0.442406720328));
#2510 = CARTESIAN_POINT('',(-3.562607484693,-0.407158573409));
#2511 = CARTESIAN_POINT('',(-3.566393647143,-0.372613079581));
#2512 = CARTESIAN_POINT('',(-3.575688994697,-0.30635957947));
#2513 = CARTESIAN_POINT('',(-3.581146965178,-0.274601306536));
#2514 = CARTESIAN_POINT('',(-3.587468896124,-0.243971050436));
#2515 = CARTESIAN_POINT('',(-3.594636531171,-0.214712303878));
#2516 = CARTESIAN_POINT('',(-3.602621408868,-0.187076480079));
#2517 = CARTESIAN_POINT('',(-3.626208458043,-0.117707428349));
#2518 = CARTESIAN_POINT('',(-3.643268394556,-7.943253437465E-02));
#2519 = CARTESIAN_POINT('',(-3.662335607445,-4.779565834157E-02));
#2520 = CARTESIAN_POINT('',(-3.6830584314,-2.398897056683E-02));
#2521 = CARTESIAN_POINT('',(-3.704930441392,-8.882882716286E-03));
#2522 = CARTESIAN_POINT('',(-3.730459294493,-1.758349870945E-03));
#2523 = CARTESIAN_POINT('',(-3.733618260307,-1.054941609274E-03));
#2524 = CARTESIAN_POINT('',(-3.736785824432,-5.273130356072E-04));
#2525 = CARTESIAN_POINT('',(-3.739960294905,-1.756772180647E-04));
#2526 = CARTESIAN_POINT('',(-3.743139970362,0.));
#2527 = CARTESIAN_POINT('',(-3.746323140039,0.));
#2528 = ( GEOMETRIC_REPRESENTATION_CONTEXT(2) 
PARAMETRIC_REPRESENTATION_CONTEXT() REPRESENTATION_CONTEXT('2D SPACE',''
  ) );
#2529 = ORIENTED_EDGE('',*,*,#2179,.F.);
#2530 = ADVANCED_FACE('',(#2531,#2706),#470,.T.);
#2531 = FACE_BOUND('',#2532,.T.);
#2532 = EDGE_LOOP('',(#2533,#2534,#2535,#2558,#2591,#2619,#2652,#2680));
#2533 = ORIENTED_EDGE('',*,*,#454,.F.);
#2534 = ORIENTED_EDGE('',*,*,#1116,.F.);
#2535 = ORIENTED_EDGE('',*,*,#2536,.F.);
#2536 = EDGE_CURVE('',#2537,#1088,#2539,.T.);
#2537 = VERTEX_POINT('',#2538);
#2538 = CARTESIAN_POINT('',(12.49999998742,-21.45,9.5));
#2539 = SURFACE_CURVE('',#2540,(#2544,#2551),.PCURVE_S1.);
#2540 = LINE('',#2541,#2542);
#2541 = CARTESIAN_POINT('',(12.49999998742,-21.45,9.5));
#2542 = VECTOR('',#2543,1.);
#2543 = DIRECTION('',(-1.,-0.,-0.));
#2544 = PCURVE('',#470,#2545);
#2545 = DEFINITIONAL_REPRESENTATION('',(#2546),#2550);
#2546 = LINE('',#2547,#2548);
#2547 = CARTESIAN_POINT('',(12.499999988599,-21.44999999758));
#2548 = VECTOR('',#2549,1.);
#2549 = DIRECTION('',(-1.,0.));
#2550 = ( GEOMETRIC_REPRESENTATION_CONTEXT(2) 
PARAMETRIC_REPRESENTATION_CONTEXT() REPRESENTATION_CONTEXT('2D SPACE',''
  ) );
#2551 = PCURVE('',#1103,#2552);
#2552 = DEFINITIONAL_REPRESENTATION('',(#2553),#2557);
#2553 = LINE('',#2554,#2555);
#2554 = CARTESIAN_POINT('',(1.570796326795,0.));
#2555 = VECTOR('',#2556,1.);
#2556 = DIRECTION('',(0.,1.));
#2557 = ( GEOMETRIC_REPRESENTATION_CONTEXT(2) 
PARAMETRIC_REPRESENTATION_CONTEXT() REPRESENTATION_CONTEXT('2D SPACE',''
  ) );
#2558 = ORIENTED_EDGE('',*,*,#2559,.F.);
#2559 = EDGE_CURVE('',#2560,#2537,#2562,.T.);
#2560 = VERTEX_POINT('',#2561);
#2561 = CARTESIAN_POINT('',(23.45,-10.5,9.5));
#2562 = SURFACE_CURVE('',#2563,(#2568,#2579),.PCURVE_S1.);
#2563 = CIRCLE('',#2564,10.95);
#2564 = AXIS2_PLACEMENT_3D('',#2565,#2566,#2567);
#2565 = CARTESIAN_POINT('',(12.49999998742,-10.5,9.5));
#2566 = DIRECTION('',(0.,-0.,-1.));
#2567 = DIRECTION('',(1.,1.544658121218E-16,-0.));
#2568 = PCURVE('',#470,#2569);
#2569 = DEFINITIONAL_REPRESENTATION('',(#2570),#2578);
#2570 = ( BOUNDED_CURVE() B_SPLINE_CURVE(2,(#2571,#2572,#2573,#2574,
#2575,#2576,#2577),.UNSPECIFIED.,.T.,.F.) B_SPLINE_CURVE_WITH_KNOTS((1,2
    ,2,2,2,1),(-2.094395102393,0.,2.094395102393,4.188790204786,
6.28318530718,8.377580409573),.UNSPECIFIED.) CURVE() 
GEOMETRIC_REPRESENTATION_ITEM() RATIONAL_B_SPLINE_CURVE((1.,0.5,1.,0.5,
1.,0.5,1.)) REPRESENTATION_ITEM('') );
#2571 = CARTESIAN_POINT('',(23.449999988599,-10.49999999758));
#2572 = CARTESIAN_POINT('',(23.449999988599,-29.46595634046));
#2573 = CARTESIAN_POINT('',(7.024999988599,-19.98297816902));
#2574 = CARTESIAN_POINT('',(-9.400000011401,-10.49999999758));
#2575 = CARTESIAN_POINT('',(7.024999988599,-1.017021826148));
#2576 = CARTESIAN_POINT('',(23.449999988599,8.465956345291));
#2577 = CARTESIAN_POINT('',(23.449999988599,-10.49999999758));
#2578 = ( GEOMETRIC_REPRESENTATION_CONTEXT(2) 
PARAMETRIC_REPRESENTATION_CONTEXT() REPRESENTATION_CONTEXT('2D SPACE',''
  ) );
#2579 = PCURVE('',#2580,#2585);
#2580 = TOROIDAL_SURFACE('',#2581,10.95,0.55);
#2581 = AXIS2_PLACEMENT_3D('',#2582,#2583,#2584);
#2582 = CARTESIAN_POINT('',(12.49999998742,-10.5,8.95));
#2583 = DIRECTION('',(0.,0.,1.));
#2584 = DIRECTION('',(1.,1.544658121218E-16,-0.));
#2585 = DEFINITIONAL_REPRESENTATION('',(#2586),#2590);
#2586 = LINE('',#2587,#2588);
#2587 = CARTESIAN_POINT('',(-0.,1.570796326795));
#2588 = VECTOR('',#2589,1.);
#2589 = DIRECTION('',(-1.,0.));
#2590 = ( GEOMETRIC_REPRESENTATION_CONTEXT(2) 
PARAMETRIC_REPRESENTATION_CONTEXT() REPRESENTATION_CONTEXT('2D SPACE',''
  ) );
#2591 = ORIENTED_EDGE('',*,*,#2592,.F.);
#2592 = EDGE_CURVE('',#2593,#2560,#2595,.T.);
#2593 = VERTEX_POINT('',#2594);
#2594 = CARTESIAN_POINT('',(23.45,10.499999992113,9.5));
#2595 = SURFACE_CURVE('',#2596,(#2600,#2607),.PCURVE_S1.);
#2596 = LINE('',#2597,#2598);
#2597 = CARTESIAN_POINT('',(23.45,10.499999992113,9.5));
#2598 = VECTOR('',#2599,1.);
#2599 = DIRECTION('',(-0.,-1.,-0.));
#2600 = PCURVE('',#470,#2601);
#2601 = DEFINITIONAL_REPRESENTATION('',(#2602),#2606);
#2602 = LINE('',#2603,#2604);
#2603 = CARTESIAN_POINT('',(23.450000001179,10.499999994525));
#2604 = VECTOR('',#2605,1.);
#2605 = DIRECTION('',(0.,-1.));
#2606 = ( GEOMETRIC_REPRESENTATION_CONTEXT(2) 
PARAMETRIC_REPRESENTATION_CONTEXT() REPRESENTATION_CONTEXT('2D SPACE',''
  ) );
#2607 = PCURVE('',#2608,#2613);
#2608 = CYLINDRICAL_SURFACE('',#2609,0.55);
#2609 = AXIS2_PLACEMENT_3D('',#2610,#2611,#2612);
#2610 = CARTESIAN_POINT('',(23.45,10.499999992113,8.95));
#2611 = DIRECTION('',(-0.,-1.,-0.));
#2612 = DIRECTION('',(1.,-0.,0.));
#2613 = DEFINITIONAL_REPRESENTATION('',(#2614),#2618);
#2614 = LINE('',#2615,#2616);
#2615 = CARTESIAN_POINT('',(1.570796326795,0.));
#2616 = VECTOR('',#2617,1.);
#2617 = DIRECTION('',(0.,1.));
#2618 = ( GEOMETRIC_REPRESENTATION_CONTEXT(2) 
PARAMETRIC_REPRESENTATION_CONTEXT() REPRESENTATION_CONTEXT('2D SPACE',''
  ) );
#2619 = ORIENTED_EDGE('',*,*,#2620,.F.);
#2620 = EDGE_CURVE('',#2621,#2593,#2623,.T.);
#2621 = VERTEX_POINT('',#2622);
#2622 = CARTESIAN_POINT('',(12.5,21.45,9.5));
#2623 = SURFACE_CURVE('',#2624,(#2629,#2640),.PCURVE_S1.);
#2624 = CIRCLE('',#2625,10.95);
#2625 = AXIS2_PLACEMENT_3D('',#2626,#2627,#2628);
#2626 = CARTESIAN_POINT('',(12.5,10.499999992113,9.5));
#2627 = DIRECTION('',(0.,-0.,-1.));
#2628 = DIRECTION('',(0.,1.,-0.));
#2629 = PCURVE('',#470,#2630);
#2630 = DEFINITIONAL_REPRESENTATION('',(#2631),#2639);
#2631 = ( BOUNDED_CURVE() B_SPLINE_CURVE(2,(#2632,#2633,#2634,#2635,
#2636,#2637,#2638),.UNSPECIFIED.,.T.,.F.) B_SPLINE_CURVE_WITH_KNOTS((1,2
    ,2,2,2,1),(-2.094395102393,0.,2.094395102393,4.188790204786,
6.28318530718,8.377580409573),.UNSPECIFIED.) CURVE() 
GEOMETRIC_REPRESENTATION_ITEM() RATIONAL_B_SPLINE_CURVE((1.,0.5,1.,0.5,
1.,0.5,1.)) REPRESENTATION_ITEM('') );
#2632 = CARTESIAN_POINT('',(12.500000001179,21.449999994525));
#2633 = CARTESIAN_POINT('',(31.465956344058,21.449999994525));
#2634 = CARTESIAN_POINT('',(21.982978172618,5.024999994525));
#2635 = CARTESIAN_POINT('',(12.500000001179,-11.40000000547));
#2636 = CARTESIAN_POINT('',(3.017021829739,5.024999994525));
#2637 = CARTESIAN_POINT('',(-6.465956341701,21.449999994525));
#2638 = CARTESIAN_POINT('',(12.500000001179,21.449999994525));
#2639 = ( GEOMETRIC_REPRESENTATION_CONTEXT(2) 
PARAMETRIC_REPRESENTATION_CONTEXT() REPRESENTATION_CONTEXT('2D SPACE',''
  ) );
#2640 = PCURVE('',#2641,#2646);
#2641 = TOROIDAL_SURFACE('',#2642,10.95,0.55);
#2642 = AXIS2_PLACEMENT_3D('',#2643,#2644,#2645);
#2643 = CARTESIAN_POINT('',(12.5,10.499999992113,8.95));
#2644 = DIRECTION('',(0.,0.,1.));
#2645 = DIRECTION('',(0.,1.,-0.));
#2646 = DEFINITIONAL_REPRESENTATION('',(#2647),#2651);
#2647 = LINE('',#2648,#2649);
#2648 = CARTESIAN_POINT('',(-0.,1.570796326795));
#2649 = VECTOR('',#2650,1.);
#2650 = DIRECTION('',(-1.,0.));
#2651 = ( GEOMETRIC_REPRESENTATION_CONTEXT(2) 
PARAMETRIC_REPRESENTATION_CONTEXT() REPRESENTATION_CONTEXT('2D SPACE',''
  ) );
#2652 = ORIENTED_EDGE('',*,*,#2653,.F.);
#2653 = EDGE_CURVE('',#2654,#2621,#2656,.T.);
#2654 = VERTEX_POINT('',#2655);
#2655 = CARTESIAN_POINT('',(-12.5,21.449999984226,9.5));
#2656 = SURFACE_CURVE('',#2657,(#2661,#2668),.PCURVE_S1.);
#2657 = LINE('',#2658,#2659);
#2658 = CARTESIAN_POINT('',(-12.5,21.45,9.5));
#2659 = VECTOR('',#2660,1.);
#2660 = DIRECTION('',(1.,0.,0.));
#2661 = PCURVE('',#470,#2662);
#2662 = DEFINITIONAL_REPRESENTATION('',(#2663),#2667);
#2663 = LINE('',#2664,#2665);
#2664 = CARTESIAN_POINT('',(-12.49999999882,21.450000002412));
#2665 = VECTOR('',#2666,1.);
#2666 = DIRECTION('',(1.,0.));
#2667 = ( GEOMETRIC_REPRESENTATION_CONTEXT(2) 
PARAMETRIC_REPRESENTATION_CONTEXT() REPRESENTATION_CONTEXT('2D SPACE',''
  ) );
#2668 = PCURVE('',#2669,#2674);
#2669 = CYLINDRICAL_SURFACE('',#2670,0.55);
#2670 = AXIS2_PLACEMENT_3D('',#2671,#2672,#2673);
#2671 = CARTESIAN_POINT('',(-12.5,21.45,8.95));
#2672 = DIRECTION('',(1.,0.,0.));
#2673 = DIRECTION('',(-0.,1.,0.));
#2674 = DEFINITIONAL_REPRESENTATION('',(#2675),#2679);
#2675 = LINE('',#2676,#2677);
#2676 = CARTESIAN_POINT('',(1.570796326795,0.));
#2677 = VECTOR('',#2678,1.);
#2678 = DIRECTION('',(0.,1.));
#2679 = ( GEOMETRIC_REPRESENTATION_CONTEXT(2) 
PARAMETRIC_REPRESENTATION_CONTEXT() REPRESENTATION_CONTEXT('2D SPACE',''
  ) );
#2680 = ORIENTED_EDGE('',*,*,#2681,.F.);
#2681 = EDGE_CURVE('',#455,#2654,#2682,.T.);
#2682 = SURFACE_CURVE('',#2683,(#2688,#2699),.PCURVE_S1.);
#2683 = CIRCLE('',#2684,10.95);
#2684 = AXIS2_PLACEMENT_3D('',#2685,#2686,#2687);
#2685 = CARTESIAN_POINT('',(-12.5,10.499999984226,9.5));
#2686 = DIRECTION('',(-0.,0.,-1.));
#2687 = DIRECTION('',(-1.,0.,0.));
#2688 = PCURVE('',#470,#2689);
#2689 = DEFINITIONAL_REPRESENTATION('',(#2690),#2698);
#2690 = ( BOUNDED_CURVE() B_SPLINE_CURVE(2,(#2691,#2692,#2693,#2694,
#2695,#2696,#2697),.UNSPECIFIED.,.T.,.F.) B_SPLINE_CURVE_WITH_KNOTS((1,2
    ,2,2,2,1),(-2.094395102393,0.,2.094395102393,4.188790204786,
6.28318530718,8.377580409573),.UNSPECIFIED.) CURVE() 
GEOMETRIC_REPRESENTATION_ITEM() RATIONAL_B_SPLINE_CURVE((1.,0.5,1.,0.5,
1.,0.5,1.)) REPRESENTATION_ITEM('') );
#2691 = CARTESIAN_POINT('',(-23.44999999882,10.499999986638));
#2692 = CARTESIAN_POINT('',(-23.44999999882,29.465956329517));
#2693 = CARTESIAN_POINT('',(-7.024999998821,19.982978158078));
#2694 = CARTESIAN_POINT('',(9.400000001179,10.499999986638));
#2695 = CARTESIAN_POINT('',(-7.024999998821,1.017021815198));
#2696 = CARTESIAN_POINT('',(-23.44999999882,-8.465956356241));
#2697 = CARTESIAN_POINT('',(-23.44999999882,10.499999986638));
#2698 = ( GEOMETRIC_REPRESENTATION_CONTEXT(2) 
PARAMETRIC_REPRESENTATION_CONTEXT() REPRESENTATION_CONTEXT('2D SPACE',''
  ) );
#2699 = PCURVE('',#496,#2700);
#2700 = DEFINITIONAL_REPRESENTATION('',(#2701),#2705);
#2701 = LINE('',#2702,#2703);
#2702 = CARTESIAN_POINT('',(-0.,1.570796326795));
#2703 = VECTOR('',#2704,1.);
#2704 = DIRECTION('',(-1.,0.));
#2705 = ( GEOMETRIC_REPRESENTATION_CONTEXT(2) 
PARAMETRIC_REPRESENTATION_CONTEXT() REPRESENTATION_CONTEXT('2D SPACE',''
  ) );
#2706 = FACE_BOUND('',#2707,.T.);
#2707 = EDGE_LOOP('',(#2708,#2731,#2764,#2790,#2823,#2849,#2882,#2908));
#2708 = ORIENTED_EDGE('',*,*,#2709,.F.);
#2709 = EDGE_CURVE('',#2710,#2712,#2714,.T.);
#2710 = VERTEX_POINT('',#2711);
#2711 = CARTESIAN_POINT('',(-21.2,10.699999946586,9.5));
#2712 = VERTEX_POINT('',#2713);
#2713 = CARTESIAN_POINT('',(-21.2,-10.7,9.5));
#2714 = SURFACE_CURVE('',#2715,(#2719,#2725),.PCURVE_S1.);
#2715 = LINE('',#2716,#2717);
#2716 = CARTESIAN_POINT('',(-21.2,-5.350000001206,9.5));
#2717 = VECTOR('',#2718,1.);
#2718 = DIRECTION('',(0.,-1.,0.));
#2719 = PCURVE('',#470,#2720);
#2720 = DEFINITIONAL_REPRESENTATION('',(#2721),#2724);
#2721 = B_SPLINE_CURVE_WITH_KNOTS('',1,(#2722,#2723),.UNSPECIFIED.,.F.,
  .F.,(2,2),(-16.04999994779,5.349999998794),.PIECEWISE_BEZIER_KNOTS.);
#2722 = CARTESIAN_POINT('',(-21.19999999882,10.699999948998));
#2723 = CARTESIAN_POINT('',(-21.19999999882,-10.69999999758));
#2724 = ( GEOMETRIC_REPRESENTATION_CONTEXT(2) 
PARAMETRIC_REPRESENTATION_CONTEXT() REPRESENTATION_CONTEXT('2D SPACE',''
  ) );
#2725 = PCURVE('',#665,#2726);
#2726 = DEFINITIONAL_REPRESENTATION('',(#2727),#2730);
#2727 = B_SPLINE_CURVE_WITH_KNOTS('',1,(#2728,#2729),.UNSPECIFIED.,.F.,
  .F.,(2,2),(-16.04999994779,5.349999998794),.PIECEWISE_BEZIER_KNOTS.);
#2728 = CARTESIAN_POINT('',(21.399999946586,-7.7));
#2729 = CARTESIAN_POINT('',(-1.7763568394E-15,-7.7));
#2730 = ( GEOMETRIC_REPRESENTATION_CONTEXT(2) 
PARAMETRIC_REPRESENTATION_CONTEXT() REPRESENTATION_CONTEXT('2D SPACE',''
  ) );
#2731 = ORIENTED_EDGE('',*,*,#2732,.T.);
#2732 = EDGE_CURVE('',#2710,#2733,#2735,.T.);
#2733 = VERTEX_POINT('',#2734);
#2734 = CARTESIAN_POINT('',(-12.7,19.199999973293,9.5));
#2735 = SURFACE_CURVE('',#2736,(#2741,#2752),.PCURVE_S1.);
#2736 = CIRCLE('',#2737,8.5);
#2737 = AXIS2_PLACEMENT_3D('',#2738,#2739,#2740);
#2738 = CARTESIAN_POINT('',(-12.7,10.699999946586,9.5));
#2739 = DIRECTION('',(0.,0.,-1.));
#2740 = DIRECTION('',(-1.,0.,0.));
#2741 = PCURVE('',#470,#2742);
#2742 = DEFINITIONAL_REPRESENTATION('',(#2743),#2751);
#2743 = ( BOUNDED_CURVE() B_SPLINE_CURVE(2,(#2744,#2745,#2746,#2747,
#2748,#2749,#2750),.UNSPECIFIED.,.T.,.F.) B_SPLINE_CURVE_WITH_KNOTS((1,2
    ,2,2,2,1),(-2.094395102393,0.,2.094395102393,4.188790204786,
6.28318530718,8.377580409573),.UNSPECIFIED.) CURVE() 
GEOMETRIC_REPRESENTATION_ITEM() RATIONAL_B_SPLINE_CURVE((1.,0.5,1.,0.5,
1.,0.5,1.)) REPRESENTATION_ITEM('') );
#2744 = CARTESIAN_POINT('',(-21.19999999882,10.699999948998));
#2745 = CARTESIAN_POINT('',(-21.19999999882,25.422431813334));
#2746 = CARTESIAN_POINT('',(-8.449999998821,18.061215881166));
#2747 = CARTESIAN_POINT('',(4.300000001179,10.699999948998));
#2748 = CARTESIAN_POINT('',(-8.449999998821,3.33878401683));
#2749 = CARTESIAN_POINT('',(-21.19999999882,-4.022431915337));
#2750 = CARTESIAN_POINT('',(-21.19999999882,10.699999948998));
#2751 = ( GEOMETRIC_REPRESENTATION_CONTEXT(2) 
PARAMETRIC_REPRESENTATION_CONTEXT() REPRESENTATION_CONTEXT('2D SPACE',''
  ) );
#2752 = PCURVE('',#2753,#2758);
#2753 = CYLINDRICAL_SURFACE('',#2754,8.5);
#2754 = AXIS2_PLACEMENT_3D('',#2755,#2756,#2757);
#2755 = CARTESIAN_POINT('',(-12.7,10.699999946586,1.8));
#2756 = DIRECTION('',(0.,0.,-1.));
#2757 = DIRECTION('',(-1.,0.,0.));
#2758 = DEFINITIONAL_REPRESENTATION('',(#2759),#2763);
#2759 = LINE('',#2760,#2761);
#2760 = CARTESIAN_POINT('',(0.,-7.7));
#2761 = VECTOR('',#2762,1.);
#2762 = DIRECTION('',(1.,0.));
#2763 = ( GEOMETRIC_REPRESENTATION_CONTEXT(2) 
PARAMETRIC_REPRESENTATION_CONTEXT() REPRESENTATION_CONTEXT('2D SPACE',''
  ) );
#2764 = ORIENTED_EDGE('',*,*,#2765,.F.);
#2765 = EDGE_CURVE('',#2766,#2733,#2768,.T.);
#2766 = VERTEX_POINT('',#2767);
#2767 = CARTESIAN_POINT('',(12.7,19.199999973293,9.5));
#2768 = SURFACE_CURVE('',#2769,(#2773,#2779),.PCURVE_S1.);
#2769 = LINE('',#2770,#2771);
#2770 = CARTESIAN_POINT('',(-6.350000000589,19.2,9.5));
#2771 = VECTOR('',#2772,1.);
#2772 = DIRECTION('',(-1.,0.,0.));
#2773 = PCURVE('',#470,#2774);
#2774 = DEFINITIONAL_REPRESENTATION('',(#2775),#2778);
#2775 = B_SPLINE_CURVE_WITH_KNOTS('',1,(#2776,#2777),.UNSPECIFIED.,.F.,
  .F.,(2,2),(-19.05000000058,6.349999999411),.PIECEWISE_BEZIER_KNOTS.);
#2776 = CARTESIAN_POINT('',(12.700000001179,19.200000002412));
#2777 = CARTESIAN_POINT('',(-12.69999999882,19.200000002412));
#2778 = ( GEOMETRIC_REPRESENTATION_CONTEXT(2) 
PARAMETRIC_REPRESENTATION_CONTEXT() REPRESENTATION_CONTEXT('2D SPACE',''
  ) );
#2779 = PCURVE('',#2780,#2785);
#2780 = PLANE('',#2781);
#2781 = AXIS2_PLACEMENT_3D('',#2782,#2783,#2784);
#2782 = CARTESIAN_POINT('',(-12.7,19.2,1.8));
#2783 = DIRECTION('',(0.,1.,0.));
#2784 = DIRECTION('',(1.,0.,0.));
#2785 = DEFINITIONAL_REPRESENTATION('',(#2786),#2789);
#2786 = B_SPLINE_CURVE_WITH_KNOTS('',1,(#2787,#2788),.UNSPECIFIED.,.F.,
  .F.,(2,2),(-19.05000000058,6.349999999411),.PIECEWISE_BEZIER_KNOTS.);
#2787 = CARTESIAN_POINT('',(25.4,-7.7));
#2788 = CARTESIAN_POINT('',(0.,-7.7));
#2789 = ( GEOMETRIC_REPRESENTATION_CONTEXT(2) 
PARAMETRIC_REPRESENTATION_CONTEXT() REPRESENTATION_CONTEXT('2D SPACE',''
  ) );
#2790 = ORIENTED_EDGE('',*,*,#2791,.T.);
#2791 = EDGE_CURVE('',#2766,#2792,#2794,.T.);
#2792 = VERTEX_POINT('',#2793);
#2793 = CARTESIAN_POINT('',(21.2,10.699999946586,9.5));
#2794 = SURFACE_CURVE('',#2795,(#2800,#2811),.PCURVE_S1.);
#2795 = CIRCLE('',#2796,8.5);
#2796 = AXIS2_PLACEMENT_3D('',#2797,#2798,#2799);
#2797 = CARTESIAN_POINT('',(12.7,10.699999946586,9.5));
#2798 = DIRECTION('',(0.,0.,-1.));
#2799 = DIRECTION('',(-1.,0.,0.));
#2800 = PCURVE('',#470,#2801);
#2801 = DEFINITIONAL_REPRESENTATION('',(#2802),#2810);
#2802 = ( BOUNDED_CURVE() B_SPLINE_CURVE(2,(#2803,#2804,#2805,#2806,
#2807,#2808,#2809),.UNSPECIFIED.,.T.,.F.) B_SPLINE_CURVE_WITH_KNOTS((1,2
    ,2,2,2,1),(-2.094395102393,0.,2.094395102393,4.188790204786,
6.28318530718,8.377580409573),.UNSPECIFIED.) CURVE() 
GEOMETRIC_REPRESENTATION_ITEM() RATIONAL_B_SPLINE_CURVE((1.,0.5,1.,0.5,
1.,0.5,1.)) REPRESENTATION_ITEM('') );
#2803 = CARTESIAN_POINT('',(4.200000001179,10.699999948998));
#2804 = CARTESIAN_POINT('',(4.200000001179,25.422431813334));
#2805 = CARTESIAN_POINT('',(16.950000001179,18.061215881166));
#2806 = CARTESIAN_POINT('',(29.700000001179,10.699999948998));
#2807 = CARTESIAN_POINT('',(16.950000001179,3.33878401683));
#2808 = CARTESIAN_POINT('',(4.200000001179,-4.022431915337));
#2809 = CARTESIAN_POINT('',(4.200000001179,10.699999948998));
#2810 = ( GEOMETRIC_REPRESENTATION_CONTEXT(2) 
PARAMETRIC_REPRESENTATION_CONTEXT() REPRESENTATION_CONTEXT('2D SPACE',''
  ) );
#2811 = PCURVE('',#2812,#2817);
#2812 = CYLINDRICAL_SURFACE('',#2813,8.5);
#2813 = AXIS2_PLACEMENT_3D('',#2814,#2815,#2816);
#2814 = CARTESIAN_POINT('',(12.7,10.699999946586,1.8));
#2815 = DIRECTION('',(0.,0.,-1.));
#2816 = DIRECTION('',(-1.,0.,0.));
#2817 = DEFINITIONAL_REPRESENTATION('',(#2818),#2822);
#2818 = LINE('',#2819,#2820);
#2819 = CARTESIAN_POINT('',(0.,-7.7));
#2820 = VECTOR('',#2821,1.);
#2821 = DIRECTION('',(1.,0.));
#2822 = ( GEOMETRIC_REPRESENTATION_CONTEXT(2) 
PARAMETRIC_REPRESENTATION_CONTEXT() REPRESENTATION_CONTEXT('2D SPACE',''
  ) );
#2823 = ORIENTED_EDGE('',*,*,#2824,.T.);
#2824 = EDGE_CURVE('',#2792,#2825,#2827,.T.);
#2825 = VERTEX_POINT('',#2826);
#2826 = CARTESIAN_POINT('',(21.199999995972,-10.7,9.5));
#2827 = SURFACE_CURVE('',#2828,(#2832,#2838),.PCURVE_S1.);
#2828 = LINE('',#2829,#2830);
#2829 = CARTESIAN_POINT('',(21.2,-5.350000001206,9.5));
#2830 = VECTOR('',#2831,1.);
#2831 = DIRECTION('',(0.,-1.,0.));
#2832 = PCURVE('',#470,#2833);
#2833 = DEFINITIONAL_REPRESENTATION('',(#2834),#2837);
#2834 = B_SPLINE_CURVE_WITH_KNOTS('',1,(#2835,#2836),.UNSPECIFIED.,.F.,
  .F.,(2,2),(-16.04999994779,5.349999998794),.PIECEWISE_BEZIER_KNOTS.);
#2835 = CARTESIAN_POINT('',(21.200000001179,10.699999948998));
#2836 = CARTESIAN_POINT('',(21.200000001179,-10.69999999758));
#2837 = ( GEOMETRIC_REPRESENTATION_CONTEXT(2) 
PARAMETRIC_REPRESENTATION_CONTEXT() REPRESENTATION_CONTEXT('2D SPACE',''
  ) );
#2838 = PCURVE('',#2839,#2844);
#2839 = PLANE('',#2840);
#2840 = AXIS2_PLACEMENT_3D('',#2841,#2842,#2843);
#2841 = CARTESIAN_POINT('',(21.2,-10.7,1.8));
#2842 = DIRECTION('',(-1.,0.,0.));
#2843 = DIRECTION('',(0.,1.,0.));
#2844 = DEFINITIONAL_REPRESENTATION('',(#2845),#2848);
#2845 = B_SPLINE_CURVE_WITH_KNOTS('',1,(#2846,#2847),.UNSPECIFIED.,.F.,
  .F.,(2,2),(-16.04999994779,5.349999998794),.PIECEWISE_BEZIER_KNOTS.);
#2846 = CARTESIAN_POINT('',(21.399999946586,-7.7));
#2847 = CARTESIAN_POINT('',(0.,-7.7));
#2848 = ( GEOMETRIC_REPRESENTATION_CONTEXT(2) 
PARAMETRIC_REPRESENTATION_CONTEXT() REPRESENTATION_CONTEXT('2D SPACE',''
  ) );
#2849 = ORIENTED_EDGE('',*,*,#2850,.T.);
#2850 = EDGE_CURVE('',#2825,#2851,#2853,.T.);
#2851 = VERTEX_POINT('',#2852);
#2852 = CARTESIAN_POINT('',(12.699999991944,-19.2,9.5));
#2853 = SURFACE_CURVE('',#2854,(#2859,#2870),.PCURVE_S1.);
#2854 = CIRCLE('',#2855,8.5);
#2855 = AXIS2_PLACEMENT_3D('',#2856,#2857,#2858);
#2856 = CARTESIAN_POINT('',(12.699999991944,-10.7,9.5));
#2857 = DIRECTION('',(0.,0.,-1.));
#2858 = DIRECTION('',(-1.,0.,0.));
#2859 = PCURVE('',#470,#2860);
#2860 = DEFINITIONAL_REPRESENTATION('',(#2861),#2869);
#2861 = ( BOUNDED_CURVE() B_SPLINE_CURVE(2,(#2862,#2863,#2864,#2865,
#2866,#2867,#2868),.UNSPECIFIED.,.T.,.F.) B_SPLINE_CURVE_WITH_KNOTS((1,2
    ,2,2,2,1),(-2.094395102393,0.,2.094395102393,4.188790204786,
6.28318530718,8.377580409573),.UNSPECIFIED.) CURVE() 
GEOMETRIC_REPRESENTATION_ITEM() RATIONAL_B_SPLINE_CURVE((1.,0.5,1.,0.5,
1.,0.5,1.)) REPRESENTATION_ITEM('') );
#2862 = CARTESIAN_POINT('',(4.199999993123,-10.69999999758));
#2863 = CARTESIAN_POINT('',(4.199999993123,4.022431866748));
#2864 = CARTESIAN_POINT('',(16.949999993123,-3.33878406542));
#2865 = CARTESIAN_POINT('',(29.699999993123,-10.69999999758));
#2866 = CARTESIAN_POINT('',(16.949999993123,-18.06121592975));
#2867 = CARTESIAN_POINT('',(4.199999993123,-25.42243186192));
#2868 = CARTESIAN_POINT('',(4.199999993123,-10.69999999758));
#2869 = ( GEOMETRIC_REPRESENTATION_CONTEXT(2) 
PARAMETRIC_REPRESENTATION_CONTEXT() REPRESENTATION_CONTEXT('2D SPACE',''
  ) );
#2870 = PCURVE('',#2871,#2876);
#2871 = CYLINDRICAL_SURFACE('',#2872,8.5);
#2872 = AXIS2_PLACEMENT_3D('',#2873,#2874,#2875);
#2873 = CARTESIAN_POINT('',(12.699999991944,-10.7,1.8));
#2874 = DIRECTION('',(0.,0.,-1.));
#2875 = DIRECTION('',(-1.,0.,0.));
#2876 = DEFINITIONAL_REPRESENTATION('',(#2877),#2881);
#2877 = LINE('',#2878,#2879);
#2878 = CARTESIAN_POINT('',(0.,-7.7));
#2879 = VECTOR('',#2880,1.);
#2880 = DIRECTION('',(1.,0.));
#2881 = ( GEOMETRIC_REPRESENTATION_CONTEXT(2) 
PARAMETRIC_REPRESENTATION_CONTEXT() REPRESENTATION_CONTEXT('2D SPACE',''
  ) );
#2882 = ORIENTED_EDGE('',*,*,#2883,.T.);
#2883 = EDGE_CURVE('',#2851,#2884,#2886,.T.);
#2884 = VERTEX_POINT('',#2885);
#2885 = CARTESIAN_POINT('',(-12.7,-19.2,9.5));
#2886 = SURFACE_CURVE('',#2887,(#2891,#2897),.PCURVE_S1.);
#2887 = LINE('',#2888,#2889);
#2888 = CARTESIAN_POINT('',(-6.350000000589,-19.2,9.5));
#2889 = VECTOR('',#2890,1.);
#2890 = DIRECTION('',(-1.,0.,0.));
#2891 = PCURVE('',#470,#2892);
#2892 = DEFINITIONAL_REPRESENTATION('',(#2893),#2896);
#2893 = B_SPLINE_CURVE_WITH_KNOTS('',1,(#2894,#2895),.UNSPECIFIED.,.F.,
  .F.,(2,2),(-19.04999999253,6.349999999411),.PIECEWISE_BEZIER_KNOTS.);
#2894 = CARTESIAN_POINT('',(12.699999993123,-19.19999999758));
#2895 = CARTESIAN_POINT('',(-12.69999999882,-19.19999999758));
#2896 = ( GEOMETRIC_REPRESENTATION_CONTEXT(2) 
PARAMETRIC_REPRESENTATION_CONTEXT() REPRESENTATION_CONTEXT('2D SPACE',''
  ) );
#2897 = PCURVE('',#2898,#2903);
#2898 = PLANE('',#2899);
#2899 = AXIS2_PLACEMENT_3D('',#2900,#2901,#2902);
#2900 = CARTESIAN_POINT('',(-12.7,-19.2,1.8));
#2901 = DIRECTION('',(0.,1.,0.));
#2902 = DIRECTION('',(1.,0.,0.));
#2903 = DEFINITIONAL_REPRESENTATION('',(#2904),#2907);
#2904 = B_SPLINE_CURVE_WITH_KNOTS('',1,(#2905,#2906),.UNSPECIFIED.,.F.,
  .F.,(2,2),(-19.04999999253,6.349999999411),.PIECEWISE_BEZIER_KNOTS.);
#2905 = CARTESIAN_POINT('',(25.399999991944,-7.7));
#2906 = CARTESIAN_POINT('',(0.,-7.7));
#2907 = ( GEOMETRIC_REPRESENTATION_CONTEXT(2) 
PARAMETRIC_REPRESENTATION_CONTEXT() REPRESENTATION_CONTEXT('2D SPACE',''
  ) );
#2908 = ORIENTED_EDGE('',*,*,#2909,.T.);
#2909 = EDGE_CURVE('',#2884,#2712,#2910,.T.);
#2910 = SURFACE_CURVE('',#2911,(#2916,#2927),.PCURVE_S1.);
#2911 = CIRCLE('',#2912,8.5);
#2912 = AXIS2_PLACEMENT_3D('',#2913,#2914,#2915);
#2913 = CARTESIAN_POINT('',(-12.7,-10.7,9.5));
#2914 = DIRECTION('',(0.,0.,-1.));
#2915 = DIRECTION('',(-1.,0.,0.));
#2916 = PCURVE('',#470,#2917);
#2917 = DEFINITIONAL_REPRESENTATION('',(#2918),#2926);
#2918 = ( BOUNDED_CURVE() B_SPLINE_CURVE(2,(#2919,#2920,#2921,#2922,
#2923,#2924,#2925),.UNSPECIFIED.,.T.,.F.) B_SPLINE_CURVE_WITH_KNOTS((1,2
    ,2,2,2,1),(-2.094395102393,0.,2.094395102393,4.188790204786,
6.28318530718,8.377580409573),.UNSPECIFIED.) CURVE() 
GEOMETRIC_REPRESENTATION_ITEM() RATIONAL_B_SPLINE_CURVE((1.,0.5,1.,0.5,
1.,0.5,1.)) REPRESENTATION_ITEM('') );
#2919 = CARTESIAN_POINT('',(-21.19999999882,-10.69999999758));
#2920 = CARTESIAN_POINT('',(-21.19999999882,4.022431866748));
#2921 = CARTESIAN_POINT('',(-8.449999998821,-3.33878406542));
#2922 = CARTESIAN_POINT('',(4.300000001179,-10.69999999758));
#2923 = CARTESIAN_POINT('',(-8.449999998821,-18.06121592975));
#2924 = CARTESIAN_POINT('',(-21.19999999882,-25.42243186192));
#2925 = CARTESIAN_POINT('',(-21.19999999882,-10.69999999758));
#2926 = ( GEOMETRIC_REPRESENTATION_CONTEXT(2) 
PARAMETRIC_REPRESENTATION_CONTEXT() REPRESENTATION_CONTEXT('2D SPACE',''
  ) );
#2927 = PCURVE('',#2928,#2933);
#2928 = CYLINDRICAL_SURFACE('',#2929,8.5);
#2929 = AXIS2_PLACEMENT_3D('',#2930,#2931,#2932);
#2930 = CARTESIAN_POINT('',(-12.7,-10.7,1.8));
#2931 = DIRECTION('',(0.,0.,-1.));
#2932 = DIRECTION('',(-1.,0.,0.));
#2933 = DEFINITIONAL_REPRESENTATION('',(#2934),#2938);
#2934 = LINE('',#2935,#2936);
#2935 = CARTESIAN_POINT('',(0.,-7.7));
#2936 = VECTOR('',#2937,1.);
#2937 = DIRECTION('',(1.,0.));
#2938 = ( GEOMETRIC_REPRESENTATION_CONTEXT(2) 
PARAMETRIC_REPRESENTATION_CONTEXT() REPRESENTATION_CONTEXT('2D SPACE',''
  ) );
#2939 = ADVANCED_FACE('',(#2940),#496,.T.);
#2940 = FACE_BOUND('',#2941,.F.);
#2941 = EDGE_LOOP('',(#2942,#2943,#2944,#2964));
#2942 = ORIENTED_EDGE('',*,*,#482,.F.);
#2943 = ORIENTED_EDGE('',*,*,#536,.T.);
#2944 = ORIENTED_EDGE('',*,*,#2945,.T.);
#2945 = EDGE_CURVE('',#537,#2654,#2946,.T.);
#2946 = SURFACE_CURVE('',#2947,(#2952,#2958),.PCURVE_S1.);
#2947 = CIRCLE('',#2948,0.55);
#2948 = AXIS2_PLACEMENT_3D('',#2949,#2950,#2951);
#2949 = CARTESIAN_POINT('',(-12.5,21.449999984226,8.95));
#2950 = DIRECTION('',(1.,6.123233995737E-17,-0.));
#2951 = DIRECTION('',(-6.123233995737E-17,1.,0.));
#2952 = PCURVE('',#496,#2953);
#2953 = DEFINITIONAL_REPRESENTATION('',(#2954),#2957);
#2954 = B_SPLINE_CURVE_WITH_KNOTS('',1,(#2955,#2956),.UNSPECIFIED.,.F.,
  .F.,(2,2),(0.,1.570796326795),.PIECEWISE_BEZIER_KNOTS.);
#2955 = CARTESIAN_POINT('',(-1.570796326795,0.));
#2956 = CARTESIAN_POINT('',(-1.570796326795,1.570796326795));
#2957 = ( GEOMETRIC_REPRESENTATION_CONTEXT(2) 
PARAMETRIC_REPRESENTATION_CONTEXT() REPRESENTATION_CONTEXT('2D SPACE',''
  ) );
#2958 = PCURVE('',#2669,#2959);
#2959 = DEFINITIONAL_REPRESENTATION('',(#2960),#2963);
#2960 = B_SPLINE_CURVE_WITH_KNOTS('',1,(#2961,#2962),.UNSPECIFIED.,.F.,
  .F.,(2,2),(0.,1.570796326795),.PIECEWISE_BEZIER_KNOTS.);
#2961 = CARTESIAN_POINT('',(0.,0.));
#2962 = CARTESIAN_POINT('',(1.570796326795,0.));
#2963 = ( GEOMETRIC_REPRESENTATION_CONTEXT(2) 
PARAMETRIC_REPRESENTATION_CONTEXT() REPRESENTATION_CONTEXT('2D SPACE',''
  ) );
#2964 = ORIENTED_EDGE('',*,*,#2681,.F.);
#2965 = ADVANCED_FACE('',(#2966),#634,.T.);
#2966 = FACE_BOUND('',#2967,.F.);
#2967 = EDGE_LOOP('',(#2968,#2969,#2992,#3014,#3015));
#2968 = ORIENTED_EDGE('',*,*,#2155,.F.);
#2969 = ORIENTED_EDGE('',*,*,#2970,.T.);
#2970 = EDGE_CURVE('',#2128,#2971,#2973,.T.);
#2971 = VERTEX_POINT('',#2972);
#2972 = CARTESIAN_POINT('',(-15.8,22.8,4.6));
#2973 = SURFACE_CURVE('',#2974,(#2978,#2985),.PCURVE_S1.);
#2974 = LINE('',#2975,#2976);
#2975 = CARTESIAN_POINT('',(-15.8,22.8,0.));
#2976 = VECTOR('',#2977,1.);
#2977 = DIRECTION('',(0.,0.,1.));
#2978 = PCURVE('',#634,#2979);
#2979 = DEFINITIONAL_REPRESENTATION('',(#2980),#2984);
#2980 = LINE('',#2981,#2982);
#2981 = CARTESIAN_POINT('',(-3.14159265359,0.));
#2982 = VECTOR('',#2983,1.);
#2983 = DIRECTION('',(-0.,-1.));
#2984 = ( GEOMETRIC_REPRESENTATION_CONTEXT(2) 
PARAMETRIC_REPRESENTATION_CONTEXT() REPRESENTATION_CONTEXT('2D SPACE',''
  ) );
#2985 = PCURVE('',#2143,#2986);
#2986 = DEFINITIONAL_REPRESENTATION('',(#2987),#2991);
#2987 = LINE('',#2988,#2989);
#2988 = CARTESIAN_POINT('',(0.,0.));
#2989 = VECTOR('',#2990,1.);
#2990 = DIRECTION('',(0.,-1.));
#2991 = ( GEOMETRIC_REPRESENTATION_CONTEXT(2) 
PARAMETRIC_REPRESENTATION_CONTEXT() REPRESENTATION_CONTEXT('2D SPACE',''
  ) );
#2992 = ORIENTED_EDGE('',*,*,#2993,.T.);
#2993 = EDGE_CURVE('',#2971,#589,#2994,.T.);
#2994 = SURFACE_CURVE('',#2995,(#3000,#3007),.PCURVE_S1.);
#2995 = CIRCLE('',#2996,3.);
#2996 = AXIS2_PLACEMENT_3D('',#2997,#2998,#2999);
#2997 = CARTESIAN_POINT('',(-12.8000000141,22.8,4.6));
#2998 = DIRECTION('',(0.,0.,1.));
#2999 = DIRECTION('',(1.,0.,0.));
#3000 = PCURVE('',#634,#3001);
#3001 = DEFINITIONAL_REPRESENTATION('',(#3002),#3006);
#3002 = LINE('',#3003,#3004);
#3003 = CARTESIAN_POINT('',(-0.,-4.6));
#3004 = VECTOR('',#3005,1.);
#3005 = DIRECTION('',(-1.,0.));
#3006 = ( GEOMETRIC_REPRESENTATION_CONTEXT(2) 
PARAMETRIC_REPRESENTATION_CONTEXT() REPRESENTATION_CONTEXT('2D SPACE',''
  ) );
#3007 = PCURVE('',#605,#3008);
#3008 = DEFINITIONAL_REPRESENTATION('',(#3009),#3013);
#3009 = CIRCLE('',#3010,3.);
#3010 = AXIS2_PLACEMENT_2D('',#3011,#3012);
#3011 = CARTESIAN_POINT('',(-1.100000008339,-3.));
#3012 = DIRECTION('',(1.,0.));
#3013 = ( GEOMETRIC_REPRESENTATION_CONTEXT(2) 
PARAMETRIC_REPRESENTATION_CONTEXT() REPRESENTATION_CONTEXT('2D SPACE',''
  ) );
#3014 = ORIENTED_EDGE('',*,*,#621,.T.);
#3015 = ORIENTED_EDGE('',*,*,#2452,.T.);
#3016 = ADVANCED_FACE('',(#3017),#605,.T.);
#3017 = FACE_BOUND('',#3018,.T.);
#3018 = EDGE_LOOP('',(#3019,#3042,#3043,#3044,#3065,#3089,#3112,#3136,
    #3159));
#3019 = ORIENTED_EDGE('',*,*,#3020,.F.);
#3020 = EDGE_CURVE('',#2971,#3021,#3023,.T.);
#3021 = VERTEX_POINT('',#3022);
#3022 = CARTESIAN_POINT('',(-15.8,28.8,4.6));
#3023 = SURFACE_CURVE('',#3024,(#3028,#3035),.PCURVE_S1.);
#3024 = LINE('',#3025,#3026);
#3025 = CARTESIAN_POINT('',(-15.79999998589,25.8,4.6));
#3026 = VECTOR('',#3027,1.);
#3027 = DIRECTION('',(0.,1.,0.));
#3028 = PCURVE('',#605,#3029);
#3029 = DEFINITIONAL_REPRESENTATION('',(#3030),#3034);
#3030 = LINE('',#3031,#3032);
#3031 = CARTESIAN_POINT('',(-4.099999980135,-1.901339693486E-16));
#3032 = VECTOR('',#3033,1.);
#3033 = DIRECTION('',(0.,1.));
#3034 = ( GEOMETRIC_REPRESENTATION_CONTEXT(2) 
PARAMETRIC_REPRESENTATION_CONTEXT() REPRESENTATION_CONTEXT('2D SPACE',''
  ) );
#3035 = PCURVE('',#2143,#3036);
#3036 = DEFINITIONAL_REPRESENTATION('',(#3037),#3041);
#3037 = LINE('',#3038,#3039);
#3038 = CARTESIAN_POINT('',(3.,-4.6));
#3039 = VECTOR('',#3040,1.);
#3040 = DIRECTION('',(1.,0.));
#3041 = ( GEOMETRIC_REPRESENTATION_CONTEXT(2) 
PARAMETRIC_REPRESENTATION_CONTEXT() REPRESENTATION_CONTEXT('2D SPACE',''
  ) );
#3042 = ORIENTED_EDGE('',*,*,#2993,.T.);
#3043 = ORIENTED_EDGE('',*,*,#588,.T.);
#3044 = ORIENTED_EDGE('',*,*,#3045,.T.);
#3045 = EDGE_CURVE('',#561,#3046,#3048,.T.);
#3046 = VERTEX_POINT('',#3047);
#3047 = CARTESIAN_POINT('',(-7.70863355916,22.,4.6));
#3048 = SURFACE_CURVE('',#3049,(#3053,#3059),.PCURVE_S1.);
#3049 = LINE('',#3050,#3051);
#3050 = CARTESIAN_POINT('',(-12.10000000288,22.,4.6));
#3051 = VECTOR('',#3052,1.);
#3052 = DIRECTION('',(1.,0.,0.));
#3053 = PCURVE('',#605,#3054);
#3054 = DEFINITIONAL_REPRESENTATION('',(#3055),#3058);
#3055 = B_SPLINE_CURVE_WITH_KNOTS('',1,(#3056,#3057),.UNSPECIFIED.,.F.,
  .F.,(2,2),(-0.399999997119,4.500000016984),.PIECEWISE_BEZIER_KNOTS.);
#3056 = CARTESIAN_POINT('',(-0.799999994237,-3.8));
#3057 = CARTESIAN_POINT('',(4.100000019865,-3.8));
#3058 = ( GEOMETRIC_REPRESENTATION_CONTEXT(2) 
PARAMETRIC_REPRESENTATION_CONTEXT() REPRESENTATION_CONTEXT('2D SPACE',''
  ) );
#3059 = PCURVE('',#576,#3060);
#3060 = DEFINITIONAL_REPRESENTATION('',(#3061),#3064);
#3061 = B_SPLINE_CURVE_WITH_KNOTS('',1,(#3062,#3063),.UNSPECIFIED.,.F.,
  .F.,(2,2),(-0.399999997119,4.500000016984),.PIECEWISE_BEZIER_KNOTS.);
#3062 = CARTESIAN_POINT('',(0.,-4.6));
#3063 = CARTESIAN_POINT('',(4.900000014102,-4.6));
#3064 = ( GEOMETRIC_REPRESENTATION_CONTEXT(2) 
PARAMETRIC_REPRESENTATION_CONTEXT() REPRESENTATION_CONTEXT('2D SPACE',''
  ) );
#3065 = ORIENTED_EDGE('',*,*,#3066,.T.);
#3066 = EDGE_CURVE('',#3046,#3067,#3069,.T.);
#3067 = VERTEX_POINT('',#3068);
#3068 = CARTESIAN_POINT('',(-7.600000002009,22.8,4.6));
#3069 = SURFACE_CURVE('',#3070,(#3075,#3082),.PCURVE_S1.);
#3070 = CIRCLE('',#3071,3.);
#3071 = AXIS2_PLACEMENT_3D('',#3072,#3073,#3074);
#3072 = CARTESIAN_POINT('',(-10.60000001812,22.8,4.6));
#3073 = DIRECTION('',(0.,0.,1.));
#3074 = DIRECTION('',(1.,0.,0.));
#3075 = PCURVE('',#605,#3076);
#3076 = DEFINITIONAL_REPRESENTATION('',(#3077),#3081);
#3077 = CIRCLE('',#3078,3.);
#3078 = AXIS2_PLACEMENT_2D('',#3079,#3080);
#3079 = CARTESIAN_POINT('',(1.099999987642,-3.));
#3080 = DIRECTION('',(1.,0.));
#3081 = ( GEOMETRIC_REPRESENTATION_CONTEXT(2) 
PARAMETRIC_REPRESENTATION_CONTEXT() REPRESENTATION_CONTEXT('2D SPACE',''
  ) );
#3082 = PCURVE('',#2001,#3083);
#3083 = DEFINITIONAL_REPRESENTATION('',(#3084),#3088);
#3084 = LINE('',#3085,#3086);
#3085 = CARTESIAN_POINT('',(-0.,-4.6));
#3086 = VECTOR('',#3087,1.);
#3087 = DIRECTION('',(-1.,0.));
#3088 = ( GEOMETRIC_REPRESENTATION_CONTEXT(2) 
PARAMETRIC_REPRESENTATION_CONTEXT() REPRESENTATION_CONTEXT('2D SPACE',''
  ) );
#3089 = ORIENTED_EDGE('',*,*,#3090,.T.);
#3090 = EDGE_CURVE('',#3067,#3091,#3093,.T.);
#3091 = VERTEX_POINT('',#3092);
#3092 = CARTESIAN_POINT('',(-7.600000002009,28.8,4.6));
#3093 = SURFACE_CURVE('',#3094,(#3098,#3105),.PCURVE_S1.);
#3094 = LINE('',#3095,#3096);
#3095 = CARTESIAN_POINT('',(-7.599999985898,25.8,4.6));
#3096 = VECTOR('',#3097,1.);
#3097 = DIRECTION('',(0.,1.,0.));
#3098 = PCURVE('',#605,#3099);
#3099 = DEFINITIONAL_REPRESENTATION('',(#3100),#3104);
#3100 = LINE('',#3101,#3102);
#3101 = CARTESIAN_POINT('',(4.100000019865,-1.901339693486E-16));
#3102 = VECTOR('',#3103,1.);
#3103 = DIRECTION('',(0.,1.));
#3104 = ( GEOMETRIC_REPRESENTATION_CONTEXT(2) 
PARAMETRIC_REPRESENTATION_CONTEXT() REPRESENTATION_CONTEXT('2D SPACE',''
  ) );
#3105 = PCURVE('',#2029,#3106);
#3106 = DEFINITIONAL_REPRESENTATION('',(#3107),#3111);
#3107 = LINE('',#3108,#3109);
#3108 = CARTESIAN_POINT('',(3.,-4.6));
#3109 = VECTOR('',#3110,1.);
#3110 = DIRECTION('',(1.,0.));
#3111 = ( GEOMETRIC_REPRESENTATION_CONTEXT(2) 
PARAMETRIC_REPRESENTATION_CONTEXT() REPRESENTATION_CONTEXT('2D SPACE',''
  ) );
#3112 = ORIENTED_EDGE('',*,*,#3113,.T.);
#3113 = EDGE_CURVE('',#3091,#3114,#3116,.T.);
#3114 = VERTEX_POINT('',#3115);
#3115 = CARTESIAN_POINT('',(-10.60000001812,31.8,4.6));
#3116 = SURFACE_CURVE('',#3117,(#3122,#3129),.PCURVE_S1.);
#3117 = CIRCLE('',#3118,3.);
#3118 = AXIS2_PLACEMENT_3D('',#3119,#3120,#3121);
#3119 = CARTESIAN_POINT('',(-10.60000001812,28.8,4.6));
#3120 = DIRECTION('',(0.,0.,1.));
#3121 = DIRECTION('',(1.,0.,0.));
#3122 = PCURVE('',#605,#3123);
#3123 = DEFINITIONAL_REPRESENTATION('',(#3124),#3128);
#3124 = CIRCLE('',#3125,3.);
#3125 = AXIS2_PLACEMENT_2D('',#3126,#3127);
#3126 = CARTESIAN_POINT('',(1.099999987642,3.));
#3127 = DIRECTION('',(1.,0.));
#3128 = ( GEOMETRIC_REPRESENTATION_CONTEXT(2) 
PARAMETRIC_REPRESENTATION_CONTEXT() REPRESENTATION_CONTEXT('2D SPACE',''
  ) );
#3129 = PCURVE('',#2058,#3130);
#3130 = DEFINITIONAL_REPRESENTATION('',(#3131),#3135);
#3131 = LINE('',#3132,#3133);
#3132 = CARTESIAN_POINT('',(-0.,-4.6));
#3133 = VECTOR('',#3134,1.);
#3134 = DIRECTION('',(-1.,0.));
#3135 = ( GEOMETRIC_REPRESENTATION_CONTEXT(2) 
PARAMETRIC_REPRESENTATION_CONTEXT() REPRESENTATION_CONTEXT('2D SPACE',''
  ) );
#3136 = ORIENTED_EDGE('',*,*,#3137,.F.);
#3137 = EDGE_CURVE('',#3138,#3114,#3140,.T.);
#3138 = VERTEX_POINT('',#3139);
#3139 = CARTESIAN_POINT('',(-12.8000000141,31.8,4.6));
#3140 = SURFACE_CURVE('',#3141,(#3145,#3152),.PCURVE_S1.);
#3141 = LINE('',#3142,#3143);
#3142 = CARTESIAN_POINT('',(-11.69999998589,31.8,4.6));
#3143 = VECTOR('',#3144,1.);
#3144 = DIRECTION('',(1.,0.,0.));
#3145 = PCURVE('',#605,#3146);
#3146 = DEFINITIONAL_REPRESENTATION('',(#3147),#3151);
#3147 = LINE('',#3148,#3149);
#3148 = CARTESIAN_POINT('',(1.986489848045E-08,6.));
#3149 = VECTOR('',#3150,1.);
#3150 = DIRECTION('',(1.,0.));
#3151 = ( GEOMETRIC_REPRESENTATION_CONTEXT(2) 
PARAMETRIC_REPRESENTATION_CONTEXT() REPRESENTATION_CONTEXT('2D SPACE',''
  ) );
#3152 = PCURVE('',#2086,#3153);
#3153 = DEFINITIONAL_REPRESENTATION('',(#3154),#3158);
#3154 = LINE('',#3155,#3156);
#3155 = CARTESIAN_POINT('',(1.100000028204,-4.6));
#3156 = VECTOR('',#3157,1.);
#3157 = DIRECTION('',(1.,0.));
#3158 = ( GEOMETRIC_REPRESENTATION_CONTEXT(2) 
PARAMETRIC_REPRESENTATION_CONTEXT() REPRESENTATION_CONTEXT('2D SPACE',''
  ) );
#3159 = ORIENTED_EDGE('',*,*,#3160,.T.);
#3160 = EDGE_CURVE('',#3138,#3021,#3161,.T.);
#3161 = SURFACE_CURVE('',#3162,(#3167,#3174),.PCURVE_S1.);
#3162 = CIRCLE('',#3163,3.);
#3163 = AXIS2_PLACEMENT_3D('',#3164,#3165,#3166);
#3164 = CARTESIAN_POINT('',(-12.8000000141,28.8,4.6));
#3165 = DIRECTION('',(0.,0.,1.));
#3166 = DIRECTION('',(1.,0.,0.));
#3167 = PCURVE('',#605,#3168);
#3168 = DEFINITIONAL_REPRESENTATION('',(#3169),#3173);
#3169 = CIRCLE('',#3170,3.);
#3170 = AXIS2_PLACEMENT_2D('',#3171,#3172);
#3171 = CARTESIAN_POINT('',(-1.100000008339,3.));
#3172 = DIRECTION('',(1.,0.));
#3173 = ( GEOMETRIC_REPRESENTATION_CONTEXT(2) 
PARAMETRIC_REPRESENTATION_CONTEXT() REPRESENTATION_CONTEXT('2D SPACE',''
  ) );
#3174 = PCURVE('',#2115,#3175);
#3175 = DEFINITIONAL_REPRESENTATION('',(#3176),#3180);
#3176 = LINE('',#3177,#3178);
#3177 = CARTESIAN_POINT('',(-0.,-4.6));
#3178 = VECTOR('',#3179,1.);
#3179 = DIRECTION('',(-1.,0.));
#3180 = ( GEOMETRIC_REPRESENTATION_CONTEXT(2) 
PARAMETRIC_REPRESENTATION_CONTEXT() REPRESENTATION_CONTEXT('2D SPACE',''
  ) );
#3181 = ADVANCED_FACE('',(#3182),#576,.T.);
#3182 = FACE_BOUND('',#3183,.T.);
#3183 = EDGE_LOOP('',(#3184,#3185,#3186,#3209,#3237,#3263,#3284,#3307));
#3184 = ORIENTED_EDGE('',*,*,#3045,.F.);
#3185 = ORIENTED_EDGE('',*,*,#560,.T.);
#3186 = ORIENTED_EDGE('',*,*,#3187,.T.);
#3187 = EDGE_CURVE('',#537,#3188,#3190,.T.);
#3188 = VERTEX_POINT('',#3189);
#3189 = CARTESIAN_POINT('',(12.5,22.,8.95));
#3190 = SURFACE_CURVE('',#3191,(#3195,#3202),.PCURVE_S1.);
#3191 = LINE('',#3192,#3193);
#3192 = CARTESIAN_POINT('',(-12.5,22.,8.95));
#3193 = VECTOR('',#3194,1.);
#3194 = DIRECTION('',(1.,0.,0.));
#3195 = PCURVE('',#576,#3196);
#3196 = DEFINITIONAL_REPRESENTATION('',(#3197),#3201);
#3197 = LINE('',#3198,#3199);
#3198 = CARTESIAN_POINT('',(0.,-8.95));
#3199 = VECTOR('',#3200,1.);
#3200 = DIRECTION('',(1.,0.));
#3201 = ( GEOMETRIC_REPRESENTATION_CONTEXT(2) 
PARAMETRIC_REPRESENTATION_CONTEXT() REPRESENTATION_CONTEXT('2D SPACE',''
  ) );
#3202 = PCURVE('',#2669,#3203);
#3203 = DEFINITIONAL_REPRESENTATION('',(#3204),#3208);
#3204 = LINE('',#3205,#3206);
#3205 = CARTESIAN_POINT('',(0.,0.));
#3206 = VECTOR('',#3207,1.);
#3207 = DIRECTION('',(0.,1.));
#3208 = ( GEOMETRIC_REPRESENTATION_CONTEXT(2) 
PARAMETRIC_REPRESENTATION_CONTEXT() REPRESENTATION_CONTEXT('2D SPACE',''
  ) );
#3209 = ORIENTED_EDGE('',*,*,#3210,.F.);
#3210 = EDGE_CURVE('',#3211,#3188,#3213,.T.);
#3211 = VERTEX_POINT('',#3212);
#3212 = CARTESIAN_POINT('',(12.5,21.999999996056,4.6));
#3213 = SURFACE_CURVE('',#3214,(#3218,#3225),.PCURVE_S1.);
#3214 = LINE('',#3215,#3216);
#3215 = CARTESIAN_POINT('',(12.5,21.999999996056,0.));
#3216 = VECTOR('',#3217,1.);
#3217 = DIRECTION('',(0.,0.,1.));
#3218 = PCURVE('',#576,#3219);
#3219 = DEFINITIONAL_REPRESENTATION('',(#3220),#3224);
#3220 = LINE('',#3221,#3222);
#3221 = CARTESIAN_POINT('',(25.,0.));
#3222 = VECTOR('',#3223,1.);
#3223 = DIRECTION('',(0.,-1.));
#3224 = ( GEOMETRIC_REPRESENTATION_CONTEXT(2) 
PARAMETRIC_REPRESENTATION_CONTEXT() REPRESENTATION_CONTEXT('2D SPACE',''
  ) );
#3225 = PCURVE('',#3226,#3231);
#3226 = CYLINDRICAL_SURFACE('',#3227,11.5);
#3227 = AXIS2_PLACEMENT_3D('',#3228,#3229,#3230);
#3228 = CARTESIAN_POINT('',(12.5,10.499999992113,0.));
#3229 = DIRECTION('',(0.,0.,-1.));
#3230 = DIRECTION('',(-1.,0.,0.));
#3231 = DEFINITIONAL_REPRESENTATION('',(#3232),#3236);
#3232 = LINE('',#3233,#3234);
#3233 = CARTESIAN_POINT('',(1.570796326795,0.));
#3234 = VECTOR('',#3235,1.);
#3235 = DIRECTION('',(0.,-1.));
#3236 = ( GEOMETRIC_REPRESENTATION_CONTEXT(2) 
PARAMETRIC_REPRESENTATION_CONTEXT() REPRESENTATION_CONTEXT('2D SPACE',''
  ) );
#3237 = ORIENTED_EDGE('',*,*,#3238,.F.);
#3238 = EDGE_CURVE('',#3239,#3211,#3241,.T.);
#3239 = VERTEX_POINT('',#3240);
#3240 = CARTESIAN_POINT('',(7.708633526938,22.,4.6));
#3241 = SURFACE_CURVE('',#3242,(#3246,#3252),.PCURVE_S1.);
#3242 = LINE('',#3243,#3244);
#3243 = CARTESIAN_POINT('',(-0.400000002881,22.,4.6));
#3244 = VECTOR('',#3245,1.);
#3245 = DIRECTION('',(1.,0.,0.));
#3246 = PCURVE('',#576,#3247);
#3247 = DEFINITIONAL_REPRESENTATION('',(#3248),#3251);
#3248 = B_SPLINE_CURVE_WITH_KNOTS('',1,(#3249,#3250),.UNSPECIFIED.,.F.,
  .F.,(2,2),(7.999999988779,12.900000002881),.PIECEWISE_BEZIER_KNOTS.);
#3249 = CARTESIAN_POINT('',(20.099999985898,-4.6));
#3250 = CARTESIAN_POINT('',(25.,-4.6));
#3251 = ( GEOMETRIC_REPRESENTATION_CONTEXT(2) 
PARAMETRIC_REPRESENTATION_CONTEXT() REPRESENTATION_CONTEXT('2D SPACE',''
  ) );
#3252 = PCURVE('',#3253,#3258);
#3253 = PLANE('',#3254);
#3254 = AXIS2_PLACEMENT_3D('',#3255,#3256,#3257);
#3255 = CARTESIAN_POINT('',(11.699999994237,25.8,4.6));
#3256 = DIRECTION('',(0.,0.,1.));
#3257 = DIRECTION('',(1.,0.,-0.));
#3258 = DEFINITIONAL_REPRESENTATION('',(#3259),#3262);
#3259 = B_SPLINE_CURVE_WITH_KNOTS('',1,(#3260,#3261),.UNSPECIFIED.,.F.,
  .F.,(2,2),(7.999999988779,12.900000002881),.PIECEWISE_BEZIER_KNOTS.);
#3260 = CARTESIAN_POINT('',(-4.100000008339,-3.8));
#3261 = CARTESIAN_POINT('',(0.800000005763,-3.8));
#3262 = ( GEOMETRIC_REPRESENTATION_CONTEXT(2) 
PARAMETRIC_REPRESENTATION_CONTEXT() REPRESENTATION_CONTEXT('2D SPACE',''
  ) );
#3263 = ORIENTED_EDGE('',*,*,#3264,.T.);
#3264 = EDGE_CURVE('',#3239,#3265,#3267,.T.);
#3265 = VERTEX_POINT('',#3266);
#3266 = CARTESIAN_POINT('',(7.708633526938,22.,0.55));
#3267 = SURFACE_CURVE('',#3268,(#3272,#3278),.PCURVE_S1.);
#3268 = LINE('',#3269,#3270);
#3269 = CARTESIAN_POINT('',(7.708633526938,22.,0.));
#3270 = VECTOR('',#3271,1.);
#3271 = DIRECTION('',(-0.,-0.,-1.));
#3272 = PCURVE('',#576,#3273);
#3273 = DEFINITIONAL_REPRESENTATION('',(#3274),#3277);
#3274 = B_SPLINE_CURVE_WITH_KNOTS('',1,(#3275,#3276),.UNSPECIFIED.,.F.,
  .F.,(2,2),(-4.6000006,6.E-07),.PIECEWISE_BEZIER_KNOTS.);
#3275 = CARTESIAN_POINT('',(20.208633526938,-4.6000006));
#3276 = CARTESIAN_POINT('',(20.208633526938,6.E-07));
#3277 = ( GEOMETRIC_REPRESENTATION_CONTEXT(2) 
PARAMETRIC_REPRESENTATION_CONTEXT() REPRESENTATION_CONTEXT('2D SPACE',''
  ) );
#3278 = PCURVE('',#1944,#3279);
#3279 = DEFINITIONAL_REPRESENTATION('',(#3280),#3283);
#3280 = B_SPLINE_CURVE_WITH_KNOTS('',1,(#3281,#3282),.UNSPECIFIED.,.F.,
  .F.,(2,2),(-4.6000006,6.E-07),.PIECEWISE_BEZIER_KNOTS.);
#3281 = CARTESIAN_POINT('',(-3.411525449423,-4.6000006));
#3282 = CARTESIAN_POINT('',(-3.411525449423,6.E-07));
#3283 = ( GEOMETRIC_REPRESENTATION_CONTEXT(2) 
PARAMETRIC_REPRESENTATION_CONTEXT() REPRESENTATION_CONTEXT('2D SPACE',''
  ) );
#3284 = ORIENTED_EDGE('',*,*,#3285,.F.);
#3285 = EDGE_CURVE('',#3286,#3265,#3288,.T.);
#3286 = VERTEX_POINT('',#3287);
#3287 = CARTESIAN_POINT('',(-7.70863355916,22.,0.55));
#3288 = SURFACE_CURVE('',#3289,(#3293,#3300),.PCURVE_S1.);
#3289 = LINE('',#3290,#3291);
#3290 = CARTESIAN_POINT('',(-12.5,22.,0.55));
#3291 = VECTOR('',#3292,1.);
#3292 = DIRECTION('',(1.,0.,0.));
#3293 = PCURVE('',#576,#3294);
#3294 = DEFINITIONAL_REPRESENTATION('',(#3295),#3299);
#3295 = LINE('',#3296,#3297);
#3296 = CARTESIAN_POINT('',(0.,-0.55));
#3297 = VECTOR('',#3298,1.);
#3298 = DIRECTION('',(1.,0.));
#3299 = ( GEOMETRIC_REPRESENTATION_CONTEXT(2) 
PARAMETRIC_REPRESENTATION_CONTEXT() REPRESENTATION_CONTEXT('2D SPACE',''
  ) );
#3300 = PCURVE('',#1972,#3301);
#3301 = DEFINITIONAL_REPRESENTATION('',(#3302),#3306);
#3302 = LINE('',#3303,#3304);
#3303 = CARTESIAN_POINT('',(-0.,0.));
#3304 = VECTOR('',#3305,1.);
#3305 = DIRECTION('',(-0.,1.));
#3306 = ( GEOMETRIC_REPRESENTATION_CONTEXT(2) 
PARAMETRIC_REPRESENTATION_CONTEXT() REPRESENTATION_CONTEXT('2D SPACE',''
  ) );
#3307 = ORIENTED_EDGE('',*,*,#3308,.F.);
#3308 = EDGE_CURVE('',#3046,#3286,#3309,.T.);
#3309 = SURFACE_CURVE('',#3310,(#3314,#3320),.PCURVE_S1.);
#3310 = LINE('',#3311,#3312);
#3311 = CARTESIAN_POINT('',(-7.70863355916,22.,0.));
#3312 = VECTOR('',#3313,1.);
#3313 = DIRECTION('',(-0.,-0.,-1.));
#3314 = PCURVE('',#576,#3315);
#3315 = DEFINITIONAL_REPRESENTATION('',(#3316),#3319);
#3316 = B_SPLINE_CURVE_WITH_KNOTS('',1,(#3317,#3318),.UNSPECIFIED.,.F.,
  .F.,(2,2),(-4.6000006,6.E-07),.PIECEWISE_BEZIER_KNOTS.);
#3317 = CARTESIAN_POINT('',(4.79136644084,-4.6000006));
#3318 = CARTESIAN_POINT('',(4.79136644084,6.E-07));
#3319 = ( GEOMETRIC_REPRESENTATION_CONTEXT(2) 
PARAMETRIC_REPRESENTATION_CONTEXT() REPRESENTATION_CONTEXT('2D SPACE',''
  ) );
#3320 = PCURVE('',#2001,#3321);
#3321 = DEFINITIONAL_REPRESENTATION('',(#3322),#3325);
#3322 = B_SPLINE_CURVE_WITH_KNOTS('',1,(#3323,#3324),.UNSPECIFIED.,.F.,
  .F.,(2,2),(-4.6000006,6.E-07),.PIECEWISE_BEZIER_KNOTS.);
#3323 = CARTESIAN_POINT('',(-6.013252511346,-4.6000006));
#3324 = CARTESIAN_POINT('',(-6.013252511346,6.E-07));
#3325 = ( GEOMETRIC_REPRESENTATION_CONTEXT(2) 
PARAMETRIC_REPRESENTATION_CONTEXT() REPRESENTATION_CONTEXT('2D SPACE',''
  ) );
#3326 = ADVANCED_FACE('',(#3327,#3402),#665,.F.);
#3327 = FACE_BOUND('',#3328,.F.);
#3328 = EDGE_LOOP('',(#3329,#3359,#3380,#3381));
#3329 = ORIENTED_EDGE('',*,*,#3330,.F.);
#3330 = EDGE_CURVE('',#3331,#3333,#3335,.T.);
#3331 = VERTEX_POINT('',#3332);
#3332 = CARTESIAN_POINT('',(-21.2,-10.7,1.8));
#3333 = VERTEX_POINT('',#3334);
#3334 = CARTESIAN_POINT('',(-21.2,10.699999946586,1.8));
#3335 = SURFACE_CURVE('',#3336,(#3340,#3347),.PCURVE_S1.);
#3336 = LINE('',#3337,#3338);
#3337 = CARTESIAN_POINT('',(-21.2,1.24344978758E-14,1.8));
#3338 = VECTOR('',#3339,1.);
#3339 = DIRECTION('',(0.,1.,0.));
#3340 = PCURVE('',#665,#3341);
#3341 = DEFINITIONAL_REPRESENTATION('',(#3342),#3346);
#3342 = LINE('',#3343,#3344);
#3343 = CARTESIAN_POINT('',(10.7,0.));
#3344 = VECTOR('',#3345,1.);
#3345 = DIRECTION('',(1.,0.));
#3346 = ( GEOMETRIC_REPRESENTATION_CONTEXT(2) 
PARAMETRIC_REPRESENTATION_CONTEXT() REPRESENTATION_CONTEXT('2D SPACE',''
  ) );
#3347 = PCURVE('',#3348,#3353);
#3348 = PLANE('',#3349);
#3349 = AXIS2_PLACEMENT_3D('',#3350,#3351,#3352);
#3350 = CARTESIAN_POINT('',(-1.425198320616E-09,-1.638325935653E-08,1.8)
  );
#3351 = DIRECTION('',(0.,0.,1.));
#3352 = DIRECTION('',(1.,0.,-0.));
#3353 = DEFINITIONAL_REPRESENTATION('',(#3354),#3358);
#3354 = LINE('',#3355,#3356);
#3355 = CARTESIAN_POINT('',(-21.19999999857,1.638327179102E-08));
#3356 = VECTOR('',#3357,1.);
#3357 = DIRECTION('',(0.,1.));
#3358 = ( GEOMETRIC_REPRESENTATION_CONTEXT(2) 
PARAMETRIC_REPRESENTATION_CONTEXT() REPRESENTATION_CONTEXT('2D SPACE',''
  ) );
#3359 = ORIENTED_EDGE('',*,*,#3360,.T.);
#3360 = EDGE_CURVE('',#3331,#2712,#3361,.T.);
#3361 = SURFACE_CURVE('',#3362,(#3366,#3373),.PCURVE_S1.);
#3362 = LINE('',#3363,#3364);
#3363 = CARTESIAN_POINT('',(-21.2,-10.7,1.8));
#3364 = VECTOR('',#3365,1.);
#3365 = DIRECTION('',(0.,0.,1.));
#3366 = PCURVE('',#665,#3367);
#3367 = DEFINITIONAL_REPRESENTATION('',(#3368),#3372);
#3368 = LINE('',#3369,#3370);
#3369 = CARTESIAN_POINT('',(-1.7763568394E-15,0.));
#3370 = VECTOR('',#3371,1.);
#3371 = DIRECTION('',(0.,-1.));
#3372 = ( GEOMETRIC_REPRESENTATION_CONTEXT(2) 
PARAMETRIC_REPRESENTATION_CONTEXT() REPRESENTATION_CONTEXT('2D SPACE',''
  ) );
#3373 = PCURVE('',#2928,#3374);
#3374 = DEFINITIONAL_REPRESENTATION('',(#3375),#3379);
#3375 = LINE('',#3376,#3377);
#3376 = CARTESIAN_POINT('',(6.28318530718,0.));
#3377 = VECTOR('',#3378,1.);
#3378 = DIRECTION('',(0.,-1.));
#3379 = ( GEOMETRIC_REPRESENTATION_CONTEXT(2) 
PARAMETRIC_REPRESENTATION_CONTEXT() REPRESENTATION_CONTEXT('2D SPACE',''
  ) );
#3380 = ORIENTED_EDGE('',*,*,#2709,.F.);
#3381 = ORIENTED_EDGE('',*,*,#3382,.F.);
#3382 = EDGE_CURVE('',#3333,#2710,#3383,.T.);
#3383 = SURFACE_CURVE('',#3384,(#3388,#3395),.PCURVE_S1.);
#3384 = LINE('',#3385,#3386);
#3385 = CARTESIAN_POINT('',(-21.2,10.699999946586,1.8));
#3386 = VECTOR('',#3387,1.);
#3387 = DIRECTION('',(0.,0.,1.));
#3388 = PCURVE('',#665,#3389);
#3389 = DEFINITIONAL_REPRESENTATION('',(#3390),#3394);
#3390 = LINE('',#3391,#3392);
#3391 = CARTESIAN_POINT('',(21.399999946586,0.));
#3392 = VECTOR('',#3393,1.);
#3393 = DIRECTION('',(0.,-1.));
#3394 = ( GEOMETRIC_REPRESENTATION_CONTEXT(2) 
PARAMETRIC_REPRESENTATION_CONTEXT() REPRESENTATION_CONTEXT('2D SPACE',''
  ) );
#3395 = PCURVE('',#2753,#3396);
#3396 = DEFINITIONAL_REPRESENTATION('',(#3397),#3401);
#3397 = LINE('',#3398,#3399);
#3398 = CARTESIAN_POINT('',(0.,0.));
#3399 = VECTOR('',#3400,1.);
#3400 = DIRECTION('',(0.,-1.));
#3401 = ( GEOMETRIC_REPRESENTATION_CONTEXT(2) 
PARAMETRIC_REPRESENTATION_CONTEXT() REPRESENTATION_CONTEXT('2D SPACE',''
  ) );
#3402 = FACE_BOUND('',#3403,.F.);
#3403 = EDGE_LOOP('',(#3404));
#3404 = ORIENTED_EDGE('',*,*,#648,.T.);
#3405 = ADVANCED_FACE('',(#3406),#725,.T.);
#3406 = FACE_BOUND('',#3407,.T.);
#3407 = EDGE_LOOP('',(#3408,#3409,#3432,#3465,#3493,#3514,#3515));
#3408 = ORIENTED_EDGE('',*,*,#1303,.F.);
#3409 = ORIENTED_EDGE('',*,*,#3410,.T.);
#3410 = EDGE_CURVE('',#1304,#3411,#3413,.T.);
#3411 = VERTEX_POINT('',#3412);
#3412 = CARTESIAN_POINT('',(-15.8,-28.8,1.451471862576));
#3413 = SURFACE_CURVE('',#3414,(#3418,#3425),.PCURVE_S1.);
#3414 = LINE('',#3415,#3416);
#3415 = CARTESIAN_POINT('',(-15.8,-28.8,0.));
#3416 = VECTOR('',#3417,1.);
#3417 = DIRECTION('',(0.,0.,1.));
#3418 = PCURVE('',#725,#3419);
#3419 = DEFINITIONAL_REPRESENTATION('',(#3420),#3424);
#3420 = LINE('',#3421,#3422);
#3421 = CARTESIAN_POINT('',(0.,0.));
#3422 = VECTOR('',#3423,1.);
#3423 = DIRECTION('',(0.,-1.));
#3424 = ( GEOMETRIC_REPRESENTATION_CONTEXT(2) 
PARAMETRIC_REPRESENTATION_CONTEXT() REPRESENTATION_CONTEXT('2D SPACE',''
  ) );
#3425 = PCURVE('',#754,#3426);
#3426 = DEFINITIONAL_REPRESENTATION('',(#3427),#3431);
#3427 = LINE('',#3428,#3429);
#3428 = CARTESIAN_POINT('',(-3.14159265359,0.));
#3429 = VECTOR('',#3430,1.);
#3430 = DIRECTION('',(-0.,-1.));
#3431 = ( GEOMETRIC_REPRESENTATION_CONTEXT(2) 
PARAMETRIC_REPRESENTATION_CONTEXT() REPRESENTATION_CONTEXT('2D SPACE',''
  ) );
#3432 = ORIENTED_EDGE('',*,*,#3433,.T.);
#3433 = EDGE_CURVE('',#3411,#3434,#3436,.T.);
#3434 = VERTEX_POINT('',#3435);
#3435 = CARTESIAN_POINT('',(-15.79999998589,-28.1,1.2));
#3436 = SURFACE_CURVE('',#3437,(#3442,#3453),.PCURVE_S1.);
#3437 = CIRCLE('',#3438,1.1);
#3438 = AXIS2_PLACEMENT_3D('',#3439,#3440,#3441);
#3439 = CARTESIAN_POINT('',(-15.79999998589,-28.1,2.3));
#3440 = DIRECTION('',(1.,0.,2.22044604925E-16));
#3441 = DIRECTION('',(2.22044604925E-16,0.,-1.));
#3442 = PCURVE('',#725,#3443);
#3443 = DEFINITIONAL_REPRESENTATION('',(#3444),#3452);
#3444 = ( BOUNDED_CURVE() B_SPLINE_CURVE(2,(#3445,#3446,#3447,#3448,
#3449,#3450,#3451),.UNSPECIFIED.,.T.,.F.) B_SPLINE_CURVE_WITH_KNOTS((1,2
    ,2,2,2,1),(-2.094395102393,0.,2.094395102393,4.188790204786,
6.28318530718,8.377580409573),.UNSPECIFIED.) CURVE() 
GEOMETRIC_REPRESENTATION_ITEM() RATIONAL_B_SPLINE_CURVE((1.,0.5,1.,0.5,
1.,0.5,1.)) REPRESENTATION_ITEM('') );
#3445 = CARTESIAN_POINT('',(0.7,-1.2));
#3446 = CARTESIAN_POINT('',(2.605255888326,-1.2));
#3447 = CARTESIAN_POINT('',(1.652627944163,-2.85));
#3448 = CARTESIAN_POINT('',(0.7,-4.5));
#3449 = CARTESIAN_POINT('',(-0.252627944163,-2.85));
#3450 = CARTESIAN_POINT('',(-1.205255888326,-1.2));
#3451 = CARTESIAN_POINT('',(0.7,-1.2));
#3452 = ( GEOMETRIC_REPRESENTATION_CONTEXT(2) 
PARAMETRIC_REPRESENTATION_CONTEXT() REPRESENTATION_CONTEXT('2D SPACE',''
  ) );
#3453 = PCURVE('',#3454,#3459);
#3454 = CYLINDRICAL_SURFACE('',#3455,1.1);
#3455 = AXIS2_PLACEMENT_3D('',#3456,#3457,#3458);
#3456 = CARTESIAN_POINT('',(-16.7,-28.1,2.3));
#3457 = DIRECTION('',(1.,0.,2.22044604925E-16));
#3458 = DIRECTION('',(2.22044604925E-16,0.,-1.));
#3459 = DEFINITIONAL_REPRESENTATION('',(#3460),#3464);
#3460 = LINE('',#3461,#3462);
#3461 = CARTESIAN_POINT('',(0.,0.900000014102));
#3462 = VECTOR('',#3463,1.);
#3463 = DIRECTION('',(1.,0.));
#3464 = ( GEOMETRIC_REPRESENTATION_CONTEXT(2) 
PARAMETRIC_REPRESENTATION_CONTEXT() REPRESENTATION_CONTEXT('2D SPACE',''
  ) );
#3465 = ORIENTED_EDGE('',*,*,#3466,.T.);
#3466 = EDGE_CURVE('',#3434,#3467,#3469,.T.);
#3467 = VERTEX_POINT('',#3468);
#3468 = CARTESIAN_POINT('',(-15.8,-28.8,3.148528137424));
#3469 = SURFACE_CURVE('',#3470,(#3475,#3486),.PCURVE_S1.);
#3470 = CIRCLE('',#3471,1.1);
#3471 = AXIS2_PLACEMENT_3D('',#3472,#3473,#3474);
#3472 = CARTESIAN_POINT('',(-15.79999998589,-28.1,2.3));
#3473 = DIRECTION('',(1.,0.,2.22044604925E-16));
#3474 = DIRECTION('',(2.22044604925E-16,0.,-1.));
#3475 = PCURVE('',#725,#3476);
#3476 = DEFINITIONAL_REPRESENTATION('',(#3477),#3485);
#3477 = ( BOUNDED_CURVE() B_SPLINE_CURVE(2,(#3478,#3479,#3480,#3481,
#3482,#3483,#3484),.UNSPECIFIED.,.T.,.F.) B_SPLINE_CURVE_WITH_KNOTS((1,2
    ,2,2,2,1),(-2.094395102393,0.,2.094395102393,4.188790204786,
6.28318530718,8.377580409573),.UNSPECIFIED.) CURVE() 
GEOMETRIC_REPRESENTATION_ITEM() RATIONAL_B_SPLINE_CURVE((1.,0.5,1.,0.5,
1.,0.5,1.)) REPRESENTATION_ITEM('') );
#3478 = CARTESIAN_POINT('',(0.7,-1.2));
#3479 = CARTESIAN_POINT('',(2.605255888326,-1.2));
#3480 = CARTESIAN_POINT('',(1.652627944163,-2.85));
#3481 = CARTESIAN_POINT('',(0.7,-4.5));
#3482 = CARTESIAN_POINT('',(-0.252627944163,-2.85));
#3483 = CARTESIAN_POINT('',(-1.205255888326,-1.2));
#3484 = CARTESIAN_POINT('',(0.7,-1.2));
#3485 = ( GEOMETRIC_REPRESENTATION_CONTEXT(2) 
PARAMETRIC_REPRESENTATION_CONTEXT() REPRESENTATION_CONTEXT('2D SPACE',''
  ) );
#3486 = PCURVE('',#3454,#3487);
#3487 = DEFINITIONAL_REPRESENTATION('',(#3488),#3492);
#3488 = LINE('',#3489,#3490);
#3489 = CARTESIAN_POINT('',(0.,0.900000014102));
#3490 = VECTOR('',#3491,1.);
#3491 = DIRECTION('',(1.,0.));
#3492 = ( GEOMETRIC_REPRESENTATION_CONTEXT(2) 
PARAMETRIC_REPRESENTATION_CONTEXT() REPRESENTATION_CONTEXT('2D SPACE',''
  ) );
#3493 = ORIENTED_EDGE('',*,*,#3494,.T.);
#3494 = EDGE_CURVE('',#3467,#708,#3495,.T.);
#3495 = SURFACE_CURVE('',#3496,(#3500,#3507),.PCURVE_S1.);
#3496 = LINE('',#3497,#3498);
#3497 = CARTESIAN_POINT('',(-15.8,-28.8,0.));
#3498 = VECTOR('',#3499,1.);
#3499 = DIRECTION('',(0.,0.,1.));
#3500 = PCURVE('',#725,#3501);
#3501 = DEFINITIONAL_REPRESENTATION('',(#3502),#3506);
#3502 = LINE('',#3503,#3504);
#3503 = CARTESIAN_POINT('',(0.,0.));
#3504 = VECTOR('',#3505,1.);
#3505 = DIRECTION('',(0.,-1.));
#3506 = ( GEOMETRIC_REPRESENTATION_CONTEXT(2) 
PARAMETRIC_REPRESENTATION_CONTEXT() REPRESENTATION_CONTEXT('2D SPACE',''
  ) );
#3507 = PCURVE('',#754,#3508);
#3508 = DEFINITIONAL_REPRESENTATION('',(#3509),#3513);
#3509 = LINE('',#3510,#3511);
#3510 = CARTESIAN_POINT('',(-3.14159265359,0.));
#3511 = VECTOR('',#3512,1.);
#3512 = DIRECTION('',(-0.,-1.));
#3513 = ( GEOMETRIC_REPRESENTATION_CONTEXT(2) 
PARAMETRIC_REPRESENTATION_CONTEXT() REPRESENTATION_CONTEXT('2D SPACE',''
  ) );
#3514 = ORIENTED_EDGE('',*,*,#707,.T.);
#3515 = ORIENTED_EDGE('',*,*,#1031,.F.);
#3516 = ADVANCED_FACE('',(#3517),#868,.T.);
#3517 = FACE_BOUND('',#3518,.F.);
#3518 = EDGE_LOOP('',(#3519,#3520,#3541,#3542,#3543));
#3519 = ORIENTED_EDGE('',*,*,#1420,.F.);
#3520 = ORIENTED_EDGE('',*,*,#3521,.T.);
#3521 = EDGE_CURVE('',#1398,#824,#3522,.T.);
#3522 = SURFACE_CURVE('',#3523,(#3527,#3534),.PCURVE_S1.);
#3523 = LINE('',#3524,#3525);
#3524 = CARTESIAN_POINT('',(-7.600000002009,-22.8,0.));
#3525 = VECTOR('',#3526,1.);
#3526 = DIRECTION('',(0.,0.,1.));
#3527 = PCURVE('',#868,#3528);
#3528 = DEFINITIONAL_REPRESENTATION('',(#3529),#3533);
#3529 = LINE('',#3530,#3531);
#3530 = CARTESIAN_POINT('',(-0.,0.));
#3531 = VECTOR('',#3532,1.);
#3532 = DIRECTION('',(-0.,-1.));
#3533 = ( GEOMETRIC_REPRESENTATION_CONTEXT(2) 
PARAMETRIC_REPRESENTATION_CONTEXT() REPRESENTATION_CONTEXT('2D SPACE',''
  ) );
#3534 = PCURVE('',#839,#3535);
#3535 = DEFINITIONAL_REPRESENTATION('',(#3536),#3540);
#3536 = LINE('',#3537,#3538);
#3537 = CARTESIAN_POINT('',(6.,0.));
#3538 = VECTOR('',#3539,1.);
#3539 = DIRECTION('',(0.,-1.));
#3540 = ( GEOMETRIC_REPRESENTATION_CONTEXT(2) 
PARAMETRIC_REPRESENTATION_CONTEXT() REPRESENTATION_CONTEXT('2D SPACE',''
  ) );
#3541 = ORIENTED_EDGE('',*,*,#851,.T.);
#3542 = ORIENTED_EDGE('',*,*,#1278,.T.);
#3543 = ORIENTED_EDGE('',*,*,#3544,.T.);
#3544 = EDGE_CURVE('',#1251,#1421,#3545,.T.);
#3545 = SURFACE_CURVE('',#3546,(#3561,#3579),.PCURVE_S1.);
#3546 = B_SPLINE_CURVE_WITH_KNOTS('',7,(#3547,#3548,#3549,#3550,#3551,
    #3552,#3553,#3554,#3555,#3556,#3557,#3558,#3559,#3560),
  .UNSPECIFIED.,.F.,.F.,(8,6,8),(0.,0.448264269073,1.),.UNSPECIFIED.);
#3547 = CARTESIAN_POINT('',(-7.70863355916,-22.,0.55));
#3548 = CARTESIAN_POINT('',(-7.70863355916,-22.,0.496260332516));
#3549 = CARTESIAN_POINT('',(-7.710328586971,-21.99387404884,
    0.442439487621));
#3550 = CARTESIAN_POINT('',(-7.713727532312,-21.98158877303,
    0.389323161543));
#3551 = CARTESIAN_POINT('',(-7.718898614516,-21.96321856316,
    0.337699106449));
#3552 = CARTESIAN_POINT('',(-7.725971449304,-21.93893768211,
    0.288340663928));
#3553 = CARTESIAN_POINT('',(-7.735124777972,-21.90901084679,
    0.24200082343));
#3554 = CARTESIAN_POINT('',(-7.76063446459,-21.8304220194,0.147003250057
    ));
#3555 = CARTESIAN_POINT('',(-7.778216300514,-21.77887474995,
    0.100091859579));
#3556 = CARTESIAN_POINT('',(-7.799564740643,-21.72017369005,
    6.073022865441E-02));
#3557 = CARTESIAN_POINT('',(-7.824815943609,-21.65596695881,
    3.041673243249E-02));
#3558 = CARTESIAN_POINT('',(-7.853874446223,-21.58817879203,
    1.005666175195E-02));
#3559 = CARTESIAN_POINT('',(-7.886218064398,-21.51885505922,
    -1.110223024625E-16));
#3560 = CARTESIAN_POINT('',(-7.920914353197,-21.45,-1.110223024625E-16)
  );
#3561 = PCURVE('',#868,#3562);
#3562 = DEFINITIONAL_REPRESENTATION('',(#3563),#3578);
#3563 = B_SPLINE_CURVE_WITH_KNOTS('',7,(#3564,#3565,#3566,#3567,#3568,
    #3569,#3570,#3571,#3572,#3573,#3574,#3575,#3576,#3577),
  .UNSPECIFIED.,.F.,.F.,(8,6,8),(0.,0.448264269073,1.),.UNSPECIFIED.);
#3564 = CARTESIAN_POINT('',(-0.269932795833,-0.55));
#3565 = CARTESIAN_POINT('',(-0.269932795833,-0.496260332516));
#3566 = CARTESIAN_POINT('',(-0.272051493321,-0.442439487621));
#3567 = CARTESIAN_POINT('',(-0.276300466813,-0.389323161543));
#3568 = CARTESIAN_POINT('',(-0.282661739877,-0.337699106449));
#3569 = CARTESIAN_POINT('',(-0.291090978207,-0.288340663928));
#3570 = CARTESIAN_POINT('',(-0.301521232874,-0.24200082343));
#3571 = CARTESIAN_POINT('',(-0.329063015075,-0.147003250057));
#3572 = CARTESIAN_POINT('',(-0.347215389674,-0.100091859579));
#3573 = CARTESIAN_POINT('',(-0.368029432713,-6.073022865429E-02));
#3574 = CARTESIAN_POINT('',(-0.391011532185,-3.041673243261E-02));
#3575 = CARTESIAN_POINT('',(-0.41557678531,-1.00566617519E-02));
#3576 = CARTESIAN_POINT('',(-0.441064384381,1.110223024625E-16));
#3577 = CARTESIAN_POINT('',(-0.466765339047,1.110223024625E-16));
#3578 = ( GEOMETRIC_REPRESENTATION_CONTEXT(2) 
PARAMETRIC_REPRESENTATION_CONTEXT() REPRESENTATION_CONTEXT('2D SPACE',''
  ) );
#3579 = PCURVE('',#1266,#3580);
#3580 = DEFINITIONAL_REPRESENTATION('',(#3581),#3596);
#3581 = B_SPLINE_CURVE_WITH_KNOTS('',7,(#3582,#3583,#3584,#3585,#3586,
    #3587,#3588,#3589,#3590,#3591,#3592,#3593,#3594,#3595),
  .UNSPECIFIED.,.F.,.F.,(8,6,8),(0.,0.448264269073,1.),.UNSPECIFIED.);
#3582 = CARTESIAN_POINT('',(0.,20.208633546581));
#3583 = CARTESIAN_POINT('',(-9.770848633504E-02,20.208633546581));
#3584 = CARTESIAN_POINT('',(-0.195564754522,20.210328574392));
#3585 = CARTESIAN_POINT('',(-0.293662897448,20.213727519732));
#3586 = CARTESIAN_POINT('',(-0.392117016082,20.218898601937));
#3587 = CARTESIAN_POINT('',(-0.491061794426,20.225971436725));
#3588 = CARTESIAN_POINT('',(-0.590664781991,20.235124765393));
#3589 = CARTESIAN_POINT('',(-0.814830767843,20.260634452011));
#3590 = CARTESIAN_POINT('',(-0.940291274758,20.278216287935));
#3591 = CARTESIAN_POINT('',(-1.066556515009,20.299564728064));
#3592 = CARTESIAN_POINT('',(-1.193106062096,20.324815931029));
#3593 = CARTESIAN_POINT('',(-1.319562187688,20.353874433644));
#3594 = CARTESIAN_POINT('',(-1.44560531003,20.386218051818));
#3595 = CARTESIAN_POINT('',(-1.570796326795,20.420914340617));
#3596 = ( GEOMETRIC_REPRESENTATION_CONTEXT(2) 
PARAMETRIC_REPRESENTATION_CONTEXT() REPRESENTATION_CONTEXT('2D SPACE',''
  ) );
#3597 = ADVANCED_FACE('',(#3598),#839,.F.);
#3598 = FACE_BOUND('',#3599,.F.);
#3599 = EDGE_LOOP('',(#3600,#3601,#3624,#3652,#3680,#3701,#3702));
#3600 = ORIENTED_EDGE('',*,*,#1397,.F.);
#3601 = ORIENTED_EDGE('',*,*,#3602,.T.);
#3602 = EDGE_CURVE('',#1374,#3603,#3605,.T.);
#3603 = VERTEX_POINT('',#3604);
#3604 = CARTESIAN_POINT('',(-7.600000002009,-28.8,1.451471862576));
#3605 = SURFACE_CURVE('',#3606,(#3610,#3617),.PCURVE_S1.);
#3606 = LINE('',#3607,#3608);
#3607 = CARTESIAN_POINT('',(-7.600000002009,-28.8,0.));
#3608 = VECTOR('',#3609,1.);
#3609 = DIRECTION('',(0.,0.,1.));
#3610 = PCURVE('',#839,#3611);
#3611 = DEFINITIONAL_REPRESENTATION('',(#3612),#3616);
#3612 = LINE('',#3613,#3614);
#3613 = CARTESIAN_POINT('',(0.,0.));
#3614 = VECTOR('',#3615,1.);
#3615 = DIRECTION('',(0.,-1.));
#3616 = ( GEOMETRIC_REPRESENTATION_CONTEXT(2) 
PARAMETRIC_REPRESENTATION_CONTEXT() REPRESENTATION_CONTEXT('2D SPACE',''
  ) );
#3617 = PCURVE('',#811,#3618);
#3618 = DEFINITIONAL_REPRESENTATION('',(#3619),#3623);
#3619 = LINE('',#3620,#3621);
#3620 = CARTESIAN_POINT('',(-6.28318530718,0.));
#3621 = VECTOR('',#3622,1.);
#3622 = DIRECTION('',(-0.,-1.));
#3623 = ( GEOMETRIC_REPRESENTATION_CONTEXT(2) 
PARAMETRIC_REPRESENTATION_CONTEXT() REPRESENTATION_CONTEXT('2D SPACE',''
  ) );
#3624 = ORIENTED_EDGE('',*,*,#3625,.T.);
#3625 = EDGE_CURVE('',#3603,#3626,#3628,.T.);
#3626 = VERTEX_POINT('',#3627);
#3627 = CARTESIAN_POINT('',(-7.599999985898,-28.1,1.2));
#3628 = SURFACE_CURVE('',#3629,(#3634,#3645),.PCURVE_S1.);
#3629 = CIRCLE('',#3630,1.1);
#3630 = AXIS2_PLACEMENT_3D('',#3631,#3632,#3633);
#3631 = CARTESIAN_POINT('',(-7.599999985898,-28.1,2.3));
#3632 = DIRECTION('',(1.,0.,2.22044604925E-16));
#3633 = DIRECTION('',(2.22044604925E-16,0.,-1.));
#3634 = PCURVE('',#839,#3635);
#3635 = DEFINITIONAL_REPRESENTATION('',(#3636),#3644);
#3636 = ( BOUNDED_CURVE() B_SPLINE_CURVE(2,(#3637,#3638,#3639,#3640,
#3641,#3642,#3643),.UNSPECIFIED.,.T.,.F.) B_SPLINE_CURVE_WITH_KNOTS((1,2
    ,2,2,2,1),(-2.094395102393,0.,2.094395102393,4.188790204786,
6.28318530718,8.377580409573),.UNSPECIFIED.) CURVE() 
GEOMETRIC_REPRESENTATION_ITEM() RATIONAL_B_SPLINE_CURVE((1.,0.5,1.,0.5,
1.,0.5,1.)) REPRESENTATION_ITEM('') );
#3637 = CARTESIAN_POINT('',(0.7,-1.2));
#3638 = CARTESIAN_POINT('',(2.605255888326,-1.2));
#3639 = CARTESIAN_POINT('',(1.652627944163,-2.85));
#3640 = CARTESIAN_POINT('',(0.7,-4.5));
#3641 = CARTESIAN_POINT('',(-0.252627944163,-2.85));
#3642 = CARTESIAN_POINT('',(-1.205255888326,-1.2));
#3643 = CARTESIAN_POINT('',(0.7,-1.2));
#3644 = ( GEOMETRIC_REPRESENTATION_CONTEXT(2) 
PARAMETRIC_REPRESENTATION_CONTEXT() REPRESENTATION_CONTEXT('2D SPACE',''
  ) );
#3645 = PCURVE('',#3454,#3646);
#3646 = DEFINITIONAL_REPRESENTATION('',(#3647),#3651);
#3647 = LINE('',#3648,#3649);
#3648 = CARTESIAN_POINT('',(0.,9.100000014102));
#3649 = VECTOR('',#3650,1.);
#3650 = DIRECTION('',(1.,0.));
#3651 = ( GEOMETRIC_REPRESENTATION_CONTEXT(2) 
PARAMETRIC_REPRESENTATION_CONTEXT() REPRESENTATION_CONTEXT('2D SPACE',''
  ) );
#3652 = ORIENTED_EDGE('',*,*,#3653,.T.);
#3653 = EDGE_CURVE('',#3626,#3654,#3656,.T.);
#3654 = VERTEX_POINT('',#3655);
#3655 = CARTESIAN_POINT('',(-7.600000002009,-28.8,3.148528137424));
#3656 = SURFACE_CURVE('',#3657,(#3662,#3673),.PCURVE_S1.);
#3657 = CIRCLE('',#3658,1.1);
#3658 = AXIS2_PLACEMENT_3D('',#3659,#3660,#3661);
#3659 = CARTESIAN_POINT('',(-7.599999985898,-28.1,2.3));
#3660 = DIRECTION('',(1.,0.,2.22044604925E-16));
#3661 = DIRECTION('',(2.22044604925E-16,0.,-1.));
#3662 = PCURVE('',#839,#3663);
#3663 = DEFINITIONAL_REPRESENTATION('',(#3664),#3672);
#3664 = ( BOUNDED_CURVE() B_SPLINE_CURVE(2,(#3665,#3666,#3667,#3668,
#3669,#3670,#3671),.UNSPECIFIED.,.T.,.F.) B_SPLINE_CURVE_WITH_KNOTS((1,2
    ,2,2,2,1),(-2.094395102393,0.,2.094395102393,4.188790204786,
6.28318530718,8.377580409573),.UNSPECIFIED.) CURVE() 
GEOMETRIC_REPRESENTATION_ITEM() RATIONAL_B_SPLINE_CURVE((1.,0.5,1.,0.5,
1.,0.5,1.)) REPRESENTATION_ITEM('') );
#3665 = CARTESIAN_POINT('',(0.7,-1.2));
#3666 = CARTESIAN_POINT('',(2.605255888326,-1.2));
#3667 = CARTESIAN_POINT('',(1.652627944163,-2.85));
#3668 = CARTESIAN_POINT('',(0.7,-4.5));
#3669 = CARTESIAN_POINT('',(-0.252627944163,-2.85));
#3670 = CARTESIAN_POINT('',(-1.205255888326,-1.2));
#3671 = CARTESIAN_POINT('',(0.7,-1.2));
#3672 = ( GEOMETRIC_REPRESENTATION_CONTEXT(2) 
PARAMETRIC_REPRESENTATION_CONTEXT() REPRESENTATION_CONTEXT('2D SPACE',''
  ) );
#3673 = PCURVE('',#3454,#3674);
#3674 = DEFINITIONAL_REPRESENTATION('',(#3675),#3679);
#3675 = LINE('',#3676,#3677);
#3676 = CARTESIAN_POINT('',(0.,9.100000014102));
#3677 = VECTOR('',#3678,1.);
#3678 = DIRECTION('',(1.,0.));
#3679 = ( GEOMETRIC_REPRESENTATION_CONTEXT(2) 
PARAMETRIC_REPRESENTATION_CONTEXT() REPRESENTATION_CONTEXT('2D SPACE',''
  ) );
#3680 = ORIENTED_EDGE('',*,*,#3681,.T.);
#3681 = EDGE_CURVE('',#3654,#795,#3682,.T.);
#3682 = SURFACE_CURVE('',#3683,(#3687,#3694),.PCURVE_S1.);
#3683 = LINE('',#3684,#3685);
#3684 = CARTESIAN_POINT('',(-7.600000002009,-28.8,0.));
#3685 = VECTOR('',#3686,1.);
#3686 = DIRECTION('',(0.,0.,1.));
#3687 = PCURVE('',#839,#3688);
#3688 = DEFINITIONAL_REPRESENTATION('',(#3689),#3693);
#3689 = LINE('',#3690,#3691);
#3690 = CARTESIAN_POINT('',(0.,0.));
#3691 = VECTOR('',#3692,1.);
#3692 = DIRECTION('',(0.,-1.));
#3693 = ( GEOMETRIC_REPRESENTATION_CONTEXT(2) 
PARAMETRIC_REPRESENTATION_CONTEXT() REPRESENTATION_CONTEXT('2D SPACE',''
  ) );
#3694 = PCURVE('',#811,#3695);
#3695 = DEFINITIONAL_REPRESENTATION('',(#3696),#3700);
#3696 = LINE('',#3697,#3698);
#3697 = CARTESIAN_POINT('',(-6.28318530718,0.));
#3698 = VECTOR('',#3699,1.);
#3699 = DIRECTION('',(-0.,-1.));
#3700 = ( GEOMETRIC_REPRESENTATION_CONTEXT(2) 
PARAMETRIC_REPRESENTATION_CONTEXT() REPRESENTATION_CONTEXT('2D SPACE',''
  ) );
#3701 = ORIENTED_EDGE('',*,*,#823,.T.);
#3702 = ORIENTED_EDGE('',*,*,#3521,.F.);
#3703 = ADVANCED_FACE('',(#3704),#811,.T.);
#3704 = FACE_BOUND('',#3705,.F.);
#3705 = EDGE_LOOP('',(#3706,#3707,#3728,#3729,#3730,#3820));
#3706 = ORIENTED_EDGE('',*,*,#1373,.F.);
#3707 = ORIENTED_EDGE('',*,*,#3708,.T.);
#3708 = EDGE_CURVE('',#1351,#767,#3709,.T.);
#3709 = SURFACE_CURVE('',#3710,(#3714,#3721),.PCURVE_S1.);
#3710 = LINE('',#3711,#3712);
#3711 = CARTESIAN_POINT('',(-10.60000001812,-31.8,0.));
#3712 = VECTOR('',#3713,1.);
#3713 = DIRECTION('',(0.,0.,1.));
#3714 = PCURVE('',#811,#3715);
#3715 = DEFINITIONAL_REPRESENTATION('',(#3716),#3720);
#3716 = LINE('',#3717,#3718);
#3717 = CARTESIAN_POINT('',(-4.712388980385,0.));
#3718 = VECTOR('',#3719,1.);
#3719 = DIRECTION('',(-0.,-1.));
#3720 = ( GEOMETRIC_REPRESENTATION_CONTEXT(2) 
PARAMETRIC_REPRESENTATION_CONTEXT() REPRESENTATION_CONTEXT('2D SPACE',''
  ) );
#3721 = PCURVE('',#782,#3722);
#3722 = DEFINITIONAL_REPRESENTATION('',(#3723),#3727);
#3723 = LINE('',#3724,#3725);
#3724 = CARTESIAN_POINT('',(2.199999995982,0.));
#3725 = VECTOR('',#3726,1.);
#3726 = DIRECTION('',(0.,-1.));
#3727 = ( GEOMETRIC_REPRESENTATION_CONTEXT(2) 
PARAMETRIC_REPRESENTATION_CONTEXT() REPRESENTATION_CONTEXT('2D SPACE',''
  ) );
#3728 = ORIENTED_EDGE('',*,*,#794,.T.);
#3729 = ORIENTED_EDGE('',*,*,#3681,.F.);
#3730 = ORIENTED_EDGE('',*,*,#3731,.T.);
#3731 = EDGE_CURVE('',#3654,#3603,#3732,.T.);
#3732 = SURFACE_CURVE('',#3733,(#3760,#3790),.PCURVE_S1.);
#3733 = B_SPLINE_CURVE_WITH_KNOTS('',5,(#3734,#3735,#3736,#3737,#3738,
    #3739,#3740,#3741,#3742,#3743,#3744,#3745,#3746,#3747,#3748,#3749,
    #3750,#3751,#3752,#3753,#3754,#3755,#3756,#3757,#3758,#3759),
  .UNSPECIFIED.,.F.,.F.,(6,4,4,4,4,4,6),(0.,0.125203008289,
    0.218833361455,0.499999837444,0.780957367844,0.875562566696,1.),
  .UNSPECIFIED.);
#3734 = CARTESIAN_POINT('',(-7.60000001812,-28.8,3.148528137424));
#3735 = CARTESIAN_POINT('',(-7.60000001812,-28.84005885843,
    3.115481265235));
#3736 = CARTESIAN_POINT('',(-7.600668656588,-28.87770314003,
    3.080453555098));
#3737 = CARTESIAN_POINT('',(-7.601844672269,-28.91286987672,
    3.043681107086));
#3738 = CARTESIAN_POINT('',(-7.603379545622,-28.94551675806,
    3.005390076779));
#3739 = CARTESIAN_POINT('',(-7.606465059069,-28.99813384074,
    2.93619104128));
#3740 = CARTESIAN_POINT('',(-7.607914433059,-29.01922960825,2.9058495338
    ));
#3741 = CARTESIAN_POINT('',(-7.60943969647,-29.03890474031,
    2.874856045982));
#3742 = CARTESIAN_POINT('',(-7.610994336267,-29.05715935576,
    2.843285094381));
#3743 = CARTESIAN_POINT('',(-7.617176088933,-29.12456056373,
    2.714865479433));
#3744 = CARTESIAN_POINT('',(-7.621719329223,-29.16233563962,
    2.613946885337));
#3745 = CARTESIAN_POINT('',(-7.625097108075,-29.18744484674,
    2.51022280058));
#3746 = CARTESIAN_POINT('',(-7.626786268657,-29.2,2.405111277244));
#3747 = CARTESIAN_POINT('',(-7.626786268657,-29.2,2.194966834977));
#3748 = CARTESIAN_POINT('',(-7.625099617729,-29.18746350082,
    2.089933420182));
#3749 = CARTESIAN_POINT('',(-7.621726856698,-29.16239159422,
    1.986284373055));
#3750 = CARTESIAN_POINT('',(-7.617189591875,-29.12467282767,
    1.885434548419));
#3751 = CARTESIAN_POINT('',(-7.610995583002,-29.05718463503,
    1.75673428145));
#3752 = CARTESIAN_POINT('',(-7.60942447141,-29.03873786873,
    1.724834945332));
#3753 = CARTESIAN_POINT('',(-7.607883471231,-29.01884081323,
    1.693525377349));
#3754 = CARTESIAN_POINT('',(-7.60642060483,-28.99749337375,
    1.662882493309));
#3755 = CARTESIAN_POINT('',(-7.60334208019,-28.94471754862,
    1.593673569779));
#3756 = CARTESIAN_POINT('',(-7.601823153519,-28.9122244071,
    1.555644429287));
#3757 = CARTESIAN_POINT('',(-7.6006604991,-28.87724254802,1.519118009132
    ));
#3758 = CARTESIAN_POINT('',(-7.60000001812,-28.83981375272,
    1.484316532865));
#3759 = CARTESIAN_POINT('',(-7.60000001812,-28.8,1.451471862576));
#3760 = PCURVE('',#811,#3761);
#3761 = DEFINITIONAL_REPRESENTATION('',(#3762),#3789);
#3762 = B_SPLINE_CURVE_WITH_KNOTS('',5,(#3763,#3764,#3765,#3766,#3767,
    #3768,#3769,#3770,#3771,#3772,#3773,#3774,#3775,#3776,#3777,#3778,
    #3779,#3780,#3781,#3782,#3783,#3784,#3785,#3786,#3787,#3788),
  .UNSPECIFIED.,.F.,.F.,(6,4,4,4,4,4,6),(0.,0.125203008289,
    0.218833361455,0.499999837444,0.780957367844,0.875562566696,1.),
  .UNSPECIFIED.);
#3763 = CARTESIAN_POINT('',(-6.28318530718,-3.148528137424));
#3764 = CARTESIAN_POINT('',(-6.269832354367,-3.115481265235));
#3765 = CARTESIAN_POINT('',(-6.257284260633,-3.080453555098));
#3766 = CARTESIAN_POINT('',(-6.245557054061,-3.043681107086));
#3767 = CARTESIAN_POINT('',(-6.234663472205,-3.005390076779));
#3768 = CARTESIAN_POINT('',(-6.217094314308,-2.93619104128));
#3769 = CARTESIAN_POINT('',(-6.210046150389,-2.9058495338));
#3770 = CARTESIAN_POINT('',(-6.203468410019,-2.874856045982));
#3771 = CARTESIAN_POINT('',(-6.197361623013,-2.843285094381));
#3772 = CARTESIAN_POINT('',(-6.174800257553,-2.714865479433));
#3773 = CARTESIAN_POINT('',(-6.162122584356,-2.613946885337));
#3774 = CARTESIAN_POINT('',(-6.153676187291,-2.51022280058));
#3775 = CARTESIAN_POINT('',(-6.14945371777,-2.405111277244));
#3776 = CARTESIAN_POINT('',(-6.14945371777,-2.194966834977));
#3777 = CARTESIAN_POINT('',(-6.153669914403,-2.089933420182));
#3778 = CARTESIAN_POINT('',(-6.162103760555,-1.986284373055));
#3779 = CARTESIAN_POINT('',(-6.174762581528,-1.885434548419));
#3780 = CARTESIAN_POINT('',(-6.197353193863,-1.75673428145));
#3781 = CARTESIAN_POINT('',(-6.203524263327,-1.724834945332));
#3782 = CARTESIAN_POINT('',(-6.210176151234,-1.693525377349));
#3783 = CARTESIAN_POINT('',(-6.217308304282,-1.662882493309));
#3784 = CARTESIAN_POINT('',(-6.234930150041,-1.593673569779));
#3785 = CARTESIAN_POINT('',(-6.245772301078,-1.555644429287));
#3786 = CARTESIAN_POINT('',(-6.257437791311,-1.519118009132));
#3787 = CARTESIAN_POINT('',(-6.269914056273,-1.484316532865));
#3788 = CARTESIAN_POINT('',(-6.28318530718,-1.451471862576));
#3789 = ( GEOMETRIC_REPRESENTATION_CONTEXT(2) 
PARAMETRIC_REPRESENTATION_CONTEXT() REPRESENTATION_CONTEXT('2D SPACE',''
  ) );
#3790 = PCURVE('',#3454,#3791);
#3791 = DEFINITIONAL_REPRESENTATION('',(#3792),#3819);
#3792 = B_SPLINE_CURVE_WITH_KNOTS('',5,(#3793,#3794,#3795,#3796,#3797,
    #3798,#3799,#3800,#3801,#3802,#3803,#3804,#3805,#3806,#3807,#3808,
    #3809,#3810,#3811,#3812,#3813,#3814,#3815,#3816,#3817,#3818),
  .UNSPECIFIED.,.F.,.F.,(6,4,4,4,4,4,6),(0.,0.125203008289,
    0.218833361455,0.499999837444,0.780957367844,0.875562566696,1.),
  .UNSPECIFIED.);
#3793 = CARTESIAN_POINT('',(3.831367654375,9.09999998188));
#3794 = CARTESIAN_POINT('',(3.878577471788,9.09999998188));
#3795 = CARTESIAN_POINT('',(3.925239994789,9.099331343412));
#3796 = CARTESIAN_POINT('',(3.971393560225,9.098155327731));
#3797 = CARTESIAN_POINT('',(4.017066831056,9.096620454378));
#3798 = CARTESIAN_POINT('',(4.096095353492,9.093534940931));
#3799 = CARTESIAN_POINT('',(4.129660092683,9.092085566941));
#3800 = CARTESIAN_POINT('',(4.162995141321,9.09056030353));
#3801 = CARTESIAN_POINT('',(4.196120735036,9.089005663733));
#3802 = CARTESIAN_POINT('',(4.327968757803,9.082823911067));
#3803 = CARTESIAN_POINT('',(4.425163875919,9.078280670777));
#3804 = CARTESIAN_POINT('',(4.521277769716,9.074902891925));
#3805 = CARTESIAN_POINT('',(4.616833273799,9.073213731343));
#3806 = CARTESIAN_POINT('',(4.807873675861,9.073213731343));
#3807 = CARTESIAN_POINT('',(4.903358173935,9.074900382271));
#3808 = CARTESIAN_POINT('',(4.999399795677,9.078273143302));
#3809 = CARTESIAN_POINT('',(5.096520257395,9.082810408125));
#3810 = CARTESIAN_POINT('',(5.228630951224,9.089004416998));
#3811 = CARTESIAN_POINT('',(5.262101559169,9.09057552859));
#3812 = CARTESIAN_POINT('',(5.295786097501,9.092116528769));
#3813 = CARTESIAN_POINT('',(5.329705430109,9.09357939517));
#3814 = CARTESIAN_POINT('',(5.408828531258,9.09665791981));
#3815 = CARTESIAN_POINT('',(5.454231226827,9.098176846481));
#3816 = CARTESIAN_POINT('',(5.500108818167,9.0993395009));
#3817 = CARTESIAN_POINT('',(5.546489348839,9.09999998188));
#3818 = CARTESIAN_POINT('',(5.593410306394,9.09999998188));
#3819 = ( GEOMETRIC_REPRESENTATION_CONTEXT(2) 
PARAMETRIC_REPRESENTATION_CONTEXT() REPRESENTATION_CONTEXT('2D SPACE',''
  ) );
#3820 = ORIENTED_EDGE('',*,*,#3602,.F.);
#3821 = ADVANCED_FACE('',(#3822),#782,.F.);
#3822 = FACE_BOUND('',#3823,.F.);
#3823 = EDGE_LOOP('',(#3824,#3845,#3846,#3847));
#3824 = ORIENTED_EDGE('',*,*,#3825,.T.);
#3825 = EDGE_CURVE('',#1327,#738,#3826,.T.);
#3826 = SURFACE_CURVE('',#3827,(#3831,#3838),.PCURVE_S1.);
#3827 = LINE('',#3828,#3829);
#3828 = CARTESIAN_POINT('',(-12.8000000141,-31.8,0.));
#3829 = VECTOR('',#3830,1.);
#3830 = DIRECTION('',(0.,0.,1.));
#3831 = PCURVE('',#782,#3832);
#3832 = DEFINITIONAL_REPRESENTATION('',(#3833),#3837);
#3833 = LINE('',#3834,#3835);
#3834 = CARTESIAN_POINT('',(2.22044604925E-16,0.));
#3835 = VECTOR('',#3836,1.);
#3836 = DIRECTION('',(0.,-1.));
#3837 = ( GEOMETRIC_REPRESENTATION_CONTEXT(2) 
PARAMETRIC_REPRESENTATION_CONTEXT() REPRESENTATION_CONTEXT('2D SPACE',''
  ) );
#3838 = PCURVE('',#754,#3839);
#3839 = DEFINITIONAL_REPRESENTATION('',(#3840),#3844);
#3840 = LINE('',#3841,#3842);
#3841 = CARTESIAN_POINT('',(-4.712388980385,0.));
#3842 = VECTOR('',#3843,1.);
#3843 = DIRECTION('',(-0.,-1.));
#3844 = ( GEOMETRIC_REPRESENTATION_CONTEXT(2) 
PARAMETRIC_REPRESENTATION_CONTEXT() REPRESENTATION_CONTEXT('2D SPACE',''
  ) );
#3845 = ORIENTED_EDGE('',*,*,#766,.T.);
#3846 = ORIENTED_EDGE('',*,*,#3708,.F.);
#3847 = ORIENTED_EDGE('',*,*,#1350,.F.);
#3848 = ADVANCED_FACE('',(#3849),#754,.T.);
#3849 = FACE_BOUND('',#3850,.F.);
#3850 = EDGE_LOOP('',(#3851,#3852,#3853,#3943,#3944,#3945));
#3851 = ORIENTED_EDGE('',*,*,#1326,.F.);
#3852 = ORIENTED_EDGE('',*,*,#3410,.T.);
#3853 = ORIENTED_EDGE('',*,*,#3854,.F.);
#3854 = EDGE_CURVE('',#3467,#3411,#3855,.T.);
#3855 = SURFACE_CURVE('',#3856,(#3883,#3913),.PCURVE_S1.);
#3856 = B_SPLINE_CURVE_WITH_KNOTS('',5,(#3857,#3858,#3859,#3860,#3861,
    #3862,#3863,#3864,#3865,#3866,#3867,#3868,#3869,#3870,#3871,#3872,
    #3873,#3874,#3875,#3876,#3877,#3878,#3879,#3880,#3881,#3882),
  .UNSPECIFIED.,.F.,.F.,(6,4,4,4,4,4,6),(0.,0.12520300422,0.218833354344
    ,0.499999837452,0.780957374935,0.875562570725,1.),.UNSPECIFIED.);
#3857 = CARTESIAN_POINT('',(-15.8000000141,-28.8,3.148528137424));
#3858 = CARTESIAN_POINT('',(-15.8000000141,-28.84005885843,
    3.115481265235));
#3859 = CARTESIAN_POINT('',(-15.79933137563,-28.87770314003,
    3.080453555098));
#3860 = CARTESIAN_POINT('',(-15.79815535995,-28.91286987672,
    3.043681107086));
#3861 = CARTESIAN_POINT('',(-15.7966204866,-28.94551675806,
    3.005390076779));
#3862 = CARTESIAN_POINT('',(-15.79353497315,-28.99813384074,
    2.93619104128));
#3863 = CARTESIAN_POINT('',(-15.79208559916,-29.01922960825,2.9058495338
    ));
#3864 = CARTESIAN_POINT('',(-15.79056033575,-29.03890474031,
    2.874856045982));
#3865 = CARTESIAN_POINT('',(-15.78900569595,-29.05715935576,
    2.843285094381));
#3866 = CARTESIAN_POINT('',(-15.78282394302,-29.12456056666,
    2.714865473863));
#3867 = CARTESIAN_POINT('',(-15.77828070344,-29.16233563488,
    2.613946899527));
#3868 = CARTESIAN_POINT('',(-15.7749029239,-29.18744484922,
    2.510222786259));
#3869 = CARTESIAN_POINT('',(-15.77321376356,-29.2,2.405111283009));
#3870 = CARTESIAN_POINT('',(-15.77321376356,-29.2,2.194966829227));
#3871 = CARTESIAN_POINT('',(-15.77490041425,-29.18746350329,
    2.089933434456));
#3872 = CARTESIAN_POINT('',(-15.77827317597,-29.16239158951,
    1.986284358921));
#3873 = CARTESIAN_POINT('',(-15.78281044008,-29.12467283057,
    1.885434553964));
#3874 = CARTESIAN_POINT('',(-15.78900444922,-29.05718463503,
    1.75673428145));
#3875 = CARTESIAN_POINT('',(-15.79057556081,-29.03873786873,
    1.724834945332));
#3876 = CARTESIAN_POINT('',(-15.79211656099,-29.01884081323,
    1.693525377349));
#3877 = CARTESIAN_POINT('',(-15.79357942739,-28.99749337375,
    1.662882493309));
#3878 = CARTESIAN_POINT('',(-15.79665795203,-28.94471754862,
    1.593673569779));
#3879 = CARTESIAN_POINT('',(-15.7981768787,-28.9122244071,1.555644429286
    ));
#3880 = CARTESIAN_POINT('',(-15.79933953312,-28.87724254802,
    1.519118009132));
#3881 = CARTESIAN_POINT('',(-15.8000000141,-28.83981375272,
    1.484316532865));
#3882 = CARTESIAN_POINT('',(-15.8000000141,-28.8,1.451471862576));
#3883 = PCURVE('',#754,#3884);
#3884 = DEFINITIONAL_REPRESENTATION('',(#3885),#3912);
#3885 = B_SPLINE_CURVE_WITH_KNOTS('',5,(#3886,#3887,#3888,#3889,#3890,
    #3891,#3892,#3893,#3894,#3895,#3896,#3897,#3898,#3899,#3900,#3901,
    #3902,#3903,#3904,#3905,#3906,#3907,#3908,#3909,#3910,#3911),
  .UNSPECIFIED.,.F.,.F.,(6,4,4,4,4,4,6),(0.,0.12520300422,0.218833354344
    ,0.499999837452,0.780957374935,0.875562570725,1.),.UNSPECIFIED.);
#3886 = CARTESIAN_POINT('',(-3.14159265359,-3.148528137424));
#3887 = CARTESIAN_POINT('',(-3.154945606402,-3.115481265235));
#3888 = CARTESIAN_POINT('',(-3.167493700136,-3.080453555098));
#3889 = CARTESIAN_POINT('',(-3.179220906708,-3.043681107086));
#3890 = CARTESIAN_POINT('',(-3.190114488564,-3.005390076779));
#3891 = CARTESIAN_POINT('',(-3.207683646462,-2.93619104128));
#3892 = CARTESIAN_POINT('',(-3.214731810381,-2.9058495338));
#3893 = CARTESIAN_POINT('',(-3.22130955075,-2.874856045982));
#3894 = CARTESIAN_POINT('',(-3.227416337756,-2.843285094381));
#3895 = CARTESIAN_POINT('',(-3.249977704195,-2.714865473863));
#3896 = CARTESIAN_POINT('',(-3.262655374825,-2.613946899527));
#3897 = CARTESIAN_POINT('',(-3.271101774309,-2.510222786259));
#3898 = CARTESIAN_POINT('',(-3.275324243,-2.405111283009));
#3899 = CARTESIAN_POINT('',(-3.275324243,-2.194966829227));
#3900 = CARTESIAN_POINT('',(-3.271108047193,-2.089933434457));
#3901 = CARTESIAN_POINT('',(-3.262674198635,-1.986284358921));
#3902 = CARTESIAN_POINT('',(-3.250015380215,-1.885434553964));
#3903 = CARTESIAN_POINT('',(-3.227424766906,-1.75673428145));
#3904 = CARTESIAN_POINT('',(-3.221253697442,-1.724834945332));
#3905 = CARTESIAN_POINT('',(-3.214601809535,-1.693525377349));
#3906 = CARTESIAN_POINT('',(-3.207469656488,-1.662882493309));
#3907 = CARTESIAN_POINT('',(-3.189847810729,-1.593673569779));
#3908 = CARTESIAN_POINT('',(-3.179005659691,-1.555644429286));
#3909 = CARTESIAN_POINT('',(-3.167340169458,-1.519118009132));
#3910 = CARTESIAN_POINT('',(-3.154863904497,-1.484316532865));
#3911 = CARTESIAN_POINT('',(-3.14159265359,-1.451471862576));
#3912 = ( GEOMETRIC_REPRESENTATION_CONTEXT(2) 
PARAMETRIC_REPRESENTATION_CONTEXT() REPRESENTATION_CONTEXT('2D SPACE',''
  ) );
#3913 = PCURVE('',#3454,#3914);
#3914 = DEFINITIONAL_REPRESENTATION('',(#3915),#3942);
#3915 = B_SPLINE_CURVE_WITH_KNOTS('',5,(#3916,#3917,#3918,#3919,#3920,
    #3921,#3922,#3923,#3924,#3925,#3926,#3927,#3928,#3929,#3930,#3931,
    #3932,#3933,#3934,#3935,#3936,#3937,#3938,#3939,#3940,#3941),
  .UNSPECIFIED.,.F.,.F.,(6,4,4,4,4,4,6),(0.,0.12520300422,0.218833354344
    ,0.499999837452,0.780957374935,0.875562570725,1.),.UNSPECIFIED.);
#3916 = CARTESIAN_POINT('',(3.831367654375,0.899999985898));
#3917 = CARTESIAN_POINT('',(3.878577471788,0.899999985898));
#3918 = CARTESIAN_POINT('',(3.925239994789,0.900668624365));
#3919 = CARTESIAN_POINT('',(3.971393560225,0.901844640046));
#3920 = CARTESIAN_POINT('',(4.017066831056,0.9033795134));
#3921 = CARTESIAN_POINT('',(4.096095353492,0.906465026847));
#3922 = CARTESIAN_POINT('',(4.129660092683,0.907914400837));
#3923 = CARTESIAN_POINT('',(4.162995141321,0.909439664247));
#3924 = CARTESIAN_POINT('',(4.196120735036,0.910994304044));
#3925 = CARTESIAN_POINT('',(4.327968763521,0.917176056979));
#3926 = CARTESIAN_POINT('',(4.425163862009,0.921719296551));
#3927 = CARTESIAN_POINT('',(4.52127778324,0.925097076094));
#3928 = CARTESIAN_POINT('',(4.616833268559,0.926786236434));
#3929 = CARTESIAN_POINT('',(4.807873681087,0.926786236434));
#3930 = CARTESIAN_POINT('',(4.903358160457,0.925099585747));
#3931 = CARTESIAN_POINT('',(4.99939980953,0.921726824027));
#3932 = CARTESIAN_POINT('',(5.096520251703,0.917189559919));
#3933 = CARTESIAN_POINT('',(5.228630951224,0.910995550779));
#3934 = CARTESIAN_POINT('',(5.262101559169,0.909424439188));
#3935 = CARTESIAN_POINT('',(5.295786097501,0.907883439009));
#3936 = CARTESIAN_POINT('',(5.329705430109,0.906420572608));
#3937 = CARTESIAN_POINT('',(5.408828531258,0.903342047967));
#3938 = CARTESIAN_POINT('',(5.454231226827,0.901823121296));
#3939 = CARTESIAN_POINT('',(5.500108818167,0.900660466878));
#3940 = CARTESIAN_POINT('',(5.546489348839,0.899999985898));
#3941 = CARTESIAN_POINT('',(5.593410306394,0.899999985898));
#3942 = ( GEOMETRIC_REPRESENTATION_CONTEXT(2) 
PARAMETRIC_REPRESENTATION_CONTEXT() REPRESENTATION_CONTEXT('2D SPACE',''
  ) );
#3943 = ORIENTED_EDGE('',*,*,#3494,.T.);
#3944 = ORIENTED_EDGE('',*,*,#737,.T.);
#3945 = ORIENTED_EDGE('',*,*,#3825,.F.);
#3946 = ADVANCED_FACE('',(#3947),#1103,.T.);
#3947 = FACE_BOUND('',#3948,.T.);
#3948 = EDGE_LOOP('',(#3949,#3969,#3970,#3971));
#3949 = ORIENTED_EDGE('',*,*,#3950,.T.);
#3950 = EDGE_CURVE('',#1148,#2537,#3951,.T.);
#3951 = SURFACE_CURVE('',#3952,(#3957,#3963),.PCURVE_S1.);
#3952 = CIRCLE('',#3953,0.55);
#3953 = AXIS2_PLACEMENT_3D('',#3954,#3955,#3956);
#3954 = CARTESIAN_POINT('',(12.49999998742,-21.45,8.95));
#3955 = DIRECTION('',(-1.,-2.156981520791E-16,0.));
#3956 = DIRECTION('',(2.156981520791E-16,-1.,-0.));
#3957 = PCURVE('',#1103,#3958);
#3958 = DEFINITIONAL_REPRESENTATION('',(#3959),#3962);
#3959 = B_SPLINE_CURVE_WITH_KNOTS('',1,(#3960,#3961),.UNSPECIFIED.,.F.,
  .F.,(2,2),(0.,1.570796326795),.PIECEWISE_BEZIER_KNOTS.);
#3960 = CARTESIAN_POINT('',(0.,0.));
#3961 = CARTESIAN_POINT('',(1.570796326795,0.));
#3962 = ( GEOMETRIC_REPRESENTATION_CONTEXT(2) 
PARAMETRIC_REPRESENTATION_CONTEXT() REPRESENTATION_CONTEXT('2D SPACE',''
  ) );
#3963 = PCURVE('',#2580,#3964);
#3964 = DEFINITIONAL_REPRESENTATION('',(#3965),#3968);
#3965 = B_SPLINE_CURVE_WITH_KNOTS('',1,(#3966,#3967),.UNSPECIFIED.,.F.,
  .F.,(2,2),(0.,1.570796326795),.PIECEWISE_BEZIER_KNOTS.);
#3966 = CARTESIAN_POINT('',(-1.570796326795,0.));
#3967 = CARTESIAN_POINT('',(-1.570796326795,1.570796326795));
#3968 = ( GEOMETRIC_REPRESENTATION_CONTEXT(2) 
PARAMETRIC_REPRESENTATION_CONTEXT() REPRESENTATION_CONTEXT('2D SPACE',''
  ) );
#3969 = ORIENTED_EDGE('',*,*,#2536,.T.);
#3970 = ORIENTED_EDGE('',*,*,#1087,.F.);
#3971 = ORIENTED_EDGE('',*,*,#1147,.F.);
#3972 = ADVANCED_FACE('',(#3973),#1266,.T.);
#3973 = FACE_BOUND('',#3974,.F.);
#3974 = EDGE_LOOP('',(#3975,#3976,#4030,#4031));
#3975 = ORIENTED_EDGE('',*,*,#1250,.F.);
#3976 = ORIENTED_EDGE('',*,*,#3977,.T.);
#3977 = EDGE_CURVE('',#1225,#1445,#3978,.T.);
#3978 = SURFACE_CURVE('',#3979,(#3994,#4012),.PCURVE_S1.);
#3979 = B_SPLINE_CURVE_WITH_KNOTS('',7,(#3980,#3981,#3982,#3983,#3984,
    #3985,#3986,#3987,#3988,#3989,#3990,#3991,#3992,#3993),
  .UNSPECIFIED.,.F.,.F.,(8,6,8),(0.,0.448264269073,1.),.UNSPECIFIED.);
#3980 = CARTESIAN_POINT('',(7.708633526938,-22.,0.55));
#3981 = CARTESIAN_POINT('',(7.708633526938,-22.,0.496260332516));
#3982 = CARTESIAN_POINT('',(7.710328554749,-21.99387404884,
    0.442439487621));
#3983 = CARTESIAN_POINT('',(7.713727500089,-21.98158877303,
    0.389323161543));
#3984 = CARTESIAN_POINT('',(7.718898582294,-21.96321856316,
    0.337699106449));
#3985 = CARTESIAN_POINT('',(7.725971417082,-21.93893768211,
    0.288340663928));
#3986 = CARTESIAN_POINT('',(7.73512474575,-21.90901084679,0.24200082343)
  );
#3987 = CARTESIAN_POINT('',(7.760634432368,-21.8304220194,0.147003250057
    ));
#3988 = CARTESIAN_POINT('',(7.778216268292,-21.77887474995,
    0.100091859579));
#3989 = CARTESIAN_POINT('',(7.799564708421,-21.72017369005,
    6.073022865423E-02));
#3990 = CARTESIAN_POINT('',(7.824815911386,-21.65596695881,
    3.041673243265E-02));
#3991 = CARTESIAN_POINT('',(7.853874414001,-21.58817879203,
    1.00566617519E-02));
#3992 = CARTESIAN_POINT('',(7.886218032175,-21.51885505922,
    -1.110223024625E-16));
#3993 = CARTESIAN_POINT('',(7.920914320974,-21.45,-1.110223024625E-16));
#3994 = PCURVE('',#1266,#3995);
#3995 = DEFINITIONAL_REPRESENTATION('',(#3996),#4011);
#3996 = B_SPLINE_CURVE_WITH_KNOTS('',7,(#3997,#3998,#3999,#4000,#4001,
    #4002,#4003,#4004,#4005,#4006,#4007,#4008,#4009,#4010),
  .UNSPECIFIED.,.F.,.F.,(8,6,8),(0.,0.448264269073,1.),.UNSPECIFIED.);
#3997 = CARTESIAN_POINT('',(0.,4.791366460483));
#3998 = CARTESIAN_POINT('',(-9.770848633504E-02,4.791366460483));
#3999 = CARTESIAN_POINT('',(-0.195564754522,4.789671432672));
#4000 = CARTESIAN_POINT('',(-0.293662897448,4.786272487331));
#4001 = CARTESIAN_POINT('',(-0.392117016082,4.781101405127));
#4002 = CARTESIAN_POINT('',(-0.491061794426,4.774028570339));
#4003 = CARTESIAN_POINT('',(-0.590664781991,4.764875241671));
#4004 = CARTESIAN_POINT('',(-0.814830767843,4.739365555053));
#4005 = CARTESIAN_POINT('',(-0.940291274758,4.721783719129));
#4006 = CARTESIAN_POINT('',(-1.066556515009,4.700435279));
#4007 = CARTESIAN_POINT('',(-1.193106062095,4.675184076034));
#4008 = CARTESIAN_POINT('',(-1.319562187688,4.64612557342));
#4009 = CARTESIAN_POINT('',(-1.44560531003,4.613781955245));
#4010 = CARTESIAN_POINT('',(-1.570796326795,4.579085666446));
#4011 = ( GEOMETRIC_REPRESENTATION_CONTEXT(2) 
PARAMETRIC_REPRESENTATION_CONTEXT() REPRESENTATION_CONTEXT('2D SPACE',''
  ) );
#4012 = PCURVE('',#1239,#4013);
#4013 = DEFINITIONAL_REPRESENTATION('',(#4014),#4029);
#4014 = B_SPLINE_CURVE_WITH_KNOTS('',7,(#4015,#4016,#4017,#4018,#4019,
    #4020,#4021,#4022,#4023,#4024,#4025,#4026,#4027,#4028),
  .UNSPECIFIED.,.F.,.F.,(8,6,8),(0.,0.448264269073,1.),.UNSPECIFIED.);
#4015 = CARTESIAN_POINT('',(-2.871659857756,-0.55));
#4016 = CARTESIAN_POINT('',(-2.871659857756,-0.496260332516));
#4017 = CARTESIAN_POINT('',(-2.869541160268,-0.442439487621));
#4018 = CARTESIAN_POINT('',(-2.865292186777,-0.389323161543));
#4019 = CARTESIAN_POINT('',(-2.858930913713,-0.337699106449));
#4020 = CARTESIAN_POINT('',(-2.850501675382,-0.288340663928));
#4021 = CARTESIAN_POINT('',(-2.840071420716,-0.24200082343));
#4022 = CARTESIAN_POINT('',(-2.812529638515,-0.147003250057));
#4023 = CARTESIAN_POINT('',(-2.794377263916,-0.100091859579));
#4024 = CARTESIAN_POINT('',(-2.773563220877,-6.073022865417E-02));
#4025 = CARTESIAN_POINT('',(-2.750581121405,-3.041673243271E-02));
#4026 = CARTESIAN_POINT('',(-2.72601586828,-1.005666175188E-02));
#4027 = CARTESIAN_POINT('',(-2.700528269208,1.110223024625E-16));
#4028 = CARTESIAN_POINT('',(-2.674827314542,1.110223024625E-16));
#4029 = ( GEOMETRIC_REPRESENTATION_CONTEXT(2) 
PARAMETRIC_REPRESENTATION_CONTEXT() REPRESENTATION_CONTEXT('2D SPACE',''
  ) );
#4030 = ORIENTED_EDGE('',*,*,#1444,.T.);
#4031 = ORIENTED_EDGE('',*,*,#3544,.F.);
#4032 = ADVANCED_FACE('',(#4033),#1239,.T.);
#4033 = FACE_BOUND('',#4034,.F.);
#4034 = EDGE_LOOP('',(#4035,#4036,#4037,#4038,#4062));
#4035 = ORIENTED_EDGE('',*,*,#1467,.F.);
#4036 = ORIENTED_EDGE('',*,*,#3977,.F.);
#4037 = ORIENTED_EDGE('',*,*,#1224,.F.);
#4038 = ORIENTED_EDGE('',*,*,#4039,.T.);
#4039 = EDGE_CURVE('',#1199,#4040,#4042,.T.);
#4040 = VERTEX_POINT('',#4041);
#4041 = CARTESIAN_POINT('',(7.6,-22.8,4.6));
#4042 = SURFACE_CURVE('',#4043,(#4048,#4055),.PCURVE_S1.);
#4043 = CIRCLE('',#4044,3.);
#4044 = AXIS2_PLACEMENT_3D('',#4045,#4046,#4047);
#4045 = CARTESIAN_POINT('',(10.599999985898,-22.8,4.6));
#4046 = DIRECTION('',(0.,0.,1.));
#4047 = DIRECTION('',(1.,0.,0.));
#4048 = PCURVE('',#1239,#4049);
#4049 = DEFINITIONAL_REPRESENTATION('',(#4050),#4054);
#4050 = LINE('',#4051,#4052);
#4051 = CARTESIAN_POINT('',(-0.,-4.6));
#4052 = VECTOR('',#4053,1.);
#4053 = DIRECTION('',(-1.,0.));
#4054 = ( GEOMETRIC_REPRESENTATION_CONTEXT(2) 
PARAMETRIC_REPRESENTATION_CONTEXT() REPRESENTATION_CONTEXT('2D SPACE',''
  ) );
#4055 = PCURVE('',#1213,#4056);
#4056 = DEFINITIONAL_REPRESENTATION('',(#4057),#4061);
#4057 = CIRCLE('',#4058,3.);
#4058 = AXIS2_PLACEMENT_2D('',#4059,#4060);
#4059 = CARTESIAN_POINT('',(-1.100000008339,3.));
#4060 = DIRECTION('',(1.,0.));
#4061 = ( GEOMETRIC_REPRESENTATION_CONTEXT(2) 
PARAMETRIC_REPRESENTATION_CONTEXT() REPRESENTATION_CONTEXT('2D SPACE',''
  ) );
#4062 = ORIENTED_EDGE('',*,*,#4063,.F.);
#4063 = EDGE_CURVE('',#1468,#4040,#4064,.T.);
#4064 = SURFACE_CURVE('',#4065,(#4069,#4076),.PCURVE_S1.);
#4065 = LINE('',#4066,#4067);
#4066 = CARTESIAN_POINT('',(7.6,-22.8,0.));
#4067 = VECTOR('',#4068,1.);
#4068 = DIRECTION('',(0.,0.,1.));
#4069 = PCURVE('',#1239,#4070);
#4070 = DEFINITIONAL_REPRESENTATION('',(#4071),#4075);
#4071 = LINE('',#4072,#4073);
#4072 = CARTESIAN_POINT('',(-3.14159265359,0.));
#4073 = VECTOR('',#4074,1.);
#4074 = DIRECTION('',(-0.,-1.));
#4075 = ( GEOMETRIC_REPRESENTATION_CONTEXT(2) 
PARAMETRIC_REPRESENTATION_CONTEXT() REPRESENTATION_CONTEXT('2D SPACE',''
  ) );
#4076 = PCURVE('',#1507,#4077);
#4077 = DEFINITIONAL_REPRESENTATION('',(#4078),#4082);
#4078 = LINE('',#4079,#4080);
#4079 = CARTESIAN_POINT('',(6.,0.));
#4080 = VECTOR('',#4081,1.);
#4081 = DIRECTION('',(0.,-1.));
#4082 = ( GEOMETRIC_REPRESENTATION_CONTEXT(2) 
PARAMETRIC_REPRESENTATION_CONTEXT() REPRESENTATION_CONTEXT('2D SPACE',''
  ) );
#4083 = ADVANCED_FACE('',(#4084),#1213,.T.);
#4084 = FACE_BOUND('',#4085,.T.);
#4085 = EDGE_LOOP('',(#4086,#4109,#4133,#4156,#4180,#4203,#4227,#4253,
    #4254));
#4086 = ORIENTED_EDGE('',*,*,#4087,.F.);
#4087 = EDGE_CURVE('',#4088,#4040,#4090,.T.);
#4088 = VERTEX_POINT('',#4089);
#4089 = CARTESIAN_POINT('',(7.6,-28.8,4.6));
#4090 = SURFACE_CURVE('',#4091,(#4095,#4102),.PCURVE_S1.);
#4091 = LINE('',#4092,#4093);
#4092 = CARTESIAN_POINT('',(7.600000014102,-25.8,4.6));
#4093 = VECTOR('',#4094,1.);
#4094 = DIRECTION('',(0.,1.,0.));
#4095 = PCURVE('',#1213,#4096);
#4096 = DEFINITIONAL_REPRESENTATION('',(#4097),#4101);
#4097 = LINE('',#4098,#4099);
#4098 = CARTESIAN_POINT('',(-4.099999980135,-1.901339693486E-16));
#4099 = VECTOR('',#4100,1.);
#4100 = DIRECTION('',(0.,1.));
#4101 = ( GEOMETRIC_REPRESENTATION_CONTEXT(2) 
PARAMETRIC_REPRESENTATION_CONTEXT() REPRESENTATION_CONTEXT('2D SPACE',''
  ) );
#4102 = PCURVE('',#1507,#4103);
#4103 = DEFINITIONAL_REPRESENTATION('',(#4104),#4108);
#4104 = LINE('',#4105,#4106);
#4105 = CARTESIAN_POINT('',(3.,-4.6));
#4106 = VECTOR('',#4107,1.);
#4107 = DIRECTION('',(1.,0.));
#4108 = ( GEOMETRIC_REPRESENTATION_CONTEXT(2) 
PARAMETRIC_REPRESENTATION_CONTEXT() REPRESENTATION_CONTEXT('2D SPACE',''
  ) );
#4109 = ORIENTED_EDGE('',*,*,#4110,.T.);
#4110 = EDGE_CURVE('',#4088,#4111,#4113,.T.);
#4111 = VERTEX_POINT('',#4112);
#4112 = CARTESIAN_POINT('',(10.599999985898,-31.8,4.6));
#4113 = SURFACE_CURVE('',#4114,(#4119,#4126),.PCURVE_S1.);
#4114 = CIRCLE('',#4115,3.);
#4115 = AXIS2_PLACEMENT_3D('',#4116,#4117,#4118);
#4116 = CARTESIAN_POINT('',(10.599999985898,-28.8,4.6));
#4117 = DIRECTION('',(0.,0.,1.));
#4118 = DIRECTION('',(1.,0.,0.));
#4119 = PCURVE('',#1213,#4120);
#4120 = DEFINITIONAL_REPRESENTATION('',(#4121),#4125);
#4121 = CIRCLE('',#4122,3.);
#4122 = AXIS2_PLACEMENT_2D('',#4123,#4124);
#4123 = CARTESIAN_POINT('',(-1.100000008339,-3.));
#4124 = DIRECTION('',(1.,0.));
#4125 = ( GEOMETRIC_REPRESENTATION_CONTEXT(2) 
PARAMETRIC_REPRESENTATION_CONTEXT() REPRESENTATION_CONTEXT('2D SPACE',''
  ) );
#4126 = PCURVE('',#1536,#4127);
#4127 = DEFINITIONAL_REPRESENTATION('',(#4128),#4132);
#4128 = LINE('',#4129,#4130);
#4129 = CARTESIAN_POINT('',(-0.,-4.6));
#4130 = VECTOR('',#4131,1.);
#4131 = DIRECTION('',(-1.,0.));
#4132 = ( GEOMETRIC_REPRESENTATION_CONTEXT(2) 
PARAMETRIC_REPRESENTATION_CONTEXT() REPRESENTATION_CONTEXT('2D SPACE',''
  ) );
#4133 = ORIENTED_EDGE('',*,*,#4134,.T.);
#4134 = EDGE_CURVE('',#4111,#4135,#4137,.T.);
#4135 = VERTEX_POINT('',#4136);
#4136 = CARTESIAN_POINT('',(12.79999998188,-31.8,4.6));
#4137 = SURFACE_CURVE('',#4138,(#4142,#4149),.PCURVE_S1.);
#4138 = LINE('',#4139,#4140);
#4139 = CARTESIAN_POINT('',(11.700000014102,-31.8,4.6));
#4140 = VECTOR('',#4141,1.);
#4141 = DIRECTION('',(1.,0.,0.));
#4142 = PCURVE('',#1213,#4143);
#4143 = DEFINITIONAL_REPRESENTATION('',(#4144),#4148);
#4144 = LINE('',#4145,#4146);
#4145 = CARTESIAN_POINT('',(1.986489848045E-08,-6.));
#4146 = VECTOR('',#4147,1.);
#4147 = DIRECTION('',(1.,0.));
#4148 = ( GEOMETRIC_REPRESENTATION_CONTEXT(2) 
PARAMETRIC_REPRESENTATION_CONTEXT() REPRESENTATION_CONTEXT('2D SPACE',''
  ) );
#4149 = PCURVE('',#1564,#4150);
#4150 = DEFINITIONAL_REPRESENTATION('',(#4151),#4155);
#4151 = LINE('',#4152,#4153);
#4152 = CARTESIAN_POINT('',(1.100000028204,-4.6));
#4153 = VECTOR('',#4154,1.);
#4154 = DIRECTION('',(1.,0.));
#4155 = ( GEOMETRIC_REPRESENTATION_CONTEXT(2) 
PARAMETRIC_REPRESENTATION_CONTEXT() REPRESENTATION_CONTEXT('2D SPACE',''
  ) );
#4156 = ORIENTED_EDGE('',*,*,#4157,.T.);
#4157 = EDGE_CURVE('',#4135,#4158,#4160,.T.);
#4158 = VERTEX_POINT('',#4159);
#4159 = CARTESIAN_POINT('',(15.799999997991,-28.8,4.6));
#4160 = SURFACE_CURVE('',#4161,(#4166,#4173),.PCURVE_S1.);
#4161 = CIRCLE('',#4162,3.);
#4162 = AXIS2_PLACEMENT_3D('',#4163,#4164,#4165);
#4163 = CARTESIAN_POINT('',(12.79999998188,-28.8,4.6));
#4164 = DIRECTION('',(0.,0.,1.));
#4165 = DIRECTION('',(1.,0.,0.));
#4166 = PCURVE('',#1213,#4167);
#4167 = DEFINITIONAL_REPRESENTATION('',(#4168),#4172);
#4168 = CIRCLE('',#4169,3.);
#4169 = AXIS2_PLACEMENT_2D('',#4170,#4171);
#4170 = CARTESIAN_POINT('',(1.099999987642,-3.));
#4171 = DIRECTION('',(1.,0.));
#4172 = ( GEOMETRIC_REPRESENTATION_CONTEXT(2) 
PARAMETRIC_REPRESENTATION_CONTEXT() REPRESENTATION_CONTEXT('2D SPACE',''
  ) );
#4173 = PCURVE('',#1593,#4174);
#4174 = DEFINITIONAL_REPRESENTATION('',(#4175),#4179);
#4175 = LINE('',#4176,#4177);
#4176 = CARTESIAN_POINT('',(-0.,-4.6));
#4177 = VECTOR('',#4178,1.);
#4178 = DIRECTION('',(-1.,0.));
#4179 = ( GEOMETRIC_REPRESENTATION_CONTEXT(2) 
PARAMETRIC_REPRESENTATION_CONTEXT() REPRESENTATION_CONTEXT('2D SPACE',''
  ) );
#4180 = ORIENTED_EDGE('',*,*,#4181,.T.);
#4181 = EDGE_CURVE('',#4158,#4182,#4184,.T.);
#4182 = VERTEX_POINT('',#4183);
#4183 = CARTESIAN_POINT('',(15.799999997991,-22.8,4.6));
#4184 = SURFACE_CURVE('',#4185,(#4189,#4196),.PCURVE_S1.);
#4185 = LINE('',#4186,#4187);
#4186 = CARTESIAN_POINT('',(15.800000014102,-25.8,4.6));
#4187 = VECTOR('',#4188,1.);
#4188 = DIRECTION('',(0.,1.,0.));
#4189 = PCURVE('',#1213,#4190);
#4190 = DEFINITIONAL_REPRESENTATION('',(#4191),#4195);
#4191 = LINE('',#4192,#4193);
#4192 = CARTESIAN_POINT('',(4.100000019865,-1.901339693486E-16));
#4193 = VECTOR('',#4194,1.);
#4194 = DIRECTION('',(0.,1.));
#4195 = ( GEOMETRIC_REPRESENTATION_CONTEXT(2) 
PARAMETRIC_REPRESENTATION_CONTEXT() REPRESENTATION_CONTEXT('2D SPACE',''
  ) );
#4196 = PCURVE('',#1621,#4197);
#4197 = DEFINITIONAL_REPRESENTATION('',(#4198),#4202);
#4198 = LINE('',#4199,#4200);
#4199 = CARTESIAN_POINT('',(3.,-4.6));
#4200 = VECTOR('',#4201,1.);
#4201 = DIRECTION('',(1.,0.));
#4202 = ( GEOMETRIC_REPRESENTATION_CONTEXT(2) 
PARAMETRIC_REPRESENTATION_CONTEXT() REPRESENTATION_CONTEXT('2D SPACE',''
  ) );
#4203 = ORIENTED_EDGE('',*,*,#4204,.T.);
#4204 = EDGE_CURVE('',#4182,#4205,#4207,.T.);
#4205 = VERTEX_POINT('',#4206);
#4206 = CARTESIAN_POINT('',(15.544962621974,-21.58955375811,4.6));
#4207 = SURFACE_CURVE('',#4208,(#4213,#4220),.PCURVE_S1.);
#4208 = CIRCLE('',#4209,3.);
#4209 = AXIS2_PLACEMENT_3D('',#4210,#4211,#4212);
#4210 = CARTESIAN_POINT('',(12.79999998188,-22.8,4.6));
#4211 = DIRECTION('',(0.,0.,1.));
#4212 = DIRECTION('',(1.,0.,0.));
#4213 = PCURVE('',#1213,#4214);
#4214 = DEFINITIONAL_REPRESENTATION('',(#4215),#4219);
#4215 = CIRCLE('',#4216,3.);
#4216 = AXIS2_PLACEMENT_2D('',#4217,#4218);
#4217 = CARTESIAN_POINT('',(1.099999987642,3.));
#4218 = DIRECTION('',(1.,0.));
#4219 = ( GEOMETRIC_REPRESENTATION_CONTEXT(2) 
PARAMETRIC_REPRESENTATION_CONTEXT() REPRESENTATION_CONTEXT('2D SPACE',''
  ) );
#4220 = PCURVE('',#1650,#4221);
#4221 = DEFINITIONAL_REPRESENTATION('',(#4222),#4226);
#4222 = LINE('',#4223,#4224);
#4223 = CARTESIAN_POINT('',(-0.,-4.6));
#4224 = VECTOR('',#4225,1.);
#4225 = DIRECTION('',(-1.,0.));
#4226 = ( GEOMETRIC_REPRESENTATION_CONTEXT(2) 
PARAMETRIC_REPRESENTATION_CONTEXT() REPRESENTATION_CONTEXT('2D SPACE',''
  ) );
#4227 = ORIENTED_EDGE('',*,*,#4228,.T.);
#4228 = EDGE_CURVE('',#4205,#1171,#4229,.T.);
#4229 = SURFACE_CURVE('',#4230,(#4235,#4246),.PCURVE_S1.);
#4230 = CIRCLE('',#4231,11.5);
#4231 = AXIS2_PLACEMENT_3D('',#4232,#4233,#4234);
#4232 = CARTESIAN_POINT('',(12.49999998742,-10.5,4.6));
#4233 = DIRECTION('',(0.,0.,-1.));
#4234 = DIRECTION('',(-1.,0.,0.));
#4235 = PCURVE('',#1213,#4236);
#4236 = DEFINITIONAL_REPRESENTATION('',(#4237),#4245);
#4237 = ( BOUNDED_CURVE() B_SPLINE_CURVE(2,(#4238,#4239,#4240,#4241,
#4242,#4243,#4244),.UNSPECIFIED.,.T.,.F.) B_SPLINE_CURVE_WITH_KNOTS((1,2
    ,2,2,2,1),(-2.094395102393,0.,2.094395102393,4.188790204786,
6.28318530718,8.377580409573),.UNSPECIFIED.) CURVE() 
GEOMETRIC_REPRESENTATION_ITEM() RATIONAL_B_SPLINE_CURVE((1.,0.5,1.,0.5,
1.,0.5,1.)) REPRESENTATION_ITEM('') );
#4238 = CARTESIAN_POINT('',(-10.70000000681,15.3));
#4239 = CARTESIAN_POINT('',(-10.70000000681,35.218584287042));
#4240 = CARTESIAN_POINT('',(6.549999993183,25.259292143521));
#4241 = CARTESIAN_POINT('',(23.799999993183,15.3));
#4242 = CARTESIAN_POINT('',(6.549999993183,5.340707856479));
#4243 = CARTESIAN_POINT('',(-10.70000000681,-4.618584287042));
#4244 = CARTESIAN_POINT('',(-10.70000000681,15.3));
#4245 = ( GEOMETRIC_REPRESENTATION_CONTEXT(2) 
PARAMETRIC_REPRESENTATION_CONTEXT() REPRESENTATION_CONTEXT('2D SPACE',''
  ) );
#4246 = PCURVE('',#1186,#4247);
#4247 = DEFINITIONAL_REPRESENTATION('',(#4248),#4252);
#4248 = LINE('',#4249,#4250);
#4249 = CARTESIAN_POINT('',(0.,-4.6));
#4250 = VECTOR('',#4251,1.);
#4251 = DIRECTION('',(1.,0.));
#4252 = ( GEOMETRIC_REPRESENTATION_CONTEXT(2) 
PARAMETRIC_REPRESENTATION_CONTEXT() REPRESENTATION_CONTEXT('2D SPACE',''
  ) );
#4253 = ORIENTED_EDGE('',*,*,#1198,.F.);
#4254 = ORIENTED_EDGE('',*,*,#4039,.T.);
#4255 = ADVANCED_FACE('',(#4256),#1186,.T.);
#4256 = FACE_BOUND('',#4257,.T.);
#4257 = EDGE_LOOP('',(#4258,#4284,#4312,#4334,#4335,#4336));
#4258 = ORIENTED_EDGE('',*,*,#4259,.F.);
#4259 = EDGE_CURVE('',#4260,#4262,#4264,.T.);
#4260 = VERTEX_POINT('',#4261);
#4261 = CARTESIAN_POINT('',(24.,-10.5,0.55));
#4262 = VERTEX_POINT('',#4263);
#4263 = CARTESIAN_POINT('',(15.544962621974,-21.58955375811,0.55));
#4264 = SURFACE_CURVE('',#4265,(#4270,#4277),.PCURVE_S1.);
#4265 = CIRCLE('',#4266,11.5);
#4266 = AXIS2_PLACEMENT_3D('',#4267,#4268,#4269);
#4267 = CARTESIAN_POINT('',(12.49999998742,-10.5,0.55));
#4268 = DIRECTION('',(0.,-0.,-1.));
#4269 = DIRECTION('',(1.,1.544658121218E-16,-0.));
#4270 = PCURVE('',#1186,#4271);
#4271 = DEFINITIONAL_REPRESENTATION('',(#4272),#4276);
#4272 = LINE('',#4273,#4274);
#4273 = CARTESIAN_POINT('',(3.14159265359,-0.55));
#4274 = VECTOR('',#4275,1.);
#4275 = DIRECTION('',(1.,0.));
#4276 = ( GEOMETRIC_REPRESENTATION_CONTEXT(2) 
PARAMETRIC_REPRESENTATION_CONTEXT() REPRESENTATION_CONTEXT('2D SPACE',''
  ) );
#4277 = PCURVE('',#1683,#4278);
#4278 = DEFINITIONAL_REPRESENTATION('',(#4279),#4283);
#4279 = LINE('',#4280,#4281);
#4280 = CARTESIAN_POINT('',(0.,0.));
#4281 = VECTOR('',#4282,1.);
#4282 = DIRECTION('',(1.,0.));
#4283 = ( GEOMETRIC_REPRESENTATION_CONTEXT(2) 
PARAMETRIC_REPRESENTATION_CONTEXT() REPRESENTATION_CONTEXT('2D SPACE',''
  ) );
#4284 = ORIENTED_EDGE('',*,*,#4285,.T.);
#4285 = EDGE_CURVE('',#4260,#4286,#4288,.T.);
#4286 = VERTEX_POINT('',#4287);
#4287 = CARTESIAN_POINT('',(24.,-10.5,8.95));
#4288 = SURFACE_CURVE('',#4289,(#4293,#4300),.PCURVE_S1.);
#4289 = LINE('',#4290,#4291);
#4290 = CARTESIAN_POINT('',(23.99999999371,-10.5,0.));
#4291 = VECTOR('',#4292,1.);
#4292 = DIRECTION('',(0.,0.,1.));
#4293 = PCURVE('',#1186,#4294);
#4294 = DEFINITIONAL_REPRESENTATION('',(#4295),#4299);
#4295 = LINE('',#4296,#4297);
#4296 = CARTESIAN_POINT('',(3.14159265359,0.));
#4297 = VECTOR('',#4298,1.);
#4298 = DIRECTION('',(0.,-1.));
#4299 = ( GEOMETRIC_REPRESENTATION_CONTEXT(2) 
PARAMETRIC_REPRESENTATION_CONTEXT() REPRESENTATION_CONTEXT('2D SPACE',''
  ) );
#4300 = PCURVE('',#4301,#4306);
#4301 = PLANE('',#4302);
#4302 = AXIS2_PLACEMENT_3D('',#4303,#4304,#4305);
#4303 = CARTESIAN_POINT('',(24.,-10.5,0.));
#4304 = DIRECTION('',(-1.,0.,0.));
#4305 = DIRECTION('',(0.,1.,0.));
#4306 = DEFINITIONAL_REPRESENTATION('',(#4307),#4311);
#4307 = LINE('',#4308,#4309);
#4308 = CARTESIAN_POINT('',(0.,0.));
#4309 = VECTOR('',#4310,1.);
#4310 = DIRECTION('',(0.,-1.));
#4311 = ( GEOMETRIC_REPRESENTATION_CONTEXT(2) 
PARAMETRIC_REPRESENTATION_CONTEXT() REPRESENTATION_CONTEXT('2D SPACE',''
  ) );
#4312 = ORIENTED_EDGE('',*,*,#4313,.T.);
#4313 = EDGE_CURVE('',#4286,#1148,#4314,.T.);
#4314 = SURFACE_CURVE('',#4315,(#4320,#4327),.PCURVE_S1.);
#4315 = CIRCLE('',#4316,11.5);
#4316 = AXIS2_PLACEMENT_3D('',#4317,#4318,#4319);
#4317 = CARTESIAN_POINT('',(12.49999998742,-10.5,8.95));
#4318 = DIRECTION('',(0.,-0.,-1.));
#4319 = DIRECTION('',(1.,1.544658121218E-16,-0.));
#4320 = PCURVE('',#1186,#4321);
#4321 = DEFINITIONAL_REPRESENTATION('',(#4322),#4326);
#4322 = LINE('',#4323,#4324);
#4323 = CARTESIAN_POINT('',(3.14159265359,-8.95));
#4324 = VECTOR('',#4325,1.);
#4325 = DIRECTION('',(1.,0.));
#4326 = ( GEOMETRIC_REPRESENTATION_CONTEXT(2) 
PARAMETRIC_REPRESENTATION_CONTEXT() REPRESENTATION_CONTEXT('2D SPACE',''
  ) );
#4327 = PCURVE('',#2580,#4328);
#4328 = DEFINITIONAL_REPRESENTATION('',(#4329),#4333);
#4329 = LINE('',#4330,#4331);
#4330 = CARTESIAN_POINT('',(-0.,0.));
#4331 = VECTOR('',#4332,1.);
#4332 = DIRECTION('',(-1.,0.));
#4333 = ( GEOMETRIC_REPRESENTATION_CONTEXT(2) 
PARAMETRIC_REPRESENTATION_CONTEXT() REPRESENTATION_CONTEXT('2D SPACE',''
  ) );
#4334 = ORIENTED_EDGE('',*,*,#1170,.F.);
#4335 = ORIENTED_EDGE('',*,*,#4228,.F.);
#4336 = ORIENTED_EDGE('',*,*,#4337,.T.);
#4337 = EDGE_CURVE('',#4205,#4262,#4338,.T.);
#4338 = SURFACE_CURVE('',#4339,(#4343,#4349),.PCURVE_S1.);
#4339 = LINE('',#4340,#4341);
#4340 = CARTESIAN_POINT('',(15.544962621974,-21.58955375811,0.));
#4341 = VECTOR('',#4342,1.);
#4342 = DIRECTION('',(0.,0.,-1.));
#4343 = PCURVE('',#1186,#4344);
#4344 = DEFINITIONAL_REPRESENTATION('',(#4345),#4348);
#4345 = B_SPLINE_CURVE_WITH_KNOTS('',1,(#4346,#4347),.UNSPECIFIED.,.F.,
  .F.,(2,2),(-4.6000006,-0.5499994),.PIECEWISE_BEZIER_KNOTS.);
#4346 = CARTESIAN_POINT('',(4.444413872067,-4.6000006));
#4347 = CARTESIAN_POINT('',(4.444413872067,-0.5499994));
#4348 = ( GEOMETRIC_REPRESENTATION_CONTEXT(2) 
PARAMETRIC_REPRESENTATION_CONTEXT() REPRESENTATION_CONTEXT('2D SPACE',''
  ) );
#4349 = PCURVE('',#1650,#4350);
#4350 = DEFINITIONAL_REPRESENTATION('',(#4351),#4354);
#4351 = B_SPLINE_CURVE_WITH_KNOTS('',1,(#4352,#4353),.UNSPECIFIED.,.F.,
  .F.,(2,2),(-4.6000006,-0.5499994),.PIECEWISE_BEZIER_KNOTS.);
#4352 = CARTESIAN_POINT('',(-0.415319271758,-4.6000006));
#4353 = CARTESIAN_POINT('',(-0.415319271758,-0.5499994));
#4354 = ( GEOMETRIC_REPRESENTATION_CONTEXT(2) 
PARAMETRIC_REPRESENTATION_CONTEXT() REPRESENTATION_CONTEXT('2D SPACE',''
  ) );
#4355 = ADVANCED_FACE('',(#4356),#1507,.T.);
#4356 = FACE_BOUND('',#4357,.T.);
#4357 = EDGE_LOOP('',(#4358,#4359,#4382,#4415,#4443,#4464,#4465));
#4358 = ORIENTED_EDGE('',*,*,#1491,.F.);
#4359 = ORIENTED_EDGE('',*,*,#4360,.T.);
#4360 = EDGE_CURVE('',#1492,#4361,#4363,.T.);
#4361 = VERTEX_POINT('',#4362);
#4362 = CARTESIAN_POINT('',(7.6,-28.8,1.451471862576));
#4363 = SURFACE_CURVE('',#4364,(#4368,#4375),.PCURVE_S1.);
#4364 = LINE('',#4365,#4366);
#4365 = CARTESIAN_POINT('',(7.6,-28.8,0.));
#4366 = VECTOR('',#4367,1.);
#4367 = DIRECTION('',(0.,0.,1.));
#4368 = PCURVE('',#1507,#4369);
#4369 = DEFINITIONAL_REPRESENTATION('',(#4370),#4374);
#4370 = LINE('',#4371,#4372);
#4371 = CARTESIAN_POINT('',(0.,0.));
#4372 = VECTOR('',#4373,1.);
#4373 = DIRECTION('',(0.,-1.));
#4374 = ( GEOMETRIC_REPRESENTATION_CONTEXT(2) 
PARAMETRIC_REPRESENTATION_CONTEXT() REPRESENTATION_CONTEXT('2D SPACE',''
  ) );
#4375 = PCURVE('',#1536,#4376);
#4376 = DEFINITIONAL_REPRESENTATION('',(#4377),#4381);
#4377 = LINE('',#4378,#4379);
#4378 = CARTESIAN_POINT('',(-3.14159265359,0.));
#4379 = VECTOR('',#4380,1.);
#4380 = DIRECTION('',(-0.,-1.));
#4381 = ( GEOMETRIC_REPRESENTATION_CONTEXT(2) 
PARAMETRIC_REPRESENTATION_CONTEXT() REPRESENTATION_CONTEXT('2D SPACE',''
  ) );
#4382 = ORIENTED_EDGE('',*,*,#4383,.T.);
#4383 = EDGE_CURVE('',#4361,#4384,#4386,.T.);
#4384 = VERTEX_POINT('',#4385);
#4385 = CARTESIAN_POINT('',(7.600000014102,-28.1,1.2));
#4386 = SURFACE_CURVE('',#4387,(#4392,#4403),.PCURVE_S1.);
#4387 = CIRCLE('',#4388,1.1);
#4388 = AXIS2_PLACEMENT_3D('',#4389,#4390,#4391);
#4389 = CARTESIAN_POINT('',(7.600000014102,-28.1,2.3));
#4390 = DIRECTION('',(1.,0.,2.22044604925E-16));
#4391 = DIRECTION('',(2.22044604925E-16,0.,-1.));
#4392 = PCURVE('',#1507,#4393);
#4393 = DEFINITIONAL_REPRESENTATION('',(#4394),#4402);
#4394 = ( BOUNDED_CURVE() B_SPLINE_CURVE(2,(#4395,#4396,#4397,#4398,
#4399,#4400,#4401),.UNSPECIFIED.,.T.,.F.) B_SPLINE_CURVE_WITH_KNOTS((1,2
    ,2,2,2,1),(-2.094395102393,0.,2.094395102393,4.188790204786,
6.28318530718,8.377580409573),.UNSPECIFIED.) CURVE() 
GEOMETRIC_REPRESENTATION_ITEM() RATIONAL_B_SPLINE_CURVE((1.,0.5,1.,0.5,
1.,0.5,1.)) REPRESENTATION_ITEM('') );
#4395 = CARTESIAN_POINT('',(0.7,-1.2));
#4396 = CARTESIAN_POINT('',(2.605255888326,-1.2));
#4397 = CARTESIAN_POINT('',(1.652627944163,-2.85));
#4398 = CARTESIAN_POINT('',(0.7,-4.5));
#4399 = CARTESIAN_POINT('',(-0.252627944163,-2.85));
#4400 = CARTESIAN_POINT('',(-1.205255888326,-1.2));
#4401 = CARTESIAN_POINT('',(0.7,-1.2));
#4402 = ( GEOMETRIC_REPRESENTATION_CONTEXT(2) 
PARAMETRIC_REPRESENTATION_CONTEXT() REPRESENTATION_CONTEXT('2D SPACE',''
  ) );
#4403 = PCURVE('',#4404,#4409);
#4404 = CYLINDRICAL_SURFACE('',#4405,1.1);
#4405 = AXIS2_PLACEMENT_3D('',#4406,#4407,#4408);
#4406 = CARTESIAN_POINT('',(6.7,-28.1,2.3));
#4407 = DIRECTION('',(1.,0.,2.22044604925E-16));
#4408 = DIRECTION('',(2.22044604925E-16,0.,-1.));
#4409 = DEFINITIONAL_REPRESENTATION('',(#4410),#4414);
#4410 = LINE('',#4411,#4412);
#4411 = CARTESIAN_POINT('',(0.,0.900000014102));
#4412 = VECTOR('',#4413,1.);
#4413 = DIRECTION('',(1.,0.));
#4414 = ( GEOMETRIC_REPRESENTATION_CONTEXT(2) 
PARAMETRIC_REPRESENTATION_CONTEXT() REPRESENTATION_CONTEXT('2D SPACE',''
  ) );
#4415 = ORIENTED_EDGE('',*,*,#4416,.T.);
#4416 = EDGE_CURVE('',#4384,#4417,#4419,.T.);
#4417 = VERTEX_POINT('',#4418);
#4418 = CARTESIAN_POINT('',(7.6,-28.8,3.148528137424));
#4419 = SURFACE_CURVE('',#4420,(#4425,#4436),.PCURVE_S1.);
#4420 = CIRCLE('',#4421,1.1);
#4421 = AXIS2_PLACEMENT_3D('',#4422,#4423,#4424);
#4422 = CARTESIAN_POINT('',(7.600000014102,-28.1,2.3));
#4423 = DIRECTION('',(1.,0.,2.22044604925E-16));
#4424 = DIRECTION('',(2.22044604925E-16,0.,-1.));
#4425 = PCURVE('',#1507,#4426);
#4426 = DEFINITIONAL_REPRESENTATION('',(#4427),#4435);
#4427 = ( BOUNDED_CURVE() B_SPLINE_CURVE(2,(#4428,#4429,#4430,#4431,
#4432,#4433,#4434),.UNSPECIFIED.,.T.,.F.) B_SPLINE_CURVE_WITH_KNOTS((1,2
    ,2,2,2,1),(-2.094395102393,0.,2.094395102393,4.188790204786,
6.28318530718,8.377580409573),.UNSPECIFIED.) CURVE() 
GEOMETRIC_REPRESENTATION_ITEM() RATIONAL_B_SPLINE_CURVE((1.,0.5,1.,0.5,
1.,0.5,1.)) REPRESENTATION_ITEM('') );
#4428 = CARTESIAN_POINT('',(0.7,-1.2));
#4429 = CARTESIAN_POINT('',(2.605255888326,-1.2));
#4430 = CARTESIAN_POINT('',(1.652627944163,-2.85));
#4431 = CARTESIAN_POINT('',(0.7,-4.5));
#4432 = CARTESIAN_POINT('',(-0.252627944163,-2.85));
#4433 = CARTESIAN_POINT('',(-1.205255888326,-1.2));
#4434 = CARTESIAN_POINT('',(0.7,-1.2));
#4435 = ( GEOMETRIC_REPRESENTATION_CONTEXT(2) 
PARAMETRIC_REPRESENTATION_CONTEXT() REPRESENTATION_CONTEXT('2D SPACE',''
  ) );
#4436 = PCURVE('',#4404,#4437);
#4437 = DEFINITIONAL_REPRESENTATION('',(#4438),#4442);
#4438 = LINE('',#4439,#4440);
#4439 = CARTESIAN_POINT('',(0.,0.900000014102));
#4440 = VECTOR('',#4441,1.);
#4441 = DIRECTION('',(1.,0.));
#4442 = ( GEOMETRIC_REPRESENTATION_CONTEXT(2) 
PARAMETRIC_REPRESENTATION_CONTEXT() REPRESENTATION_CONTEXT('2D SPACE',''
  ) );
#4443 = ORIENTED_EDGE('',*,*,#4444,.T.);
#4444 = EDGE_CURVE('',#4417,#4088,#4445,.T.);
#4445 = SURFACE_CURVE('',#4446,(#4450,#4457),.PCURVE_S1.);
#4446 = LINE('',#4447,#4448);
#4447 = CARTESIAN_POINT('',(7.6,-28.8,0.));
#4448 = VECTOR('',#4449,1.);
#4449 = DIRECTION('',(0.,0.,1.));
#4450 = PCURVE('',#1507,#4451);
#4451 = DEFINITIONAL_REPRESENTATION('',(#4452),#4456);
#4452 = LINE('',#4453,#4454);
#4453 = CARTESIAN_POINT('',(0.,0.));
#4454 = VECTOR('',#4455,1.);
#4455 = DIRECTION('',(0.,-1.));
#4456 = ( GEOMETRIC_REPRESENTATION_CONTEXT(2) 
PARAMETRIC_REPRESENTATION_CONTEXT() REPRESENTATION_CONTEXT('2D SPACE',''
  ) );
#4457 = PCURVE('',#1536,#4458);
#4458 = DEFINITIONAL_REPRESENTATION('',(#4459),#4463);
#4459 = LINE('',#4460,#4461);
#4460 = CARTESIAN_POINT('',(-3.14159265359,0.));
#4461 = VECTOR('',#4462,1.);
#4462 = DIRECTION('',(-0.,-1.));
#4463 = ( GEOMETRIC_REPRESENTATION_CONTEXT(2) 
PARAMETRIC_REPRESENTATION_CONTEXT() REPRESENTATION_CONTEXT('2D SPACE',''
  ) );
#4464 = ORIENTED_EDGE('',*,*,#4087,.T.);
#4465 = ORIENTED_EDGE('',*,*,#4063,.F.);
#4466 = ADVANCED_FACE('',(#4467),#1536,.T.);
#4467 = FACE_BOUND('',#4468,.F.);
#4468 = EDGE_LOOP('',(#4469,#4470,#4471,#4561,#4562,#4563));
#4469 = ORIENTED_EDGE('',*,*,#1519,.F.);
#4470 = ORIENTED_EDGE('',*,*,#4360,.T.);
#4471 = ORIENTED_EDGE('',*,*,#4472,.F.);
#4472 = EDGE_CURVE('',#4417,#4361,#4473,.T.);
#4473 = SURFACE_CURVE('',#4474,(#4501,#4531),.PCURVE_S1.);
#4474 = B_SPLINE_CURVE_WITH_KNOTS('',5,(#4475,#4476,#4477,#4478,#4479,
    #4480,#4481,#4482,#4483,#4484,#4485,#4486,#4487,#4488,#4489,#4490,
    #4491,#4492,#4493,#4494,#4495,#4496,#4497,#4498,#4499,#4500),
  .UNSPECIFIED.,.F.,.F.,(6,4,4,4,4,4,6),(0.,0.125203008289,
    0.218833361455,0.499999837444,0.780957367843,0.875562566696,1.),
  .UNSPECIFIED.);
#4475 = CARTESIAN_POINT('',(7.599999985898,-28.8,3.148528137424));
#4476 = CARTESIAN_POINT('',(7.599999985898,-28.84005885843,
    3.115481265235));
#4477 = CARTESIAN_POINT('',(7.600668624365,-28.87770314003,
    3.080453555098));
#4478 = CARTESIAN_POINT('',(7.601844640046,-28.91286987672,
    3.043681107086));
#4479 = CARTESIAN_POINT('',(7.6033795134,-28.94551675806,3.005390076779)
  );
#4480 = CARTESIAN_POINT('',(7.606465026847,-28.99813384074,2.93619104128
    ));
#4481 = CARTESIAN_POINT('',(7.607914400837,-29.01922960825,2.9058495338)
  );
#4482 = CARTESIAN_POINT('',(7.609439664247,-29.03890474031,
    2.874856045982));
#4483 = CARTESIAN_POINT('',(7.610994304044,-29.05715935576,
    2.843285094381));
#4484 = CARTESIAN_POINT('',(7.617176056711,-29.12456056373,
    2.714865479433));
#4485 = CARTESIAN_POINT('',(7.621719297001,-29.16233563962,
    2.613946885337));
#4486 = CARTESIAN_POINT('',(7.625097075852,-29.18744484674,2.51022280058
    ));
#4487 = CARTESIAN_POINT('',(7.626786236434,-29.2,2.405111277244));
#4488 = CARTESIAN_POINT('',(7.626786236434,-29.2,2.194966834976));
#4489 = CARTESIAN_POINT('',(7.625099585507,-29.18746350082,
    2.089933420182));
#4490 = CARTESIAN_POINT('',(7.621726824476,-29.16239159422,
    1.986284373055));
#4491 = CARTESIAN_POINT('',(7.617189559652,-29.12467282767,
    1.885434548419));
#4492 = CARTESIAN_POINT('',(7.610995550779,-29.05718463503,1.75673428145
    ));
#4493 = CARTESIAN_POINT('',(7.609424439188,-29.03873786873,
    1.724834945332));
#4494 = CARTESIAN_POINT('',(7.607883439009,-29.01884081323,
    1.693525377349));
#4495 = CARTESIAN_POINT('',(7.606420572608,-28.99749337375,
    1.662882493309));
#4496 = CARTESIAN_POINT('',(7.603342047967,-28.94471754862,
    1.593673569779));
#4497 = CARTESIAN_POINT('',(7.601823121296,-28.9122244071,1.555644429286
    ));
#4498 = CARTESIAN_POINT('',(7.600660466878,-28.87724254802,
    1.519118009132));
#4499 = CARTESIAN_POINT('',(7.599999985898,-28.83981375272,
    1.484316532865));
#4500 = CARTESIAN_POINT('',(7.599999985898,-28.8,1.451471862576));
#4501 = PCURVE('',#1536,#4502);
#4502 = DEFINITIONAL_REPRESENTATION('',(#4503),#4530);
#4503 = B_SPLINE_CURVE_WITH_KNOTS('',5,(#4504,#4505,#4506,#4507,#4508,
    #4509,#4510,#4511,#4512,#4513,#4514,#4515,#4516,#4517,#4518,#4519,
    #4520,#4521,#4522,#4523,#4524,#4525,#4526,#4527,#4528,#4529),
  .UNSPECIFIED.,.F.,.F.,(6,4,4,4,4,4,6),(0.,0.125203008289,
    0.218833361455,0.499999837444,0.780957367843,0.875562566696,1.),
  .UNSPECIFIED.);
#4504 = CARTESIAN_POINT('',(-3.14159265359,-3.148528137424));
#4505 = CARTESIAN_POINT('',(-3.154945606402,-3.115481265235));
#4506 = CARTESIAN_POINT('',(-3.167493700136,-3.080453555098));
#4507 = CARTESIAN_POINT('',(-3.179220906708,-3.043681107086));
#4508 = CARTESIAN_POINT('',(-3.190114488564,-3.005390076779));
#4509 = CARTESIAN_POINT('',(-3.207683646462,-2.93619104128));
#4510 = CARTESIAN_POINT('',(-3.214731810381,-2.9058495338));
#4511 = CARTESIAN_POINT('',(-3.22130955075,-2.874856045982));
#4512 = CARTESIAN_POINT('',(-3.227416337756,-2.843285094381));
#4513 = CARTESIAN_POINT('',(-3.249977703216,-2.714865479433));
#4514 = CARTESIAN_POINT('',(-3.262655376413,-2.613946885337));
#4515 = CARTESIAN_POINT('',(-3.271101773479,-2.51022280058));
#4516 = CARTESIAN_POINT('',(-3.275324243,-2.405111277244));
#4517 = CARTESIAN_POINT('',(-3.275324243,-2.194966834976));
#4518 = CARTESIAN_POINT('',(-3.271108046366,-2.089933420182));
#4519 = CARTESIAN_POINT('',(-3.262674200215,-1.986284373055));
#4520 = CARTESIAN_POINT('',(-3.250015379242,-1.885434548419));
#4521 = CARTESIAN_POINT('',(-3.227424766906,-1.75673428145));
#4522 = CARTESIAN_POINT('',(-3.221253697442,-1.724834945332));
#4523 = CARTESIAN_POINT('',(-3.214601809535,-1.693525377349));
#4524 = CARTESIAN_POINT('',(-3.207469656488,-1.662882493309));
#4525 = CARTESIAN_POINT('',(-3.189847810729,-1.593673569779));
#4526 = CARTESIAN_POINT('',(-3.179005659691,-1.555644429286));
#4527 = CARTESIAN_POINT('',(-3.167340169458,-1.519118009132));
#4528 = CARTESIAN_POINT('',(-3.154863904497,-1.484316532865));
#4529 = CARTESIAN_POINT('',(-3.14159265359,-1.451471862576));
#4530 = ( GEOMETRIC_REPRESENTATION_CONTEXT(2) 
PARAMETRIC_REPRESENTATION_CONTEXT() REPRESENTATION_CONTEXT('2D SPACE',''
  ) );
#4531 = PCURVE('',#4404,#4532);
#4532 = DEFINITIONAL_REPRESENTATION('',(#4533),#4560);
#4533 = B_SPLINE_CURVE_WITH_KNOTS('',5,(#4534,#4535,#4536,#4537,#4538,
    #4539,#4540,#4541,#4542,#4543,#4544,#4545,#4546,#4547,#4548,#4549,
    #4550,#4551,#4552,#4553,#4554,#4555,#4556,#4557,#4558,#4559),
  .UNSPECIFIED.,.F.,.F.,(6,4,4,4,4,4,6),(0.,0.125203008289,
    0.218833361455,0.499999837444,0.780957367843,0.875562566696,1.),
  .UNSPECIFIED.);
#4534 = CARTESIAN_POINT('',(3.831367654375,0.899999985898));
#4535 = CARTESIAN_POINT('',(3.878577471788,0.899999985898));
#4536 = CARTESIAN_POINT('',(3.925239994789,0.900668624365));
#4537 = CARTESIAN_POINT('',(3.971393560225,0.901844640046));
#4538 = CARTESIAN_POINT('',(4.017066831056,0.9033795134));
#4539 = CARTESIAN_POINT('',(4.096095353492,0.906465026847));
#4540 = CARTESIAN_POINT('',(4.129660092683,0.907914400837));
#4541 = CARTESIAN_POINT('',(4.162995141321,0.909439664247));
#4542 = CARTESIAN_POINT('',(4.196120735036,0.910994304044));
#4543 = CARTESIAN_POINT('',(4.327968757803,0.917176056711));
#4544 = CARTESIAN_POINT('',(4.425163875919,0.921719297001));
#4545 = CARTESIAN_POINT('',(4.521277769716,0.925097075852));
#4546 = CARTESIAN_POINT('',(4.616833273799,0.926786236434));
#4547 = CARTESIAN_POINT('',(4.807873675861,0.926786236434));
#4548 = CARTESIAN_POINT('',(4.903358173935,0.925099585507));
#4549 = CARTESIAN_POINT('',(4.999399795677,0.921726824476));
#4550 = CARTESIAN_POINT('',(5.096520257395,0.917189559652));
#4551 = CARTESIAN_POINT('',(5.228630951224,0.910995550779));
#4552 = CARTESIAN_POINT('',(5.262101559169,0.909424439188));
#4553 = CARTESIAN_POINT('',(5.295786097501,0.907883439009));
#4554 = CARTESIAN_POINT('',(5.329705430109,0.906420572608));
#4555 = CARTESIAN_POINT('',(5.408828531258,0.903342047967));
#4556 = CARTESIAN_POINT('',(5.454231226827,0.901823121296));
#4557 = CARTESIAN_POINT('',(5.500108818167,0.900660466878));
#4558 = CARTESIAN_POINT('',(5.546489348839,0.899999985898));
#4559 = CARTESIAN_POINT('',(5.593410306394,0.899999985898));
#4560 = ( GEOMETRIC_REPRESENTATION_CONTEXT(2) 
PARAMETRIC_REPRESENTATION_CONTEXT() REPRESENTATION_CONTEXT('2D SPACE',''
  ) );
#4561 = ORIENTED_EDGE('',*,*,#4444,.T.);
#4562 = ORIENTED_EDGE('',*,*,#4110,.T.);
#4563 = ORIENTED_EDGE('',*,*,#4564,.F.);
#4564 = EDGE_CURVE('',#1520,#4111,#4565,.T.);
#4565 = SURFACE_CURVE('',#4566,(#4570,#4577),.PCURVE_S1.);
#4566 = LINE('',#4567,#4568);
#4567 = CARTESIAN_POINT('',(10.599999985898,-31.8,0.));
#4568 = VECTOR('',#4569,1.);
#4569 = DIRECTION('',(0.,0.,1.));
#4570 = PCURVE('',#1536,#4571);
#4571 = DEFINITIONAL_REPRESENTATION('',(#4572),#4576);
#4572 = LINE('',#4573,#4574);
#4573 = CARTESIAN_POINT('',(-4.712388980385,0.));
#4574 = VECTOR('',#4575,1.);
#4575 = DIRECTION('',(-0.,-1.));
#4576 = ( GEOMETRIC_REPRESENTATION_CONTEXT(2) 
PARAMETRIC_REPRESENTATION_CONTEXT() REPRESENTATION_CONTEXT('2D SPACE',''
  ) );
#4577 = PCURVE('',#1564,#4578);
#4578 = DEFINITIONAL_REPRESENTATION('',(#4579),#4583);
#4579 = LINE('',#4580,#4581);
#4580 = CARTESIAN_POINT('',(2.22044604925E-16,0.));
#4581 = VECTOR('',#4582,1.);
#4582 = DIRECTION('',(0.,-1.));
#4583 = ( GEOMETRIC_REPRESENTATION_CONTEXT(2) 
PARAMETRIC_REPRESENTATION_CONTEXT() REPRESENTATION_CONTEXT('2D SPACE',''
  ) );
#4584 = ADVANCED_FACE('',(#4585),#1564,.F.);
#4585 = FACE_BOUND('',#4586,.F.);
#4586 = EDGE_LOOP('',(#4587,#4588,#4589,#4610));
#4587 = ORIENTED_EDGE('',*,*,#4564,.T.);
#4588 = ORIENTED_EDGE('',*,*,#4134,.T.);
#4589 = ORIENTED_EDGE('',*,*,#4590,.F.);
#4590 = EDGE_CURVE('',#1549,#4135,#4591,.T.);
#4591 = SURFACE_CURVE('',#4592,(#4596,#4603),.PCURVE_S1.);
#4592 = LINE('',#4593,#4594);
#4593 = CARTESIAN_POINT('',(12.79999998188,-31.8,0.));
#4594 = VECTOR('',#4595,1.);
#4595 = DIRECTION('',(0.,0.,1.));
#4596 = PCURVE('',#1564,#4597);
#4597 = DEFINITIONAL_REPRESENTATION('',(#4598),#4602);
#4598 = LINE('',#4599,#4600);
#4599 = CARTESIAN_POINT('',(2.199999995982,0.));
#4600 = VECTOR('',#4601,1.);
#4601 = DIRECTION('',(0.,-1.));
#4602 = ( GEOMETRIC_REPRESENTATION_CONTEXT(2) 
PARAMETRIC_REPRESENTATION_CONTEXT() REPRESENTATION_CONTEXT('2D SPACE',''
  ) );
#4603 = PCURVE('',#1593,#4604);
#4604 = DEFINITIONAL_REPRESENTATION('',(#4605),#4609);
#4605 = LINE('',#4606,#4607);
#4606 = CARTESIAN_POINT('',(-4.712388980385,0.));
#4607 = VECTOR('',#4608,1.);
#4608 = DIRECTION('',(-0.,-1.));
#4609 = ( GEOMETRIC_REPRESENTATION_CONTEXT(2) 
PARAMETRIC_REPRESENTATION_CONTEXT() REPRESENTATION_CONTEXT('2D SPACE',''
  ) );
#4610 = ORIENTED_EDGE('',*,*,#1548,.F.);
#4611 = ADVANCED_FACE('',(#4612),#1593,.T.);
#4612 = FACE_BOUND('',#4613,.F.);
#4613 = EDGE_LOOP('',(#4614,#4615,#4616,#4617,#4640,#4732));
#4614 = ORIENTED_EDGE('',*,*,#1576,.F.);
#4615 = ORIENTED_EDGE('',*,*,#4590,.T.);
#4616 = ORIENTED_EDGE('',*,*,#4157,.T.);
#4617 = ORIENTED_EDGE('',*,*,#4618,.F.);
#4618 = EDGE_CURVE('',#4619,#4158,#4621,.T.);
#4619 = VERTEX_POINT('',#4620);
#4620 = CARTESIAN_POINT('',(15.799999997991,-28.8,3.148528137424));
#4621 = SURFACE_CURVE('',#4622,(#4626,#4633),.PCURVE_S1.);
#4622 = LINE('',#4623,#4624);
#4623 = CARTESIAN_POINT('',(15.799999997991,-28.8,0.));
#4624 = VECTOR('',#4625,1.);
#4625 = DIRECTION('',(0.,0.,1.));
#4626 = PCURVE('',#1593,#4627);
#4627 = DEFINITIONAL_REPRESENTATION('',(#4628),#4632);
#4628 = LINE('',#4629,#4630);
#4629 = CARTESIAN_POINT('',(-6.28318530718,0.));
#4630 = VECTOR('',#4631,1.);
#4631 = DIRECTION('',(-0.,-1.));
#4632 = ( GEOMETRIC_REPRESENTATION_CONTEXT(2) 
PARAMETRIC_REPRESENTATION_CONTEXT() REPRESENTATION_CONTEXT('2D SPACE',''
  ) );
#4633 = PCURVE('',#1621,#4634);
#4634 = DEFINITIONAL_REPRESENTATION('',(#4635),#4639);
#4635 = LINE('',#4636,#4637);
#4636 = CARTESIAN_POINT('',(0.,0.));
#4637 = VECTOR('',#4638,1.);
#4638 = DIRECTION('',(0.,-1.));
#4639 = ( GEOMETRIC_REPRESENTATION_CONTEXT(2) 
PARAMETRIC_REPRESENTATION_CONTEXT() REPRESENTATION_CONTEXT('2D SPACE',''
  ) );
#4640 = ORIENTED_EDGE('',*,*,#4641,.T.);
#4641 = EDGE_CURVE('',#4619,#4642,#4644,.T.);
#4642 = VERTEX_POINT('',#4643);
#4643 = CARTESIAN_POINT('',(15.799999997991,-28.8,1.451471862576));
#4644 = SURFACE_CURVE('',#4645,(#4672,#4702),.PCURVE_S1.);
#4645 = B_SPLINE_CURVE_WITH_KNOTS('',5,(#4646,#4647,#4648,#4649,#4650,
    #4651,#4652,#4653,#4654,#4655,#4656,#4657,#4658,#4659,#4660,#4661,
    #4662,#4663,#4664,#4665,#4666,#4667,#4668,#4669,#4670,#4671),
  .UNSPECIFIED.,.F.,.F.,(6,4,4,4,4,4,6),(0.,0.125203008289,
    0.218833361455,0.499999837444,0.780957367844,0.875562566696,1.),
  .UNSPECIFIED.);
#4646 = CARTESIAN_POINT('',(15.79999998188,-28.8,3.148528137424));
#4647 = CARTESIAN_POINT('',(15.79999998188,-28.84005885843,
    3.115481265235));
#4648 = CARTESIAN_POINT('',(15.799331343412,-28.87770314003,
    3.080453555098));
#4649 = CARTESIAN_POINT('',(15.798155327731,-28.91286987672,
    3.043681107086));
#4650 = CARTESIAN_POINT('',(15.796620454378,-28.94551675806,
    3.005390076779));
#4651 = CARTESIAN_POINT('',(15.793534940931,-28.99813384074,
    2.93619104128));
#4652 = CARTESIAN_POINT('',(15.792085566941,-29.01922960825,2.9058495338
    ));
#4653 = CARTESIAN_POINT('',(15.79056030353,-29.03890474031,
    2.874856045982));
#4654 = CARTESIAN_POINT('',(15.789005663733,-29.05715935576,
    2.843285094381));
#4655 = CARTESIAN_POINT('',(15.782823911067,-29.12456056373,
    2.714865479433));
#4656 = CARTESIAN_POINT('',(15.778280670777,-29.16233563962,
    2.613946885337));
#4657 = CARTESIAN_POINT('',(15.774902891925,-29.18744484674,
    2.51022280058));
#4658 = CARTESIAN_POINT('',(15.773213731343,-29.2,2.405111277244));
#4659 = CARTESIAN_POINT('',(15.773213731343,-29.2,2.194966834977));
#4660 = CARTESIAN_POINT('',(15.774900382271,-29.18746350082,
    2.089933420182));
#4661 = CARTESIAN_POINT('',(15.778273143302,-29.16239159422,
    1.986284373055));
#4662 = CARTESIAN_POINT('',(15.782810408125,-29.12467282767,
    1.885434548419));
#4663 = CARTESIAN_POINT('',(15.789004416998,-29.05718463503,
    1.75673428145));
#4664 = CARTESIAN_POINT('',(15.79057552859,-29.03873786873,
    1.724834945332));
#4665 = CARTESIAN_POINT('',(15.792116528769,-29.01884081323,
    1.693525377349));
#4666 = CARTESIAN_POINT('',(15.79357939517,-28.99749337375,
    1.662882493309));
#4667 = CARTESIAN_POINT('',(15.79665791981,-28.94471754862,
    1.593673569779));
#4668 = CARTESIAN_POINT('',(15.798176846481,-28.9122244071,
    1.555644429287));
#4669 = CARTESIAN_POINT('',(15.7993395009,-28.87724254802,1.519118009132
    ));
#4670 = CARTESIAN_POINT('',(15.79999998188,-28.83981375272,
    1.484316532865));
#4671 = CARTESIAN_POINT('',(15.79999998188,-28.8,1.451471862576));
#4672 = PCURVE('',#1593,#4673);
#4673 = DEFINITIONAL_REPRESENTATION('',(#4674),#4701);
#4674 = B_SPLINE_CURVE_WITH_KNOTS('',5,(#4675,#4676,#4677,#4678,#4679,
    #4680,#4681,#4682,#4683,#4684,#4685,#4686,#4687,#4688,#4689,#4690,
    #4691,#4692,#4693,#4694,#4695,#4696,#4697,#4698,#4699,#4700),
  .UNSPECIFIED.,.F.,.F.,(6,4,4,4,4,4,6),(0.,0.125203008289,
    0.218833361455,0.499999837444,0.780957367844,0.875562566696,1.),
  .UNSPECIFIED.);
#4675 = CARTESIAN_POINT('',(-6.28318530718,-3.148528137424));
#4676 = CARTESIAN_POINT('',(-6.269832354367,-3.115481265235));
#4677 = CARTESIAN_POINT('',(-6.257284260633,-3.080453555098));
#4678 = CARTESIAN_POINT('',(-6.245557054061,-3.043681107086));
#4679 = CARTESIAN_POINT('',(-6.234663472205,-3.005390076779));
#4680 = CARTESIAN_POINT('',(-6.217094314308,-2.93619104128));
#4681 = CARTESIAN_POINT('',(-6.210046150389,-2.9058495338));
#4682 = CARTESIAN_POINT('',(-6.203468410019,-2.874856045982));
#4683 = CARTESIAN_POINT('',(-6.197361623013,-2.843285094381));
#4684 = CARTESIAN_POINT('',(-6.174800257553,-2.714865479433));
#4685 = CARTESIAN_POINT('',(-6.162122584356,-2.613946885337));
#4686 = CARTESIAN_POINT('',(-6.153676187291,-2.51022280058));
#4687 = CARTESIAN_POINT('',(-6.14945371777,-2.405111277244));
#4688 = CARTESIAN_POINT('',(-6.14945371777,-2.194966834977));
#4689 = CARTESIAN_POINT('',(-6.153669914403,-2.089933420182));
#4690 = CARTESIAN_POINT('',(-6.162103760555,-1.986284373055));
#4691 = CARTESIAN_POINT('',(-6.174762581528,-1.885434548419));
#4692 = CARTESIAN_POINT('',(-6.197353193863,-1.75673428145));
#4693 = CARTESIAN_POINT('',(-6.203524263327,-1.724834945332));
#4694 = CARTESIAN_POINT('',(-6.210176151234,-1.693525377349));
#4695 = CARTESIAN_POINT('',(-6.217308304282,-1.662882493309));
#4696 = CARTESIAN_POINT('',(-6.234930150041,-1.593673569779));
#4697 = CARTESIAN_POINT('',(-6.245772301078,-1.555644429287));
#4698 = CARTESIAN_POINT('',(-6.257437791311,-1.519118009132));
#4699 = CARTESIAN_POINT('',(-6.269914056273,-1.484316532865));
#4700 = CARTESIAN_POINT('',(-6.28318530718,-1.451471862576));
#4701 = ( GEOMETRIC_REPRESENTATION_CONTEXT(2) 
PARAMETRIC_REPRESENTATION_CONTEXT() REPRESENTATION_CONTEXT('2D SPACE',''
  ) );
#4702 = PCURVE('',#4404,#4703);
#4703 = DEFINITIONAL_REPRESENTATION('',(#4704),#4731);
#4704 = B_SPLINE_CURVE_WITH_KNOTS('',5,(#4705,#4706,#4707,#4708,#4709,
    #4710,#4711,#4712,#4713,#4714,#4715,#4716,#4717,#4718,#4719,#4720,
    #4721,#4722,#4723,#4724,#4725,#4726,#4727,#4728,#4729,#4730),
  .UNSPECIFIED.,.F.,.F.,(6,4,4,4,4,4,6),(0.,0.125203008289,
    0.218833361455,0.499999837444,0.780957367844,0.875562566696,1.),
  .UNSPECIFIED.);
#4705 = CARTESIAN_POINT('',(3.831367654375,9.09999998188));
#4706 = CARTESIAN_POINT('',(3.878577471788,9.09999998188));
#4707 = CARTESIAN_POINT('',(3.925239994789,9.099331343412));
#4708 = CARTESIAN_POINT('',(3.971393560225,9.098155327731));
#4709 = CARTESIAN_POINT('',(4.017066831056,9.096620454378));
#4710 = CARTESIAN_POINT('',(4.096095353492,9.093534940931));
#4711 = CARTESIAN_POINT('',(4.129660092683,9.092085566941));
#4712 = CARTESIAN_POINT('',(4.162995141321,9.09056030353));
#4713 = CARTESIAN_POINT('',(4.196120735036,9.089005663733));
#4714 = CARTESIAN_POINT('',(4.327968757803,9.082823911067));
#4715 = CARTESIAN_POINT('',(4.425163875919,9.078280670777));
#4716 = CARTESIAN_POINT('',(4.521277769716,9.074902891925));
#4717 = CARTESIAN_POINT('',(4.616833273799,9.073213731343));
#4718 = CARTESIAN_POINT('',(4.807873675861,9.073213731343));
#4719 = CARTESIAN_POINT('',(4.903358173935,9.074900382271));
#4720 = CARTESIAN_POINT('',(4.999399795677,9.078273143302));
#4721 = CARTESIAN_POINT('',(5.096520257395,9.082810408125));
#4722 = CARTESIAN_POINT('',(5.228630951224,9.089004416998));
#4723 = CARTESIAN_POINT('',(5.262101559169,9.09057552859));
#4724 = CARTESIAN_POINT('',(5.295786097501,9.092116528769));
#4725 = CARTESIAN_POINT('',(5.329705430109,9.09357939517));
#4726 = CARTESIAN_POINT('',(5.408828531258,9.09665791981));
#4727 = CARTESIAN_POINT('',(5.454231226827,9.098176846481));
#4728 = CARTESIAN_POINT('',(5.500108818167,9.0993395009));
#4729 = CARTESIAN_POINT('',(5.546489348839,9.09999998188));
#4730 = CARTESIAN_POINT('',(5.593410306394,9.09999998188));
#4731 = ( GEOMETRIC_REPRESENTATION_CONTEXT(2) 
PARAMETRIC_REPRESENTATION_CONTEXT() REPRESENTATION_CONTEXT('2D SPACE',''
  ) );
#4732 = ORIENTED_EDGE('',*,*,#4733,.F.);
#4733 = EDGE_CURVE('',#1577,#4642,#4734,.T.);
#4734 = SURFACE_CURVE('',#4735,(#4739,#4746),.PCURVE_S1.);
#4735 = LINE('',#4736,#4737);
#4736 = CARTESIAN_POINT('',(15.799999997991,-28.8,0.));
#4737 = VECTOR('',#4738,1.);
#4738 = DIRECTION('',(0.,0.,1.));
#4739 = PCURVE('',#1593,#4740);
#4740 = DEFINITIONAL_REPRESENTATION('',(#4741),#4745);
#4741 = LINE('',#4742,#4743);
#4742 = CARTESIAN_POINT('',(-6.28318530718,0.));
#4743 = VECTOR('',#4744,1.);
#4744 = DIRECTION('',(-0.,-1.));
#4745 = ( GEOMETRIC_REPRESENTATION_CONTEXT(2) 
PARAMETRIC_REPRESENTATION_CONTEXT() REPRESENTATION_CONTEXT('2D SPACE',''
  ) );
#4746 = PCURVE('',#1621,#4747);
#4747 = DEFINITIONAL_REPRESENTATION('',(#4748),#4752);
#4748 = LINE('',#4749,#4750);
#4749 = CARTESIAN_POINT('',(0.,0.));
#4750 = VECTOR('',#4751,1.);
#4751 = DIRECTION('',(0.,-1.));
#4752 = ( GEOMETRIC_REPRESENTATION_CONTEXT(2) 
PARAMETRIC_REPRESENTATION_CONTEXT() REPRESENTATION_CONTEXT('2D SPACE',''
  ) );
#4753 = ADVANCED_FACE('',(#4754),#1621,.F.);
#4754 = FACE_BOUND('',#4755,.F.);
#4755 = EDGE_LOOP('',(#4756,#4757,#4758,#4786,#4812,#4813,#4814));
#4756 = ORIENTED_EDGE('',*,*,#1605,.F.);
#4757 = ORIENTED_EDGE('',*,*,#4733,.T.);
#4758 = ORIENTED_EDGE('',*,*,#4759,.T.);
#4759 = EDGE_CURVE('',#4642,#4760,#4762,.T.);
#4760 = VERTEX_POINT('',#4761);
#4761 = CARTESIAN_POINT('',(15.800000014102,-28.1,1.2));
#4762 = SURFACE_CURVE('',#4763,(#4768,#4779),.PCURVE_S1.);
#4763 = CIRCLE('',#4764,1.1);
#4764 = AXIS2_PLACEMENT_3D('',#4765,#4766,#4767);
#4765 = CARTESIAN_POINT('',(15.800000014102,-28.1,2.3));
#4766 = DIRECTION('',(1.,0.,2.22044604925E-16));
#4767 = DIRECTION('',(2.22044604925E-16,0.,-1.));
#4768 = PCURVE('',#1621,#4769);
#4769 = DEFINITIONAL_REPRESENTATION('',(#4770),#4778);
#4770 = ( BOUNDED_CURVE() B_SPLINE_CURVE(2,(#4771,#4772,#4773,#4774,
#4775,#4776,#4777),.UNSPECIFIED.,.T.,.F.) B_SPLINE_CURVE_WITH_KNOTS((1,2
    ,2,2,2,1),(-2.094395102393,0.,2.094395102393,4.188790204786,
6.28318530718,8.377580409573),.UNSPECIFIED.) CURVE() 
GEOMETRIC_REPRESENTATION_ITEM() RATIONAL_B_SPLINE_CURVE((1.,0.5,1.,0.5,
1.,0.5,1.)) REPRESENTATION_ITEM('') );
#4771 = CARTESIAN_POINT('',(0.7,-1.2));
#4772 = CARTESIAN_POINT('',(2.605255888326,-1.2));
#4773 = CARTESIAN_POINT('',(1.652627944163,-2.85));
#4774 = CARTESIAN_POINT('',(0.7,-4.5));
#4775 = CARTESIAN_POINT('',(-0.252627944163,-2.85));
#4776 = CARTESIAN_POINT('',(-1.205255888326,-1.2));
#4777 = CARTESIAN_POINT('',(0.7,-1.2));
#4778 = ( GEOMETRIC_REPRESENTATION_CONTEXT(2) 
PARAMETRIC_REPRESENTATION_CONTEXT() REPRESENTATION_CONTEXT('2D SPACE',''
  ) );
#4779 = PCURVE('',#4404,#4780);
#4780 = DEFINITIONAL_REPRESENTATION('',(#4781),#4785);
#4781 = LINE('',#4782,#4783);
#4782 = CARTESIAN_POINT('',(0.,9.100000014102));
#4783 = VECTOR('',#4784,1.);
#4784 = DIRECTION('',(1.,0.));
#4785 = ( GEOMETRIC_REPRESENTATION_CONTEXT(2) 
PARAMETRIC_REPRESENTATION_CONTEXT() REPRESENTATION_CONTEXT('2D SPACE',''
  ) );
#4786 = ORIENTED_EDGE('',*,*,#4787,.T.);
#4787 = EDGE_CURVE('',#4760,#4619,#4788,.T.);
#4788 = SURFACE_CURVE('',#4789,(#4794,#4805),.PCURVE_S1.);
#4789 = CIRCLE('',#4790,1.1);
#4790 = AXIS2_PLACEMENT_3D('',#4791,#4792,#4793);
#4791 = CARTESIAN_POINT('',(15.800000014102,-28.1,2.3));
#4792 = DIRECTION('',(1.,0.,2.22044604925E-16));
#4793 = DIRECTION('',(2.22044604925E-16,0.,-1.));
#4794 = PCURVE('',#1621,#4795);
#4795 = DEFINITIONAL_REPRESENTATION('',(#4796),#4804);
#4796 = ( BOUNDED_CURVE() B_SPLINE_CURVE(2,(#4797,#4798,#4799,#4800,
#4801,#4802,#4803),.UNSPECIFIED.,.T.,.F.) B_SPLINE_CURVE_WITH_KNOTS((1,2
    ,2,2,2,1),(-2.094395102393,0.,2.094395102393,4.188790204786,
6.28318530718,8.377580409573),.UNSPECIFIED.) CURVE() 
GEOMETRIC_REPRESENTATION_ITEM() RATIONAL_B_SPLINE_CURVE((1.,0.5,1.,0.5,
1.,0.5,1.)) REPRESENTATION_ITEM('') );
#4797 = CARTESIAN_POINT('',(0.7,-1.2));
#4798 = CARTESIAN_POINT('',(2.605255888326,-1.2));
#4799 = CARTESIAN_POINT('',(1.652627944163,-2.85));
#4800 = CARTESIAN_POINT('',(0.7,-4.5));
#4801 = CARTESIAN_POINT('',(-0.252627944163,-2.85));
#4802 = CARTESIAN_POINT('',(-1.205255888326,-1.2));
#4803 = CARTESIAN_POINT('',(0.7,-1.2));
#4804 = ( GEOMETRIC_REPRESENTATION_CONTEXT(2) 
PARAMETRIC_REPRESENTATION_CONTEXT() REPRESENTATION_CONTEXT('2D SPACE',''
  ) );
#4805 = PCURVE('',#4404,#4806);
#4806 = DEFINITIONAL_REPRESENTATION('',(#4807),#4811);
#4807 = LINE('',#4808,#4809);
#4808 = CARTESIAN_POINT('',(0.,9.100000014102));
#4809 = VECTOR('',#4810,1.);
#4810 = DIRECTION('',(1.,0.));
#4811 = ( GEOMETRIC_REPRESENTATION_CONTEXT(2) 
PARAMETRIC_REPRESENTATION_CONTEXT() REPRESENTATION_CONTEXT('2D SPACE',''
  ) );
#4812 = ORIENTED_EDGE('',*,*,#4618,.T.);
#4813 = ORIENTED_EDGE('',*,*,#4181,.T.);
#4814 = ORIENTED_EDGE('',*,*,#4815,.F.);
#4815 = EDGE_CURVE('',#1606,#4182,#4816,.T.);
#4816 = SURFACE_CURVE('',#4817,(#4821,#4828),.PCURVE_S1.);
#4817 = LINE('',#4818,#4819);
#4818 = CARTESIAN_POINT('',(15.799999997991,-22.8,0.));
#4819 = VECTOR('',#4820,1.);
#4820 = DIRECTION('',(0.,0.,1.));
#4821 = PCURVE('',#1621,#4822);
#4822 = DEFINITIONAL_REPRESENTATION('',(#4823),#4827);
#4823 = LINE('',#4824,#4825);
#4824 = CARTESIAN_POINT('',(6.,0.));
#4825 = VECTOR('',#4826,1.);
#4826 = DIRECTION('',(0.,-1.));
#4827 = ( GEOMETRIC_REPRESENTATION_CONTEXT(2) 
PARAMETRIC_REPRESENTATION_CONTEXT() REPRESENTATION_CONTEXT('2D SPACE',''
  ) );
#4828 = PCURVE('',#1650,#4829);
#4829 = DEFINITIONAL_REPRESENTATION('',(#4830),#4834);
#4830 = LINE('',#4831,#4832);
#4831 = CARTESIAN_POINT('',(-0.,0.));
#4832 = VECTOR('',#4833,1.);
#4833 = DIRECTION('',(-0.,-1.));
#4834 = ( GEOMETRIC_REPRESENTATION_CONTEXT(2) 
PARAMETRIC_REPRESENTATION_CONTEXT() REPRESENTATION_CONTEXT('2D SPACE',''
  ) );
#4835 = ADVANCED_FACE('',(#4836),#1650,.T.);
#4836 = FACE_BOUND('',#4837,.F.);
#4837 = EDGE_LOOP('',(#4838,#4839,#4840,#4841,#4842));
#4838 = ORIENTED_EDGE('',*,*,#1633,.F.);
#4839 = ORIENTED_EDGE('',*,*,#4815,.T.);
#4840 = ORIENTED_EDGE('',*,*,#4204,.T.);
#4841 = ORIENTED_EDGE('',*,*,#4337,.T.);
#4842 = ORIENTED_EDGE('',*,*,#4843,.T.);
#4843 = EDGE_CURVE('',#4262,#1634,#4844,.T.);
#4844 = SURFACE_CURVE('',#4845,(#4868,#4894),.PCURVE_S1.);
#4845 = B_SPLINE_CURVE_WITH_KNOTS('',6,(#4846,#4847,#4848,#4849,#4850,
    #4851,#4852,#4853,#4854,#4855,#4856,#4857,#4858,#4859,#4860,#4861,
    #4862,#4863,#4864,#4865,#4866,#4867),.UNSPECIFIED.,.F.,.F.,(7,5,5,5,
    7),(0.,0.259793003673,0.512346335367,0.939853633774,1.),
  .UNSPECIFIED.);
#4846 = CARTESIAN_POINT('',(15.544962621974,-21.58955375811,0.55));
#4847 = CARTESIAN_POINT('',(15.544962621974,-21.58955375811,
    0.514058200388));
#4848 = CARTESIAN_POINT('',(15.543812898074,-21.5869466064,
    0.478117683377));
#4849 = CARTESIAN_POINT('',(15.541513842056,-21.58173268043,
    0.442406720312));
#4850 = CARTESIAN_POINT('',(15.538049859512,-21.57392785743,
    0.407158573388));
#4851 = CARTESIAN_POINT('',(15.533392616991,-21.56356777658,
    0.372613079554));
#4852 = CARTESIAN_POINT('',(15.521780051785,-21.5382146761,
    0.306359579441));
#4853 = CARTESIAN_POINT('',(15.51489264786,-21.52335956569,
    0.274601306509));
#4854 = CARTESIAN_POINT('',(15.506808562377,-21.50620231583,
    0.24397105041));
#4855 = CARTESIAN_POINT('',(15.497486482186,-21.4868237395,
    0.214712303853));
#4856 = CARTESIAN_POINT('',(15.486888695465,-21.46533914434,
    0.187076480055));
#4857 = CARTESIAN_POINT('',(15.454855302344,-21.40224396456,
    0.117707428337));
#4858 = CARTESIAN_POINT('',(15.430980155011,-21.35696721252,
    7.943253436924E-02));
#4859 = CARTESIAN_POINT('',(15.403285257373,-21.30689650853,
    4.779565833834E-02));
#4860 = CARTESIAN_POINT('',(15.371831638752,-21.2532312221,
    2.398897056217E-02));
#4861 = CARTESIAN_POINT('',(15.337061365585,-21.19755580982,
    8.882882710443E-03));
#4862 = CARTESIAN_POINT('',(15.294724483981,-21.13373504911,
    1.758349868731E-03));
#4863 = CARTESIAN_POINT('',(15.289455934111,-21.1258575335,
    1.054941607962E-03));
#4864 = CARTESIAN_POINT('',(15.284143111404,-21.11797863638,
    5.273130349595E-04));
#4865 = CARTESIAN_POINT('',(15.278788659319,-21.11010290284,
    1.756772178516E-04));
#4866 = CARTESIAN_POINT('',(15.273395346076,-21.10223483205,
    5.494527625791E-19));
#4867 = CARTESIAN_POINT('',(15.267966064653,-21.09437887727,0.));
#4868 = PCURVE('',#1650,#4869);
#4869 = DEFINITIONAL_REPRESENTATION('',(#4870),#4893);
#4870 = B_SPLINE_CURVE_WITH_KNOTS('',6,(#4871,#4872,#4873,#4874,#4875,
    #4876,#4877,#4878,#4879,#4880,#4881,#4882,#4883,#4884,#4885,#4886,
    #4887,#4888,#4889,#4890,#4891,#4892),.UNSPECIFIED.,.F.,.F.,(7,5,5,5,
    7),(0.,0.259793003673,0.512346335367,0.939853633774,1.),
  .UNSPECIFIED.);
#4871 = CARTESIAN_POINT('',(-0.415319271758,-0.55));
#4872 = CARTESIAN_POINT('',(-0.415319271758,-0.514058200388));
#4873 = CARTESIAN_POINT('',(-0.416269066418,-0.478117683377));
#4874 = CARTESIAN_POINT('',(-0.418168520742,-0.442406720312));
#4875 = CARTESIAN_POINT('',(-0.421014824221,-0.407158573388));
#4876 = CARTESIAN_POINT('',(-0.424800986669,-0.372613079554));
#4877 = CARTESIAN_POINT('',(-0.434096334216,-0.306359579441));
#4878 = CARTESIAN_POINT('',(-0.439554304692,-0.274601306509));
#4879 = CARTESIAN_POINT('',(-0.445876235632,-0.24397105041));
#4880 = CARTESIAN_POINT('',(-0.453043870672,-0.214712303853));
#4881 = CARTESIAN_POINT('',(-0.46102874836,-0.187076480055));
#4882 = CARTESIAN_POINT('',(-0.484615797505,-0.117707428337));
#4883 = CARTESIAN_POINT('',(-0.501675733993,-7.943253436926E-02));
#4884 = CARTESIAN_POINT('',(-0.520742946852,-4.779565833832E-02));
#4885 = CARTESIAN_POINT('',(-0.541465770772,-2.398897056218E-02));
#4886 = CARTESIAN_POINT('',(-0.563337780726,-8.882882710443E-03));
#4887 = CARTESIAN_POINT('',(-0.588866633774,-1.758349868731E-03));
#4888 = CARTESIAN_POINT('',(-0.592025599578,-1.054941607962E-03));
#4889 = CARTESIAN_POINT('',(-0.595193163694,-5.273130349596E-04));
#4890 = CARTESIAN_POINT('',(-0.598367634158,-1.756772178517E-04));
#4891 = CARTESIAN_POINT('',(-0.601547309606,0.));
#4892 = CARTESIAN_POINT('',(-0.604730479274,0.));
#4893 = ( GEOMETRIC_REPRESENTATION_CONTEXT(2) 
PARAMETRIC_REPRESENTATION_CONTEXT() REPRESENTATION_CONTEXT('2D SPACE',''
  ) );
#4894 = PCURVE('',#1683,#4895);
#4895 = DEFINITIONAL_REPRESENTATION('',(#4896),#4919);
#4896 = B_SPLINE_CURVE_WITH_KNOTS('',6,(#4897,#4898,#4899,#4900,#4901,
    #4902,#4903,#4904,#4905,#4906,#4907,#4908,#4909,#4910,#4911,#4912,
    #4913,#4914,#4915,#4916,#4917,#4918),.UNSPECIFIED.,.F.,.F.,(7,5,5,5,
    7),(0.,0.259793003673,0.512346335367,0.939853633774,1.),
  .UNSPECIFIED.);
#4897 = CARTESIAN_POINT('',(1.302821218477,0.));
#4898 = CARTESIAN_POINT('',(1.302821218477,6.534872656806E-02));
#4899 = CARTESIAN_POINT('',(1.302857597253,0.130695237733));
#4900 = CARTESIAN_POINT('',(1.302930336252,0.196126254797));
#4901 = CARTESIAN_POINT('',(1.30304123104,0.261720944877));
#4902 = CARTESIAN_POINT('',(1.303193758082,0.327553355221));
#4903 = CARTESIAN_POINT('',(1.303586574313,0.457993169713));
#4904 = CARTESIAN_POINT('',(1.303824296881,0.522580007103));
#4905 = CARTESIAN_POINT('',(1.304110637911,0.587518311804));
#4906 = CARTESIAN_POINT('',(1.304451562544,0.652855419756));
#4907 = CARTESIAN_POINT('',(1.304853768843,0.718620685452));
#4908 = CARTESIAN_POINT('',(1.306119937016,0.89688666502));
#4909 = CARTESIAN_POINT('',(1.307111453068,1.010298480127));
#4910 = CARTESIAN_POINT('',(1.308329854174,1.12491880727));
#4911 = CARTESIAN_POINT('',(1.309805231776,1.240512751592));
#4912 = CARTESIAN_POINT('',(1.311546348198,1.356726568351));
#4913 = CARTESIAN_POINT('',(1.313791391999,1.489166760751));
#4914 = CARTESIAN_POINT('',(1.314072806021,1.505500685748));
#4915 = CARTESIAN_POINT('',(1.314358637611,1.521832075197));
#4916 = CARTESIAN_POINT('',(1.314648776314,1.538159444044));
#4917 = CARTESIAN_POINT('',(1.314943097822,1.554481336651));
#4918 = CARTESIAN_POINT('',(1.315241463979,1.570796326795));
#4919 = ( GEOMETRIC_REPRESENTATION_CONTEXT(2) 
PARAMETRIC_REPRESENTATION_CONTEXT() REPRESENTATION_CONTEXT('2D SPACE',''
  ) );
#4920 = ADVANCED_FACE('',(#4921),#1683,.T.);
#4921 = FACE_BOUND('',#4922,.T.);
#4922 = EDGE_LOOP('',(#4923,#4943,#4944,#4945));
#4923 = ORIENTED_EDGE('',*,*,#4924,.F.);
#4924 = EDGE_CURVE('',#4260,#1663,#4925,.T.);
#4925 = SURFACE_CURVE('',#4926,(#4931,#4937),.PCURVE_S1.);
#4926 = CIRCLE('',#4927,0.55);
#4927 = AXIS2_PLACEMENT_3D('',#4928,#4929,#4930);
#4928 = CARTESIAN_POINT('',(23.45,-10.5,0.55));
#4929 = DIRECTION('',(0.,1.,0.));
#4930 = DIRECTION('',(1.,-0.,0.));
#4931 = PCURVE('',#1683,#4932);
#4932 = DEFINITIONAL_REPRESENTATION('',(#4933),#4936);
#4933 = B_SPLINE_CURVE_WITH_KNOTS('',1,(#4934,#4935),.UNSPECIFIED.,.F.,
  .F.,(2,2),(0.,1.570796326795),.PIECEWISE_BEZIER_KNOTS.);
#4934 = CARTESIAN_POINT('',(0.,0.));
#4935 = CARTESIAN_POINT('',(0.,1.570796326795));
#4936 = ( GEOMETRIC_REPRESENTATION_CONTEXT(2) 
PARAMETRIC_REPRESENTATION_CONTEXT() REPRESENTATION_CONTEXT('2D SPACE',''
  ) );
#4937 = PCURVE('',#1711,#4938);
#4938 = DEFINITIONAL_REPRESENTATION('',(#4939),#4942);
#4939 = B_SPLINE_CURVE_WITH_KNOTS('',1,(#4940,#4941),.UNSPECIFIED.,.F.,
  .F.,(2,2),(0.,1.570796326795),.PIECEWISE_BEZIER_KNOTS.);
#4940 = CARTESIAN_POINT('',(0.,20.999999992113));
#4941 = CARTESIAN_POINT('',(-1.570796326795,20.999999992113));
#4942 = ( GEOMETRIC_REPRESENTATION_CONTEXT(2) 
PARAMETRIC_REPRESENTATION_CONTEXT() REPRESENTATION_CONTEXT('2D SPACE',''
  ) );
#4943 = ORIENTED_EDGE('',*,*,#4259,.T.);
#4944 = ORIENTED_EDGE('',*,*,#4843,.T.);
#4945 = ORIENTED_EDGE('',*,*,#1662,.F.);
#4946 = ADVANCED_FACE('',(#4947),#1711,.T.);
#4947 = FACE_BOUND('',#4948,.F.);
#4948 = EDGE_LOOP('',(#4949,#4971,#4972,#4973));
#4949 = ORIENTED_EDGE('',*,*,#4950,.T.);
#4950 = EDGE_CURVE('',#4951,#1696,#4953,.T.);
#4951 = VERTEX_POINT('',#4952);
#4952 = CARTESIAN_POINT('',(24.,10.499999992113,0.55));
#4953 = SURFACE_CURVE('',#4954,(#4959,#4965),.PCURVE_S1.);
#4954 = CIRCLE('',#4955,0.55);
#4955 = AXIS2_PLACEMENT_3D('',#4956,#4957,#4958);
#4956 = CARTESIAN_POINT('',(23.45,10.499999992113,0.55));
#4957 = DIRECTION('',(-6.123233995737E-17,1.,0.));
#4958 = DIRECTION('',(1.,6.123233995737E-17,0.));
#4959 = PCURVE('',#1711,#4960);
#4960 = DEFINITIONAL_REPRESENTATION('',(#4961),#4964);
#4961 = B_SPLINE_CURVE_WITH_KNOTS('',1,(#4962,#4963),.UNSPECIFIED.,.F.,
  .F.,(2,2),(0.,1.570796326795),.PIECEWISE_BEZIER_KNOTS.);
#4962 = CARTESIAN_POINT('',(0.,-3.552713678801E-15));
#4963 = CARTESIAN_POINT('',(-1.570796326795,-3.552713678801E-15));
#4964 = ( GEOMETRIC_REPRESENTATION_CONTEXT(2) 
PARAMETRIC_REPRESENTATION_CONTEXT() REPRESENTATION_CONTEXT('2D SPACE',''
  ) );
#4965 = PCURVE('',#1744,#4966);
#4966 = DEFINITIONAL_REPRESENTATION('',(#4967),#4970);
#4967 = B_SPLINE_CURVE_WITH_KNOTS('',1,(#4968,#4969),.UNSPECIFIED.,.F.,
  .F.,(2,2),(0.,1.570796326795),.PIECEWISE_BEZIER_KNOTS.);
#4968 = CARTESIAN_POINT('',(1.570796326795,0.));
#4969 = CARTESIAN_POINT('',(1.570796326795,1.570796326795));
#4970 = ( GEOMETRIC_REPRESENTATION_CONTEXT(2) 
PARAMETRIC_REPRESENTATION_CONTEXT() REPRESENTATION_CONTEXT('2D SPACE',''
  ) );
#4971 = ORIENTED_EDGE('',*,*,#1695,.T.);
#4972 = ORIENTED_EDGE('',*,*,#4924,.F.);
#4973 = ORIENTED_EDGE('',*,*,#4974,.F.);
#4974 = EDGE_CURVE('',#4951,#4260,#4975,.T.);
#4975 = SURFACE_CURVE('',#4976,(#4980,#4987),.PCURVE_S1.);
#4976 = LINE('',#4977,#4978);
#4977 = CARTESIAN_POINT('',(24.,10.499999992113,0.55));
#4978 = VECTOR('',#4979,1.);
#4979 = DIRECTION('',(-0.,-1.,-0.));
#4980 = PCURVE('',#1711,#4981);
#4981 = DEFINITIONAL_REPRESENTATION('',(#4982),#4986);
#4982 = LINE('',#4983,#4984);
#4983 = CARTESIAN_POINT('',(-0.,0.));
#4984 = VECTOR('',#4985,1.);
#4985 = DIRECTION('',(-0.,1.));
#4986 = ( GEOMETRIC_REPRESENTATION_CONTEXT(2) 
PARAMETRIC_REPRESENTATION_CONTEXT() REPRESENTATION_CONTEXT('2D SPACE',''
  ) );
#4987 = PCURVE('',#4301,#4988);
#4988 = DEFINITIONAL_REPRESENTATION('',(#4989),#4993);
#4989 = LINE('',#4990,#4991);
#4990 = CARTESIAN_POINT('',(20.999999992113,-0.55));
#4991 = VECTOR('',#4992,1.);
#4992 = DIRECTION('',(-1.,0.));
#4993 = ( GEOMETRIC_REPRESENTATION_CONTEXT(2) 
PARAMETRIC_REPRESENTATION_CONTEXT() REPRESENTATION_CONTEXT('2D SPACE',''
  ) );
#4994 = ADVANCED_FACE('',(#4995),#1744,.T.);
#4995 = FACE_BOUND('',#4996,.T.);
#4996 = EDGE_LOOP('',(#4997,#5077,#5099,#5100));
#4997 = ORIENTED_EDGE('',*,*,#4998,.F.);
#4998 = EDGE_CURVE('',#4999,#1724,#5001,.T.);
#4999 = VERTEX_POINT('',#5000);
#5000 = CARTESIAN_POINT('',(15.54496262023,21.589553754163,0.55));
#5001 = SURFACE_CURVE('',#5002,(#5025,#5051),.PCURVE_S1.);
#5002 = B_SPLINE_CURVE_WITH_KNOTS('',6,(#5003,#5004,#5005,#5006,#5007,
    #5008,#5009,#5010,#5011,#5012,#5013,#5014,#5015,#5016,#5017,#5018,
    #5019,#5020,#5021,#5022,#5023,#5024),.UNSPECIFIED.,.F.,.F.,(7,5,5,5,
    7),(0.,0.259793003635,0.512346335315,0.93985363375,1.),
  .UNSPECIFIED.);
#5003 = CARTESIAN_POINT('',(15.54496262023,21.589553754163,0.55));
#5004 = CARTESIAN_POINT('',(15.54496262023,21.589553754163,
    0.514058200389));
#5005 = CARTESIAN_POINT('',(15.543812896326,21.586946602447,
    0.478117683381));
#5006 = CARTESIAN_POINT('',(15.5415138403,21.581732676487,0.442406720317
    ));
#5007 = CARTESIAN_POINT('',(15.538049857744,21.573927853487,
    0.407158573395));
#5008 = CARTESIAN_POINT('',(15.533392615206,21.563567772634,
    0.372613079563));
#5009 = CARTESIAN_POINT('',(15.521780049959,21.538214672167,
    0.306359579451));
#5010 = CARTESIAN_POINT('',(15.514892646009,21.523359561754,
    0.274601306517));
#5011 = CARTESIAN_POINT('',(15.506808560498,21.506202311906,
    0.243971050418));
#5012 = CARTESIAN_POINT('',(15.497486480274,21.486823735579,
    0.214712303861));
#5013 = CARTESIAN_POINT('',(15.486888693516,21.465339140422,
    0.187076480062));
#5014 = CARTESIAN_POINT('',(15.454855300284,21.402243960651,
    0.11770742834));
#5015 = CARTESIAN_POINT('',(15.430980152867,21.356967208616,
    7.943253436917E-02));
#5016 = CARTESIAN_POINT('',(15.403285255135,21.306896504626,
    4.779565833782E-02));
#5017 = CARTESIAN_POINT('',(15.371831636408,21.253231218205,
    2.398897056278E-02));
#5018 = CARTESIAN_POINT('',(15.337061363127,21.197555805927,
    8.882882712165E-03));
#5019 = CARTESIAN_POINT('',(15.294724481384,21.133735045221,
    1.758349869457E-03));
#5020 = CARTESIAN_POINT('',(15.289455931495,21.125857529611,
    1.05494160839E-03));
#5021 = CARTESIAN_POINT('',(15.284143108768,21.117978632494,
    5.273130351697E-04));
#5022 = CARTESIAN_POINT('',(15.278788656664,21.110102898951,
    1.756772179205E-04));
#5023 = CARTESIAN_POINT('',(15.273395343402,21.102234828157,
    5.494527626867E-19));
#5024 = CARTESIAN_POINT('',(15.26796606196,21.09437887338,0.));
#5025 = PCURVE('',#1744,#5026);
#5026 = DEFINITIONAL_REPRESENTATION('',(#5027),#5050);
#5027 = B_SPLINE_CURVE_WITH_KNOTS('',6,(#5028,#5029,#5030,#5031,#5032,
    #5033,#5034,#5035,#5036,#5037,#5038,#5039,#5040,#5041,#5042,#5043,
    #5044,#5045,#5046,#5047,#5048,#5049),.UNSPECIFIED.,.F.,.F.,(7,5,5,5,
    7),(0.,0.259793003635,0.512346335315,0.93985363375,1.),
  .UNSPECIFIED.);
#5028 = CARTESIAN_POINT('',(0.267975107026,0.));
#5029 = CARTESIAN_POINT('',(0.267975107026,6.534872656498E-02));
#5030 = CARTESIAN_POINT('',(0.267938728249,0.130695237727));
#5031 = CARTESIAN_POINT('',(0.267865989249,0.196126254788));
#5032 = CARTESIAN_POINT('',(0.26775509446,0.261720944864));
#5033 = CARTESIAN_POINT('',(0.267602567415,0.327553355205));
#5034 = CARTESIAN_POINT('',(0.267209751177,0.457993169694));
#5035 = CARTESIAN_POINT('',(0.266972028604,0.522580007085));
#5036 = CARTESIAN_POINT('',(0.26668568757,0.587518311786));
#5037 = CARTESIAN_POINT('',(0.266344762932,0.652855419739));
#5038 = CARTESIAN_POINT('',(0.265942556627,0.718620685434));
#5039 = CARTESIAN_POINT('',(0.264676388436,0.89688666501));
#5040 = CARTESIAN_POINT('',(0.263684872371,1.010298480126));
#5041 = CARTESIAN_POINT('',(0.26246647125,1.124918807271));
#5042 = CARTESIAN_POINT('',(0.260991093631,1.240512751592));
#5043 = CARTESIAN_POINT('',(0.259249977192,1.356726568343));
#5044 = CARTESIAN_POINT('',(0.257004933369,1.489166760734));
#5045 = CARTESIAN_POINT('',(0.256723519344,1.505500685734));
#5046 = CARTESIAN_POINT('',(0.256437687751,1.521832075187));
#5047 = CARTESIAN_POINT('',(0.256147549045,1.538159444038));
#5048 = CARTESIAN_POINT('',(0.255853227534,1.554481336648));
#5049 = CARTESIAN_POINT('',(0.255554861374,1.570796326795));
#5050 = ( GEOMETRIC_REPRESENTATION_CONTEXT(2) 
PARAMETRIC_REPRESENTATION_CONTEXT() REPRESENTATION_CONTEXT('2D SPACE',''
  ) );
#5051 = PCURVE('',#1773,#5052);
#5052 = DEFINITIONAL_REPRESENTATION('',(#5053),#5076);
#5053 = B_SPLINE_CURVE_WITH_KNOTS('',6,(#5054,#5055,#5056,#5057,#5058,
    #5059,#5060,#5061,#5062,#5063,#5064,#5065,#5066,#5067,#5068,#5069,
    #5070,#5071,#5072,#5073,#5074,#5075),.UNSPECIFIED.,.F.,.F.,(7,5,5,5,
    7),(0.,0.259793003635,0.512346335315,0.93985363375,1.),
  .UNSPECIFIED.);
#5054 = CARTESIAN_POINT('',(-5.867866033981,-0.55));
#5055 = CARTESIAN_POINT('',(-5.867866033981,-0.514058200389));
#5056 = CARTESIAN_POINT('',(-5.86691623932,-0.478117683381));
#5057 = CARTESIAN_POINT('',(-5.865016784996,-0.442406720317));
#5058 = CARTESIAN_POINT('',(-5.862170481516,-0.407158573395));
#5059 = CARTESIAN_POINT('',(-5.858384319067,-0.372613079563));
#5060 = CARTESIAN_POINT('',(-5.849088971516,-0.306359579451));
#5061 = CARTESIAN_POINT('',(-5.843631001038,-0.274601306517));
#5062 = CARTESIAN_POINT('',(-5.837309070095,-0.243971050418));
#5063 = CARTESIAN_POINT('',(-5.830141435052,-0.214712303861));
#5064 = CARTESIAN_POINT('',(-5.822156557359,-0.187076480062));
#5065 = CARTESIAN_POINT('',(-5.7985695082,-0.11770742834));
#5066 = CARTESIAN_POINT('',(-5.781509571701,-7.943253436918E-02));
#5067 = CARTESIAN_POINT('',(-5.762442358828,-4.779565833781E-02));
#5068 = CARTESIAN_POINT('',(-5.741719534891,-2.398897056279E-02));
#5069 = CARTESIAN_POINT('',(-5.719847524919,-8.882882712165E-03));
#5070 = CARTESIAN_POINT('',(-5.694318671847,-1.758349869457E-03));
#5071 = CARTESIAN_POINT('',(-5.691159706038,-1.05494160839E-03));
#5072 = CARTESIAN_POINT('',(-5.687992141919,-5.273130351696E-04));
#5073 = CARTESIAN_POINT('',(-5.684817671451,-1.756772179204E-04));
#5074 = CARTESIAN_POINT('',(-5.681637995999,0.));
#5075 = CARTESIAN_POINT('',(-5.678454826327,0.));
#5076 = ( GEOMETRIC_REPRESENTATION_CONTEXT(2) 
PARAMETRIC_REPRESENTATION_CONTEXT() REPRESENTATION_CONTEXT('2D SPACE',''
  ) );
#5077 = ORIENTED_EDGE('',*,*,#5078,.T.);
#5078 = EDGE_CURVE('',#4999,#4951,#5079,.T.);
#5079 = SURFACE_CURVE('',#5080,(#5085,#5092),.PCURVE_S1.);
#5080 = CIRCLE('',#5081,11.5);
#5081 = AXIS2_PLACEMENT_3D('',#5082,#5083,#5084);
#5082 = CARTESIAN_POINT('',(12.5,10.499999992113,0.55));
#5083 = DIRECTION('',(0.,-0.,-1.));
#5084 = DIRECTION('',(0.,1.,-0.));
#5085 = PCURVE('',#1744,#5086);
#5086 = DEFINITIONAL_REPRESENTATION('',(#5087),#5091);
#5087 = LINE('',#5088,#5089);
#5088 = CARTESIAN_POINT('',(0.,0.));
#5089 = VECTOR('',#5090,1.);
#5090 = DIRECTION('',(1.,0.));
#5091 = ( GEOMETRIC_REPRESENTATION_CONTEXT(2) 
PARAMETRIC_REPRESENTATION_CONTEXT() REPRESENTATION_CONTEXT('2D SPACE',''
  ) );
#5092 = PCURVE('',#3226,#5093);
#5093 = DEFINITIONAL_REPRESENTATION('',(#5094),#5098);
#5094 = LINE('',#5095,#5096);
#5095 = CARTESIAN_POINT('',(1.570796326795,-0.55));
#5096 = VECTOR('',#5097,1.);
#5097 = DIRECTION('',(1.,0.));
#5098 = ( GEOMETRIC_REPRESENTATION_CONTEXT(2) 
PARAMETRIC_REPRESENTATION_CONTEXT() REPRESENTATION_CONTEXT('2D SPACE',''
  ) );
#5099 = ORIENTED_EDGE('',*,*,#4950,.T.);
#5100 = ORIENTED_EDGE('',*,*,#1723,.F.);
#5101 = ADVANCED_FACE('',(#5102),#1773,.T.);
#5102 = FACE_BOUND('',#5103,.F.);
#5103 = EDGE_LOOP('',(#5104,#5105,#5106,#5127,#5151));
#5104 = ORIENTED_EDGE('',*,*,#1756,.F.);
#5105 = ORIENTED_EDGE('',*,*,#4998,.F.);
#5106 = ORIENTED_EDGE('',*,*,#5107,.F.);
#5107 = EDGE_CURVE('',#5108,#4999,#5110,.T.);
#5108 = VERTEX_POINT('',#5109);
#5109 = CARTESIAN_POINT('',(15.54496262023,21.589553754163,4.6));
#5110 = SURFACE_CURVE('',#5111,(#5115,#5121),.PCURVE_S1.);
#5111 = LINE('',#5112,#5113);
#5112 = CARTESIAN_POINT('',(15.54496262023,21.589553754163,0.));
#5113 = VECTOR('',#5114,1.);
#5114 = DIRECTION('',(0.,0.,-1.));
#5115 = PCURVE('',#1773,#5116);
#5116 = DEFINITIONAL_REPRESENTATION('',(#5117),#5120);
#5117 = B_SPLINE_CURVE_WITH_KNOTS('',1,(#5118,#5119),.UNSPECIFIED.,.F.,
  .F.,(2,2),(-4.6000006,-0.5499994),.PIECEWISE_BEZIER_KNOTS.);
#5118 = CARTESIAN_POINT('',(-5.867866033981,-4.6000006));
#5119 = CARTESIAN_POINT('',(-5.867866033981,-0.5499994));
#5120 = ( GEOMETRIC_REPRESENTATION_CONTEXT(2) 
PARAMETRIC_REPRESENTATION_CONTEXT() REPRESENTATION_CONTEXT('2D SPACE',''
  ) );
#5121 = PCURVE('',#3226,#5122);
#5122 = DEFINITIONAL_REPRESENTATION('',(#5123),#5126);
#5123 = B_SPLINE_CURVE_WITH_KNOTS('',1,(#5124,#5125),.UNSPECIFIED.,.F.,
  .F.,(2,2),(-4.6000006,-0.5499994),.PIECEWISE_BEZIER_KNOTS.);
#5124 = CARTESIAN_POINT('',(1.838771433821,-4.6000006));
#5125 = CARTESIAN_POINT('',(1.838771433821,-0.5499994));
#5126 = ( GEOMETRIC_REPRESENTATION_CONTEXT(2) 
PARAMETRIC_REPRESENTATION_CONTEXT() REPRESENTATION_CONTEXT('2D SPACE',''
  ) );
#5127 = ORIENTED_EDGE('',*,*,#5128,.T.);
#5128 = EDGE_CURVE('',#5108,#5129,#5131,.T.);
#5129 = VERTEX_POINT('',#5130);
#5130 = CARTESIAN_POINT('',(15.799999997991,22.8,4.6));
#5131 = SURFACE_CURVE('',#5132,(#5137,#5144),.PCURVE_S1.);
#5132 = CIRCLE('',#5133,3.);
#5133 = AXIS2_PLACEMENT_3D('',#5134,#5135,#5136);
#5134 = CARTESIAN_POINT('',(12.79999998188,22.8,4.6));
#5135 = DIRECTION('',(0.,0.,1.));
#5136 = DIRECTION('',(1.,0.,0.));
#5137 = PCURVE('',#1773,#5138);
#5138 = DEFINITIONAL_REPRESENTATION('',(#5139),#5143);
#5139 = LINE('',#5140,#5141);
#5140 = CARTESIAN_POINT('',(-0.,-4.6));
#5141 = VECTOR('',#5142,1.);
#5142 = DIRECTION('',(-1.,0.));
#5143 = ( GEOMETRIC_REPRESENTATION_CONTEXT(2) 
PARAMETRIC_REPRESENTATION_CONTEXT() REPRESENTATION_CONTEXT('2D SPACE',''
  ) );
#5144 = PCURVE('',#3253,#5145);
#5145 = DEFINITIONAL_REPRESENTATION('',(#5146),#5150);
#5146 = CIRCLE('',#5147,3.);
#5147 = AXIS2_PLACEMENT_2D('',#5148,#5149);
#5148 = CARTESIAN_POINT('',(1.099999987642,-3.));
#5149 = DIRECTION('',(1.,0.));
#5150 = ( GEOMETRIC_REPRESENTATION_CONTEXT(2) 
PARAMETRIC_REPRESENTATION_CONTEXT() REPRESENTATION_CONTEXT('2D SPACE',''
  ) );
#5151 = ORIENTED_EDGE('',*,*,#5152,.F.);
#5152 = EDGE_CURVE('',#1757,#5129,#5153,.T.);
#5153 = SURFACE_CURVE('',#5154,(#5158,#5165),.PCURVE_S1.);
#5154 = LINE('',#5155,#5156);
#5155 = CARTESIAN_POINT('',(15.799999997991,22.8,0.));
#5156 = VECTOR('',#5157,1.);
#5157 = DIRECTION('',(0.,0.,1.));
#5158 = PCURVE('',#1773,#5159);
#5159 = DEFINITIONAL_REPRESENTATION('',(#5160),#5164);
#5160 = LINE('',#5161,#5162);
#5161 = CARTESIAN_POINT('',(-6.28318530718,0.));
#5162 = VECTOR('',#5163,1.);
#5163 = DIRECTION('',(-0.,-1.));
#5164 = ( GEOMETRIC_REPRESENTATION_CONTEXT(2) 
PARAMETRIC_REPRESENTATION_CONTEXT() REPRESENTATION_CONTEXT('2D SPACE',''
  ) );
#5165 = PCURVE('',#1801,#5166);
#5166 = DEFINITIONAL_REPRESENTATION('',(#5167),#5171);
#5167 = LINE('',#5168,#5169);
#5168 = CARTESIAN_POINT('',(0.,0.));
#5169 = VECTOR('',#5170,1.);
#5170 = DIRECTION('',(0.,-1.));
#5171 = ( GEOMETRIC_REPRESENTATION_CONTEXT(2) 
PARAMETRIC_REPRESENTATION_CONTEXT() REPRESENTATION_CONTEXT('2D SPACE',''
  ) );
#5172 = ADVANCED_FACE('',(#5173),#1801,.F.);
#5173 = FACE_BOUND('',#5174,.F.);
#5174 = EDGE_LOOP('',(#5175,#5176,#5177,#5200,#5223,#5256,#5284));
#5175 = ORIENTED_EDGE('',*,*,#1785,.F.);
#5176 = ORIENTED_EDGE('',*,*,#5152,.T.);
#5177 = ORIENTED_EDGE('',*,*,#5178,.T.);
#5178 = EDGE_CURVE('',#5129,#5179,#5181,.T.);
#5179 = VERTEX_POINT('',#5180);
#5180 = CARTESIAN_POINT('',(15.799999997991,28.8,4.6));
#5181 = SURFACE_CURVE('',#5182,(#5186,#5193),.PCURVE_S1.);
#5182 = LINE('',#5183,#5184);
#5183 = CARTESIAN_POINT('',(15.800000014102,25.8,4.6));
#5184 = VECTOR('',#5185,1.);
#5185 = DIRECTION('',(0.,1.,0.));
#5186 = PCURVE('',#1801,#5187);
#5187 = DEFINITIONAL_REPRESENTATION('',(#5188),#5192);
#5188 = LINE('',#5189,#5190);
#5189 = CARTESIAN_POINT('',(3.,-4.6));
#5190 = VECTOR('',#5191,1.);
#5191 = DIRECTION('',(1.,0.));
#5192 = ( GEOMETRIC_REPRESENTATION_CONTEXT(2) 
PARAMETRIC_REPRESENTATION_CONTEXT() REPRESENTATION_CONTEXT('2D SPACE',''
  ) );
#5193 = PCURVE('',#3253,#5194);
#5194 = DEFINITIONAL_REPRESENTATION('',(#5195),#5199);
#5195 = LINE('',#5196,#5197);
#5196 = CARTESIAN_POINT('',(4.100000019865,-1.901339693486E-16));
#5197 = VECTOR('',#5198,1.);
#5198 = DIRECTION('',(0.,1.));
#5199 = ( GEOMETRIC_REPRESENTATION_CONTEXT(2) 
PARAMETRIC_REPRESENTATION_CONTEXT() REPRESENTATION_CONTEXT('2D SPACE',''
  ) );
#5200 = ORIENTED_EDGE('',*,*,#5201,.F.);
#5201 = EDGE_CURVE('',#5202,#5179,#5204,.T.);
#5202 = VERTEX_POINT('',#5203);
#5203 = CARTESIAN_POINT('',(15.799999997991,28.8,3.148528137424));
#5204 = SURFACE_CURVE('',#5205,(#5209,#5216),.PCURVE_S1.);
#5205 = LINE('',#5206,#5207);
#5206 = CARTESIAN_POINT('',(15.799999997991,28.8,0.));
#5207 = VECTOR('',#5208,1.);
#5208 = DIRECTION('',(0.,0.,1.));
#5209 = PCURVE('',#1801,#5210);
#5210 = DEFINITIONAL_REPRESENTATION('',(#5211),#5215);
#5211 = LINE('',#5212,#5213);
#5212 = CARTESIAN_POINT('',(6.,0.));
#5213 = VECTOR('',#5214,1.);
#5214 = DIRECTION('',(0.,-1.));
#5215 = ( GEOMETRIC_REPRESENTATION_CONTEXT(2) 
PARAMETRIC_REPRESENTATION_CONTEXT() REPRESENTATION_CONTEXT('2D SPACE',''
  ) );
#5216 = PCURVE('',#1830,#5217);
#5217 = DEFINITIONAL_REPRESENTATION('',(#5218),#5222);
#5218 = LINE('',#5219,#5220);
#5219 = CARTESIAN_POINT('',(-0.,0.));
#5220 = VECTOR('',#5221,1.);
#5221 = DIRECTION('',(-0.,-1.));
#5222 = ( GEOMETRIC_REPRESENTATION_CONTEXT(2) 
PARAMETRIC_REPRESENTATION_CONTEXT() REPRESENTATION_CONTEXT('2D SPACE',''
  ) );
#5223 = ORIENTED_EDGE('',*,*,#5224,.T.);
#5224 = EDGE_CURVE('',#5202,#5225,#5227,.T.);
#5225 = VERTEX_POINT('',#5226);
#5226 = CARTESIAN_POINT('',(15.800000014102,28.1,1.2));
#5227 = SURFACE_CURVE('',#5228,(#5233,#5244),.PCURVE_S1.);
#5228 = CIRCLE('',#5229,1.1);
#5229 = AXIS2_PLACEMENT_3D('',#5230,#5231,#5232);
#5230 = CARTESIAN_POINT('',(15.800000014102,28.1,2.3));
#5231 = DIRECTION('',(1.,0.,2.22044604925E-16));
#5232 = DIRECTION('',(2.22044604925E-16,0.,-1.));
#5233 = PCURVE('',#1801,#5234);
#5234 = DEFINITIONAL_REPRESENTATION('',(#5235),#5243);
#5235 = ( BOUNDED_CURVE() B_SPLINE_CURVE(2,(#5236,#5237,#5238,#5239,
#5240,#5241,#5242),.UNSPECIFIED.,.T.,.F.) B_SPLINE_CURVE_WITH_KNOTS((1,2
    ,2,2,2,1),(-2.094395102393,0.,2.094395102393,4.188790204786,
6.28318530718,8.377580409573),.UNSPECIFIED.) CURVE() 
GEOMETRIC_REPRESENTATION_ITEM() RATIONAL_B_SPLINE_CURVE((1.,0.5,1.,0.5,
1.,0.5,1.)) REPRESENTATION_ITEM('') );
#5236 = CARTESIAN_POINT('',(5.3,-1.2));
#5237 = CARTESIAN_POINT('',(7.205255888326,-1.2));
#5238 = CARTESIAN_POINT('',(6.252627944163,-2.85));
#5239 = CARTESIAN_POINT('',(5.3,-4.5));
#5240 = CARTESIAN_POINT('',(4.347372055837,-2.85));
#5241 = CARTESIAN_POINT('',(3.394744111674,-1.2));
#5242 = CARTESIAN_POINT('',(5.3,-1.2));
#5243 = ( GEOMETRIC_REPRESENTATION_CONTEXT(2) 
PARAMETRIC_REPRESENTATION_CONTEXT() REPRESENTATION_CONTEXT('2D SPACE',''
  ) );
#5244 = PCURVE('',#5245,#5250);
#5245 = CYLINDRICAL_SURFACE('',#5246,1.1);
#5246 = AXIS2_PLACEMENT_3D('',#5247,#5248,#5249);
#5247 = CARTESIAN_POINT('',(6.7,28.1,2.3));
#5248 = DIRECTION('',(1.,0.,2.22044604925E-16));
#5249 = DIRECTION('',(2.22044604925E-16,0.,-1.));
#5250 = DEFINITIONAL_REPRESENTATION('',(#5251),#5255);
#5251 = LINE('',#5252,#5253);
#5252 = CARTESIAN_POINT('',(0.,9.100000014102));
#5253 = VECTOR('',#5254,1.);
#5254 = DIRECTION('',(1.,0.));
#5255 = ( GEOMETRIC_REPRESENTATION_CONTEXT(2) 
PARAMETRIC_REPRESENTATION_CONTEXT() REPRESENTATION_CONTEXT('2D SPACE',''
  ) );
#5256 = ORIENTED_EDGE('',*,*,#5257,.T.);
#5257 = EDGE_CURVE('',#5225,#5258,#5260,.T.);
#5258 = VERTEX_POINT('',#5259);
#5259 = CARTESIAN_POINT('',(15.799999997991,28.8,1.451471862576));
#5260 = SURFACE_CURVE('',#5261,(#5266,#5277),.PCURVE_S1.);
#5261 = CIRCLE('',#5262,1.1);
#5262 = AXIS2_PLACEMENT_3D('',#5263,#5264,#5265);
#5263 = CARTESIAN_POINT('',(15.800000014102,28.1,2.3));
#5264 = DIRECTION('',(1.,0.,2.22044604925E-16));
#5265 = DIRECTION('',(2.22044604925E-16,0.,-1.));
#5266 = PCURVE('',#1801,#5267);
#5267 = DEFINITIONAL_REPRESENTATION('',(#5268),#5276);
#5268 = ( BOUNDED_CURVE() B_SPLINE_CURVE(2,(#5269,#5270,#5271,#5272,
#5273,#5274,#5275),.UNSPECIFIED.,.T.,.F.) B_SPLINE_CURVE_WITH_KNOTS((1,2
    ,2,2,2,1),(-2.094395102393,0.,2.094395102393,4.188790204786,
6.28318530718,8.377580409573),.UNSPECIFIED.) CURVE() 
GEOMETRIC_REPRESENTATION_ITEM() RATIONAL_B_SPLINE_CURVE((1.,0.5,1.,0.5,
1.,0.5,1.)) REPRESENTATION_ITEM('') );
#5269 = CARTESIAN_POINT('',(5.3,-1.2));
#5270 = CARTESIAN_POINT('',(7.205255888326,-1.2));
#5271 = CARTESIAN_POINT('',(6.252627944163,-2.85));
#5272 = CARTESIAN_POINT('',(5.3,-4.5));
#5273 = CARTESIAN_POINT('',(4.347372055837,-2.85));
#5274 = CARTESIAN_POINT('',(3.394744111674,-1.2));
#5275 = CARTESIAN_POINT('',(5.3,-1.2));
#5276 = ( GEOMETRIC_REPRESENTATION_CONTEXT(2) 
PARAMETRIC_REPRESENTATION_CONTEXT() REPRESENTATION_CONTEXT('2D SPACE',''
  ) );
#5277 = PCURVE('',#5245,#5278);
#5278 = DEFINITIONAL_REPRESENTATION('',(#5279),#5283);
#5279 = LINE('',#5280,#5281);
#5280 = CARTESIAN_POINT('',(0.,9.100000014102));
#5281 = VECTOR('',#5282,1.);
#5282 = DIRECTION('',(1.,0.));
#5283 = ( GEOMETRIC_REPRESENTATION_CONTEXT(2) 
PARAMETRIC_REPRESENTATION_CONTEXT() REPRESENTATION_CONTEXT('2D SPACE',''
  ) );
#5284 = ORIENTED_EDGE('',*,*,#5285,.F.);
#5285 = EDGE_CURVE('',#1786,#5258,#5286,.T.);
#5286 = SURFACE_CURVE('',#5287,(#5291,#5298),.PCURVE_S1.);
#5287 = LINE('',#5288,#5289);
#5288 = CARTESIAN_POINT('',(15.799999997991,28.8,0.));
#5289 = VECTOR('',#5290,1.);
#5290 = DIRECTION('',(0.,0.,1.));
#5291 = PCURVE('',#1801,#5292);
#5292 = DEFINITIONAL_REPRESENTATION('',(#5293),#5297);
#5293 = LINE('',#5294,#5295);
#5294 = CARTESIAN_POINT('',(6.,0.));
#5295 = VECTOR('',#5296,1.);
#5296 = DIRECTION('',(0.,-1.));
#5297 = ( GEOMETRIC_REPRESENTATION_CONTEXT(2) 
PARAMETRIC_REPRESENTATION_CONTEXT() REPRESENTATION_CONTEXT('2D SPACE',''
  ) );
#5298 = PCURVE('',#1830,#5299);
#5299 = DEFINITIONAL_REPRESENTATION('',(#5300),#5304);
#5300 = LINE('',#5301,#5302);
#5301 = CARTESIAN_POINT('',(-0.,0.));
#5302 = VECTOR('',#5303,1.);
#5303 = DIRECTION('',(-0.,-1.));
#5304 = ( GEOMETRIC_REPRESENTATION_CONTEXT(2) 
PARAMETRIC_REPRESENTATION_CONTEXT() REPRESENTATION_CONTEXT('2D SPACE',''
  ) );
#5305 = ADVANCED_FACE('',(#5306),#1830,.T.);
#5306 = FACE_BOUND('',#5307,.F.);
#5307 = EDGE_LOOP('',(#5308,#5309,#5310,#5400,#5401,#5425));
#5308 = ORIENTED_EDGE('',*,*,#1813,.F.);
#5309 = ORIENTED_EDGE('',*,*,#5285,.T.);
#5310 = ORIENTED_EDGE('',*,*,#5311,.T.);
#5311 = EDGE_CURVE('',#5258,#5202,#5312,.T.);
#5312 = SURFACE_CURVE('',#5313,(#5340,#5370),.PCURVE_S1.);
#5313 = B_SPLINE_CURVE_WITH_KNOTS('',5,(#5314,#5315,#5316,#5317,#5318,
    #5319,#5320,#5321,#5322,#5323,#5324,#5325,#5326,#5327,#5328,#5329,
    #5330,#5331,#5332,#5333,#5334,#5335,#5336,#5337,#5338,#5339),
  .UNSPECIFIED.,.F.,.F.,(6,4,4,4,4,4,6),(0.,0.12520300422,0.218833354344
    ,0.499999837452,0.780957374936,0.875562570725,1.),.UNSPECIFIED.);
#5314 = CARTESIAN_POINT('',(15.79999998188,28.8,1.451471862576));
#5315 = CARTESIAN_POINT('',(15.79999998188,28.840058858437,
    1.484518734765));
#5316 = CARTESIAN_POINT('',(15.799331343412,28.877703140031,
    1.519546444902));
#5317 = CARTESIAN_POINT('',(15.798155327731,28.912869876725,
    1.556318892914));
#5318 = CARTESIAN_POINT('',(15.796620454378,28.945516758066,
    1.594609923221));
#5319 = CARTESIAN_POINT('',(15.793534940931,28.998133840746,
    1.66380895872));
#5320 = CARTESIAN_POINT('',(15.792085566941,29.019229608254,1.6941504662
    ));
#5321 = CARTESIAN_POINT('',(15.79056030353,29.038904740312,
    1.725143954018));
#5322 = CARTESIAN_POINT('',(15.789005663733,29.057159355762,
    1.756714905619));
#5323 = CARTESIAN_POINT('',(15.782823910799,29.124560566663,
    1.885134526137));
#5324 = CARTESIAN_POINT('',(15.778280671226,29.162335634882,
    1.986053100473));
#5325 = CARTESIAN_POINT('',(15.774902891684,29.187444849228,
    2.089777213741));
#5326 = CARTESIAN_POINT('',(15.773213731343,29.2,2.194888716991));
#5327 = CARTESIAN_POINT('',(15.773213731343,29.2,2.405033170773));
#5328 = CARTESIAN_POINT('',(15.77490038203,29.187463503295,
    2.510066565544));
#5329 = CARTESIAN_POINT('',(15.77827314375,29.16239158951,2.613715641079
    ));
#5330 = CARTESIAN_POINT('',(15.782810407858,29.124672830578,
    2.714565446036));
#5331 = CARTESIAN_POINT('',(15.789004416998,29.057184635035,
    2.84326571855));
#5332 = CARTESIAN_POINT('',(15.79057552859,29.038737868738,
    2.875165054668));
#5333 = CARTESIAN_POINT('',(15.792116528769,29.018840813237,
    2.906474622651));
#5334 = CARTESIAN_POINT('',(15.79357939517,28.997493373752,
    2.937117506691));
#5335 = CARTESIAN_POINT('',(15.79665791981,28.944717548626,
    3.006326430221));
#5336 = CARTESIAN_POINT('',(15.798176846481,28.912224407108,
    3.044355570713));
#5337 = CARTESIAN_POINT('',(15.7993395009,28.877242548021,3.080881990868
    ));
#5338 = CARTESIAN_POINT('',(15.79999998188,28.83981375272,3.115683467135
    ));
#5339 = CARTESIAN_POINT('',(15.79999998188,28.8,3.148528137424));
#5340 = PCURVE('',#1830,#5341);
#5341 = DEFINITIONAL_REPRESENTATION('',(#5342),#5369);
#5342 = B_SPLINE_CURVE_WITH_KNOTS('',5,(#5343,#5344,#5345,#5346,#5347,
    #5348,#5349,#5350,#5351,#5352,#5353,#5354,#5355,#5356,#5357,#5358,
    #5359,#5360,#5361,#5362,#5363,#5364,#5365,#5366,#5367,#5368),
  .UNSPECIFIED.,.F.,.F.,(6,4,4,4,4,4,6),(0.,0.12520300422,0.218833354344
    ,0.499999837452,0.780957374936,0.875562570725,1.),.UNSPECIFIED.);
#5343 = CARTESIAN_POINT('',(0.,-1.451471862576));
#5344 = CARTESIAN_POINT('',(-1.335295281238E-02,-1.484518734765));
#5345 = CARTESIAN_POINT('',(-2.590104654636E-02,-1.519546444902));
#5346 = CARTESIAN_POINT('',(-3.762825311816E-02,-1.556318892914));
#5347 = CARTESIAN_POINT('',(-4.852183497447E-02,-1.594609923221));
#5348 = CARTESIAN_POINT('',(-6.609099287175E-02,-1.66380895872));
#5349 = CARTESIAN_POINT('',(-7.313915679094E-02,-1.6941504662));
#5350 = CARTESIAN_POINT('',(-7.971689716054E-02,-1.725143954018));
#5351 = CARTESIAN_POINT('',(-8.582368416631E-02,-1.756714905619));
#5352 = CARTESIAN_POINT('',(-0.108385050605,-1.885134526137));
#5353 = CARTESIAN_POINT('',(-0.121062721235,-1.986053100473));
#5354 = CARTESIAN_POINT('',(-0.129509120719,-2.089777213741));
#5355 = CARTESIAN_POINT('',(-0.13373158941,-2.194888716991));
#5356 = CARTESIAN_POINT('',(-0.13373158941,-2.405033170773));
#5357 = CARTESIAN_POINT('',(-0.129515393603,-2.510066565544));
#5358 = CARTESIAN_POINT('',(-0.121081545045,-2.613715641079));
#5359 = CARTESIAN_POINT('',(-0.108422726625,-2.714565446036));
#5360 = CARTESIAN_POINT('',(-8.583211331646E-02,-2.84326571855));
#5361 = CARTESIAN_POINT('',(-7.966104385244E-02,-2.875165054668));
#5362 = CARTESIAN_POINT('',(-7.300915594563E-02,-2.906474622651));
#5363 = CARTESIAN_POINT('',(-6.587700289806E-02,-2.937117506691));
#5364 = CARTESIAN_POINT('',(-4.825515713891E-02,-3.006326430221));
#5365 = CARTESIAN_POINT('',(-3.741300610148E-02,-3.044355570713));
#5366 = CARTESIAN_POINT('',(-2.574751586842E-02,-3.080881990868));
#5367 = CARTESIAN_POINT('',(-1.327125090671E-02,-3.115683467135));
#5368 = CARTESIAN_POINT('',(0.,-3.148528137424));
#5369 = ( GEOMETRIC_REPRESENTATION_CONTEXT(2) 
PARAMETRIC_REPRESENTATION_CONTEXT() REPRESENTATION_CONTEXT('2D SPACE',''
  ) );
#5370 = PCURVE('',#5245,#5371);
#5371 = DEFINITIONAL_REPRESENTATION('',(#5372),#5399);
#5372 = B_SPLINE_CURVE_WITH_KNOTS('',5,(#5373,#5374,#5375,#5376,#5377,
    #5378,#5379,#5380,#5381,#5382,#5383,#5384,#5385,#5386,#5387,#5388,
    #5389,#5390,#5391,#5392,#5393,#5394,#5395,#5396,#5397,#5398),
  .UNSPECIFIED.,.F.,.F.,(6,4,4,4,4,4,6),(0.,0.12520300422,0.218833354344
    ,0.499999837452,0.780957374936,0.875562570725,1.),.UNSPECIFIED.);
#5373 = CARTESIAN_POINT('',(0.689775000785,9.09999998188));
#5374 = CARTESIAN_POINT('',(0.736984818198,9.09999998188));
#5375 = CARTESIAN_POINT('',(0.783647341199,9.099331343412));
#5376 = CARTESIAN_POINT('',(0.829800906635,9.098155327731));
#5377 = CARTESIAN_POINT('',(0.875474177466,9.096620454378));
#5378 = CARTESIAN_POINT('',(0.954502699902,9.093534940931));
#5379 = CARTESIAN_POINT('',(0.988067439093,9.092085566941));
#5380 = CARTESIAN_POINT('',(1.021402487731,9.09056030353));
#5381 = CARTESIAN_POINT('',(1.054528081446,9.089005663733));
#5382 = CARTESIAN_POINT('',(1.186376109931,9.082823910799));
#5383 = CARTESIAN_POINT('',(1.28357120842,9.078280671226));
#5384 = CARTESIAN_POINT('',(1.37968512965,9.074902891684));
#5385 = CARTESIAN_POINT('',(1.475240614969,9.073213731343));
#5386 = CARTESIAN_POINT('',(1.666281027497,9.073213731343));
#5387 = CARTESIAN_POINT('',(1.761765506867,9.07490038203));
#5388 = CARTESIAN_POINT('',(1.857807155941,9.07827314375));
#5389 = CARTESIAN_POINT('',(1.954927598113,9.082810407858));
#5390 = CARTESIAN_POINT('',(2.087038297634,9.089004416998));
#5391 = CARTESIAN_POINT('',(2.120508905579,9.09057552859));
#5392 = CARTESIAN_POINT('',(2.154193443911,9.092116528769));
#5393 = CARTESIAN_POINT('',(2.188112776519,9.09357939517));
#5394 = CARTESIAN_POINT('',(2.267235877668,9.09665791981));
#5395 = CARTESIAN_POINT('',(2.312638573238,9.098176846481));
#5396 = CARTESIAN_POINT('',(2.358516164577,9.0993395009));
#5397 = CARTESIAN_POINT('',(2.404896695249,9.09999998188));
#5398 = CARTESIAN_POINT('',(2.451817652804,9.09999998188));
#5399 = ( GEOMETRIC_REPRESENTATION_CONTEXT(2) 
PARAMETRIC_REPRESENTATION_CONTEXT() REPRESENTATION_CONTEXT('2D SPACE',''
  ) );
#5400 = ORIENTED_EDGE('',*,*,#5201,.T.);
#5401 = ORIENTED_EDGE('',*,*,#5402,.T.);
#5402 = EDGE_CURVE('',#5179,#5403,#5405,.T.);
#5403 = VERTEX_POINT('',#5404);
#5404 = CARTESIAN_POINT('',(12.79999998188,31.8,4.6));
#5405 = SURFACE_CURVE('',#5406,(#5411,#5418),.PCURVE_S1.);
#5406 = CIRCLE('',#5407,3.);
#5407 = AXIS2_PLACEMENT_3D('',#5408,#5409,#5410);
#5408 = CARTESIAN_POINT('',(12.79999998188,28.8,4.6));
#5409 = DIRECTION('',(0.,0.,1.));
#5410 = DIRECTION('',(1.,0.,0.));
#5411 = PCURVE('',#1830,#5412);
#5412 = DEFINITIONAL_REPRESENTATION('',(#5413),#5417);
#5413 = LINE('',#5414,#5415);
#5414 = CARTESIAN_POINT('',(-0.,-4.6));
#5415 = VECTOR('',#5416,1.);
#5416 = DIRECTION('',(-1.,0.));
#5417 = ( GEOMETRIC_REPRESENTATION_CONTEXT(2) 
PARAMETRIC_REPRESENTATION_CONTEXT() REPRESENTATION_CONTEXT('2D SPACE',''
  ) );
#5418 = PCURVE('',#3253,#5419);
#5419 = DEFINITIONAL_REPRESENTATION('',(#5420),#5424);
#5420 = CIRCLE('',#5421,3.);
#5421 = AXIS2_PLACEMENT_2D('',#5422,#5423);
#5422 = CARTESIAN_POINT('',(1.099999987642,3.));
#5423 = DIRECTION('',(1.,0.));
#5424 = ( GEOMETRIC_REPRESENTATION_CONTEXT(2) 
PARAMETRIC_REPRESENTATION_CONTEXT() REPRESENTATION_CONTEXT('2D SPACE',''
  ) );
#5425 = ORIENTED_EDGE('',*,*,#5426,.F.);
#5426 = EDGE_CURVE('',#1814,#5403,#5427,.T.);
#5427 = SURFACE_CURVE('',#5428,(#5432,#5439),.PCURVE_S1.);
#5428 = LINE('',#5429,#5430);
#5429 = CARTESIAN_POINT('',(12.79999998188,31.8,0.));
#5430 = VECTOR('',#5431,1.);
#5431 = DIRECTION('',(0.,0.,1.));
#5432 = PCURVE('',#1830,#5433);
#5433 = DEFINITIONAL_REPRESENTATION('',(#5434),#5438);
#5434 = LINE('',#5435,#5436);
#5435 = CARTESIAN_POINT('',(-1.570796326795,0.));
#5436 = VECTOR('',#5437,1.);
#5437 = DIRECTION('',(-0.,-1.));
#5438 = ( GEOMETRIC_REPRESENTATION_CONTEXT(2) 
PARAMETRIC_REPRESENTATION_CONTEXT() REPRESENTATION_CONTEXT('2D SPACE',''
  ) );
#5439 = PCURVE('',#1858,#5440);
#5440 = DEFINITIONAL_REPRESENTATION('',(#5441),#5445);
#5441 = LINE('',#5442,#5443);
#5442 = CARTESIAN_POINT('',(2.199999995982,0.));
#5443 = VECTOR('',#5444,1.);
#5444 = DIRECTION('',(0.,-1.));
#5445 = ( GEOMETRIC_REPRESENTATION_CONTEXT(2) 
PARAMETRIC_REPRESENTATION_CONTEXT() REPRESENTATION_CONTEXT('2D SPACE',''
  ) );
#5446 = ADVANCED_FACE('',(#5447),#1858,.T.);
#5447 = FACE_BOUND('',#5448,.T.);
#5448 = EDGE_LOOP('',(#5449,#5472,#5493,#5494));
#5449 = ORIENTED_EDGE('',*,*,#5450,.T.);
#5450 = EDGE_CURVE('',#1843,#5451,#5453,.T.);
#5451 = VERTEX_POINT('',#5452);
#5452 = CARTESIAN_POINT('',(10.599999985898,31.8,4.6));
#5453 = SURFACE_CURVE('',#5454,(#5458,#5465),.PCURVE_S1.);
#5454 = LINE('',#5455,#5456);
#5455 = CARTESIAN_POINT('',(10.599999985898,31.8,0.));
#5456 = VECTOR('',#5457,1.);
#5457 = DIRECTION('',(0.,0.,1.));
#5458 = PCURVE('',#1858,#5459);
#5459 = DEFINITIONAL_REPRESENTATION('',(#5460),#5464);
#5460 = LINE('',#5461,#5462);
#5461 = CARTESIAN_POINT('',(2.22044604925E-16,0.));
#5462 = VECTOR('',#5463,1.);
#5463 = DIRECTION('',(0.,-1.));
#5464 = ( GEOMETRIC_REPRESENTATION_CONTEXT(2) 
PARAMETRIC_REPRESENTATION_CONTEXT() REPRESENTATION_CONTEXT('2D SPACE',''
  ) );
#5465 = PCURVE('',#1887,#5466);
#5466 = DEFINITIONAL_REPRESENTATION('',(#5467),#5471);
#5467 = LINE('',#5468,#5469);
#5468 = CARTESIAN_POINT('',(-1.570796326795,0.));
#5469 = VECTOR('',#5470,1.);
#5470 = DIRECTION('',(-0.,-1.));
#5471 = ( GEOMETRIC_REPRESENTATION_CONTEXT(2) 
PARAMETRIC_REPRESENTATION_CONTEXT() REPRESENTATION_CONTEXT('2D SPACE',''
  ) );
#5472 = ORIENTED_EDGE('',*,*,#5473,.T.);
#5473 = EDGE_CURVE('',#5451,#5403,#5474,.T.);
#5474 = SURFACE_CURVE('',#5475,(#5479,#5486),.PCURVE_S1.);
#5475 = LINE('',#5476,#5477);
#5476 = CARTESIAN_POINT('',(11.700000014102,31.8,4.6));
#5477 = VECTOR('',#5478,1.);
#5478 = DIRECTION('',(1.,0.,0.));
#5479 = PCURVE('',#1858,#5480);
#5480 = DEFINITIONAL_REPRESENTATION('',(#5481),#5485);
#5481 = LINE('',#5482,#5483);
#5482 = CARTESIAN_POINT('',(1.100000028204,-4.6));
#5483 = VECTOR('',#5484,1.);
#5484 = DIRECTION('',(1.,0.));
#5485 = ( GEOMETRIC_REPRESENTATION_CONTEXT(2) 
PARAMETRIC_REPRESENTATION_CONTEXT() REPRESENTATION_CONTEXT('2D SPACE',''
  ) );
#5486 = PCURVE('',#3253,#5487);
#5487 = DEFINITIONAL_REPRESENTATION('',(#5488),#5492);
#5488 = LINE('',#5489,#5490);
#5489 = CARTESIAN_POINT('',(1.986489848045E-08,6.));
#5490 = VECTOR('',#5491,1.);
#5491 = DIRECTION('',(1.,0.));
#5492 = ( GEOMETRIC_REPRESENTATION_CONTEXT(2) 
PARAMETRIC_REPRESENTATION_CONTEXT() REPRESENTATION_CONTEXT('2D SPACE',''
  ) );
#5493 = ORIENTED_EDGE('',*,*,#5426,.F.);
#5494 = ORIENTED_EDGE('',*,*,#1842,.F.);
#5495 = ADVANCED_FACE('',(#5496),#1887,.T.);
#5496 = FACE_BOUND('',#5497,.F.);
#5497 = EDGE_LOOP('',(#5498,#5499,#5500,#5524,#5547,#5639));
#5498 = ORIENTED_EDGE('',*,*,#1870,.F.);
#5499 = ORIENTED_EDGE('',*,*,#5450,.T.);
#5500 = ORIENTED_EDGE('',*,*,#5501,.T.);
#5501 = EDGE_CURVE('',#5451,#5502,#5504,.T.);
#5502 = VERTEX_POINT('',#5503);
#5503 = CARTESIAN_POINT('',(7.6,28.8,4.6));
#5504 = SURFACE_CURVE('',#5505,(#5510,#5517),.PCURVE_S1.);
#5505 = CIRCLE('',#5506,3.);
#5506 = AXIS2_PLACEMENT_3D('',#5507,#5508,#5509);
#5507 = CARTESIAN_POINT('',(10.599999985898,28.8,4.6));
#5508 = DIRECTION('',(0.,0.,1.));
#5509 = DIRECTION('',(1.,0.,0.));
#5510 = PCURVE('',#1887,#5511);
#5511 = DEFINITIONAL_REPRESENTATION('',(#5512),#5516);
#5512 = LINE('',#5513,#5514);
#5513 = CARTESIAN_POINT('',(-0.,-4.6));
#5514 = VECTOR('',#5515,1.);
#5515 = DIRECTION('',(-1.,0.));
#5516 = ( GEOMETRIC_REPRESENTATION_CONTEXT(2) 
PARAMETRIC_REPRESENTATION_CONTEXT() REPRESENTATION_CONTEXT('2D SPACE',''
  ) );
#5517 = PCURVE('',#3253,#5518);
#5518 = DEFINITIONAL_REPRESENTATION('',(#5519),#5523);
#5519 = CIRCLE('',#5520,3.);
#5520 = AXIS2_PLACEMENT_2D('',#5521,#5522);
#5521 = CARTESIAN_POINT('',(-1.100000008339,3.));
#5522 = DIRECTION('',(1.,0.));
#5523 = ( GEOMETRIC_REPRESENTATION_CONTEXT(2) 
PARAMETRIC_REPRESENTATION_CONTEXT() REPRESENTATION_CONTEXT('2D SPACE',''
  ) );
#5524 = ORIENTED_EDGE('',*,*,#5525,.F.);
#5525 = EDGE_CURVE('',#5526,#5502,#5528,.T.);
#5526 = VERTEX_POINT('',#5527);
#5527 = CARTESIAN_POINT('',(7.6,28.8,3.148528137424));
#5528 = SURFACE_CURVE('',#5529,(#5533,#5540),.PCURVE_S1.);
#5529 = LINE('',#5530,#5531);
#5530 = CARTESIAN_POINT('',(7.6,28.8,0.));
#5531 = VECTOR('',#5532,1.);
#5532 = DIRECTION('',(0.,0.,1.));
#5533 = PCURVE('',#1887,#5534);
#5534 = DEFINITIONAL_REPRESENTATION('',(#5535),#5539);
#5535 = LINE('',#5536,#5537);
#5536 = CARTESIAN_POINT('',(-3.14159265359,0.));
#5537 = VECTOR('',#5538,1.);
#5538 = DIRECTION('',(-0.,-1.));
#5539 = ( GEOMETRIC_REPRESENTATION_CONTEXT(2) 
PARAMETRIC_REPRESENTATION_CONTEXT() REPRESENTATION_CONTEXT('2D SPACE',''
  ) );
#5540 = PCURVE('',#1915,#5541);
#5541 = DEFINITIONAL_REPRESENTATION('',(#5542),#5546);
#5542 = LINE('',#5543,#5544);
#5543 = CARTESIAN_POINT('',(6.,0.));
#5544 = VECTOR('',#5545,1.);
#5545 = DIRECTION('',(0.,-1.));
#5546 = ( GEOMETRIC_REPRESENTATION_CONTEXT(2) 
PARAMETRIC_REPRESENTATION_CONTEXT() REPRESENTATION_CONTEXT('2D SPACE',''
  ) );
#5547 = ORIENTED_EDGE('',*,*,#5548,.F.);
#5548 = EDGE_CURVE('',#5549,#5526,#5551,.T.);
#5549 = VERTEX_POINT('',#5550);
#5550 = CARTESIAN_POINT('',(7.6,28.8,1.451471862576));
#5551 = SURFACE_CURVE('',#5552,(#5579,#5609),.PCURVE_S1.);
#5552 = B_SPLINE_CURVE_WITH_KNOTS('',5,(#5553,#5554,#5555,#5556,#5557,
    #5558,#5559,#5560,#5561,#5562,#5563,#5564,#5565,#5566,#5567,#5568,
    #5569,#5570,#5571,#5572,#5573,#5574,#5575,#5576,#5577,#5578),
  .UNSPECIFIED.,.F.,.F.,(6,4,4,4,4,4,6),(0.,0.125203008292,
    0.218833361458,0.499999837447,0.780957367846,0.875562566699,1.),
  .UNSPECIFIED.);
#5553 = CARTESIAN_POINT('',(7.599999985898,28.8,1.451471862576));
#5554 = CARTESIAN_POINT('',(7.599999985898,28.840058858436,
    1.484518734764));
#5555 = CARTESIAN_POINT('',(7.600668624365,28.877703140032,
    1.519546444903));
#5556 = CARTESIAN_POINT('',(7.601844640046,28.912869876726,
    1.556318892915));
#5557 = CARTESIAN_POINT('',(7.6033795134,28.945516758065,1.59460992322)
  );
#5558 = CARTESIAN_POINT('',(7.606465026847,28.998133840746,1.66380895872
    ));
#5559 = CARTESIAN_POINT('',(7.607914400837,29.019229608254,1.6941504662)
  );
#5560 = CARTESIAN_POINT('',(7.609439664247,29.038904740312,
    1.725143954018));
#5561 = CARTESIAN_POINT('',(7.610994304044,29.057159355762,
    1.756714905619));
#5562 = CARTESIAN_POINT('',(7.617176056711,29.124560563739,
    1.885134520567));
#5563 = CARTESIAN_POINT('',(7.621719297001,29.162335639623,
    1.986053114663));
#5564 = CARTESIAN_POINT('',(7.625097075852,29.187444846749,2.08977719942
    ));
#5565 = CARTESIAN_POINT('',(7.626786236434,29.2,2.194888722756));
#5566 = CARTESIAN_POINT('',(7.626786236434,29.2,2.405033165024));
#5567 = CARTESIAN_POINT('',(7.625099585507,29.187463500827,
    2.510066579818));
#5568 = CARTESIAN_POINT('',(7.621726824476,29.162391594228,
    2.613715626945));
#5569 = CARTESIAN_POINT('',(7.617189559652,29.124672827671,
    2.714565451581));
#5570 = CARTESIAN_POINT('',(7.610995550779,29.057184635035,2.84326571855
    ));
#5571 = CARTESIAN_POINT('',(7.609424439188,29.038737868738,
    2.875165054668));
#5572 = CARTESIAN_POINT('',(7.607883439009,29.018840813237,
    2.906474622651));
#5573 = CARTESIAN_POINT('',(7.606420572608,28.997493373752,
    2.937117506691));
#5574 = CARTESIAN_POINT('',(7.603342047967,28.944717548627,3.00632643022
    ));
#5575 = CARTESIAN_POINT('',(7.601823121296,28.912224407108,
    3.044355570714));
#5576 = CARTESIAN_POINT('',(7.600660466878,28.87724254802,3.080881990868
    ));
#5577 = CARTESIAN_POINT('',(7.599999985898,28.839813752721,
    3.115683467135));
#5578 = CARTESIAN_POINT('',(7.599999985898,28.8,3.148528137424));
#5579 = PCURVE('',#1887,#5580);
#5580 = DEFINITIONAL_REPRESENTATION('',(#5581),#5608);
#5581 = B_SPLINE_CURVE_WITH_KNOTS('',5,(#5582,#5583,#5584,#5585,#5586,
    #5587,#5588,#5589,#5590,#5591,#5592,#5593,#5594,#5595,#5596,#5597,
    #5598,#5599,#5600,#5601,#5602,#5603,#5604,#5605,#5606,#5607),
  .UNSPECIFIED.,.F.,.F.,(6,4,4,4,4,4,6),(0.,0.125203008292,
    0.218833361458,0.499999837447,0.780957367846,0.875562566699,1.),
  .UNSPECIFIED.);
#5582 = CARTESIAN_POINT('',(-3.14159265359,-1.451471862576));
#5583 = CARTESIAN_POINT('',(-3.128239700778,-1.484518734764));
#5584 = CARTESIAN_POINT('',(-3.115691607043,-1.519546444903));
#5585 = CARTESIAN_POINT('',(-3.103964400471,-1.556318892915));
#5586 = CARTESIAN_POINT('',(-3.093070818616,-1.59460992322));
#5587 = CARTESIAN_POINT('',(-3.075501660718,-1.66380895872));
#5588 = CARTESIAN_POINT('',(-3.068453496799,-1.6941504662));
#5589 = CARTESIAN_POINT('',(-3.061875756429,-1.725143954018));
#5590 = CARTESIAN_POINT('',(-3.055768969423,-1.756714905619));
#5591 = CARTESIAN_POINT('',(-3.033207603963,-1.885134520567));
#5592 = CARTESIAN_POINT('',(-3.020529930767,-1.986053114663));
#5593 = CARTESIAN_POINT('',(-3.012083533701,-2.08977719942));
#5594 = CARTESIAN_POINT('',(-3.00786106418,-2.194888722756));
#5595 = CARTESIAN_POINT('',(-3.00786106418,-2.405033165024));
#5596 = CARTESIAN_POINT('',(-3.012077260813,-2.510066579818));
#5597 = CARTESIAN_POINT('',(-3.020511106965,-2.613715626945));
#5598 = CARTESIAN_POINT('',(-3.033169927938,-2.714565451581));
#5599 = CARTESIAN_POINT('',(-3.055760540273,-2.84326571855));
#5600 = CARTESIAN_POINT('',(-3.061931609737,-2.875165054668));
#5601 = CARTESIAN_POINT('',(-3.068583497644,-2.906474622651));
#5602 = CARTESIAN_POINT('',(-3.075715650692,-2.937117506691));
#5603 = CARTESIAN_POINT('',(-3.093337496451,-3.00632643022));
#5604 = CARTESIAN_POINT('',(-3.104179647488,-3.044355570714));
#5605 = CARTESIAN_POINT('',(-3.115845137722,-3.080881990868));
#5606 = CARTESIAN_POINT('',(-3.128321402683,-3.115683467135));
#5607 = CARTESIAN_POINT('',(-3.14159265359,-3.148528137424));
#5608 = ( GEOMETRIC_REPRESENTATION_CONTEXT(2) 
PARAMETRIC_REPRESENTATION_CONTEXT() REPRESENTATION_CONTEXT('2D SPACE',''
  ) );
#5609 = PCURVE('',#5245,#5610);
#5610 = DEFINITIONAL_REPRESENTATION('',(#5611),#5638);
#5611 = B_SPLINE_CURVE_WITH_KNOTS('',5,(#5612,#5613,#5614,#5615,#5616,
    #5617,#5618,#5619,#5620,#5621,#5622,#5623,#5624,#5625,#5626,#5627,
    #5628,#5629,#5630,#5631,#5632,#5633,#5634,#5635,#5636,#5637),
  .UNSPECIFIED.,.F.,.F.,(6,4,4,4,4,4,6),(0.,0.125203008292,
    0.218833361458,0.499999837447,0.780957367846,0.875562566699,1.),
  .UNSPECIFIED.);
#5612 = CARTESIAN_POINT('',(0.689775000785,0.899999985898));
#5613 = CARTESIAN_POINT('',(0.736984818197,0.899999985898));
#5614 = CARTESIAN_POINT('',(0.7836473412,0.900668624365));
#5615 = CARTESIAN_POINT('',(0.829800906636,0.901844640046));
#5616 = CARTESIAN_POINT('',(0.875474177465,0.9033795134));
#5617 = CARTESIAN_POINT('',(0.954502699902,0.906465026847));
#5618 = CARTESIAN_POINT('',(0.988067439093,0.907914400837));
#5619 = CARTESIAN_POINT('',(1.021402487731,0.909439664247));
#5620 = CARTESIAN_POINT('',(1.054528081446,0.910994304044));
#5621 = CARTESIAN_POINT('',(1.186376104213,0.917176056711));
#5622 = CARTESIAN_POINT('',(1.283571222329,0.921719297001));
#5623 = CARTESIAN_POINT('',(1.379685116126,0.925097075852));
#5624 = CARTESIAN_POINT('',(1.475240620209,0.926786236434));
#5625 = CARTESIAN_POINT('',(1.666281022271,0.926786236434));
#5626 = CARTESIAN_POINT('',(1.761765520345,0.925099585507));
#5627 = CARTESIAN_POINT('',(1.857807142087,0.921726824476));
#5628 = CARTESIAN_POINT('',(1.954927603805,0.917189559652));
#5629 = CARTESIAN_POINT('',(2.087038297634,0.910995550779));
#5630 = CARTESIAN_POINT('',(2.120508905579,0.909424439188));
#5631 = CARTESIAN_POINT('',(2.154193443911,0.907883439009));
#5632 = CARTESIAN_POINT('',(2.188112776519,0.906420572608));
#5633 = CARTESIAN_POINT('',(2.267235877667,0.903342047967));
#5634 = CARTESIAN_POINT('',(2.312638573238,0.901823121296));
#5635 = CARTESIAN_POINT('',(2.358516164578,0.900660466878));
#5636 = CARTESIAN_POINT('',(2.404896695249,0.899999985898));
#5637 = CARTESIAN_POINT('',(2.451817652804,0.899999985898));
#5638 = ( GEOMETRIC_REPRESENTATION_CONTEXT(2) 
PARAMETRIC_REPRESENTATION_CONTEXT() REPRESENTATION_CONTEXT('2D SPACE',''
  ) );
#5639 = ORIENTED_EDGE('',*,*,#5640,.F.);
#5640 = EDGE_CURVE('',#1871,#5549,#5641,.T.);
#5641 = SURFACE_CURVE('',#5642,(#5646,#5653),.PCURVE_S1.);
#5642 = LINE('',#5643,#5644);
#5643 = CARTESIAN_POINT('',(7.6,28.8,0.));
#5644 = VECTOR('',#5645,1.);
#5645 = DIRECTION('',(0.,0.,1.));
#5646 = PCURVE('',#1887,#5647);
#5647 = DEFINITIONAL_REPRESENTATION('',(#5648),#5652);
#5648 = LINE('',#5649,#5650);
#5649 = CARTESIAN_POINT('',(-3.14159265359,0.));
#5650 = VECTOR('',#5651,1.);
#5651 = DIRECTION('',(-0.,-1.));
#5652 = ( GEOMETRIC_REPRESENTATION_CONTEXT(2) 
PARAMETRIC_REPRESENTATION_CONTEXT() REPRESENTATION_CONTEXT('2D SPACE',''
  ) );
#5653 = PCURVE('',#1915,#5654);
#5654 = DEFINITIONAL_REPRESENTATION('',(#5655),#5659);
#5655 = LINE('',#5656,#5657);
#5656 = CARTESIAN_POINT('',(6.,0.));
#5657 = VECTOR('',#5658,1.);
#5658 = DIRECTION('',(0.,-1.));
#5659 = ( GEOMETRIC_REPRESENTATION_CONTEXT(2) 
PARAMETRIC_REPRESENTATION_CONTEXT() REPRESENTATION_CONTEXT('2D SPACE',''
  ) );
#5660 = ADVANCED_FACE('',(#5661),#1915,.T.);
#5661 = FACE_BOUND('',#5662,.T.);
#5662 = EDGE_LOOP('',(#5663,#5664,#5687,#5708,#5709,#5737,#5763));
#5663 = ORIENTED_EDGE('',*,*,#1899,.F.);
#5664 = ORIENTED_EDGE('',*,*,#5665,.T.);
#5665 = EDGE_CURVE('',#1900,#5666,#5668,.T.);
#5666 = VERTEX_POINT('',#5667);
#5667 = CARTESIAN_POINT('',(7.6,22.8,4.6));
#5668 = SURFACE_CURVE('',#5669,(#5673,#5680),.PCURVE_S1.);
#5669 = LINE('',#5670,#5671);
#5670 = CARTESIAN_POINT('',(7.6,22.8,0.));
#5671 = VECTOR('',#5672,1.);
#5672 = DIRECTION('',(0.,0.,1.));
#5673 = PCURVE('',#1915,#5674);
#5674 = DEFINITIONAL_REPRESENTATION('',(#5675),#5679);
#5675 = LINE('',#5676,#5677);
#5676 = CARTESIAN_POINT('',(0.,0.));
#5677 = VECTOR('',#5678,1.);
#5678 = DIRECTION('',(0.,-1.));
#5679 = ( GEOMETRIC_REPRESENTATION_CONTEXT(2) 
PARAMETRIC_REPRESENTATION_CONTEXT() REPRESENTATION_CONTEXT('2D SPACE',''
  ) );
#5680 = PCURVE('',#1944,#5681);
#5681 = DEFINITIONAL_REPRESENTATION('',(#5682),#5686);
#5682 = LINE('',#5683,#5684);
#5683 = CARTESIAN_POINT('',(-3.14159265359,0.));
#5684 = VECTOR('',#5685,1.);
#5685 = DIRECTION('',(-0.,-1.));
#5686 = ( GEOMETRIC_REPRESENTATION_CONTEXT(2) 
PARAMETRIC_REPRESENTATION_CONTEXT() REPRESENTATION_CONTEXT('2D SPACE',''
  ) );
#5687 = ORIENTED_EDGE('',*,*,#5688,.T.);
#5688 = EDGE_CURVE('',#5666,#5502,#5689,.T.);
#5689 = SURFACE_CURVE('',#5690,(#5694,#5701),.PCURVE_S1.);
#5690 = LINE('',#5691,#5692);
#5691 = CARTESIAN_POINT('',(7.600000014102,25.8,4.6));
#5692 = VECTOR('',#5693,1.);
#5693 = DIRECTION('',(0.,1.,0.));
#5694 = PCURVE('',#1915,#5695);
#5695 = DEFINITIONAL_REPRESENTATION('',(#5696),#5700);
#5696 = LINE('',#5697,#5698);
#5697 = CARTESIAN_POINT('',(3.,-4.6));
#5698 = VECTOR('',#5699,1.);
#5699 = DIRECTION('',(1.,0.));
#5700 = ( GEOMETRIC_REPRESENTATION_CONTEXT(2) 
PARAMETRIC_REPRESENTATION_CONTEXT() REPRESENTATION_CONTEXT('2D SPACE',''
  ) );
#5701 = PCURVE('',#3253,#5702);
#5702 = DEFINITIONAL_REPRESENTATION('',(#5703),#5707);
#5703 = LINE('',#5704,#5705);
#5704 = CARTESIAN_POINT('',(-4.099999980135,-1.901339693486E-16));
#5705 = VECTOR('',#5706,1.);
#5706 = DIRECTION('',(0.,1.));
#5707 = ( GEOMETRIC_REPRESENTATION_CONTEXT(2) 
PARAMETRIC_REPRESENTATION_CONTEXT() REPRESENTATION_CONTEXT('2D SPACE',''
  ) );
#5708 = ORIENTED_EDGE('',*,*,#5525,.F.);
#5709 = ORIENTED_EDGE('',*,*,#5710,.T.);
#5710 = EDGE_CURVE('',#5526,#5711,#5713,.T.);
#5711 = VERTEX_POINT('',#5712);
#5712 = CARTESIAN_POINT('',(7.600000014102,28.1,1.2));
#5713 = SURFACE_CURVE('',#5714,(#5719,#5730),.PCURVE_S1.);
#5714 = CIRCLE('',#5715,1.1);
#5715 = AXIS2_PLACEMENT_3D('',#5716,#5717,#5718);
#5716 = CARTESIAN_POINT('',(7.600000014102,28.1,2.3));
#5717 = DIRECTION('',(1.,0.,2.22044604925E-16));
#5718 = DIRECTION('',(2.22044604925E-16,0.,-1.));
#5719 = PCURVE('',#1915,#5720);
#5720 = DEFINITIONAL_REPRESENTATION('',(#5721),#5729);
#5721 = ( BOUNDED_CURVE() B_SPLINE_CURVE(2,(#5722,#5723,#5724,#5725,
#5726,#5727,#5728),.UNSPECIFIED.,.T.,.F.) B_SPLINE_CURVE_WITH_KNOTS((1,2
    ,2,2,2,1),(-2.094395102393,0.,2.094395102393,4.188790204786,
6.28318530718,8.377580409573),.UNSPECIFIED.) CURVE() 
GEOMETRIC_REPRESENTATION_ITEM() RATIONAL_B_SPLINE_CURVE((1.,0.5,1.,0.5,
1.,0.5,1.)) REPRESENTATION_ITEM('') );
#5722 = CARTESIAN_POINT('',(5.3,-1.2));
#5723 = CARTESIAN_POINT('',(7.205255888326,-1.2));
#5724 = CARTESIAN_POINT('',(6.252627944163,-2.85));
#5725 = CARTESIAN_POINT('',(5.3,-4.5));
#5726 = CARTESIAN_POINT('',(4.347372055837,-2.85));
#5727 = CARTESIAN_POINT('',(3.394744111674,-1.2));
#5728 = CARTESIAN_POINT('',(5.3,-1.2));
#5729 = ( GEOMETRIC_REPRESENTATION_CONTEXT(2) 
PARAMETRIC_REPRESENTATION_CONTEXT() REPRESENTATION_CONTEXT('2D SPACE',''
  ) );
#5730 = PCURVE('',#5245,#5731);
#5731 = DEFINITIONAL_REPRESENTATION('',(#5732),#5736);
#5732 = LINE('',#5733,#5734);
#5733 = CARTESIAN_POINT('',(0.,0.900000014102));
#5734 = VECTOR('',#5735,1.);
#5735 = DIRECTION('',(1.,0.));
#5736 = ( GEOMETRIC_REPRESENTATION_CONTEXT(2) 
PARAMETRIC_REPRESENTATION_CONTEXT() REPRESENTATION_CONTEXT('2D SPACE',''
  ) );
#5737 = ORIENTED_EDGE('',*,*,#5738,.T.);
#5738 = EDGE_CURVE('',#5711,#5549,#5739,.T.);
#5739 = SURFACE_CURVE('',#5740,(#5745,#5756),.PCURVE_S1.);
#5740 = CIRCLE('',#5741,1.1);
#5741 = AXIS2_PLACEMENT_3D('',#5742,#5743,#5744);
#5742 = CARTESIAN_POINT('',(7.600000014102,28.1,2.3));
#5743 = DIRECTION('',(1.,0.,2.22044604925E-16));
#5744 = DIRECTION('',(2.22044604925E-16,0.,-1.));
#5745 = PCURVE('',#1915,#5746);
#5746 = DEFINITIONAL_REPRESENTATION('',(#5747),#5755);
#5747 = ( BOUNDED_CURVE() B_SPLINE_CURVE(2,(#5748,#5749,#5750,#5751,
#5752,#5753,#5754),.UNSPECIFIED.,.T.,.F.) B_SPLINE_CURVE_WITH_KNOTS((1,2
    ,2,2,2,1),(-2.094395102393,0.,2.094395102393,4.188790204786,
6.28318530718,8.377580409573),.UNSPECIFIED.) CURVE() 
GEOMETRIC_REPRESENTATION_ITEM() RATIONAL_B_SPLINE_CURVE((1.,0.5,1.,0.5,
1.,0.5,1.)) REPRESENTATION_ITEM('') );
#5748 = CARTESIAN_POINT('',(5.3,-1.2));
#5749 = CARTESIAN_POINT('',(7.205255888326,-1.2));
#5750 = CARTESIAN_POINT('',(6.252627944163,-2.85));
#5751 = CARTESIAN_POINT('',(5.3,-4.5));
#5752 = CARTESIAN_POINT('',(4.347372055837,-2.85));
#5753 = CARTESIAN_POINT('',(3.394744111674,-1.2));
#5754 = CARTESIAN_POINT('',(5.3,-1.2));
#5755 = ( GEOMETRIC_REPRESENTATION_CONTEXT(2) 
PARAMETRIC_REPRESENTATION_CONTEXT() REPRESENTATION_CONTEXT('2D SPACE',''
  ) );
#5756 = PCURVE('',#5245,#5757);
#5757 = DEFINITIONAL_REPRESENTATION('',(#5758),#5762);
#5758 = LINE('',#5759,#5760);
#5759 = CARTESIAN_POINT('',(0.,0.900000014102));
#5760 = VECTOR('',#5761,1.);
#5761 = DIRECTION('',(1.,0.));
#5762 = ( GEOMETRIC_REPRESENTATION_CONTEXT(2) 
PARAMETRIC_REPRESENTATION_CONTEXT() REPRESENTATION_CONTEXT('2D SPACE',''
  ) );
#5763 = ORIENTED_EDGE('',*,*,#5640,.F.);
#5764 = ADVANCED_FACE('',(#5765),#1944,.T.);
#5765 = FACE_BOUND('',#5766,.F.);
#5766 = EDGE_LOOP('',(#5767,#5768,#5769,#5791,#5792));
#5767 = ORIENTED_EDGE('',*,*,#1927,.F.);
#5768 = ORIENTED_EDGE('',*,*,#5665,.T.);
#5769 = ORIENTED_EDGE('',*,*,#5770,.T.);
#5770 = EDGE_CURVE('',#5666,#3239,#5771,.T.);
#5771 = SURFACE_CURVE('',#5772,(#5777,#5784),.PCURVE_S1.);
#5772 = CIRCLE('',#5773,3.);
#5773 = AXIS2_PLACEMENT_3D('',#5774,#5775,#5776);
#5774 = CARTESIAN_POINT('',(10.599999985898,22.8,4.6));
#5775 = DIRECTION('',(0.,0.,1.));
#5776 = DIRECTION('',(1.,0.,0.));
#5777 = PCURVE('',#1944,#5778);
#5778 = DEFINITIONAL_REPRESENTATION('',(#5779),#5783);
#5779 = LINE('',#5780,#5781);
#5780 = CARTESIAN_POINT('',(-0.,-4.6));
#5781 = VECTOR('',#5782,1.);
#5782 = DIRECTION('',(-1.,0.));
#5783 = ( GEOMETRIC_REPRESENTATION_CONTEXT(2) 
PARAMETRIC_REPRESENTATION_CONTEXT() REPRESENTATION_CONTEXT('2D SPACE',''
  ) );
#5784 = PCURVE('',#3253,#5785);
#5785 = DEFINITIONAL_REPRESENTATION('',(#5786),#5790);
#5786 = CIRCLE('',#5787,3.);
#5787 = AXIS2_PLACEMENT_2D('',#5788,#5789);
#5788 = CARTESIAN_POINT('',(-1.100000008339,-3.));
#5789 = DIRECTION('',(1.,0.));
#5790 = ( GEOMETRIC_REPRESENTATION_CONTEXT(2) 
PARAMETRIC_REPRESENTATION_CONTEXT() REPRESENTATION_CONTEXT('2D SPACE',''
  ) );
#5791 = ORIENTED_EDGE('',*,*,#3264,.T.);
#5792 = ORIENTED_EDGE('',*,*,#5793,.T.);
#5793 = EDGE_CURVE('',#3265,#1928,#5794,.T.);
#5794 = SURFACE_CURVE('',#5795,(#5810,#5828),.PCURVE_S1.);
#5795 = B_SPLINE_CURVE_WITH_KNOTS('',7,(#5796,#5797,#5798,#5799,#5800,
    #5801,#5802,#5803,#5804,#5805,#5806,#5807,#5808,#5809),
  .UNSPECIFIED.,.F.,.F.,(8,6,8),(0.,0.448311651094,1.),.UNSPECIFIED.);
#5796 = CARTESIAN_POINT('',(7.708633526938,22.,0.55));
#5797 = CARTESIAN_POINT('',(7.708633526938,22.,0.496255235211));
#5798 = CARTESIAN_POINT('',(7.710328869664,21.993872886985,
    0.442435784027));
#5799 = CARTESIAN_POINT('',(7.713727739293,21.98158794682,0.389324252721
    ));
#5800 = CARTESIAN_POINT('',(7.718898211055,21.963220020716,
    0.337705064122));
#5801 = CARTESIAN_POINT('',(7.725970167688,21.938942011406,
    0.288348806931));
#5802 = CARTESIAN_POINT('',(7.735123105031,21.909015901427,
    0.242006933434));
#5803 = CARTESIAN_POINT('',(7.760633755305,21.830424105263,
    0.147005771426));
#5804 = CARTESIAN_POINT('',(7.778215085434,21.778878140612,
    0.100094476381));
#5805 = CARTESIAN_POINT('',(7.799563423016,21.720176977302,
    6.073165102375E-02));
#5806 = CARTESIAN_POINT('',(7.824815017413,21.655968836733,
    3.041690980988E-02));
#5807 = CARTESIAN_POINT('',(7.853874356284,21.588178723634,
    1.005630204165E-02));
#5808 = CARTESIAN_POINT('',(7.886218651172,21.518853830816,
    -1.110223024625E-16));
#5809 = CARTESIAN_POINT('',(7.920914320974,21.45,-1.110223024625E-16));
#5810 = PCURVE('',#1944,#5811);
#5811 = DEFINITIONAL_REPRESENTATION('',(#5812),#5827);
#5812 = B_SPLINE_CURVE_WITH_KNOTS('',7,(#5813,#5814,#5815,#5816,#5817,
    #5818,#5819,#5820,#5821,#5822,#5823,#5824,#5825,#5826),
  .UNSPECIFIED.,.F.,.F.,(8,6,8),(0.,0.448311651094,1.),.UNSPECIFIED.);
#5813 = CARTESIAN_POINT('',(-3.411525449423,-0.55));
#5814 = CARTESIAN_POINT('',(-3.411525449423,-0.496255235211));
#5815 = CARTESIAN_POINT('',(-3.413644549275,-0.442435784027));
#5816 = CARTESIAN_POINT('',(-3.417893405587,-0.389324252721));
#5817 = CARTESIAN_POINT('',(-3.424253891647,-0.337705064122));
#5818 = CARTESIAN_POINT('',(-3.432682132016,-0.288348806931));
#5819 = CARTESIAN_POINT('',(-3.443112115046,-0.242006933434));
#5820 = CARTESIAN_POINT('',(-3.470654937667,-0.147005771426));
#5821 = CARTESIAN_POINT('',(-3.48880684687,-0.100094476381));
#5822 = CARTESIAN_POINT('',(-3.509620909678,-6.073165102378E-02));
#5823 = CARTESIAN_POINT('',(-3.532603495865,-3.041690980985E-02));
#5824 = CARTESIAN_POINT('',(-3.557169450071,-1.005630204166E-02));
#5825 = CARTESIAN_POINT('',(-3.582657496487,1.110223024625E-16));
#5826 = CARTESIAN_POINT('',(-3.608357992637,1.110223024625E-16));
#5827 = ( GEOMETRIC_REPRESENTATION_CONTEXT(2) 
PARAMETRIC_REPRESENTATION_CONTEXT() REPRESENTATION_CONTEXT('2D SPACE',''
  ) );
#5828 = PCURVE('',#1972,#5829);
#5829 = DEFINITIONAL_REPRESENTATION('',(#5830),#5845);
#5830 = B_SPLINE_CURVE_WITH_KNOTS('',7,(#5831,#5832,#5833,#5834,#5835,
    #5836,#5837,#5838,#5839,#5840,#5841,#5842,#5843,#5844),
  .UNSPECIFIED.,.F.,.F.,(8,6,8),(0.,0.448311651094,1.),.UNSPECIFIED.);
#5831 = CARTESIAN_POINT('',(0.,20.208633526938));
#5832 = CARTESIAN_POINT('',(-9.771775416223E-02,20.208633526938));
#5833 = CARTESIAN_POINT('',(-0.195571480584,20.210328869664));
#5834 = CARTESIAN_POINT('',(-0.293661347242,20.213727739293));
#5835 = CARTESIAN_POINT('',(-0.392106295271,20.218898211055));
#5836 = CARTESIAN_POINT('',(-0.491045340942,20.225970167688));
#5837 = CARTESIAN_POINT('',(-0.590650364201,20.235123105031));
#5838 = CARTESIAN_POINT('',(-0.814824818162,20.260633755305));
#5839 = CARTESIAN_POINT('',(-0.940283681671,20.278215085434));
#5840 = CARTESIAN_POINT('',(-1.0665502556,20.299563423016));
#5841 = CARTESIAN_POINT('',(-1.193102808463,20.324815017413));
#5842 = CARTESIAN_POINT('',(-1.319562314641,20.353874356284));
#5843 = CARTESIAN_POINT('',(-1.445607543493,20.386218651172));
#5844 = CARTESIAN_POINT('',(-1.570796326795,20.420914320974));
#5845 = ( GEOMETRIC_REPRESENTATION_CONTEXT(2) 
PARAMETRIC_REPRESENTATION_CONTEXT() REPRESENTATION_CONTEXT('2D SPACE',''
  ) );
#5846 = ADVANCED_FACE('',(#5847),#1972,.T.);
#5847 = FACE_BOUND('',#5848,.F.);
#5848 = EDGE_LOOP('',(#5849,#5850,#5904,#5905));
#5849 = ORIENTED_EDGE('',*,*,#3285,.F.);
#5850 = ORIENTED_EDGE('',*,*,#5851,.T.);
#5851 = EDGE_CURVE('',#3286,#1957,#5852,.T.);
#5852 = SURFACE_CURVE('',#5853,(#5868,#5886),.PCURVE_S1.);
#5853 = B_SPLINE_CURVE_WITH_KNOTS('',7,(#5854,#5855,#5856,#5857,#5858,
    #5859,#5860,#5861,#5862,#5863,#5864,#5865,#5866,#5867),
  .UNSPECIFIED.,.F.,.F.,(8,6,8),(0.,0.448311651094,1.),.UNSPECIFIED.);
#5854 = CARTESIAN_POINT('',(-7.70863355916,22.,0.55));
#5855 = CARTESIAN_POINT('',(-7.70863355916,22.,0.496255235211));
#5856 = CARTESIAN_POINT('',(-7.710328901887,21.993872886985,
    0.442435784027));
#5857 = CARTESIAN_POINT('',(-7.713727771515,21.98158794682,
    0.389324252721));
#5858 = CARTESIAN_POINT('',(-7.718898243278,21.963220020716,
    0.337705064122));
#5859 = CARTESIAN_POINT('',(-7.72597019991,21.938942011406,
    0.288348806931));
#5860 = CARTESIAN_POINT('',(-7.735123137254,21.909015901427,
    0.242006933434));
#5861 = CARTESIAN_POINT('',(-7.760633787527,21.830424105263,
    0.147005771426));
#5862 = CARTESIAN_POINT('',(-7.778215117657,21.778878140612,
    0.100094476381));
#5863 = CARTESIAN_POINT('',(-7.799563455239,21.720176977303,
    6.07316510238E-02));
#5864 = CARTESIAN_POINT('',(-7.824815049636,21.655968836733,
    3.041690980985E-02));
#5865 = CARTESIAN_POINT('',(-7.853874388507,21.588178723634,
    1.005630204165E-02));
#5866 = CARTESIAN_POINT('',(-7.886218683395,21.518853830816,
    -1.110223024625E-16));
#5867 = CARTESIAN_POINT('',(-7.920914353197,21.45,-1.110223024625E-16));
#5868 = PCURVE('',#1972,#5869);
#5869 = DEFINITIONAL_REPRESENTATION('',(#5870),#5885);
#5870 = B_SPLINE_CURVE_WITH_KNOTS('',7,(#5871,#5872,#5873,#5874,#5875,
    #5876,#5877,#5878,#5879,#5880,#5881,#5882,#5883,#5884),
  .UNSPECIFIED.,.F.,.F.,(8,6,8),(0.,0.448311651094,1.),.UNSPECIFIED.);
#5871 = CARTESIAN_POINT('',(0.,4.79136644084));
#5872 = CARTESIAN_POINT('',(-9.771775416221E-02,4.79136644084));
#5873 = CARTESIAN_POINT('',(-0.195571480584,4.789671098113));
#5874 = CARTESIAN_POINT('',(-0.293661347242,4.786272228485));
#5875 = CARTESIAN_POINT('',(-0.392106295271,4.781101756722));
#5876 = CARTESIAN_POINT('',(-0.491045340942,4.77402980009));
#5877 = CARTESIAN_POINT('',(-0.590650364201,4.764876862746));
#5878 = CARTESIAN_POINT('',(-0.814824818162,4.739366212473));
#5879 = CARTESIAN_POINT('',(-0.940283681671,4.721784882343));
#5880 = CARTESIAN_POINT('',(-1.066550255599,4.700436544761));
#5881 = CARTESIAN_POINT('',(-1.193102808464,4.675184950364));
#5882 = CARTESIAN_POINT('',(-1.31956231464,4.646125611493));
#5883 = CARTESIAN_POINT('',(-1.445607543493,4.613781316605));
#5884 = CARTESIAN_POINT('',(-1.570796326795,4.579085646803));
#5885 = ( GEOMETRIC_REPRESENTATION_CONTEXT(2) 
PARAMETRIC_REPRESENTATION_CONTEXT() REPRESENTATION_CONTEXT('2D SPACE',''
  ) );
#5886 = PCURVE('',#2001,#5887);
#5887 = DEFINITIONAL_REPRESENTATION('',(#5888),#5903);
#5888 = B_SPLINE_CURVE_WITH_KNOTS('',7,(#5889,#5890,#5891,#5892,#5893,
    #5894,#5895,#5896,#5897,#5898,#5899,#5900,#5901,#5902),
  .UNSPECIFIED.,.F.,.F.,(8,6,8),(0.,0.448311651094,1.),.UNSPECIFIED.);
#5889 = CARTESIAN_POINT('',(-6.013252511346,-0.55));
#5890 = CARTESIAN_POINT('',(-6.013252511346,-0.496255235211));
#5891 = CARTESIAN_POINT('',(-6.011133411494,-0.442435784027));
#5892 = CARTESIAN_POINT('',(-6.006884555183,-0.389324252721));
#5893 = CARTESIAN_POINT('',(-6.000524069122,-0.337705064122));
#5894 = CARTESIAN_POINT('',(-5.992095828753,-0.288348806931));
#5895 = CARTESIAN_POINT('',(-5.981665845724,-0.242006933434));
#5896 = CARTESIAN_POINT('',(-5.954123023102,-0.147005771426));
#5897 = CARTESIAN_POINT('',(-5.9359711139,-0.100094476381));
#5898 = CARTESIAN_POINT('',(-5.915157051091,-6.07316510238E-02));
#5899 = CARTESIAN_POINT('',(-5.892174464905,-3.041690980985E-02));
#5900 = CARTESIAN_POINT('',(-5.867608510699,-1.005630204165E-02));
#5901 = CARTESIAN_POINT('',(-5.842120464282,1.110223024625E-16));
#5902 = CARTESIAN_POINT('',(-5.816419968132,1.110223024625E-16));
#5903 = ( GEOMETRIC_REPRESENTATION_CONTEXT(2) 
PARAMETRIC_REPRESENTATION_CONTEXT() REPRESENTATION_CONTEXT('2D SPACE',''
  ) );
#5904 = ORIENTED_EDGE('',*,*,#1956,.T.);
#5905 = ORIENTED_EDGE('',*,*,#5793,.F.);
#5906 = ADVANCED_FACE('',(#5907),#2001,.T.);
#5907 = FACE_BOUND('',#5908,.F.);
#5908 = EDGE_LOOP('',(#5909,#5910,#5911,#5912,#5913));
#5909 = ORIENTED_EDGE('',*,*,#1984,.F.);
#5910 = ORIENTED_EDGE('',*,*,#5851,.F.);
#5911 = ORIENTED_EDGE('',*,*,#3308,.F.);
#5912 = ORIENTED_EDGE('',*,*,#3066,.T.);
#5913 = ORIENTED_EDGE('',*,*,#5914,.F.);
#5914 = EDGE_CURVE('',#1985,#3067,#5915,.T.);
#5915 = SURFACE_CURVE('',#5916,(#5920,#5927),.PCURVE_S1.);
#5916 = LINE('',#5917,#5918);
#5917 = CARTESIAN_POINT('',(-7.600000002009,22.8,0.));
#5918 = VECTOR('',#5919,1.);
#5919 = DIRECTION('',(0.,0.,1.));
#5920 = PCURVE('',#2001,#5921);
#5921 = DEFINITIONAL_REPRESENTATION('',(#5922),#5926);
#5922 = LINE('',#5923,#5924);
#5923 = CARTESIAN_POINT('',(-6.28318530718,0.));
#5924 = VECTOR('',#5925,1.);
#5925 = DIRECTION('',(-0.,-1.));
#5926 = ( GEOMETRIC_REPRESENTATION_CONTEXT(2) 
PARAMETRIC_REPRESENTATION_CONTEXT() REPRESENTATION_CONTEXT('2D SPACE',''
  ) );
#5927 = PCURVE('',#2029,#5928);
#5928 = DEFINITIONAL_REPRESENTATION('',(#5929),#5933);
#5929 = LINE('',#5930,#5931);
#5930 = CARTESIAN_POINT('',(0.,0.));
#5931 = VECTOR('',#5932,1.);
#5932 = DIRECTION('',(0.,-1.));
#5933 = ( GEOMETRIC_REPRESENTATION_CONTEXT(2) 
PARAMETRIC_REPRESENTATION_CONTEXT() REPRESENTATION_CONTEXT('2D SPACE',''
  ) );
#5934 = ADVANCED_FACE('',(#5935),#2029,.F.);
#5935 = FACE_BOUND('',#5936,.F.);
#5936 = EDGE_LOOP('',(#5937,#5938,#5939,#5940,#5963,#5996,#6024));
#5937 = ORIENTED_EDGE('',*,*,#2013,.F.);
#5938 = ORIENTED_EDGE('',*,*,#5914,.T.);
#5939 = ORIENTED_EDGE('',*,*,#3090,.T.);
#5940 = ORIENTED_EDGE('',*,*,#5941,.F.);
#5941 = EDGE_CURVE('',#5942,#3091,#5944,.T.);
#5942 = VERTEX_POINT('',#5943);
#5943 = CARTESIAN_POINT('',(-7.600000002009,28.8,3.148528137424));
#5944 = SURFACE_CURVE('',#5945,(#5949,#5956),.PCURVE_S1.);
#5945 = LINE('',#5946,#5947);
#5946 = CARTESIAN_POINT('',(-7.600000002009,28.8,0.));
#5947 = VECTOR('',#5948,1.);
#5948 = DIRECTION('',(0.,0.,1.));
#5949 = PCURVE('',#2029,#5950);
#5950 = DEFINITIONAL_REPRESENTATION('',(#5951),#5955);
#5951 = LINE('',#5952,#5953);
#5952 = CARTESIAN_POINT('',(6.,0.));
#5953 = VECTOR('',#5954,1.);
#5954 = DIRECTION('',(0.,-1.));
#5955 = ( GEOMETRIC_REPRESENTATION_CONTEXT(2) 
PARAMETRIC_REPRESENTATION_CONTEXT() REPRESENTATION_CONTEXT('2D SPACE',''
  ) );
#5956 = PCURVE('',#2058,#5957);
#5957 = DEFINITIONAL_REPRESENTATION('',(#5958),#5962);
#5958 = LINE('',#5959,#5960);
#5959 = CARTESIAN_POINT('',(-0.,0.));
#5960 = VECTOR('',#5961,1.);
#5961 = DIRECTION('',(-0.,-1.));
#5962 = ( GEOMETRIC_REPRESENTATION_CONTEXT(2) 
PARAMETRIC_REPRESENTATION_CONTEXT() REPRESENTATION_CONTEXT('2D SPACE',''
  ) );
#5963 = ORIENTED_EDGE('',*,*,#5964,.T.);
#5964 = EDGE_CURVE('',#5942,#5965,#5967,.T.);
#5965 = VERTEX_POINT('',#5966);
#5966 = CARTESIAN_POINT('',(-7.599999985898,28.1,1.2));
#5967 = SURFACE_CURVE('',#5968,(#5973,#5984),.PCURVE_S1.);
#5968 = CIRCLE('',#5969,1.1);
#5969 = AXIS2_PLACEMENT_3D('',#5970,#5971,#5972);
#5970 = CARTESIAN_POINT('',(-7.599999985898,28.1,2.3));
#5971 = DIRECTION('',(1.,0.,2.22044604925E-16));
#5972 = DIRECTION('',(2.22044604925E-16,0.,-1.));
#5973 = PCURVE('',#2029,#5974);
#5974 = DEFINITIONAL_REPRESENTATION('',(#5975),#5983);
#5975 = ( BOUNDED_CURVE() B_SPLINE_CURVE(2,(#5976,#5977,#5978,#5979,
#5980,#5981,#5982),.UNSPECIFIED.,.T.,.F.) B_SPLINE_CURVE_WITH_KNOTS((1,2
    ,2,2,2,1),(-2.094395102393,0.,2.094395102393,4.188790204786,
6.28318530718,8.377580409573),.UNSPECIFIED.) CURVE() 
GEOMETRIC_REPRESENTATION_ITEM() RATIONAL_B_SPLINE_CURVE((1.,0.5,1.,0.5,
1.,0.5,1.)) REPRESENTATION_ITEM('') );
#5976 = CARTESIAN_POINT('',(5.3,-1.2));
#5977 = CARTESIAN_POINT('',(7.205255888326,-1.2));
#5978 = CARTESIAN_POINT('',(6.252627944163,-2.85));
#5979 = CARTESIAN_POINT('',(5.3,-4.5));
#5980 = CARTESIAN_POINT('',(4.347372055837,-2.85));
#5981 = CARTESIAN_POINT('',(3.394744111674,-1.2));
#5982 = CARTESIAN_POINT('',(5.3,-1.2));
#5983 = ( GEOMETRIC_REPRESENTATION_CONTEXT(2) 
PARAMETRIC_REPRESENTATION_CONTEXT() REPRESENTATION_CONTEXT('2D SPACE',''
  ) );
#5984 = PCURVE('',#5985,#5990);
#5985 = CYLINDRICAL_SURFACE('',#5986,1.1);
#5986 = AXIS2_PLACEMENT_3D('',#5987,#5988,#5989);
#5987 = CARTESIAN_POINT('',(-16.7,28.1,2.3));
#5988 = DIRECTION('',(1.,0.,2.22044604925E-16));
#5989 = DIRECTION('',(2.22044604925E-16,0.,-1.));
#5990 = DEFINITIONAL_REPRESENTATION('',(#5991),#5995);
#5991 = LINE('',#5992,#5993);
#5992 = CARTESIAN_POINT('',(0.,9.100000014102));
#5993 = VECTOR('',#5994,1.);
#5994 = DIRECTION('',(1.,0.));
#5995 = ( GEOMETRIC_REPRESENTATION_CONTEXT(2) 
PARAMETRIC_REPRESENTATION_CONTEXT() REPRESENTATION_CONTEXT('2D SPACE',''
  ) );
#5996 = ORIENTED_EDGE('',*,*,#5997,.T.);
#5997 = EDGE_CURVE('',#5965,#5998,#6000,.T.);
#5998 = VERTEX_POINT('',#5999);
#5999 = CARTESIAN_POINT('',(-7.600000002009,28.8,1.451471862576));
#6000 = SURFACE_CURVE('',#6001,(#6006,#6017),.PCURVE_S1.);
#6001 = CIRCLE('',#6002,1.1);
#6002 = AXIS2_PLACEMENT_3D('',#6003,#6004,#6005);
#6003 = CARTESIAN_POINT('',(-7.599999985898,28.1,2.3));
#6004 = DIRECTION('',(1.,0.,2.22044604925E-16));
#6005 = DIRECTION('',(2.22044604925E-16,0.,-1.));
#6006 = PCURVE('',#2029,#6007);
#6007 = DEFINITIONAL_REPRESENTATION('',(#6008),#6016);
#6008 = ( BOUNDED_CURVE() B_SPLINE_CURVE(2,(#6009,#6010,#6011,#6012,
#6013,#6014,#6015),.UNSPECIFIED.,.T.,.F.) B_SPLINE_CURVE_WITH_KNOTS((1,2
    ,2,2,2,1),(-2.094395102393,0.,2.094395102393,4.188790204786,
6.28318530718,8.377580409573),.UNSPECIFIED.) CURVE() 
GEOMETRIC_REPRESENTATION_ITEM() RATIONAL_B_SPLINE_CURVE((1.,0.5,1.,0.5,
1.,0.5,1.)) REPRESENTATION_ITEM('') );
#6009 = CARTESIAN_POINT('',(5.3,-1.2));
#6010 = CARTESIAN_POINT('',(7.205255888326,-1.2));
#6011 = CARTESIAN_POINT('',(6.252627944163,-2.85));
#6012 = CARTESIAN_POINT('',(5.3,-4.5));
#6013 = CARTESIAN_POINT('',(4.347372055837,-2.85));
#6014 = CARTESIAN_POINT('',(3.394744111674,-1.2));
#6015 = CARTESIAN_POINT('',(5.3,-1.2));
#6016 = ( GEOMETRIC_REPRESENTATION_CONTEXT(2) 
PARAMETRIC_REPRESENTATION_CONTEXT() REPRESENTATION_CONTEXT('2D SPACE',''
  ) );
#6017 = PCURVE('',#5985,#6018);
#6018 = DEFINITIONAL_REPRESENTATION('',(#6019),#6023);
#6019 = LINE('',#6020,#6021);
#6020 = CARTESIAN_POINT('',(0.,9.100000014102));
#6021 = VECTOR('',#6022,1.);
#6022 = DIRECTION('',(1.,0.));
#6023 = ( GEOMETRIC_REPRESENTATION_CONTEXT(2) 
PARAMETRIC_REPRESENTATION_CONTEXT() REPRESENTATION_CONTEXT('2D SPACE',''
  ) );
#6024 = ORIENTED_EDGE('',*,*,#6025,.F.);
#6025 = EDGE_CURVE('',#2014,#5998,#6026,.T.);
#6026 = SURFACE_CURVE('',#6027,(#6031,#6038),.PCURVE_S1.);
#6027 = LINE('',#6028,#6029);
#6028 = CARTESIAN_POINT('',(-7.600000002009,28.8,0.));
#6029 = VECTOR('',#6030,1.);
#6030 = DIRECTION('',(0.,0.,1.));
#6031 = PCURVE('',#2029,#6032);
#6032 = DEFINITIONAL_REPRESENTATION('',(#6033),#6037);
#6033 = LINE('',#6034,#6035);
#6034 = CARTESIAN_POINT('',(6.,0.));
#6035 = VECTOR('',#6036,1.);
#6036 = DIRECTION('',(0.,-1.));
#6037 = ( GEOMETRIC_REPRESENTATION_CONTEXT(2) 
PARAMETRIC_REPRESENTATION_CONTEXT() REPRESENTATION_CONTEXT('2D SPACE',''
  ) );
#6038 = PCURVE('',#2058,#6039);
#6039 = DEFINITIONAL_REPRESENTATION('',(#6040),#6044);
#6040 = LINE('',#6041,#6042);
#6041 = CARTESIAN_POINT('',(-0.,0.));
#6042 = VECTOR('',#6043,1.);
#6043 = DIRECTION('',(-0.,-1.));
#6044 = ( GEOMETRIC_REPRESENTATION_CONTEXT(2) 
PARAMETRIC_REPRESENTATION_CONTEXT() REPRESENTATION_CONTEXT('2D SPACE',''
  ) );
#6045 = ADVANCED_FACE('',(#6046),#2058,.T.);
#6046 = FACE_BOUND('',#6047,.F.);
#6047 = EDGE_LOOP('',(#6048,#6049,#6050,#6140,#6141,#6142));
#6048 = ORIENTED_EDGE('',*,*,#2041,.F.);
#6049 = ORIENTED_EDGE('',*,*,#6025,.T.);
#6050 = ORIENTED_EDGE('',*,*,#6051,.T.);
#6051 = EDGE_CURVE('',#5998,#5942,#6052,.T.);
#6052 = SURFACE_CURVE('',#6053,(#6080,#6110),.PCURVE_S1.);
#6053 = B_SPLINE_CURVE_WITH_KNOTS('',5,(#6054,#6055,#6056,#6057,#6058,
    #6059,#6060,#6061,#6062,#6063,#6064,#6065,#6066,#6067,#6068,#6069,
    #6070,#6071,#6072,#6073,#6074,#6075,#6076,#6077,#6078,#6079),
  .UNSPECIFIED.,.F.,.F.,(6,4,4,4,4,4,6),(0.,0.125203004223,
    0.218833354346,0.499999837453,0.780957374936,0.875562570726,1.),
  .UNSPECIFIED.);
#6054 = CARTESIAN_POINT('',(-7.60000001812,28.8,1.451471862576));
#6055 = CARTESIAN_POINT('',(-7.60000001812,28.840058858436,
    1.484518734764));
#6056 = CARTESIAN_POINT('',(-7.600668656588,28.877703140032,
    1.519546444903));
#6057 = CARTESIAN_POINT('',(-7.601844672269,28.912869876726,
    1.556318892915));
#6058 = CARTESIAN_POINT('',(-7.603379545622,28.945516758065,
    1.59460992322));
#6059 = CARTESIAN_POINT('',(-7.606465059069,28.998133840746,
    1.66380895872));
#6060 = CARTESIAN_POINT('',(-7.607914433059,29.019229608254,1.6941504662
    ));
#6061 = CARTESIAN_POINT('',(-7.60943969647,29.038904740312,
    1.725143954018));
#6062 = CARTESIAN_POINT('',(-7.610994336267,29.057159355762,
    1.756714905619));
#6063 = CARTESIAN_POINT('',(-7.617176089201,29.124560566663,
    1.885134526137));
#6064 = CARTESIAN_POINT('',(-7.621719328774,29.162335634882,
    1.986053100473));
#6065 = CARTESIAN_POINT('',(-7.625097108316,29.187444849229,
    2.089777213741));
#6066 = CARTESIAN_POINT('',(-7.626786268657,29.2,2.194888716991));
#6067 = CARTESIAN_POINT('',(-7.626786268657,29.2,2.405033170773));
#6068 = CARTESIAN_POINT('',(-7.62509961797,29.187463503295,
    2.510066565543));
#6069 = CARTESIAN_POINT('',(-7.62172685625,29.16239158951,2.613715641079
    ));
#6070 = CARTESIAN_POINT('',(-7.617189592142,29.124672830578,
    2.714565446036));
#6071 = CARTESIAN_POINT('',(-7.610995583002,29.057184635035,
    2.84326571855));
#6072 = CARTESIAN_POINT('',(-7.60942447141,29.038737868738,
    2.875165054668));
#6073 = CARTESIAN_POINT('',(-7.607883471231,29.018840813237,
    2.906474622651));
#6074 = CARTESIAN_POINT('',(-7.60642060483,28.997493373752,
    2.937117506691));
#6075 = CARTESIAN_POINT('',(-7.60334208019,28.944717548626,
    3.006326430221));
#6076 = CARTESIAN_POINT('',(-7.601823153519,28.912224407108,
    3.044355570713));
#6077 = CARTESIAN_POINT('',(-7.6006604991,28.877242548021,3.080881990868
    ));
#6078 = CARTESIAN_POINT('',(-7.60000001812,28.83981375272,3.115683467135
    ));
#6079 = CARTESIAN_POINT('',(-7.60000001812,28.8,3.148528137424));
#6080 = PCURVE('',#2058,#6081);
#6081 = DEFINITIONAL_REPRESENTATION('',(#6082),#6109);
#6082 = B_SPLINE_CURVE_WITH_KNOTS('',5,(#6083,#6084,#6085,#6086,#6087,
    #6088,#6089,#6090,#6091,#6092,#6093,#6094,#6095,#6096,#6097,#6098,
    #6099,#6100,#6101,#6102,#6103,#6104,#6105,#6106,#6107,#6108),
  .UNSPECIFIED.,.F.,.F.,(6,4,4,4,4,4,6),(0.,0.125203004223,
    0.218833354346,0.499999837453,0.780957374936,0.875562570726,1.),
  .UNSPECIFIED.);
#6083 = CARTESIAN_POINT('',(0.,-1.451471862576));
#6084 = CARTESIAN_POINT('',(-1.335295281199E-02,-1.484518734764));
#6085 = CARTESIAN_POINT('',(-2.590104654671E-02,-1.519546444903));
#6086 = CARTESIAN_POINT('',(-3.762825311836E-02,-1.556318892915));
#6087 = CARTESIAN_POINT('',(-4.85218349742E-02,-1.59460992322));
#6088 = CARTESIAN_POINT('',(-6.609099287175E-02,-1.66380895872));
#6089 = CARTESIAN_POINT('',(-7.313915679094E-02,-1.6941504662));
#6090 = CARTESIAN_POINT('',(-7.971689716054E-02,-1.725143954018));
#6091 = CARTESIAN_POINT('',(-8.582368416631E-02,-1.756714905619));
#6092 = CARTESIAN_POINT('',(-0.108385050605,-1.885134526137));
#6093 = CARTESIAN_POINT('',(-0.121062721235,-1.986053100473));
#6094 = CARTESIAN_POINT('',(-0.129509120719,-2.089777213741));
#6095 = CARTESIAN_POINT('',(-0.13373158941,-2.194888716991));
#6096 = CARTESIAN_POINT('',(-0.13373158941,-2.405033170773));
#6097 = CARTESIAN_POINT('',(-0.129515393603,-2.510066565543));
#6098 = CARTESIAN_POINT('',(-0.121081545045,-2.613715641079));
#6099 = CARTESIAN_POINT('',(-0.108422726625,-2.714565446036));
#6100 = CARTESIAN_POINT('',(-8.583211331646E-02,-2.84326571855));
#6101 = CARTESIAN_POINT('',(-7.966104385244E-02,-2.875165054668));
#6102 = CARTESIAN_POINT('',(-7.300915594563E-02,-2.906474622651));
#6103 = CARTESIAN_POINT('',(-6.587700289806E-02,-2.937117506691));
#6104 = CARTESIAN_POINT('',(-4.825515713891E-02,-3.006326430221));
#6105 = CARTESIAN_POINT('',(-3.741300610148E-02,-3.044355570713));
#6106 = CARTESIAN_POINT('',(-2.574751586842E-02,-3.080881990868));
#6107 = CARTESIAN_POINT('',(-1.327125090671E-02,-3.115683467135));
#6108 = CARTESIAN_POINT('',(0.,-3.148528137424));
#6109 = ( GEOMETRIC_REPRESENTATION_CONTEXT(2) 
PARAMETRIC_REPRESENTATION_CONTEXT() REPRESENTATION_CONTEXT('2D SPACE',''
  ) );
#6110 = PCURVE('',#5985,#6111);
#6111 = DEFINITIONAL_REPRESENTATION('',(#6112),#6139);
#6112 = B_SPLINE_CURVE_WITH_KNOTS('',5,(#6113,#6114,#6115,#6116,#6117,
    #6118,#6119,#6120,#6121,#6122,#6123,#6124,#6125,#6126,#6127,#6128,
    #6129,#6130,#6131,#6132,#6133,#6134,#6135,#6136,#6137,#6138),
  .UNSPECIFIED.,.F.,.F.,(6,4,4,4,4,4,6),(0.,0.125203004223,
    0.218833354346,0.499999837453,0.780957374936,0.875562570726,1.),
  .UNSPECIFIED.);
#6113 = CARTESIAN_POINT('',(0.689775000785,9.09999998188));
#6114 = CARTESIAN_POINT('',(0.736984818197,9.09999998188));
#6115 = CARTESIAN_POINT('',(0.7836473412,9.099331343412));
#6116 = CARTESIAN_POINT('',(0.829800906636,9.098155327731));
#6117 = CARTESIAN_POINT('',(0.875474177465,9.096620454378));
#6118 = CARTESIAN_POINT('',(0.954502699902,9.093534940931));
#6119 = CARTESIAN_POINT('',(0.988067439093,9.092085566941));
#6120 = CARTESIAN_POINT('',(1.021402487731,9.09056030353));
#6121 = CARTESIAN_POINT('',(1.054528081446,9.089005663733));
#6122 = CARTESIAN_POINT('',(1.186376109931,9.082823910799));
#6123 = CARTESIAN_POINT('',(1.283571208419,9.078280671226));
#6124 = CARTESIAN_POINT('',(1.37968512965,9.074902891684));
#6125 = CARTESIAN_POINT('',(1.475240614969,9.073213731343));
#6126 = CARTESIAN_POINT('',(1.666281027497,9.073213731343));
#6127 = CARTESIAN_POINT('',(1.761765506867,9.07490038203));
#6128 = CARTESIAN_POINT('',(1.857807155941,9.07827314375));
#6129 = CARTESIAN_POINT('',(1.954927598113,9.082810407858));
#6130 = CARTESIAN_POINT('',(2.087038297634,9.089004416998));
#6131 = CARTESIAN_POINT('',(2.120508905579,9.09057552859));
#6132 = CARTESIAN_POINT('',(2.154193443911,9.092116528769));
#6133 = CARTESIAN_POINT('',(2.188112776519,9.09357939517));
#6134 = CARTESIAN_POINT('',(2.267235877668,9.09665791981));
#6135 = CARTESIAN_POINT('',(2.312638573238,9.098176846481));
#6136 = CARTESIAN_POINT('',(2.358516164577,9.0993395009));
#6137 = CARTESIAN_POINT('',(2.404896695249,9.09999998188));
#6138 = CARTESIAN_POINT('',(2.451817652804,9.09999998188));
#6139 = ( GEOMETRIC_REPRESENTATION_CONTEXT(2) 
PARAMETRIC_REPRESENTATION_CONTEXT() REPRESENTATION_CONTEXT('2D SPACE',''
  ) );
#6140 = ORIENTED_EDGE('',*,*,#5941,.T.);
#6141 = ORIENTED_EDGE('',*,*,#3113,.T.);
#6142 = ORIENTED_EDGE('',*,*,#6143,.F.);
#6143 = EDGE_CURVE('',#2042,#3114,#6144,.T.);
#6144 = SURFACE_CURVE('',#6145,(#6149,#6156),.PCURVE_S1.);
#6145 = LINE('',#6146,#6147);
#6146 = CARTESIAN_POINT('',(-10.60000001812,31.8,0.));
#6147 = VECTOR('',#6148,1.);
#6148 = DIRECTION('',(0.,0.,1.));
#6149 = PCURVE('',#2058,#6150);
#6150 = DEFINITIONAL_REPRESENTATION('',(#6151),#6155);
#6151 = LINE('',#6152,#6153);
#6152 = CARTESIAN_POINT('',(-1.570796326795,0.));
#6153 = VECTOR('',#6154,1.);
#6154 = DIRECTION('',(-0.,-1.));
#6155 = ( GEOMETRIC_REPRESENTATION_CONTEXT(2) 
PARAMETRIC_REPRESENTATION_CONTEXT() REPRESENTATION_CONTEXT('2D SPACE',''
  ) );
#6156 = PCURVE('',#2086,#6157);
#6157 = DEFINITIONAL_REPRESENTATION('',(#6158),#6162);
#6158 = LINE('',#6159,#6160);
#6159 = CARTESIAN_POINT('',(2.199999995982,0.));
#6160 = VECTOR('',#6161,1.);
#6161 = DIRECTION('',(0.,-1.));
#6162 = ( GEOMETRIC_REPRESENTATION_CONTEXT(2) 
PARAMETRIC_REPRESENTATION_CONTEXT() REPRESENTATION_CONTEXT('2D SPACE',''
  ) );
#6163 = ADVANCED_FACE('',(#6164),#2086,.T.);
#6164 = FACE_BOUND('',#6165,.T.);
#6165 = EDGE_LOOP('',(#6166,#6187,#6188,#6189));
#6166 = ORIENTED_EDGE('',*,*,#6167,.T.);
#6167 = EDGE_CURVE('',#2071,#3138,#6168,.T.);
#6168 = SURFACE_CURVE('',#6169,(#6173,#6180),.PCURVE_S1.);
#6169 = LINE('',#6170,#6171);
#6170 = CARTESIAN_POINT('',(-12.8000000141,31.8,0.));
#6171 = VECTOR('',#6172,1.);
#6172 = DIRECTION('',(0.,0.,1.));
#6173 = PCURVE('',#2086,#6174);
#6174 = DEFINITIONAL_REPRESENTATION('',(#6175),#6179);
#6175 = LINE('',#6176,#6177);
#6176 = CARTESIAN_POINT('',(2.22044604925E-16,0.));
#6177 = VECTOR('',#6178,1.);
#6178 = DIRECTION('',(0.,-1.));
#6179 = ( GEOMETRIC_REPRESENTATION_CONTEXT(2) 
PARAMETRIC_REPRESENTATION_CONTEXT() REPRESENTATION_CONTEXT('2D SPACE',''
  ) );
#6180 = PCURVE('',#2115,#6181);
#6181 = DEFINITIONAL_REPRESENTATION('',(#6182),#6186);
#6182 = LINE('',#6183,#6184);
#6183 = CARTESIAN_POINT('',(-1.570796326795,0.));
#6184 = VECTOR('',#6185,1.);
#6185 = DIRECTION('',(-0.,-1.));
#6186 = ( GEOMETRIC_REPRESENTATION_CONTEXT(2) 
PARAMETRIC_REPRESENTATION_CONTEXT() REPRESENTATION_CONTEXT('2D SPACE',''
  ) );
#6187 = ORIENTED_EDGE('',*,*,#3137,.T.);
#6188 = ORIENTED_EDGE('',*,*,#6143,.F.);
#6189 = ORIENTED_EDGE('',*,*,#2070,.F.);
#6190 = ADVANCED_FACE('',(#6191),#2115,.T.);
#6191 = FACE_BOUND('',#6192,.F.);
#6192 = EDGE_LOOP('',(#6193,#6194,#6195,#6196,#6219,#6311));
#6193 = ORIENTED_EDGE('',*,*,#2098,.F.);
#6194 = ORIENTED_EDGE('',*,*,#6167,.T.);
#6195 = ORIENTED_EDGE('',*,*,#3160,.T.);
#6196 = ORIENTED_EDGE('',*,*,#6197,.F.);
#6197 = EDGE_CURVE('',#6198,#3021,#6200,.T.);
#6198 = VERTEX_POINT('',#6199);
#6199 = CARTESIAN_POINT('',(-15.8,28.8,3.148528137424));
#6200 = SURFACE_CURVE('',#6201,(#6205,#6212),.PCURVE_S1.);
#6201 = LINE('',#6202,#6203);
#6202 = CARTESIAN_POINT('',(-15.8,28.8,0.));
#6203 = VECTOR('',#6204,1.);
#6204 = DIRECTION('',(0.,0.,1.));
#6205 = PCURVE('',#2115,#6206);
#6206 = DEFINITIONAL_REPRESENTATION('',(#6207),#6211);
#6207 = LINE('',#6208,#6209);
#6208 = CARTESIAN_POINT('',(-3.14159265359,0.));
#6209 = VECTOR('',#6210,1.);
#6210 = DIRECTION('',(-0.,-1.));
#6211 = ( GEOMETRIC_REPRESENTATION_CONTEXT(2) 
PARAMETRIC_REPRESENTATION_CONTEXT() REPRESENTATION_CONTEXT('2D SPACE',''
  ) );
#6212 = PCURVE('',#2143,#6213);
#6213 = DEFINITIONAL_REPRESENTATION('',(#6214),#6218);
#6214 = LINE('',#6215,#6216);
#6215 = CARTESIAN_POINT('',(6.,0.));
#6216 = VECTOR('',#6217,1.);
#6217 = DIRECTION('',(0.,-1.));
#6218 = ( GEOMETRIC_REPRESENTATION_CONTEXT(2) 
PARAMETRIC_REPRESENTATION_CONTEXT() REPRESENTATION_CONTEXT('2D SPACE',''
  ) );
#6219 = ORIENTED_EDGE('',*,*,#6220,.F.);
#6220 = EDGE_CURVE('',#6221,#6198,#6223,.T.);
#6221 = VERTEX_POINT('',#6222);
#6222 = CARTESIAN_POINT('',(-15.8,28.8,1.451471862576));
#6223 = SURFACE_CURVE('',#6224,(#6251,#6281),.PCURVE_S1.);
#6224 = B_SPLINE_CURVE_WITH_KNOTS('',5,(#6225,#6226,#6227,#6228,#6229,
    #6230,#6231,#6232,#6233,#6234,#6235,#6236,#6237,#6238,#6239,#6240,
    #6241,#6242,#6243,#6244,#6245,#6246,#6247,#6248,#6249,#6250),
  .UNSPECIFIED.,.F.,.F.,(6,4,4,4,4,4,6),(0.,0.12520300422,0.218833354344
    ,0.499999837452,0.780957374936,0.875562570725,1.),.UNSPECIFIED.);
#6225 = CARTESIAN_POINT('',(-15.8000000141,28.8,1.451471862576));
#6226 = CARTESIAN_POINT('',(-15.8000000141,28.840058858437,
    1.484518734765));
#6227 = CARTESIAN_POINT('',(-15.79933137563,28.877703140031,
    1.519546444902));
#6228 = CARTESIAN_POINT('',(-15.79815535995,28.912869876725,
    1.556318892914));
#6229 = CARTESIAN_POINT('',(-15.7966204866,28.945516758066,
    1.594609923221));
#6230 = CARTESIAN_POINT('',(-15.79353497315,28.998133840746,
    1.66380895872));
#6231 = CARTESIAN_POINT('',(-15.79208559916,29.019229608254,1.6941504662
    ));
#6232 = CARTESIAN_POINT('',(-15.79056033575,29.038904740312,
    1.725143954018));
#6233 = CARTESIAN_POINT('',(-15.78900569595,29.057159355762,
    1.756714905619));
#6234 = CARTESIAN_POINT('',(-15.78282394302,29.124560566663,
    1.885134526137));
#6235 = CARTESIAN_POINT('',(-15.77828070344,29.162335634882,
    1.986053100473));
#6236 = CARTESIAN_POINT('',(-15.7749029239,29.187444849229,
    2.089777213741));
#6237 = CARTESIAN_POINT('',(-15.77321376356,29.2,2.194888716991));
#6238 = CARTESIAN_POINT('',(-15.77321376356,29.2,2.405033170773));
#6239 = CARTESIAN_POINT('',(-15.77490041425,29.187463503295,
    2.510066565544));
#6240 = CARTESIAN_POINT('',(-15.77827317597,29.16239158951,
    2.613715641079));
#6241 = CARTESIAN_POINT('',(-15.78281044008,29.124672830578,
    2.714565446036));
#6242 = CARTESIAN_POINT('',(-15.78900444922,29.057184635035,
    2.84326571855));
#6243 = CARTESIAN_POINT('',(-15.79057556081,29.038737868738,
    2.875165054668));
#6244 = CARTESIAN_POINT('',(-15.79211656099,29.018840813237,
    2.906474622651));
#6245 = CARTESIAN_POINT('',(-15.79357942739,28.997493373752,
    2.937117506691));
#6246 = CARTESIAN_POINT('',(-15.79665795203,28.944717548626,
    3.006326430221));
#6247 = CARTESIAN_POINT('',(-15.7981768787,28.912224407108,
    3.044355570713));
#6248 = CARTESIAN_POINT('',(-15.79933953312,28.877242548021,
    3.080881990868));
#6249 = CARTESIAN_POINT('',(-15.8000000141,28.83981375272,3.115683467135
    ));
#6250 = CARTESIAN_POINT('',(-15.8000000141,28.8,3.148528137424));
#6251 = PCURVE('',#2115,#6252);
#6252 = DEFINITIONAL_REPRESENTATION('',(#6253),#6280);
#6253 = B_SPLINE_CURVE_WITH_KNOTS('',5,(#6254,#6255,#6256,#6257,#6258,
    #6259,#6260,#6261,#6262,#6263,#6264,#6265,#6266,#6267,#6268,#6269,
    #6270,#6271,#6272,#6273,#6274,#6275,#6276,#6277,#6278,#6279),
  .UNSPECIFIED.,.F.,.F.,(6,4,4,4,4,4,6),(0.,0.12520300422,0.218833354344
    ,0.499999837452,0.780957374936,0.875562570725,1.),.UNSPECIFIED.);
#6254 = CARTESIAN_POINT('',(-3.14159265359,-1.451471862576));
#6255 = CARTESIAN_POINT('',(-3.128239700777,-1.484518734765));
#6256 = CARTESIAN_POINT('',(-3.115691607043,-1.519546444902));
#6257 = CARTESIAN_POINT('',(-3.103964400472,-1.556318892914));
#6258 = CARTESIAN_POINT('',(-3.093070818615,-1.594609923221));
#6259 = CARTESIAN_POINT('',(-3.075501660718,-1.66380895872));
#6260 = CARTESIAN_POINT('',(-3.068453496799,-1.6941504662));
#6261 = CARTESIAN_POINT('',(-3.061875756429,-1.725143954018));
#6262 = CARTESIAN_POINT('',(-3.055768969423,-1.756714905619));
#6263 = CARTESIAN_POINT('',(-3.033207602985,-1.885134526137));
#6264 = CARTESIAN_POINT('',(-3.020529932354,-1.986053100473));
#6265 = CARTESIAN_POINT('',(-3.012083532871,-2.089777213741));
#6266 = CARTESIAN_POINT('',(-3.00786106418,-2.194888716991));
#6267 = CARTESIAN_POINT('',(-3.00786106418,-2.405033170773));
#6268 = CARTESIAN_POINT('',(-3.012077259986,-2.510066565544));
#6269 = CARTESIAN_POINT('',(-3.020511108545,-2.613715641079));
#6270 = CARTESIAN_POINT('',(-3.033169926965,-2.714565446036));
#6271 = CARTESIAN_POINT('',(-3.055760540273,-2.84326571855));
#6272 = CARTESIAN_POINT('',(-3.061931609737,-2.875165054668));
#6273 = CARTESIAN_POINT('',(-3.068583497644,-2.906474622651));
#6274 = CARTESIAN_POINT('',(-3.075715650692,-2.937117506691));
#6275 = CARTESIAN_POINT('',(-3.093337496451,-3.006326430221));
#6276 = CARTESIAN_POINT('',(-3.104179647488,-3.044355570713));
#6277 = CARTESIAN_POINT('',(-3.115845137721,-3.080881990868));
#6278 = CARTESIAN_POINT('',(-3.128321402683,-3.115683467135));
#6279 = CARTESIAN_POINT('',(-3.14159265359,-3.148528137424));
#6280 = ( GEOMETRIC_REPRESENTATION_CONTEXT(2) 
PARAMETRIC_REPRESENTATION_CONTEXT() REPRESENTATION_CONTEXT('2D SPACE',''
  ) );
#6281 = PCURVE('',#5985,#6282);
#6282 = DEFINITIONAL_REPRESENTATION('',(#6283),#6310);
#6283 = B_SPLINE_CURVE_WITH_KNOTS('',5,(#6284,#6285,#6286,#6287,#6288,
    #6289,#6290,#6291,#6292,#6293,#6294,#6295,#6296,#6297,#6298,#6299,
    #6300,#6301,#6302,#6303,#6304,#6305,#6306,#6307,#6308,#6309),
  .UNSPECIFIED.,.F.,.F.,(6,4,4,4,4,4,6),(0.,0.12520300422,0.218833354344
    ,0.499999837452,0.780957374936,0.875562570725,1.),.UNSPECIFIED.);
#6284 = CARTESIAN_POINT('',(0.689775000785,0.899999985898));
#6285 = CARTESIAN_POINT('',(0.736984818198,0.899999985898));
#6286 = CARTESIAN_POINT('',(0.783647341199,0.900668624365));
#6287 = CARTESIAN_POINT('',(0.829800906635,0.901844640046));
#6288 = CARTESIAN_POINT('',(0.875474177466,0.9033795134));
#6289 = CARTESIAN_POINT('',(0.954502699902,0.906465026847));
#6290 = CARTESIAN_POINT('',(0.988067439093,0.907914400837));
#6291 = CARTESIAN_POINT('',(1.021402487731,0.909439664247));
#6292 = CARTESIAN_POINT('',(1.054528081446,0.910994304044));
#6293 = CARTESIAN_POINT('',(1.186376109932,0.917176056979));
#6294 = CARTESIAN_POINT('',(1.283571208419,0.921719296551));
#6295 = CARTESIAN_POINT('',(1.37968512965,0.925097076094));
#6296 = CARTESIAN_POINT('',(1.475240614969,0.926786236434));
#6297 = CARTESIAN_POINT('',(1.666281027497,0.926786236434));
#6298 = CARTESIAN_POINT('',(1.761765506867,0.925099585747));
#6299 = CARTESIAN_POINT('',(1.857807155941,0.921726824027));
#6300 = CARTESIAN_POINT('',(1.954927598113,0.917189559919));
#6301 = CARTESIAN_POINT('',(2.087038297634,0.910995550779));
#6302 = CARTESIAN_POINT('',(2.120508905579,0.909424439188));
#6303 = CARTESIAN_POINT('',(2.154193443911,0.907883439009));
#6304 = CARTESIAN_POINT('',(2.188112776519,0.906420572608));
#6305 = CARTESIAN_POINT('',(2.267235877668,0.903342047967));
#6306 = CARTESIAN_POINT('',(2.312638573238,0.901823121296));
#6307 = CARTESIAN_POINT('',(2.358516164577,0.900660466878));
#6308 = CARTESIAN_POINT('',(2.404896695249,0.899999985898));
#6309 = CARTESIAN_POINT('',(2.451817652804,0.899999985898));
#6310 = ( GEOMETRIC_REPRESENTATION_CONTEXT(2) 
PARAMETRIC_REPRESENTATION_CONTEXT() REPRESENTATION_CONTEXT('2D SPACE',''
  ) );
#6311 = ORIENTED_EDGE('',*,*,#6312,.F.);
#6312 = EDGE_CURVE('',#2099,#6221,#6313,.T.);
#6313 = SURFACE_CURVE('',#6314,(#6318,#6325),.PCURVE_S1.);
#6314 = LINE('',#6315,#6316);
#6315 = CARTESIAN_POINT('',(-15.8,28.8,0.));
#6316 = VECTOR('',#6317,1.);
#6317 = DIRECTION('',(0.,0.,1.));
#6318 = PCURVE('',#2115,#6319);
#6319 = DEFINITIONAL_REPRESENTATION('',(#6320),#6324);
#6320 = LINE('',#6321,#6322);
#6321 = CARTESIAN_POINT('',(-3.14159265359,0.));
#6322 = VECTOR('',#6323,1.);
#6323 = DIRECTION('',(-0.,-1.));
#6324 = ( GEOMETRIC_REPRESENTATION_CONTEXT(2) 
PARAMETRIC_REPRESENTATION_CONTEXT() REPRESENTATION_CONTEXT('2D SPACE',''
  ) );
#6325 = PCURVE('',#2143,#6326);
#6326 = DEFINITIONAL_REPRESENTATION('',(#6327),#6331);
#6327 = LINE('',#6328,#6329);
#6328 = CARTESIAN_POINT('',(6.,0.));
#6329 = VECTOR('',#6330,1.);
#6330 = DIRECTION('',(0.,-1.));
#6331 = ( GEOMETRIC_REPRESENTATION_CONTEXT(2) 
PARAMETRIC_REPRESENTATION_CONTEXT() REPRESENTATION_CONTEXT('2D SPACE',''
  ) );
#6332 = ADVANCED_FACE('',(#6333),#2143,.T.);
#6333 = FACE_BOUND('',#6334,.T.);
#6334 = EDGE_LOOP('',(#6335,#6336,#6337,#6338,#6339,#6367,#6393));
#6335 = ORIENTED_EDGE('',*,*,#2127,.F.);
#6336 = ORIENTED_EDGE('',*,*,#2970,.T.);
#6337 = ORIENTED_EDGE('',*,*,#3020,.T.);
#6338 = ORIENTED_EDGE('',*,*,#6197,.F.);
#6339 = ORIENTED_EDGE('',*,*,#6340,.T.);
#6340 = EDGE_CURVE('',#6198,#6341,#6343,.T.);
#6341 = VERTEX_POINT('',#6342);
#6342 = CARTESIAN_POINT('',(-15.79999998589,28.1,1.2));
#6343 = SURFACE_CURVE('',#6344,(#6349,#6360),.PCURVE_S1.);
#6344 = CIRCLE('',#6345,1.1);
#6345 = AXIS2_PLACEMENT_3D('',#6346,#6347,#6348);
#6346 = CARTESIAN_POINT('',(-15.79999998589,28.1,2.3));
#6347 = DIRECTION('',(1.,0.,2.22044604925E-16));
#6348 = DIRECTION('',(2.22044604925E-16,0.,-1.));
#6349 = PCURVE('',#2143,#6350);
#6350 = DEFINITIONAL_REPRESENTATION('',(#6351),#6359);
#6351 = ( BOUNDED_CURVE() B_SPLINE_CURVE(2,(#6352,#6353,#6354,#6355,
#6356,#6357,#6358),.UNSPECIFIED.,.T.,.F.) B_SPLINE_CURVE_WITH_KNOTS((1,2
    ,2,2,2,1),(-2.094395102393,0.,2.094395102393,4.188790204786,
6.28318530718,8.377580409573),.UNSPECIFIED.) CURVE() 
GEOMETRIC_REPRESENTATION_ITEM() RATIONAL_B_SPLINE_CURVE((1.,0.5,1.,0.5,
1.,0.5,1.)) REPRESENTATION_ITEM('') );
#6352 = CARTESIAN_POINT('',(5.3,-1.2));
#6353 = CARTESIAN_POINT('',(7.205255888326,-1.2));
#6354 = CARTESIAN_POINT('',(6.252627944163,-2.85));
#6355 = CARTESIAN_POINT('',(5.3,-4.5));
#6356 = CARTESIAN_POINT('',(4.347372055837,-2.85));
#6357 = CARTESIAN_POINT('',(3.394744111674,-1.2));
#6358 = CARTESIAN_POINT('',(5.3,-1.2));
#6359 = ( GEOMETRIC_REPRESENTATION_CONTEXT(2) 
PARAMETRIC_REPRESENTATION_CONTEXT() REPRESENTATION_CONTEXT('2D SPACE',''
  ) );
#6360 = PCURVE('',#5985,#6361);
#6361 = DEFINITIONAL_REPRESENTATION('',(#6362),#6366);
#6362 = LINE('',#6363,#6364);
#6363 = CARTESIAN_POINT('',(0.,0.900000014102));
#6364 = VECTOR('',#6365,1.);
#6365 = DIRECTION('',(1.,0.));
#6366 = ( GEOMETRIC_REPRESENTATION_CONTEXT(2) 
PARAMETRIC_REPRESENTATION_CONTEXT() REPRESENTATION_CONTEXT('2D SPACE',''
  ) );
#6367 = ORIENTED_EDGE('',*,*,#6368,.T.);
#6368 = EDGE_CURVE('',#6341,#6221,#6369,.T.);
#6369 = SURFACE_CURVE('',#6370,(#6375,#6386),.PCURVE_S1.);
#6370 = CIRCLE('',#6371,1.1);
#6371 = AXIS2_PLACEMENT_3D('',#6372,#6373,#6374);
#6372 = CARTESIAN_POINT('',(-15.79999998589,28.1,2.3));
#6373 = DIRECTION('',(1.,0.,2.22044604925E-16));
#6374 = DIRECTION('',(2.22044604925E-16,0.,-1.));
#6375 = PCURVE('',#2143,#6376);
#6376 = DEFINITIONAL_REPRESENTATION('',(#6377),#6385);
#6377 = ( BOUNDED_CURVE() B_SPLINE_CURVE(2,(#6378,#6379,#6380,#6381,
#6382,#6383,#6384),.UNSPECIFIED.,.T.,.F.) B_SPLINE_CURVE_WITH_KNOTS((1,2
    ,2,2,2,1),(-2.094395102393,0.,2.094395102393,4.188790204786,
6.28318530718,8.377580409573),.UNSPECIFIED.) CURVE() 
GEOMETRIC_REPRESENTATION_ITEM() RATIONAL_B_SPLINE_CURVE((1.,0.5,1.,0.5,
1.,0.5,1.)) REPRESENTATION_ITEM('') );
#6378 = CARTESIAN_POINT('',(5.3,-1.2));
#6379 = CARTESIAN_POINT('',(7.205255888326,-1.2));
#6380 = CARTESIAN_POINT('',(6.252627944163,-2.85));
#6381 = CARTESIAN_POINT('',(5.3,-4.5));
#6382 = CARTESIAN_POINT('',(4.347372055837,-2.85));
#6383 = CARTESIAN_POINT('',(3.394744111674,-1.2));
#6384 = CARTESIAN_POINT('',(5.3,-1.2));
#6385 = ( GEOMETRIC_REPRESENTATION_CONTEXT(2) 
PARAMETRIC_REPRESENTATION_CONTEXT() REPRESENTATION_CONTEXT('2D SPACE',''
  ) );
#6386 = PCURVE('',#5985,#6387);
#6387 = DEFINITIONAL_REPRESENTATION('',(#6388),#6392);
#6388 = LINE('',#6389,#6390);
#6389 = CARTESIAN_POINT('',(0.,0.900000014102));
#6390 = VECTOR('',#6391,1.);
#6391 = DIRECTION('',(1.,0.));
#6392 = ( GEOMETRIC_REPRESENTATION_CONTEXT(2) 
PARAMETRIC_REPRESENTATION_CONTEXT() REPRESENTATION_CONTEXT('2D SPACE',''
  ) );
#6393 = ORIENTED_EDGE('',*,*,#6312,.F.);
#6394 = ADVANCED_FACE('',(#6395),#2225,.F.);
#6395 = FACE_BOUND('',#6396,.F.);
#6396 = EDGE_LOOP('',(#6397,#6398,#6421,#6449));
#6397 = ORIENTED_EDGE('',*,*,#2207,.T.);
#6398 = ORIENTED_EDGE('',*,*,#6399,.T.);
#6399 = EDGE_CURVE('',#2210,#6400,#6402,.T.);
#6400 = VERTEX_POINT('',#6401);
#6401 = CARTESIAN_POINT('',(-6.5,-2.500000038121,0.4));
#6402 = SURFACE_CURVE('',#6403,(#6407,#6414),.PCURVE_S1.);
#6403 = LINE('',#6404,#6405);
#6404 = CARTESIAN_POINT('',(-6.5,-2.500000038121,-2.E-02));
#6405 = VECTOR('',#6406,1.);
#6406 = DIRECTION('',(0.,0.,1.));
#6407 = PCURVE('',#2225,#6408);
#6408 = DEFINITIONAL_REPRESENTATION('',(#6409),#6413);
#6409 = LINE('',#6410,#6411);
#6410 = CARTESIAN_POINT('',(-4.440892098501E-16,0.));
#6411 = VECTOR('',#6412,1.);
#6412 = DIRECTION('',(0.,-1.));
#6413 = ( GEOMETRIC_REPRESENTATION_CONTEXT(2) 
PARAMETRIC_REPRESENTATION_CONTEXT() REPRESENTATION_CONTEXT('2D SPACE',''
  ) );
#6414 = PCURVE('',#2435,#6415);
#6415 = DEFINITIONAL_REPRESENTATION('',(#6416),#6420);
#6416 = LINE('',#6417,#6418);
#6417 = CARTESIAN_POINT('',(6.28318530718,0.));
#6418 = VECTOR('',#6419,1.);
#6419 = DIRECTION('',(0.,-1.));
#6420 = ( GEOMETRIC_REPRESENTATION_CONTEXT(2) 
PARAMETRIC_REPRESENTATION_CONTEXT() REPRESENTATION_CONTEXT('2D SPACE',''
  ) );
#6421 = ORIENTED_EDGE('',*,*,#6422,.T.);
#6422 = EDGE_CURVE('',#6400,#6423,#6425,.T.);
#6423 = VERTEX_POINT('',#6424);
#6424 = CARTESIAN_POINT('',(-6.5,2.499999971593,0.4));
#6425 = SURFACE_CURVE('',#6426,(#6430,#6437),.PCURVE_S1.);
#6426 = LINE('',#6427,#6428);
#6427 = CARTESIAN_POINT('',(-6.5,3.812072435494E-08,0.4));
#6428 = VECTOR('',#6429,1.);
#6429 = DIRECTION('',(0.,1.,0.));
#6430 = PCURVE('',#2225,#6431);
#6431 = DEFINITIONAL_REPRESENTATION('',(#6432),#6436);
#6432 = LINE('',#6433,#6434);
#6433 = CARTESIAN_POINT('',(2.500000076241,-0.42));
#6434 = VECTOR('',#6435,1.);
#6435 = DIRECTION('',(1.,0.));
#6436 = ( GEOMETRIC_REPRESENTATION_CONTEXT(2) 
PARAMETRIC_REPRESENTATION_CONTEXT() REPRESENTATION_CONTEXT('2D SPACE',''
  ) );
#6437 = PCURVE('',#6438,#6443);
#6438 = PLANE('',#6439);
#6439 = AXIS2_PLACEMENT_3D('',#6440,#6441,#6442);
#6440 = CARTESIAN_POINT('',(-2.310556477728E-09,1.025599541538E-08,0.4)
  );
#6441 = DIRECTION('',(0.,0.,1.));
#6442 = DIRECTION('',(1.,0.,-0.));
#6443 = DEFINITIONAL_REPRESENTATION('',(#6444),#6448);
#6444 = LINE('',#6445,#6446);
#6445 = CARTESIAN_POINT('',(-6.499999997689,2.786472893956E-08));
#6446 = VECTOR('',#6447,1.);
#6447 = DIRECTION('',(0.,1.));
#6448 = ( GEOMETRIC_REPRESENTATION_CONTEXT(2) 
PARAMETRIC_REPRESENTATION_CONTEXT() REPRESENTATION_CONTEXT('2D SPACE',''
  ) );
#6449 = ORIENTED_EDGE('',*,*,#6450,.F.);
#6450 = EDGE_CURVE('',#2208,#6423,#6451,.T.);
#6451 = SURFACE_CURVE('',#6452,(#6456,#6463),.PCURVE_S1.);
#6452 = LINE('',#6453,#6454);
#6453 = CARTESIAN_POINT('',(-6.5,2.499999971593,-2.E-02));
#6454 = VECTOR('',#6455,1.);
#6455 = DIRECTION('',(0.,0.,1.));
#6456 = PCURVE('',#2225,#6457);
#6457 = DEFINITIONAL_REPRESENTATION('',(#6458),#6462);
#6458 = LINE('',#6459,#6460);
#6459 = CARTESIAN_POINT('',(5.000000009714,0.));
#6460 = VECTOR('',#6461,1.);
#6461 = DIRECTION('',(0.,-1.));
#6462 = ( GEOMETRIC_REPRESENTATION_CONTEXT(2) 
PARAMETRIC_REPRESENTATION_CONTEXT() REPRESENTATION_CONTEXT('2D SPACE',''
  ) );
#6463 = PCURVE('',#2257,#6464);
#6464 = DEFINITIONAL_REPRESENTATION('',(#6465),#6469);
#6465 = LINE('',#6466,#6467);
#6466 = CARTESIAN_POINT('',(0.,0.));
#6467 = VECTOR('',#6468,1.);
#6468 = DIRECTION('',(0.,-1.));
#6469 = ( GEOMETRIC_REPRESENTATION_CONTEXT(2) 
PARAMETRIC_REPRESENTATION_CONTEXT() REPRESENTATION_CONTEXT('2D SPACE',''
  ) );
#6470 = ADVANCED_FACE('',(#6471),#2257,.F.);
#6471 = FACE_BOUND('',#6472,.F.);
#6472 = EDGE_LOOP('',(#6473,#6474,#6475,#6503));
#6473 = ORIENTED_EDGE('',*,*,#2236,.F.);
#6474 = ORIENTED_EDGE('',*,*,#6450,.T.);
#6475 = ORIENTED_EDGE('',*,*,#6476,.T.);
#6476 = EDGE_CURVE('',#6423,#6477,#6479,.T.);
#6477 = VERTEX_POINT('',#6478);
#6478 = CARTESIAN_POINT('',(-2.5,6.500000004857,0.4));
#6479 = SURFACE_CURVE('',#6480,(#6485,#6492),.PCURVE_S1.);
#6480 = CIRCLE('',#6481,4.);
#6481 = AXIS2_PLACEMENT_3D('',#6482,#6483,#6484);
#6482 = CARTESIAN_POINT('',(-2.5,2.499999971593,0.4));
#6483 = DIRECTION('',(0.,0.,-1.));
#6484 = DIRECTION('',(-1.,0.,0.));
#6485 = PCURVE('',#2257,#6486);
#6486 = DEFINITIONAL_REPRESENTATION('',(#6487),#6491);
#6487 = LINE('',#6488,#6489);
#6488 = CARTESIAN_POINT('',(0.,-0.42));
#6489 = VECTOR('',#6490,1.);
#6490 = DIRECTION('',(1.,0.));
#6491 = ( GEOMETRIC_REPRESENTATION_CONTEXT(2) 
PARAMETRIC_REPRESENTATION_CONTEXT() REPRESENTATION_CONTEXT('2D SPACE',''
  ) );
#6492 = PCURVE('',#6438,#6493);
#6493 = DEFINITIONAL_REPRESENTATION('',(#6494),#6502);
#6494 = ( BOUNDED_CURVE() B_SPLINE_CURVE(2,(#6495,#6496,#6497,#6498,
#6499,#6500,#6501),.UNSPECIFIED.,.T.,.F.) B_SPLINE_CURVE_WITH_KNOTS((1,2
    ,2,2,2,1),(-2.094395102393,0.,2.094395102393,4.188790204786,
6.28318530718,8.377580409573),.UNSPECIFIED.) CURVE() 
GEOMETRIC_REPRESENTATION_ITEM() RATIONAL_B_SPLINE_CURVE((1.,0.5,1.,0.5,
1.,0.5,1.)) REPRESENTATION_ITEM('') );
#6495 = CARTESIAN_POINT('',(-6.499999997689,2.499999961337));
#6496 = CARTESIAN_POINT('',(-6.499999997689,9.428203191613));
#6497 = CARTESIAN_POINT('',(-0.499999997689,5.964101576475));
#6498 = CARTESIAN_POINT('',(5.500000002311,2.499999961337));
#6499 = CARTESIAN_POINT('',(-0.499999997689,-0.9641016538));
#6500 = CARTESIAN_POINT('',(-6.499999997689,-4.428203268938));
#6501 = CARTESIAN_POINT('',(-6.499999997689,2.499999961337));
#6502 = ( GEOMETRIC_REPRESENTATION_CONTEXT(2) 
PARAMETRIC_REPRESENTATION_CONTEXT() REPRESENTATION_CONTEXT('2D SPACE',''
  ) );
#6503 = ORIENTED_EDGE('',*,*,#6504,.F.);
#6504 = EDGE_CURVE('',#2237,#6477,#6505,.T.);
#6505 = SURFACE_CURVE('',#6506,(#6510,#6517),.PCURVE_S1.);
#6506 = LINE('',#6507,#6508);
#6507 = CARTESIAN_POINT('',(-2.5,6.500000004857,-2.E-02));
#6508 = VECTOR('',#6509,1.);
#6509 = DIRECTION('',(0.,0.,1.));
#6510 = PCURVE('',#2257,#6511);
#6511 = DEFINITIONAL_REPRESENTATION('',(#6512),#6516);
#6512 = LINE('',#6513,#6514);
#6513 = CARTESIAN_POINT('',(1.570796326795,0.));
#6514 = VECTOR('',#6515,1.);
#6515 = DIRECTION('',(0.,-1.));
#6516 = ( GEOMETRIC_REPRESENTATION_CONTEXT(2) 
PARAMETRIC_REPRESENTATION_CONTEXT() REPRESENTATION_CONTEXT('2D SPACE',''
  ) );
#6517 = PCURVE('',#2285,#6518);
#6518 = DEFINITIONAL_REPRESENTATION('',(#6519),#6523);
#6519 = LINE('',#6520,#6521);
#6520 = CARTESIAN_POINT('',(0.,0.));
#6521 = VECTOR('',#6522,1.);
#6522 = DIRECTION('',(0.,-1.));
#6523 = ( GEOMETRIC_REPRESENTATION_CONTEXT(2) 
PARAMETRIC_REPRESENTATION_CONTEXT() REPRESENTATION_CONTEXT('2D SPACE',''
  ) );
#6524 = ADVANCED_FACE('',(#6525),#2285,.F.);
#6525 = FACE_BOUND('',#6526,.F.);
#6526 = EDGE_LOOP('',(#6527,#6528,#6529,#6552));
#6527 = ORIENTED_EDGE('',*,*,#2269,.T.);
#6528 = ORIENTED_EDGE('',*,*,#6504,.T.);
#6529 = ORIENTED_EDGE('',*,*,#6530,.T.);
#6530 = EDGE_CURVE('',#6477,#6531,#6533,.T.);
#6531 = VERTEX_POINT('',#6532);
#6532 = CARTESIAN_POINT('',(2.5,6.50000003679,0.4));
#6533 = SURFACE_CURVE('',#6534,(#6538,#6545),.PCURVE_S1.);
#6534 = LINE('',#6535,#6536);
#6535 = CARTESIAN_POINT('',(0.,6.500000038121,0.4));
#6536 = VECTOR('',#6537,1.);
#6537 = DIRECTION('',(1.,0.,0.));
#6538 = PCURVE('',#2285,#6539);
#6539 = DEFINITIONAL_REPRESENTATION('',(#6540),#6544);
#6540 = LINE('',#6541,#6542);
#6541 = CARTESIAN_POINT('',(2.5,-0.42));
#6542 = VECTOR('',#6543,1.);
#6543 = DIRECTION('',(1.,0.));
#6544 = ( GEOMETRIC_REPRESENTATION_CONTEXT(2) 
PARAMETRIC_REPRESENTATION_CONTEXT() REPRESENTATION_CONTEXT('2D SPACE',''
  ) );
#6545 = PCURVE('',#6438,#6546);
#6546 = DEFINITIONAL_REPRESENTATION('',(#6547),#6551);
#6547 = LINE('',#6548,#6549);
#6548 = CARTESIAN_POINT('',(2.310556477728E-09,6.500000027865));
#6549 = VECTOR('',#6550,1.);
#6550 = DIRECTION('',(1.,0.));
#6551 = ( GEOMETRIC_REPRESENTATION_CONTEXT(2) 
PARAMETRIC_REPRESENTATION_CONTEXT() REPRESENTATION_CONTEXT('2D SPACE',''
  ) );
#6552 = ORIENTED_EDGE('',*,*,#6553,.F.);
#6553 = EDGE_CURVE('',#2270,#6531,#6554,.T.);
#6554 = SURFACE_CURVE('',#6555,(#6559,#6566),.PCURVE_S1.);
#6555 = LINE('',#6556,#6557);
#6556 = CARTESIAN_POINT('',(2.5,6.50000003679,-2.E-02));
#6557 = VECTOR('',#6558,1.);
#6558 = DIRECTION('',(0.,0.,1.));
#6559 = PCURVE('',#2285,#6560);
#6560 = DEFINITIONAL_REPRESENTATION('',(#6561),#6565);
#6561 = LINE('',#6562,#6563);
#6562 = CARTESIAN_POINT('',(5.,0.));
#6563 = VECTOR('',#6564,1.);
#6564 = DIRECTION('',(0.,-1.));
#6565 = ( GEOMETRIC_REPRESENTATION_CONTEXT(2) 
PARAMETRIC_REPRESENTATION_CONTEXT() REPRESENTATION_CONTEXT('2D SPACE',''
  ) );
#6566 = PCURVE('',#2317,#6567);
#6567 = DEFINITIONAL_REPRESENTATION('',(#6568),#6572);
#6568 = LINE('',#6569,#6570);
#6569 = CARTESIAN_POINT('',(1.570796326795,0.));
#6570 = VECTOR('',#6571,1.);
#6571 = DIRECTION('',(0.,-1.));
#6572 = ( GEOMETRIC_REPRESENTATION_CONTEXT(2) 
PARAMETRIC_REPRESENTATION_CONTEXT() REPRESENTATION_CONTEXT('2D SPACE',''
  ) );
#6573 = ADVANCED_FACE('',(#6574),#2317,.F.);
#6574 = FACE_BOUND('',#6575,.F.);
#6575 = EDGE_LOOP('',(#6576,#6577,#6578,#6606));
#6576 = ORIENTED_EDGE('',*,*,#2296,.F.);
#6577 = ORIENTED_EDGE('',*,*,#6553,.T.);
#6578 = ORIENTED_EDGE('',*,*,#6579,.T.);
#6579 = EDGE_CURVE('',#6531,#6580,#6582,.T.);
#6580 = VERTEX_POINT('',#6581);
#6581 = CARTESIAN_POINT('',(6.5,2.50000003546,0.4));
#6582 = SURFACE_CURVE('',#6583,(#6588,#6595),.PCURVE_S1.);
#6583 = CIRCLE('',#6584,4.);
#6584 = AXIS2_PLACEMENT_3D('',#6585,#6586,#6587);
#6585 = CARTESIAN_POINT('',(2.5,2.50000003546,0.4));
#6586 = DIRECTION('',(0.,0.,-1.));
#6587 = DIRECTION('',(-1.,0.,0.));
#6588 = PCURVE('',#2317,#6589);
#6589 = DEFINITIONAL_REPRESENTATION('',(#6590),#6594);
#6590 = LINE('',#6591,#6592);
#6591 = CARTESIAN_POINT('',(0.,-0.42));
#6592 = VECTOR('',#6593,1.);
#6593 = DIRECTION('',(1.,0.));
#6594 = ( GEOMETRIC_REPRESENTATION_CONTEXT(2) 
PARAMETRIC_REPRESENTATION_CONTEXT() REPRESENTATION_CONTEXT('2D SPACE',''
  ) );
#6595 = PCURVE('',#6438,#6596);
#6596 = DEFINITIONAL_REPRESENTATION('',(#6597),#6605);
#6597 = ( BOUNDED_CURVE() B_SPLINE_CURVE(2,(#6598,#6599,#6600,#6601,
#6602,#6603,#6604),.UNSPECIFIED.,.T.,.F.) B_SPLINE_CURVE_WITH_KNOTS((1,2
    ,2,2,2,1),(-2.094395102393,0.,2.094395102393,4.188790204786,
6.28318530718,8.377580409573),.UNSPECIFIED.) CURVE() 
GEOMETRIC_REPRESENTATION_ITEM() RATIONAL_B_SPLINE_CURVE((1.,0.5,1.,0.5,
1.,0.5,1.)) REPRESENTATION_ITEM('') );
#6598 = CARTESIAN_POINT('',(-1.499999997689,2.500000025204));
#6599 = CARTESIAN_POINT('',(-1.499999997689,9.428203255479));
#6600 = CARTESIAN_POINT('',(4.500000002311,5.964101640341));
#6601 = CARTESIAN_POINT('',(10.500000002311,2.500000025204));
#6602 = CARTESIAN_POINT('',(4.500000002311,-0.964101589934));
#6603 = CARTESIAN_POINT('',(-1.499999997689,-4.428203205072));
#6604 = CARTESIAN_POINT('',(-1.499999997689,2.500000025204));
#6605 = ( GEOMETRIC_REPRESENTATION_CONTEXT(2) 
PARAMETRIC_REPRESENTATION_CONTEXT() REPRESENTATION_CONTEXT('2D SPACE',''
  ) );
#6606 = ORIENTED_EDGE('',*,*,#6607,.F.);
#6607 = EDGE_CURVE('',#2297,#6580,#6608,.T.);
#6608 = SURFACE_CURVE('',#6609,(#6613,#6620),.PCURVE_S1.);
#6609 = LINE('',#6610,#6611);
#6610 = CARTESIAN_POINT('',(6.5,2.50000003546,-2.E-02));
#6611 = VECTOR('',#6612,1.);
#6612 = DIRECTION('',(0.,0.,1.));
#6613 = PCURVE('',#2317,#6614);
#6614 = DEFINITIONAL_REPRESENTATION('',(#6615),#6619);
#6615 = LINE('',#6616,#6617);
#6616 = CARTESIAN_POINT('',(3.14159265359,0.));
#6617 = VECTOR('',#6618,1.);
#6618 = DIRECTION('',(0.,-1.));
#6619 = ( GEOMETRIC_REPRESENTATION_CONTEXT(2) 
PARAMETRIC_REPRESENTATION_CONTEXT() REPRESENTATION_CONTEXT('2D SPACE',''
  ) );
#6620 = PCURVE('',#2345,#6621);
#6621 = DEFINITIONAL_REPRESENTATION('',(#6622),#6626);
#6622 = LINE('',#6623,#6624);
#6623 = CARTESIAN_POINT('',(4.999999997339,0.));
#6624 = VECTOR('',#6625,1.);
#6625 = DIRECTION('',(0.,-1.));
#6626 = ( GEOMETRIC_REPRESENTATION_CONTEXT(2) 
PARAMETRIC_REPRESENTATION_CONTEXT() REPRESENTATION_CONTEXT('2D SPACE',''
  ) );
#6627 = ADVANCED_FACE('',(#6628),#2345,.T.);
#6628 = FACE_BOUND('',#6629,.T.);
#6629 = EDGE_LOOP('',(#6630,#6631,#6654,#6675));
#6630 = ORIENTED_EDGE('',*,*,#2329,.T.);
#6631 = ORIENTED_EDGE('',*,*,#6632,.T.);
#6632 = EDGE_CURVE('',#2330,#6633,#6635,.T.);
#6633 = VERTEX_POINT('',#6634);
#6634 = CARTESIAN_POINT('',(6.499999998669,-2.499999961879,0.4));
#6635 = SURFACE_CURVE('',#6636,(#6640,#6647),.PCURVE_S1.);
#6636 = LINE('',#6637,#6638);
#6637 = CARTESIAN_POINT('',(6.499999998669,-2.499999961879,-2.E-02));
#6638 = VECTOR('',#6639,1.);
#6639 = DIRECTION('',(0.,0.,1.));
#6640 = PCURVE('',#2345,#6641);
#6641 = DEFINITIONAL_REPRESENTATION('',(#6642),#6646);
#6642 = LINE('',#6643,#6644);
#6643 = CARTESIAN_POINT('',(0.,0.));
#6644 = VECTOR('',#6645,1.);
#6645 = DIRECTION('',(0.,-1.));
#6646 = ( GEOMETRIC_REPRESENTATION_CONTEXT(2) 
PARAMETRIC_REPRESENTATION_CONTEXT() REPRESENTATION_CONTEXT('2D SPACE',''
  ) );
#6647 = PCURVE('',#2377,#6648);
#6648 = DEFINITIONAL_REPRESENTATION('',(#6649),#6653);
#6649 = LINE('',#6650,#6651);
#6650 = CARTESIAN_POINT('',(3.14159265359,0.));
#6651 = VECTOR('',#6652,1.);
#6652 = DIRECTION('',(0.,-1.));
#6653 = ( GEOMETRIC_REPRESENTATION_CONTEXT(2) 
PARAMETRIC_REPRESENTATION_CONTEXT() REPRESENTATION_CONTEXT('2D SPACE',''
  ) );
#6654 = ORIENTED_EDGE('',*,*,#6655,.T.);
#6655 = EDGE_CURVE('',#6633,#6580,#6656,.T.);
#6656 = SURFACE_CURVE('',#6657,(#6661,#6668),.PCURVE_S1.);
#6657 = LINE('',#6658,#6659);
#6658 = CARTESIAN_POINT('',(6.5,3.812072435494E-08,0.4));
#6659 = VECTOR('',#6660,1.);
#6660 = DIRECTION('',(0.,1.,0.));
#6661 = PCURVE('',#2345,#6662);
#6662 = DEFINITIONAL_REPRESENTATION('',(#6663),#6667);
#6663 = LINE('',#6664,#6665);
#6664 = CARTESIAN_POINT('',(2.5,-0.42));
#6665 = VECTOR('',#6666,1.);
#6666 = DIRECTION('',(1.,0.));
#6667 = ( GEOMETRIC_REPRESENTATION_CONTEXT(2) 
PARAMETRIC_REPRESENTATION_CONTEXT() REPRESENTATION_CONTEXT('2D SPACE',''
  ) );
#6668 = PCURVE('',#6438,#6669);
#6669 = DEFINITIONAL_REPRESENTATION('',(#6670),#6674);
#6670 = LINE('',#6671,#6672);
#6671 = CARTESIAN_POINT('',(6.500000002311,2.786472893956E-08));
#6672 = VECTOR('',#6673,1.);
#6673 = DIRECTION('',(0.,1.));
#6674 = ( GEOMETRIC_REPRESENTATION_CONTEXT(2) 
PARAMETRIC_REPRESENTATION_CONTEXT() REPRESENTATION_CONTEXT('2D SPACE',''
  ) );
#6675 = ORIENTED_EDGE('',*,*,#6607,.F.);
#6676 = ADVANCED_FACE('',(#6677),#2377,.F.);
#6677 = FACE_BOUND('',#6678,.F.);
#6678 = EDGE_LOOP('',(#6679,#6680,#6681,#6709));
#6679 = ORIENTED_EDGE('',*,*,#2356,.F.);
#6680 = ORIENTED_EDGE('',*,*,#6632,.T.);
#6681 = ORIENTED_EDGE('',*,*,#6682,.T.);
#6682 = EDGE_CURVE('',#6633,#6683,#6685,.T.);
#6683 = VERTEX_POINT('',#6684);
#6684 = CARTESIAN_POINT('',(2.499999997339,-6.499999961879,0.4));
#6685 = SURFACE_CURVE('',#6686,(#6691,#6698),.PCURVE_S1.);
#6686 = CIRCLE('',#6687,4.);
#6687 = AXIS2_PLACEMENT_3D('',#6688,#6689,#6690);
#6688 = CARTESIAN_POINT('',(2.499999997339,-2.499999961879,0.4));
#6689 = DIRECTION('',(0.,0.,-1.));
#6690 = DIRECTION('',(-1.,0.,0.));
#6691 = PCURVE('',#2377,#6692);
#6692 = DEFINITIONAL_REPRESENTATION('',(#6693),#6697);
#6693 = LINE('',#6694,#6695);
#6694 = CARTESIAN_POINT('',(0.,-0.42));
#6695 = VECTOR('',#6696,1.);
#6696 = DIRECTION('',(1.,0.));
#6697 = ( GEOMETRIC_REPRESENTATION_CONTEXT(2) 
PARAMETRIC_REPRESENTATION_CONTEXT() REPRESENTATION_CONTEXT('2D SPACE',''
  ) );
#6698 = PCURVE('',#6438,#6699);
#6699 = DEFINITIONAL_REPRESENTATION('',(#6700),#6708);
#6700 = ( BOUNDED_CURVE() B_SPLINE_CURVE(2,(#6701,#6702,#6703,#6704,
#6705,#6706,#6707),.UNSPECIFIED.,.T.,.F.) B_SPLINE_CURVE_WITH_KNOTS((1,2
    ,2,2,2,1),(-2.094395102393,0.,2.094395102393,4.188790204786,
6.28318530718,8.377580409573),.UNSPECIFIED.) CURVE() 
GEOMETRIC_REPRESENTATION_ITEM() RATIONAL_B_SPLINE_CURVE((1.,0.5,1.,0.5,
1.,0.5,1.)) REPRESENTATION_ITEM('') );
#6701 = CARTESIAN_POINT('',(-1.500000000351,-2.499999972135));
#6702 = CARTESIAN_POINT('',(-1.500000000351,4.42820325814));
#6703 = CARTESIAN_POINT('',(4.499999999649,0.964101643002));
#6704 = CARTESIAN_POINT('',(10.499999999649,-2.499999972135));
#6705 = CARTESIAN_POINT('',(4.499999999649,-5.964101587273));
#6706 = CARTESIAN_POINT('',(-1.500000000351,-9.428203202411));
#6707 = CARTESIAN_POINT('',(-1.500000000351,-2.499999972135));
#6708 = ( GEOMETRIC_REPRESENTATION_CONTEXT(2) 
PARAMETRIC_REPRESENTATION_CONTEXT() REPRESENTATION_CONTEXT('2D SPACE',''
  ) );
#6709 = ORIENTED_EDGE('',*,*,#6710,.F.);
#6710 = EDGE_CURVE('',#2357,#6683,#6711,.T.);
#6711 = SURFACE_CURVE('',#6712,(#6716,#6723),.PCURVE_S1.);
#6712 = LINE('',#6713,#6714);
#6713 = CARTESIAN_POINT('',(2.499999997339,-6.499999961879,-2.E-02));
#6714 = VECTOR('',#6715,1.);
#6715 = DIRECTION('',(0.,0.,1.));
#6716 = PCURVE('',#2377,#6717);
#6717 = DEFINITIONAL_REPRESENTATION('',(#6718),#6722);
#6718 = LINE('',#6719,#6720);
#6719 = CARTESIAN_POINT('',(4.712388980385,0.));
#6720 = VECTOR('',#6721,1.);
#6721 = DIRECTION('',(0.,-1.));
#6722 = ( GEOMETRIC_REPRESENTATION_CONTEXT(2) 
PARAMETRIC_REPRESENTATION_CONTEXT() REPRESENTATION_CONTEXT('2D SPACE',''
  ) );
#6723 = PCURVE('',#2405,#6724);
#6724 = DEFINITIONAL_REPRESENTATION('',(#6725),#6729);
#6725 = LINE('',#6726,#6727);
#6726 = CARTESIAN_POINT('',(4.999999997339,0.));
#6727 = VECTOR('',#6728,1.);
#6728 = DIRECTION('',(0.,-1.));
#6729 = ( GEOMETRIC_REPRESENTATION_CONTEXT(2) 
PARAMETRIC_REPRESENTATION_CONTEXT() REPRESENTATION_CONTEXT('2D SPACE',''
  ) );
#6730 = ADVANCED_FACE('',(#6731),#2405,.T.);
#6731 = FACE_BOUND('',#6732,.T.);
#6732 = EDGE_LOOP('',(#6733,#6734,#6757,#6778));
#6733 = ORIENTED_EDGE('',*,*,#2389,.T.);
#6734 = ORIENTED_EDGE('',*,*,#6735,.T.);
#6735 = EDGE_CURVE('',#2390,#6736,#6738,.T.);
#6736 = VERTEX_POINT('',#6737);
#6737 = CARTESIAN_POINT('',(-2.5,-6.5,0.4));
#6738 = SURFACE_CURVE('',#6739,(#6743,#6750),.PCURVE_S1.);
#6739 = LINE('',#6740,#6741);
#6740 = CARTESIAN_POINT('',(-2.5,-6.5,-2.E-02));
#6741 = VECTOR('',#6742,1.);
#6742 = DIRECTION('',(0.,0.,1.));
#6743 = PCURVE('',#2405,#6744);
#6744 = DEFINITIONAL_REPRESENTATION('',(#6745),#6749);
#6745 = LINE('',#6746,#6747);
#6746 = CARTESIAN_POINT('',(0.,0.));
#6747 = VECTOR('',#6748,1.);
#6748 = DIRECTION('',(0.,-1.));
#6749 = ( GEOMETRIC_REPRESENTATION_CONTEXT(2) 
PARAMETRIC_REPRESENTATION_CONTEXT() REPRESENTATION_CONTEXT('2D SPACE',''
  ) );
#6750 = PCURVE('',#2435,#6751);
#6751 = DEFINITIONAL_REPRESENTATION('',(#6752),#6756);
#6752 = LINE('',#6753,#6754);
#6753 = CARTESIAN_POINT('',(4.712388980385,0.));
#6754 = VECTOR('',#6755,1.);
#6755 = DIRECTION('',(0.,-1.));
#6756 = ( GEOMETRIC_REPRESENTATION_CONTEXT(2) 
PARAMETRIC_REPRESENTATION_CONTEXT() REPRESENTATION_CONTEXT('2D SPACE',''
  ) );
#6757 = ORIENTED_EDGE('',*,*,#6758,.T.);
#6758 = EDGE_CURVE('',#6736,#6683,#6759,.T.);
#6759 = SURFACE_CURVE('',#6760,(#6764,#6771),.PCURVE_S1.);
#6760 = LINE('',#6761,#6762);
#6761 = CARTESIAN_POINT('',(0.,-6.499999961879,0.4));
#6762 = VECTOR('',#6763,1.);
#6763 = DIRECTION('',(1.,0.,0.));
#6764 = PCURVE('',#2405,#6765);
#6765 = DEFINITIONAL_REPRESENTATION('',(#6766),#6770);
#6766 = LINE('',#6767,#6768);
#6767 = CARTESIAN_POINT('',(2.5,-0.42));
#6768 = VECTOR('',#6769,1.);
#6769 = DIRECTION('',(1.,0.));
#6770 = ( GEOMETRIC_REPRESENTATION_CONTEXT(2) 
PARAMETRIC_REPRESENTATION_CONTEXT() REPRESENTATION_CONTEXT('2D SPACE',''
  ) );
#6771 = PCURVE('',#6438,#6772);
#6772 = DEFINITIONAL_REPRESENTATION('',(#6773),#6777);
#6773 = LINE('',#6774,#6775);
#6774 = CARTESIAN_POINT('',(2.310556477728E-09,-6.499999972135));
#6775 = VECTOR('',#6776,1.);
#6776 = DIRECTION('',(1.,0.));
#6777 = ( GEOMETRIC_REPRESENTATION_CONTEXT(2) 
PARAMETRIC_REPRESENTATION_CONTEXT() REPRESENTATION_CONTEXT('2D SPACE',''
  ) );
#6778 = ORIENTED_EDGE('',*,*,#6710,.F.);
#6779 = ADVANCED_FACE('',(#6780),#2435,.F.);
#6780 = FACE_BOUND('',#6781,.F.);
#6781 = EDGE_LOOP('',(#6782,#6783,#6784,#6810));
#6782 = ORIENTED_EDGE('',*,*,#2416,.F.);
#6783 = ORIENTED_EDGE('',*,*,#6735,.T.);
#6784 = ORIENTED_EDGE('',*,*,#6785,.T.);
#6785 = EDGE_CURVE('',#6736,#6400,#6786,.T.);
#6786 = SURFACE_CURVE('',#6787,(#6792,#6799),.PCURVE_S1.);
#6787 = CIRCLE('',#6788,4.);
#6788 = AXIS2_PLACEMENT_3D('',#6789,#6790,#6791);
#6789 = CARTESIAN_POINT('',(-2.5,-2.500000038121,0.4));
#6790 = DIRECTION('',(0.,0.,-1.));
#6791 = DIRECTION('',(-1.,0.,0.));
#6792 = PCURVE('',#2435,#6793);
#6793 = DEFINITIONAL_REPRESENTATION('',(#6794),#6798);
#6794 = LINE('',#6795,#6796);
#6795 = CARTESIAN_POINT('',(0.,-0.42));
#6796 = VECTOR('',#6797,1.);
#6797 = DIRECTION('',(1.,0.));
#6798 = ( GEOMETRIC_REPRESENTATION_CONTEXT(2) 
PARAMETRIC_REPRESENTATION_CONTEXT() REPRESENTATION_CONTEXT('2D SPACE',''
  ) );
#6799 = PCURVE('',#6438,#6800);
#6800 = DEFINITIONAL_REPRESENTATION('',(#6801),#6809);
#6801 = ( BOUNDED_CURVE() B_SPLINE_CURVE(2,(#6802,#6803,#6804,#6805,
#6806,#6807,#6808),.UNSPECIFIED.,.T.,.F.) B_SPLINE_CURVE_WITH_KNOTS((1,2
    ,2,2,2,1),(-2.094395102393,0.,2.094395102393,4.188790204786,
6.28318530718,8.377580409573),.UNSPECIFIED.) CURVE() 
GEOMETRIC_REPRESENTATION_ITEM() RATIONAL_B_SPLINE_CURVE((1.,0.5,1.,0.5,
1.,0.5,1.)) REPRESENTATION_ITEM('') );
#6802 = CARTESIAN_POINT('',(-6.499999997689,-2.500000048377));
#6803 = CARTESIAN_POINT('',(-6.499999997689,4.428203181899));
#6804 = CARTESIAN_POINT('',(-0.499999997689,0.964101566761));
#6805 = CARTESIAN_POINT('',(5.500000002311,-2.500000048377));
#6806 = CARTESIAN_POINT('',(-0.499999997689,-5.964101663514));
#6807 = CARTESIAN_POINT('',(-6.499999997689,-9.428203278652));
#6808 = CARTESIAN_POINT('',(-6.499999997689,-2.500000048377));
#6809 = ( GEOMETRIC_REPRESENTATION_CONTEXT(2) 
PARAMETRIC_REPRESENTATION_CONTEXT() REPRESENTATION_CONTEXT('2D SPACE',''
  ) );
#6810 = ORIENTED_EDGE('',*,*,#6399,.F.);
#6811 = ADVANCED_FACE('',(#6812),#2669,.T.);
#6812 = FACE_BOUND('',#6813,.T.);
#6813 = EDGE_LOOP('',(#6814,#6815,#6816,#6836));
#6814 = ORIENTED_EDGE('',*,*,#2945,.T.);
#6815 = ORIENTED_EDGE('',*,*,#2653,.T.);
#6816 = ORIENTED_EDGE('',*,*,#6817,.F.);
#6817 = EDGE_CURVE('',#3188,#2621,#6818,.T.);
#6818 = SURFACE_CURVE('',#6819,(#6824,#6830),.PCURVE_S1.);
#6819 = CIRCLE('',#6820,0.55);
#6820 = AXIS2_PLACEMENT_3D('',#6821,#6822,#6823);
#6821 = CARTESIAN_POINT('',(12.5,21.45,8.95));
#6822 = DIRECTION('',(1.,0.,0.));
#6823 = DIRECTION('',(-0.,1.,0.));
#6824 = PCURVE('',#2669,#6825);
#6825 = DEFINITIONAL_REPRESENTATION('',(#6826),#6829);
#6826 = B_SPLINE_CURVE_WITH_KNOTS('',1,(#6827,#6828),.UNSPECIFIED.,.F.,
  .F.,(2,2),(0.,1.570796326795),.PIECEWISE_BEZIER_KNOTS.);
#6827 = CARTESIAN_POINT('',(0.,25.));
#6828 = CARTESIAN_POINT('',(1.570796326795,25.));
#6829 = ( GEOMETRIC_REPRESENTATION_CONTEXT(2) 
PARAMETRIC_REPRESENTATION_CONTEXT() REPRESENTATION_CONTEXT('2D SPACE',''
  ) );
#6830 = PCURVE('',#2641,#6831);
#6831 = DEFINITIONAL_REPRESENTATION('',(#6832),#6835);
#6832 = B_SPLINE_CURVE_WITH_KNOTS('',1,(#6833,#6834),.UNSPECIFIED.,.F.,
  .F.,(2,2),(0.,1.570796326795),.PIECEWISE_BEZIER_KNOTS.);
#6833 = CARTESIAN_POINT('',(0.,0.));
#6834 = CARTESIAN_POINT('',(0.,1.570796326795));
#6835 = ( GEOMETRIC_REPRESENTATION_CONTEXT(2) 
PARAMETRIC_REPRESENTATION_CONTEXT() REPRESENTATION_CONTEXT('2D SPACE',''
  ) );
#6836 = ORIENTED_EDGE('',*,*,#3187,.F.);
#6837 = ADVANCED_FACE('',(#6838),#2580,.T.);
#6838 = FACE_BOUND('',#6839,.F.);
#6839 = EDGE_LOOP('',(#6840,#6860,#6861,#6862));
#6840 = ORIENTED_EDGE('',*,*,#6841,.F.);
#6841 = EDGE_CURVE('',#4286,#2560,#6842,.T.);
#6842 = SURFACE_CURVE('',#6843,(#6848,#6854),.PCURVE_S1.);
#6843 = CIRCLE('',#6844,0.55);
#6844 = AXIS2_PLACEMENT_3D('',#6845,#6846,#6847);
#6845 = CARTESIAN_POINT('',(23.45,-10.5,8.95));
#6846 = DIRECTION('',(-0.,-1.,0.));
#6847 = DIRECTION('',(1.,-0.,0.));
#6848 = PCURVE('',#2580,#6849);
#6849 = DEFINITIONAL_REPRESENTATION('',(#6850),#6853);
#6850 = B_SPLINE_CURVE_WITH_KNOTS('',1,(#6851,#6852),.UNSPECIFIED.,.F.,
  .F.,(2,2),(0.,1.570796326795),.PIECEWISE_BEZIER_KNOTS.);
#6851 = CARTESIAN_POINT('',(0.,0.));
#6852 = CARTESIAN_POINT('',(0.,1.570796326795));
#6853 = ( GEOMETRIC_REPRESENTATION_CONTEXT(2) 
PARAMETRIC_REPRESENTATION_CONTEXT() REPRESENTATION_CONTEXT('2D SPACE',''
  ) );
#6854 = PCURVE('',#2608,#6855);
#6855 = DEFINITIONAL_REPRESENTATION('',(#6856),#6859);
#6856 = B_SPLINE_CURVE_WITH_KNOTS('',1,(#6857,#6858),.UNSPECIFIED.,.F.,
  .F.,(2,2),(0.,1.570796326795),.PIECEWISE_BEZIER_KNOTS.);
#6857 = CARTESIAN_POINT('',(0.,20.999999992113));
#6858 = CARTESIAN_POINT('',(1.570796326795,20.999999992113));
#6859 = ( GEOMETRIC_REPRESENTATION_CONTEXT(2) 
PARAMETRIC_REPRESENTATION_CONTEXT() REPRESENTATION_CONTEXT('2D SPACE',''
  ) );
#6860 = ORIENTED_EDGE('',*,*,#4313,.T.);
#6861 = ORIENTED_EDGE('',*,*,#3950,.T.);
#6862 = ORIENTED_EDGE('',*,*,#2559,.F.);
#6863 = ADVANCED_FACE('',(#6864),#2641,.T.);
#6864 = FACE_BOUND('',#6865,.F.);
#6865 = EDGE_LOOP('',(#6866,#6867,#6891,#6911));
#6866 = ORIENTED_EDGE('',*,*,#6817,.F.);
#6867 = ORIENTED_EDGE('',*,*,#6868,.T.);
#6868 = EDGE_CURVE('',#3188,#6869,#6871,.T.);
#6869 = VERTEX_POINT('',#6870);
#6870 = CARTESIAN_POINT('',(24.,10.499999992113,8.95));
#6871 = SURFACE_CURVE('',#6872,(#6877,#6884),.PCURVE_S1.);
#6872 = CIRCLE('',#6873,11.5);
#6873 = AXIS2_PLACEMENT_3D('',#6874,#6875,#6876);
#6874 = CARTESIAN_POINT('',(12.5,10.499999992113,8.95));
#6875 = DIRECTION('',(0.,-0.,-1.));
#6876 = DIRECTION('',(0.,1.,-0.));
#6877 = PCURVE('',#2641,#6878);
#6878 = DEFINITIONAL_REPRESENTATION('',(#6879),#6883);
#6879 = LINE('',#6880,#6881);
#6880 = CARTESIAN_POINT('',(-0.,0.));
#6881 = VECTOR('',#6882,1.);
#6882 = DIRECTION('',(-1.,0.));
#6883 = ( GEOMETRIC_REPRESENTATION_CONTEXT(2) 
PARAMETRIC_REPRESENTATION_CONTEXT() REPRESENTATION_CONTEXT('2D SPACE',''
  ) );
#6884 = PCURVE('',#3226,#6885);
#6885 = DEFINITIONAL_REPRESENTATION('',(#6886),#6890);
#6886 = LINE('',#6887,#6888);
#6887 = CARTESIAN_POINT('',(1.570796326795,-8.95));
#6888 = VECTOR('',#6889,1.);
#6889 = DIRECTION('',(1.,0.));
#6890 = ( GEOMETRIC_REPRESENTATION_CONTEXT(2) 
PARAMETRIC_REPRESENTATION_CONTEXT() REPRESENTATION_CONTEXT('2D SPACE',''
  ) );
#6891 = ORIENTED_EDGE('',*,*,#6892,.T.);
#6892 = EDGE_CURVE('',#6869,#2593,#6893,.T.);
#6893 = SURFACE_CURVE('',#6894,(#6899,#6905),.PCURVE_S1.);
#6894 = CIRCLE('',#6895,0.55);
#6895 = AXIS2_PLACEMENT_3D('',#6896,#6897,#6898);
#6896 = CARTESIAN_POINT('',(23.45,10.499999992113,8.95));
#6897 = DIRECTION('',(6.123233995737E-17,-1.,0.));
#6898 = DIRECTION('',(1.,6.123233995737E-17,0.));
#6899 = PCURVE('',#2641,#6900);
#6900 = DEFINITIONAL_REPRESENTATION('',(#6901),#6904);
#6901 = B_SPLINE_CURVE_WITH_KNOTS('',1,(#6902,#6903),.UNSPECIFIED.,.F.,
  .F.,(2,2),(0.,1.570796326795),.PIECEWISE_BEZIER_KNOTS.);
#6902 = CARTESIAN_POINT('',(-1.570796326795,0.));
#6903 = CARTESIAN_POINT('',(-1.570796326795,1.570796326795));
#6904 = ( GEOMETRIC_REPRESENTATION_CONTEXT(2) 
PARAMETRIC_REPRESENTATION_CONTEXT() REPRESENTATION_CONTEXT('2D SPACE',''
  ) );
#6905 = PCURVE('',#2608,#6906);
#6906 = DEFINITIONAL_REPRESENTATION('',(#6907),#6910);
#6907 = B_SPLINE_CURVE_WITH_KNOTS('',1,(#6908,#6909),.UNSPECIFIED.,.F.,
  .F.,(2,2),(0.,1.570796326795),.PIECEWISE_BEZIER_KNOTS.);
#6908 = CARTESIAN_POINT('',(0.,-3.552713678801E-15));
#6909 = CARTESIAN_POINT('',(1.570796326795,-3.552713678801E-15));
#6910 = ( GEOMETRIC_REPRESENTATION_CONTEXT(2) 
PARAMETRIC_REPRESENTATION_CONTEXT() REPRESENTATION_CONTEXT('2D SPACE',''
  ) );
#6911 = ORIENTED_EDGE('',*,*,#2620,.F.);
#6912 = ADVANCED_FACE('',(#6913),#2608,.T.);
#6913 = FACE_BOUND('',#6914,.T.);
#6914 = EDGE_LOOP('',(#6915,#6916,#6917,#6918));
#6915 = ORIENTED_EDGE('',*,*,#6892,.T.);
#6916 = ORIENTED_EDGE('',*,*,#2592,.T.);
#6917 = ORIENTED_EDGE('',*,*,#6841,.F.);
#6918 = ORIENTED_EDGE('',*,*,#6919,.F.);
#6919 = EDGE_CURVE('',#6869,#4286,#6920,.T.);
#6920 = SURFACE_CURVE('',#6921,(#6925,#6932),.PCURVE_S1.);
#6921 = LINE('',#6922,#6923);
#6922 = CARTESIAN_POINT('',(24.,10.499999992113,8.95));
#6923 = VECTOR('',#6924,1.);
#6924 = DIRECTION('',(-0.,-1.,-0.));
#6925 = PCURVE('',#2608,#6926);
#6926 = DEFINITIONAL_REPRESENTATION('',(#6927),#6931);
#6927 = LINE('',#6928,#6929);
#6928 = CARTESIAN_POINT('',(0.,0.));
#6929 = VECTOR('',#6930,1.);
#6930 = DIRECTION('',(0.,1.));
#6931 = ( GEOMETRIC_REPRESENTATION_CONTEXT(2) 
PARAMETRIC_REPRESENTATION_CONTEXT() REPRESENTATION_CONTEXT('2D SPACE',''
  ) );
#6932 = PCURVE('',#4301,#6933);
#6933 = DEFINITIONAL_REPRESENTATION('',(#6934),#6938);
#6934 = LINE('',#6935,#6936);
#6935 = CARTESIAN_POINT('',(20.999999992113,-8.95));
#6936 = VECTOR('',#6937,1.);
#6937 = DIRECTION('',(-1.,0.));
#6938 = ( GEOMETRIC_REPRESENTATION_CONTEXT(2) 
PARAMETRIC_REPRESENTATION_CONTEXT() REPRESENTATION_CONTEXT('2D SPACE',''
  ) );
#6939 = ADVANCED_FACE('',(#6940),#2928,.F.);
#6940 = FACE_BOUND('',#6941,.F.);
#6941 = EDGE_LOOP('',(#6942,#6970,#6991,#6992));
#6942 = ORIENTED_EDGE('',*,*,#6943,.F.);
#6943 = EDGE_CURVE('',#6944,#3331,#6946,.T.);
#6944 = VERTEX_POINT('',#6945);
#6945 = CARTESIAN_POINT('',(-12.7,-19.2,1.8));
#6946 = SURFACE_CURVE('',#6947,(#6952,#6959),.PCURVE_S1.);
#6947 = CIRCLE('',#6948,8.5);
#6948 = AXIS2_PLACEMENT_3D('',#6949,#6950,#6951);
#6949 = CARTESIAN_POINT('',(-12.7,-10.7,1.8));
#6950 = DIRECTION('',(0.,0.,-1.));
#6951 = DIRECTION('',(-1.,0.,0.));
#6952 = PCURVE('',#2928,#6953);
#6953 = DEFINITIONAL_REPRESENTATION('',(#6954),#6958);
#6954 = LINE('',#6955,#6956);
#6955 = CARTESIAN_POINT('',(0.,0.));
#6956 = VECTOR('',#6957,1.);
#6957 = DIRECTION('',(1.,0.));
#6958 = ( GEOMETRIC_REPRESENTATION_CONTEXT(2) 
PARAMETRIC_REPRESENTATION_CONTEXT() REPRESENTATION_CONTEXT('2D SPACE',''
  ) );
#6959 = PCURVE('',#3348,#6960);
#6960 = DEFINITIONAL_REPRESENTATION('',(#6961),#6969);
#6961 = ( BOUNDED_CURVE() B_SPLINE_CURVE(2,(#6962,#6963,#6964,#6965,
#6966,#6967,#6968),.UNSPECIFIED.,.T.,.F.) B_SPLINE_CURVE_WITH_KNOTS((1,2
    ,2,2,2,1),(-2.094395102393,0.,2.094395102393,4.188790204786,
6.28318530718,8.377580409573),.UNSPECIFIED.) CURVE() 
GEOMETRIC_REPRESENTATION_ITEM() RATIONAL_B_SPLINE_CURVE((1.,0.5,1.,0.5,
1.,0.5,1.)) REPRESENTATION_ITEM('') );
#6962 = CARTESIAN_POINT('',(-21.19999999857,-10.69999998361));
#6963 = CARTESIAN_POINT('',(-21.19999999857,4.022431880719));
#6964 = CARTESIAN_POINT('',(-8.449999998575,-3.338784051449));
#6965 = CARTESIAN_POINT('',(4.300000001425,-10.69999998361));
#6966 = CARTESIAN_POINT('',(-8.449999998575,-18.06121591578));
#6967 = CARTESIAN_POINT('',(-21.19999999857,-25.42243184795));
#6968 = CARTESIAN_POINT('',(-21.19999999857,-10.69999998361));
#6969 = ( GEOMETRIC_REPRESENTATION_CONTEXT(2) 
PARAMETRIC_REPRESENTATION_CONTEXT() REPRESENTATION_CONTEXT('2D SPACE',''
  ) );
#6970 = ORIENTED_EDGE('',*,*,#6971,.T.);
#6971 = EDGE_CURVE('',#6944,#2884,#6972,.T.);
#6972 = SURFACE_CURVE('',#6973,(#6977,#6984),.PCURVE_S1.);
#6973 = LINE('',#6974,#6975);
#6974 = CARTESIAN_POINT('',(-12.7,-19.2,1.8));
#6975 = VECTOR('',#6976,1.);
#6976 = DIRECTION('',(0.,0.,1.));
#6977 = PCURVE('',#2928,#6978);
#6978 = DEFINITIONAL_REPRESENTATION('',(#6979),#6983);
#6979 = LINE('',#6980,#6981);
#6980 = CARTESIAN_POINT('',(4.712388980385,0.));
#6981 = VECTOR('',#6982,1.);
#6982 = DIRECTION('',(0.,-1.));
#6983 = ( GEOMETRIC_REPRESENTATION_CONTEXT(2) 
PARAMETRIC_REPRESENTATION_CONTEXT() REPRESENTATION_CONTEXT('2D SPACE',''
  ) );
#6984 = PCURVE('',#2898,#6985);
#6985 = DEFINITIONAL_REPRESENTATION('',(#6986),#6990);
#6986 = LINE('',#6987,#6988);
#6987 = CARTESIAN_POINT('',(0.,0.));
#6988 = VECTOR('',#6989,1.);
#6989 = DIRECTION('',(0.,-1.));
#6990 = ( GEOMETRIC_REPRESENTATION_CONTEXT(2) 
PARAMETRIC_REPRESENTATION_CONTEXT() REPRESENTATION_CONTEXT('2D SPACE',''
  ) );
#6991 = ORIENTED_EDGE('',*,*,#2909,.T.);
#6992 = ORIENTED_EDGE('',*,*,#3360,.F.);
#6993 = ADVANCED_FACE('',(#6994),#2898,.T.);
#6994 = FACE_BOUND('',#6995,.T.);
#6995 = EDGE_LOOP('',(#6996,#7019,#7020,#7021));
#6996 = ORIENTED_EDGE('',*,*,#6997,.F.);
#6997 = EDGE_CURVE('',#6944,#6998,#7000,.T.);
#6998 = VERTEX_POINT('',#6999);
#6999 = CARTESIAN_POINT('',(12.699999991944,-19.2,1.8));
#7000 = SURFACE_CURVE('',#7001,(#7005,#7012),.PCURVE_S1.);
#7001 = LINE('',#7002,#7003);
#7002 = CARTESIAN_POINT('',(0.,-19.2,1.8));
#7003 = VECTOR('',#7004,1.);
#7004 = DIRECTION('',(1.,0.,0.));
#7005 = PCURVE('',#2898,#7006);
#7006 = DEFINITIONAL_REPRESENTATION('',(#7007),#7011);
#7007 = LINE('',#7008,#7009);
#7008 = CARTESIAN_POINT('',(12.7,0.));
#7009 = VECTOR('',#7010,1.);
#7010 = DIRECTION('',(1.,0.));
#7011 = ( GEOMETRIC_REPRESENTATION_CONTEXT(2) 
PARAMETRIC_REPRESENTATION_CONTEXT() REPRESENTATION_CONTEXT('2D SPACE',''
  ) );
#7012 = PCURVE('',#3348,#7013);
#7013 = DEFINITIONAL_REPRESENTATION('',(#7014),#7018);
#7014 = LINE('',#7015,#7016);
#7015 = CARTESIAN_POINT('',(1.425198320616E-09,-19.19999998361));
#7016 = VECTOR('',#7017,1.);
#7017 = DIRECTION('',(1.,0.));
#7018 = ( GEOMETRIC_REPRESENTATION_CONTEXT(2) 
PARAMETRIC_REPRESENTATION_CONTEXT() REPRESENTATION_CONTEXT('2D SPACE',''
  ) );
#7019 = ORIENTED_EDGE('',*,*,#6971,.T.);
#7020 = ORIENTED_EDGE('',*,*,#2883,.F.);
#7021 = ORIENTED_EDGE('',*,*,#7022,.F.);
#7022 = EDGE_CURVE('',#6998,#2851,#7023,.T.);
#7023 = SURFACE_CURVE('',#7024,(#7028,#7035),.PCURVE_S1.);
#7024 = LINE('',#7025,#7026);
#7025 = CARTESIAN_POINT('',(12.699999991944,-19.2,1.8));
#7026 = VECTOR('',#7027,1.);
#7027 = DIRECTION('',(0.,0.,1.));
#7028 = PCURVE('',#2898,#7029);
#7029 = DEFINITIONAL_REPRESENTATION('',(#7030),#7034);
#7030 = LINE('',#7031,#7032);
#7031 = CARTESIAN_POINT('',(25.399999991944,0.));
#7032 = VECTOR('',#7033,1.);
#7033 = DIRECTION('',(0.,-1.));
#7034 = ( GEOMETRIC_REPRESENTATION_CONTEXT(2) 
PARAMETRIC_REPRESENTATION_CONTEXT() REPRESENTATION_CONTEXT('2D SPACE',''
  ) );
#7035 = PCURVE('',#2871,#7036);
#7036 = DEFINITIONAL_REPRESENTATION('',(#7037),#7041);
#7037 = LINE('',#7038,#7039);
#7038 = CARTESIAN_POINT('',(4.712388980385,0.));
#7039 = VECTOR('',#7040,1.);
#7040 = DIRECTION('',(0.,-1.));
#7041 = ( GEOMETRIC_REPRESENTATION_CONTEXT(2) 
PARAMETRIC_REPRESENTATION_CONTEXT() REPRESENTATION_CONTEXT('2D SPACE',''
  ) );
#7042 = ADVANCED_FACE('',(#7043),#2871,.F.);
#7043 = FACE_BOUND('',#7044,.F.);
#7044 = EDGE_LOOP('',(#7045,#7073,#7099,#7132,#7153,#7154));
#7045 = ORIENTED_EDGE('',*,*,#7046,.F.);
#7046 = EDGE_CURVE('',#7047,#6998,#7049,.T.);
#7047 = VERTEX_POINT('',#7048);
#7048 = CARTESIAN_POINT('',(21.15221863559,-11.6,1.8));
#7049 = SURFACE_CURVE('',#7050,(#7055,#7062),.PCURVE_S1.);
#7050 = CIRCLE('',#7051,8.5);
#7051 = AXIS2_PLACEMENT_3D('',#7052,#7053,#7054);
#7052 = CARTESIAN_POINT('',(12.699999991944,-10.7,1.8));
#7053 = DIRECTION('',(0.,0.,-1.));
#7054 = DIRECTION('',(-1.,0.,0.));
#7055 = PCURVE('',#2871,#7056);
#7056 = DEFINITIONAL_REPRESENTATION('',(#7057),#7061);
#7057 = LINE('',#7058,#7059);
#7058 = CARTESIAN_POINT('',(0.,0.));
#7059 = VECTOR('',#7060,1.);
#7060 = DIRECTION('',(1.,0.));
#7061 = ( GEOMETRIC_REPRESENTATION_CONTEXT(2) 
PARAMETRIC_REPRESENTATION_CONTEXT() REPRESENTATION_CONTEXT('2D SPACE',''
  ) );
#7062 = PCURVE('',#3348,#7063);
#7063 = DEFINITIONAL_REPRESENTATION('',(#7064),#7072);
#7064 = ( BOUNDED_CURVE() B_SPLINE_CURVE(2,(#7065,#7066,#7067,#7068,
#7069,#7070,#7071),.UNSPECIFIED.,.T.,.F.) B_SPLINE_CURVE_WITH_KNOTS((1,2
    ,2,2,2,1),(-2.094395102393,0.,2.094395102393,4.188790204786,
6.28318530718,8.377580409573),.UNSPECIFIED.) CURVE() 
GEOMETRIC_REPRESENTATION_ITEM() RATIONAL_B_SPLINE_CURVE((1.,0.5,1.,0.5,
1.,0.5,1.)) REPRESENTATION_ITEM('') );
#7065 = CARTESIAN_POINT('',(4.199999993369,-10.69999998361));
#7066 = CARTESIAN_POINT('',(4.199999993369,4.022431880719));
#7067 = CARTESIAN_POINT('',(16.949999993369,-3.338784051449));
#7068 = CARTESIAN_POINT('',(29.699999993369,-10.69999998361));
#7069 = CARTESIAN_POINT('',(16.949999993369,-18.06121591578));
#7070 = CARTESIAN_POINT('',(4.199999993369,-25.42243184795));
#7071 = CARTESIAN_POINT('',(4.199999993369,-10.69999998361));
#7072 = ( GEOMETRIC_REPRESENTATION_CONTEXT(2) 
PARAMETRIC_REPRESENTATION_CONTEXT() REPRESENTATION_CONTEXT('2D SPACE',''
  ) );
#7073 = ORIENTED_EDGE('',*,*,#7074,.F.);
#7074 = EDGE_CURVE('',#7075,#7047,#7077,.T.);
#7075 = VERTEX_POINT('',#7076);
#7076 = CARTESIAN_POINT('',(21.15221863559,-11.6,6.2));
#7077 = SURFACE_CURVE('',#7078,(#7082,#7088),.PCURVE_S1.);
#7078 = LINE('',#7079,#7080);
#7079 = CARTESIAN_POINT('',(21.15221863559,-11.6,1.8));
#7080 = VECTOR('',#7081,1.);
#7081 = DIRECTION('',(0.,0.,-1.));
#7082 = PCURVE('',#2871,#7083);
#7083 = DEFINITIONAL_REPRESENTATION('',(#7084),#7087);
#7084 = B_SPLINE_CURVE_WITH_KNOTS('',1,(#7085,#7086),.UNSPECIFIED.,.F.,
  .F.,(2,2),(-4.855,5.999999999062E-07),.PIECEWISE_BEZIER_KNOTS.);
#7085 = CARTESIAN_POINT('',(3.247673853813,-4.855));
#7086 = CARTESIAN_POINT('',(3.247673853813,5.999999999062E-07));
#7087 = ( GEOMETRIC_REPRESENTATION_CONTEXT(2) 
PARAMETRIC_REPRESENTATION_CONTEXT() REPRESENTATION_CONTEXT('2D SPACE',''
  ) );
#7088 = PCURVE('',#7089,#7094);
#7089 = PLANE('',#7090);
#7090 = AXIS2_PLACEMENT_3D('',#7091,#7092,#7093);
#7091 = CARTESIAN_POINT('',(20.3,-11.6,1.65));
#7092 = DIRECTION('',(-0.,1.,0.));
#7093 = DIRECTION('',(0.,0.,1.));
#7094 = DEFINITIONAL_REPRESENTATION('',(#7095),#7098);
#7095 = B_SPLINE_CURVE_WITH_KNOTS('',1,(#7096,#7097),.UNSPECIFIED.,.F.,
  .F.,(2,2),(-4.855,5.999999999062E-07),.PIECEWISE_BEZIER_KNOTS.);
#7096 = CARTESIAN_POINT('',(5.005,0.85221863559));
#7097 = CARTESIAN_POINT('',(0.1499994,0.85221863559));
#7098 = ( GEOMETRIC_REPRESENTATION_CONTEXT(2) 
PARAMETRIC_REPRESENTATION_CONTEXT() REPRESENTATION_CONTEXT('2D SPACE',''
  ) );
#7099 = ORIENTED_EDGE('',*,*,#7100,.F.);
#7100 = EDGE_CURVE('',#7101,#7075,#7103,.T.);
#7101 = VERTEX_POINT('',#7102);
#7102 = CARTESIAN_POINT('',(21.199999995972,-10.7,6.2));
#7103 = SURFACE_CURVE('',#7104,(#7109,#7116),.PCURVE_S1.);
#7104 = CIRCLE('',#7105,8.5);
#7105 = AXIS2_PLACEMENT_3D('',#7106,#7107,#7108);
#7106 = CARTESIAN_POINT('',(12.699999991944,-10.7,6.2));
#7107 = DIRECTION('',(0.,0.,-1.));
#7108 = DIRECTION('',(-1.,0.,0.));
#7109 = PCURVE('',#2871,#7110);
#7110 = DEFINITIONAL_REPRESENTATION('',(#7111),#7115);
#7111 = LINE('',#7112,#7113);
#7112 = CARTESIAN_POINT('',(0.,-4.4));
#7113 = VECTOR('',#7114,1.);
#7114 = DIRECTION('',(1.,0.));
#7115 = ( GEOMETRIC_REPRESENTATION_CONTEXT(2) 
PARAMETRIC_REPRESENTATION_CONTEXT() REPRESENTATION_CONTEXT('2D SPACE',''
  ) );
#7116 = PCURVE('',#7117,#7122);
#7117 = PLANE('',#7118);
#7118 = AXIS2_PLACEMENT_3D('',#7119,#7120,#7121);
#7119 = CARTESIAN_POINT('',(20.3,-11.6,6.2));
#7120 = DIRECTION('',(0.,0.,1.));
#7121 = DIRECTION('',(1.,0.,-0.));
#7122 = DEFINITIONAL_REPRESENTATION('',(#7123),#7131);
#7123 = ( BOUNDED_CURVE() B_SPLINE_CURVE(2,(#7124,#7125,#7126,#7127,
#7128,#7129,#7130),.UNSPECIFIED.,.T.,.F.) B_SPLINE_CURVE_WITH_KNOTS((1,2
    ,2,2,2,1),(-2.094395102393,0.,2.094395102393,4.188790204786,
6.28318530718,8.377580409573),.UNSPECIFIED.) CURVE() 
GEOMETRIC_REPRESENTATION_ITEM() RATIONAL_B_SPLINE_CURVE((1.,0.5,1.,0.5,
1.,0.5,1.)) REPRESENTATION_ITEM('') );
#7124 = CARTESIAN_POINT('',(-16.10000000805,0.9));
#7125 = CARTESIAN_POINT('',(-16.10000000805,15.622431864335));
#7126 = CARTESIAN_POINT('',(-3.350000008056,8.261215932168));
#7127 = CARTESIAN_POINT('',(9.399999991944,0.9));
#7128 = CARTESIAN_POINT('',(-3.350000008056,-6.461215932168));
#7129 = CARTESIAN_POINT('',(-16.10000000805,-13.82243186433));
#7130 = CARTESIAN_POINT('',(-16.10000000805,0.9));
#7131 = ( GEOMETRIC_REPRESENTATION_CONTEXT(2) 
PARAMETRIC_REPRESENTATION_CONTEXT() REPRESENTATION_CONTEXT('2D SPACE',''
  ) );
#7132 = ORIENTED_EDGE('',*,*,#7133,.T.);
#7133 = EDGE_CURVE('',#7101,#2825,#7134,.T.);
#7134 = SURFACE_CURVE('',#7135,(#7139,#7146),.PCURVE_S1.);
#7135 = LINE('',#7136,#7137);
#7136 = CARTESIAN_POINT('',(21.199999995972,-10.7,1.8));
#7137 = VECTOR('',#7138,1.);
#7138 = DIRECTION('',(0.,0.,1.));
#7139 = PCURVE('',#2871,#7140);
#7140 = DEFINITIONAL_REPRESENTATION('',(#7141),#7145);
#7141 = LINE('',#7142,#7143);
#7142 = CARTESIAN_POINT('',(3.14159265359,0.));
#7143 = VECTOR('',#7144,1.);
#7144 = DIRECTION('',(0.,-1.));
#7145 = ( GEOMETRIC_REPRESENTATION_CONTEXT(2) 
PARAMETRIC_REPRESENTATION_CONTEXT() REPRESENTATION_CONTEXT('2D SPACE',''
  ) );
#7146 = PCURVE('',#2839,#7147);
#7147 = DEFINITIONAL_REPRESENTATION('',(#7148),#7152);
#7148 = LINE('',#7149,#7150);
#7149 = CARTESIAN_POINT('',(0.,0.));
#7150 = VECTOR('',#7151,1.);
#7151 = DIRECTION('',(0.,-1.));
#7152 = ( GEOMETRIC_REPRESENTATION_CONTEXT(2) 
PARAMETRIC_REPRESENTATION_CONTEXT() REPRESENTATION_CONTEXT('2D SPACE',''
  ) );
#7153 = ORIENTED_EDGE('',*,*,#2850,.T.);
#7154 = ORIENTED_EDGE('',*,*,#7022,.F.);
#7155 = ADVANCED_FACE('',(#7156),#2839,.T.);
#7156 = FACE_BOUND('',#7157,.T.);
#7157 = EDGE_LOOP('',(#7158,#7179,#7180,#7181));
#7158 = ORIENTED_EDGE('',*,*,#7159,.F.);
#7159 = EDGE_CURVE('',#7101,#7160,#7162,.T.);
#7160 = VERTEX_POINT('',#7161);
#7161 = CARTESIAN_POINT('',(21.2,10.699999946586,6.2));
#7162 = SURFACE_CURVE('',#7163,(#7167,#7173),.PCURVE_S1.);
#7163 = LINE('',#7164,#7165);
#7164 = CARTESIAN_POINT('',(21.2,-11.15,6.2));
#7165 = VECTOR('',#7166,1.);
#7166 = DIRECTION('',(0.,1.,-0.));
#7167 = PCURVE('',#2839,#7168);
#7168 = DEFINITIONAL_REPRESENTATION('',(#7169),#7172);
#7169 = B_SPLINE_CURVE_WITH_KNOTS('',1,(#7170,#7171),.UNSPECIFIED.,.F.,
  .F.,(2,2),(0.45,21.849999946586),.PIECEWISE_BEZIER_KNOTS.);
#7170 = CARTESIAN_POINT('',(0.,-4.4));
#7171 = CARTESIAN_POINT('',(21.399999946586,-4.4));
#7172 = ( GEOMETRIC_REPRESENTATION_CONTEXT(2) 
PARAMETRIC_REPRESENTATION_CONTEXT() REPRESENTATION_CONTEXT('2D SPACE',''
  ) );
#7173 = PCURVE('',#7117,#7174);
#7174 = DEFINITIONAL_REPRESENTATION('',(#7175),#7178);
#7175 = B_SPLINE_CURVE_WITH_KNOTS('',1,(#7176,#7177),.UNSPECIFIED.,.F.,
  .F.,(2,2),(0.45,21.849999946586),.PIECEWISE_BEZIER_KNOTS.);
#7176 = CARTESIAN_POINT('',(0.9,0.9));
#7177 = CARTESIAN_POINT('',(0.9,22.299999946586));
#7178 = ( GEOMETRIC_REPRESENTATION_CONTEXT(2) 
PARAMETRIC_REPRESENTATION_CONTEXT() REPRESENTATION_CONTEXT('2D SPACE',''
  ) );
#7179 = ORIENTED_EDGE('',*,*,#7133,.T.);
#7180 = ORIENTED_EDGE('',*,*,#2824,.F.);
#7181 = ORIENTED_EDGE('',*,*,#7182,.F.);
#7182 = EDGE_CURVE('',#7160,#2792,#7183,.T.);
#7183 = SURFACE_CURVE('',#7184,(#7188,#7195),.PCURVE_S1.);
#7184 = LINE('',#7185,#7186);
#7185 = CARTESIAN_POINT('',(21.2,10.699999946586,1.8));
#7186 = VECTOR('',#7187,1.);
#7187 = DIRECTION('',(0.,0.,1.));
#7188 = PCURVE('',#2839,#7189);
#7189 = DEFINITIONAL_REPRESENTATION('',(#7190),#7194);
#7190 = LINE('',#7191,#7192);
#7191 = CARTESIAN_POINT('',(21.399999946586,0.));
#7192 = VECTOR('',#7193,1.);
#7193 = DIRECTION('',(0.,-1.));
#7194 = ( GEOMETRIC_REPRESENTATION_CONTEXT(2) 
PARAMETRIC_REPRESENTATION_CONTEXT() REPRESENTATION_CONTEXT('2D SPACE',''
  ) );
#7195 = PCURVE('',#2812,#7196);
#7196 = DEFINITIONAL_REPRESENTATION('',(#7197),#7201);
#7197 = LINE('',#7198,#7199);
#7198 = CARTESIAN_POINT('',(3.14159265359,0.));
#7199 = VECTOR('',#7200,1.);
#7200 = DIRECTION('',(0.,-1.));
#7201 = ( GEOMETRIC_REPRESENTATION_CONTEXT(2) 
PARAMETRIC_REPRESENTATION_CONTEXT() REPRESENTATION_CONTEXT('2D SPACE',''
  ) );
#7202 = ADVANCED_FACE('',(#7203),#2812,.F.);
#7203 = FACE_BOUND('',#7204,.F.);
#7204 = EDGE_LOOP('',(#7205,#7235,#7256,#7257,#7258,#7286));
#7205 = ORIENTED_EDGE('',*,*,#7206,.F.);
#7206 = EDGE_CURVE('',#7207,#7209,#7211,.T.);
#7207 = VERTEX_POINT('',#7208);
#7208 = CARTESIAN_POINT('',(12.7,19.199999973293,1.8));
#7209 = VERTEX_POINT('',#7210);
#7210 = CARTESIAN_POINT('',(21.152218637959,11.6,1.8));
#7211 = SURFACE_CURVE('',#7212,(#7217,#7224),.PCURVE_S1.);
#7212 = CIRCLE('',#7213,8.5);
#7213 = AXIS2_PLACEMENT_3D('',#7214,#7215,#7216);
#7214 = CARTESIAN_POINT('',(12.7,10.699999946586,1.8));
#7215 = DIRECTION('',(0.,0.,-1.));
#7216 = DIRECTION('',(-1.,0.,0.));
#7217 = PCURVE('',#2812,#7218);
#7218 = DEFINITIONAL_REPRESENTATION('',(#7219),#7223);
#7219 = LINE('',#7220,#7221);
#7220 = CARTESIAN_POINT('',(0.,0.));
#7221 = VECTOR('',#7222,1.);
#7222 = DIRECTION('',(1.,0.));
#7223 = ( GEOMETRIC_REPRESENTATION_CONTEXT(2) 
PARAMETRIC_REPRESENTATION_CONTEXT() REPRESENTATION_CONTEXT('2D SPACE',''
  ) );
#7224 = PCURVE('',#3348,#7225);
#7225 = DEFINITIONAL_REPRESENTATION('',(#7226),#7234);
#7226 = ( BOUNDED_CURVE() B_SPLINE_CURVE(2,(#7227,#7228,#7229,#7230,
#7231,#7232,#7233),.UNSPECIFIED.,.T.,.F.) B_SPLINE_CURVE_WITH_KNOTS((1,2
    ,2,2,2,1),(-2.094395102393,0.,2.094395102393,4.188790204786,
6.28318530718,8.377580409573),.UNSPECIFIED.) CURVE() 
GEOMETRIC_REPRESENTATION_ITEM() RATIONAL_B_SPLINE_CURVE((1.,0.5,1.,0.5,
1.,0.5,1.)) REPRESENTATION_ITEM('') );
#7227 = CARTESIAN_POINT('',(4.200000001425,10.699999962969));
#7228 = CARTESIAN_POINT('',(4.200000001425,25.422431827305));
#7229 = CARTESIAN_POINT('',(16.950000001425,18.061215895137));
#7230 = CARTESIAN_POINT('',(29.700000001425,10.699999962969));
#7231 = CARTESIAN_POINT('',(16.950000001425,3.338784030801));
#7232 = CARTESIAN_POINT('',(4.200000001425,-4.022431901366));
#7233 = CARTESIAN_POINT('',(4.200000001425,10.699999962969));
#7234 = ( GEOMETRIC_REPRESENTATION_CONTEXT(2) 
PARAMETRIC_REPRESENTATION_CONTEXT() REPRESENTATION_CONTEXT('2D SPACE',''
  ) );
#7235 = ORIENTED_EDGE('',*,*,#7236,.T.);
#7236 = EDGE_CURVE('',#7207,#2766,#7237,.T.);
#7237 = SURFACE_CURVE('',#7238,(#7242,#7249),.PCURVE_S1.);
#7238 = LINE('',#7239,#7240);
#7239 = CARTESIAN_POINT('',(12.7,19.199999973293,1.8));
#7240 = VECTOR('',#7241,1.);
#7241 = DIRECTION('',(0.,0.,1.));
#7242 = PCURVE('',#2812,#7243);
#7243 = DEFINITIONAL_REPRESENTATION('',(#7244),#7248);
#7244 = LINE('',#7245,#7246);
#7245 = CARTESIAN_POINT('',(1.570796326795,0.));
#7246 = VECTOR('',#7247,1.);
#7247 = DIRECTION('',(0.,-1.));
#7248 = ( GEOMETRIC_REPRESENTATION_CONTEXT(2) 
PARAMETRIC_REPRESENTATION_CONTEXT() REPRESENTATION_CONTEXT('2D SPACE',''
  ) );
#7249 = PCURVE('',#2780,#7250);
#7250 = DEFINITIONAL_REPRESENTATION('',(#7251),#7255);
#7251 = LINE('',#7252,#7253);
#7252 = CARTESIAN_POINT('',(25.4,0.));
#7253 = VECTOR('',#7254,1.);
#7254 = DIRECTION('',(0.,-1.));
#7255 = ( GEOMETRIC_REPRESENTATION_CONTEXT(2) 
PARAMETRIC_REPRESENTATION_CONTEXT() REPRESENTATION_CONTEXT('2D SPACE',''
  ) );
#7256 = ORIENTED_EDGE('',*,*,#2791,.T.);
#7257 = ORIENTED_EDGE('',*,*,#7182,.F.);
#7258 = ORIENTED_EDGE('',*,*,#7259,.F.);
#7259 = EDGE_CURVE('',#7260,#7160,#7262,.T.);
#7260 = VERTEX_POINT('',#7261);
#7261 = CARTESIAN_POINT('',(21.152218637959,11.6,6.2));
#7262 = SURFACE_CURVE('',#7263,(#7268,#7275),.PCURVE_S1.);
#7263 = CIRCLE('',#7264,8.5);
#7264 = AXIS2_PLACEMENT_3D('',#7265,#7266,#7267);
#7265 = CARTESIAN_POINT('',(12.7,10.699999946586,6.2));
#7266 = DIRECTION('',(0.,0.,-1.));
#7267 = DIRECTION('',(-1.,0.,0.));
#7268 = PCURVE('',#2812,#7269);
#7269 = DEFINITIONAL_REPRESENTATION('',(#7270),#7274);
#7270 = LINE('',#7271,#7272);
#7271 = CARTESIAN_POINT('',(0.,-4.4));
#7272 = VECTOR('',#7273,1.);
#7273 = DIRECTION('',(1.,0.));
#7274 = ( GEOMETRIC_REPRESENTATION_CONTEXT(2) 
PARAMETRIC_REPRESENTATION_CONTEXT() REPRESENTATION_CONTEXT('2D SPACE',''
  ) );
#7275 = PCURVE('',#7117,#7276);
#7276 = DEFINITIONAL_REPRESENTATION('',(#7277),#7285);
#7277 = ( BOUNDED_CURVE() B_SPLINE_CURVE(2,(#7278,#7279,#7280,#7281,
#7282,#7283,#7284),.UNSPECIFIED.,.T.,.F.) B_SPLINE_CURVE_WITH_KNOTS((1,2
    ,2,2,2,1),(-2.094395102393,0.,2.094395102393,4.188790204786,
6.28318530718,8.377580409573),.UNSPECIFIED.) CURVE() 
GEOMETRIC_REPRESENTATION_ITEM() RATIONAL_B_SPLINE_CURVE((1.,0.5,1.,0.5,
1.,0.5,1.)) REPRESENTATION_ITEM('') );
#7278 = CARTESIAN_POINT('',(-16.1,22.299999946586));
#7279 = CARTESIAN_POINT('',(-16.1,37.022431810921));
#7280 = CARTESIAN_POINT('',(-3.35,29.661215878754));
#7281 = CARTESIAN_POINT('',(9.4,22.299999946586));
#7282 = CARTESIAN_POINT('',(-3.35,14.938784014418));
#7283 = CARTESIAN_POINT('',(-16.1,7.57756808225));
#7284 = CARTESIAN_POINT('',(-16.1,22.299999946586));
#7285 = ( GEOMETRIC_REPRESENTATION_CONTEXT(2) 
PARAMETRIC_REPRESENTATION_CONTEXT() REPRESENTATION_CONTEXT('2D SPACE',''
  ) );
#7286 = ORIENTED_EDGE('',*,*,#7287,.T.);
#7287 = EDGE_CURVE('',#7260,#7209,#7288,.T.);
#7288 = SURFACE_CURVE('',#7289,(#7293,#7299),.PCURVE_S1.);
#7289 = LINE('',#7290,#7291);
#7290 = CARTESIAN_POINT('',(21.152218637959,11.6,1.8));
#7291 = VECTOR('',#7292,1.);
#7292 = DIRECTION('',(0.,0.,-1.));
#7293 = PCURVE('',#2812,#7294);
#7294 = DEFINITIONAL_REPRESENTATION('',(#7295),#7298);
#7295 = B_SPLINE_CURVE_WITH_KNOTS('',1,(#7296,#7297),.UNSPECIFIED.,.F.,
  .F.,(2,2),(-4.855,5.999999999062E-07),.PIECEWISE_BEZIER_KNOTS.);
#7296 = CARTESIAN_POINT('',(3.035511447047,-4.855));
#7297 = CARTESIAN_POINT('',(3.035511447047,5.999999999062E-07));
#7298 = ( GEOMETRIC_REPRESENTATION_CONTEXT(2) 
PARAMETRIC_REPRESENTATION_CONTEXT() REPRESENTATION_CONTEXT('2D SPACE',''
  ) );
#7299 = PCURVE('',#7300,#7305);
#7300 = PLANE('',#7301);
#7301 = AXIS2_PLACEMENT_3D('',#7302,#7303,#7304);
#7302 = CARTESIAN_POINT('',(20.3,11.6,1.65));
#7303 = DIRECTION('',(-0.,1.,0.));
#7304 = DIRECTION('',(0.,0.,1.));
#7305 = DEFINITIONAL_REPRESENTATION('',(#7306),#7309);
#7306 = B_SPLINE_CURVE_WITH_KNOTS('',1,(#7307,#7308),.UNSPECIFIED.,.F.,
  .F.,(2,2),(-4.855,5.999999999062E-07),.PIECEWISE_BEZIER_KNOTS.);
#7307 = CARTESIAN_POINT('',(5.005,0.852218637959));
#7308 = CARTESIAN_POINT('',(0.1499994,0.852218637959));
#7309 = ( GEOMETRIC_REPRESENTATION_CONTEXT(2) 
PARAMETRIC_REPRESENTATION_CONTEXT() REPRESENTATION_CONTEXT('2D SPACE',''
  ) );
#7310 = ADVANCED_FACE('',(#7311),#2780,.F.);
#7311 = FACE_BOUND('',#7312,.F.);
#7312 = EDGE_LOOP('',(#7313,#7336,#7357,#7358));
#7313 = ORIENTED_EDGE('',*,*,#7314,.F.);
#7314 = EDGE_CURVE('',#7315,#7207,#7317,.T.);
#7315 = VERTEX_POINT('',#7316);
#7316 = CARTESIAN_POINT('',(-12.7,19.199999973293,1.8));
#7317 = SURFACE_CURVE('',#7318,(#7322,#7329),.PCURVE_S1.);
#7318 = LINE('',#7319,#7320);
#7319 = CARTESIAN_POINT('',(0.,19.2,1.8));
#7320 = VECTOR('',#7321,1.);
#7321 = DIRECTION('',(1.,0.,0.));
#7322 = PCURVE('',#2780,#7323);
#7323 = DEFINITIONAL_REPRESENTATION('',(#7324),#7328);
#7324 = LINE('',#7325,#7326);
#7325 = CARTESIAN_POINT('',(12.7,0.));
#7326 = VECTOR('',#7327,1.);
#7327 = DIRECTION('',(1.,0.));
#7328 = ( GEOMETRIC_REPRESENTATION_CONTEXT(2) 
PARAMETRIC_REPRESENTATION_CONTEXT() REPRESENTATION_CONTEXT('2D SPACE',''
  ) );
#7329 = PCURVE('',#3348,#7330);
#7330 = DEFINITIONAL_REPRESENTATION('',(#7331),#7335);
#7331 = LINE('',#7332,#7333);
#7332 = CARTESIAN_POINT('',(1.425198320616E-09,19.200000016383));
#7333 = VECTOR('',#7334,1.);
#7334 = DIRECTION('',(1.,0.));
#7335 = ( GEOMETRIC_REPRESENTATION_CONTEXT(2) 
PARAMETRIC_REPRESENTATION_CONTEXT() REPRESENTATION_CONTEXT('2D SPACE',''
  ) );
#7336 = ORIENTED_EDGE('',*,*,#7337,.T.);
#7337 = EDGE_CURVE('',#7315,#2733,#7338,.T.);
#7338 = SURFACE_CURVE('',#7339,(#7343,#7350),.PCURVE_S1.);
#7339 = LINE('',#7340,#7341);
#7340 = CARTESIAN_POINT('',(-12.7,19.199999973293,1.8));
#7341 = VECTOR('',#7342,1.);
#7342 = DIRECTION('',(0.,0.,1.));
#7343 = PCURVE('',#2780,#7344);
#7344 = DEFINITIONAL_REPRESENTATION('',(#7345),#7349);
#7345 = LINE('',#7346,#7347);
#7346 = CARTESIAN_POINT('',(0.,0.));
#7347 = VECTOR('',#7348,1.);
#7348 = DIRECTION('',(0.,-1.));
#7349 = ( GEOMETRIC_REPRESENTATION_CONTEXT(2) 
PARAMETRIC_REPRESENTATION_CONTEXT() REPRESENTATION_CONTEXT('2D SPACE',''
  ) );
#7350 = PCURVE('',#2753,#7351);
#7351 = DEFINITIONAL_REPRESENTATION('',(#7352),#7356);
#7352 = LINE('',#7353,#7354);
#7353 = CARTESIAN_POINT('',(1.570796326795,0.));
#7354 = VECTOR('',#7355,1.);
#7355 = DIRECTION('',(0.,-1.));
#7356 = ( GEOMETRIC_REPRESENTATION_CONTEXT(2) 
PARAMETRIC_REPRESENTATION_CONTEXT() REPRESENTATION_CONTEXT('2D SPACE',''
  ) );
#7357 = ORIENTED_EDGE('',*,*,#2765,.F.);
#7358 = ORIENTED_EDGE('',*,*,#7236,.F.);
#7359 = ADVANCED_FACE('',(#7360),#2753,.F.);
#7360 = FACE_BOUND('',#7361,.F.);
#7361 = EDGE_LOOP('',(#7362,#7388,#7389,#7390));
#7362 = ORIENTED_EDGE('',*,*,#7363,.F.);
#7363 = EDGE_CURVE('',#3333,#7315,#7364,.T.);
#7364 = SURFACE_CURVE('',#7365,(#7370,#7377),.PCURVE_S1.);
#7365 = CIRCLE('',#7366,8.5);
#7366 = AXIS2_PLACEMENT_3D('',#7367,#7368,#7369);
#7367 = CARTESIAN_POINT('',(-12.7,10.699999946586,1.8));
#7368 = DIRECTION('',(0.,0.,-1.));
#7369 = DIRECTION('',(-1.,0.,0.));
#7370 = PCURVE('',#2753,#7371);
#7371 = DEFINITIONAL_REPRESENTATION('',(#7372),#7376);
#7372 = LINE('',#7373,#7374);
#7373 = CARTESIAN_POINT('',(0.,0.));
#7374 = VECTOR('',#7375,1.);
#7375 = DIRECTION('',(1.,0.));
#7376 = ( GEOMETRIC_REPRESENTATION_CONTEXT(2) 
PARAMETRIC_REPRESENTATION_CONTEXT() REPRESENTATION_CONTEXT('2D SPACE',''
  ) );
#7377 = PCURVE('',#3348,#7378);
#7378 = DEFINITIONAL_REPRESENTATION('',(#7379),#7387);
#7379 = ( BOUNDED_CURVE() B_SPLINE_CURVE(2,(#7380,#7381,#7382,#7383,
#7384,#7385,#7386),.UNSPECIFIED.,.T.,.F.) B_SPLINE_CURVE_WITH_KNOTS((1,2
    ,2,2,2,1),(-2.094395102393,0.,2.094395102393,4.188790204786,
6.28318530718,8.377580409573),.UNSPECIFIED.) CURVE() 
GEOMETRIC_REPRESENTATION_ITEM() RATIONAL_B_SPLINE_CURVE((1.,0.5,1.,0.5,
1.,0.5,1.)) REPRESENTATION_ITEM('') );
#7380 = CARTESIAN_POINT('',(-21.19999999857,10.699999962969));
#7381 = CARTESIAN_POINT('',(-21.19999999857,25.422431827305));
#7382 = CARTESIAN_POINT('',(-8.449999998575,18.061215895137));
#7383 = CARTESIAN_POINT('',(4.300000001425,10.699999962969));
#7384 = CARTESIAN_POINT('',(-8.449999998575,3.338784030801));
#7385 = CARTESIAN_POINT('',(-21.19999999857,-4.022431901366));
#7386 = CARTESIAN_POINT('',(-21.19999999857,10.699999962969));
#7387 = ( GEOMETRIC_REPRESENTATION_CONTEXT(2) 
PARAMETRIC_REPRESENTATION_CONTEXT() REPRESENTATION_CONTEXT('2D SPACE',''
  ) );
#7388 = ORIENTED_EDGE('',*,*,#3382,.T.);
#7389 = ORIENTED_EDGE('',*,*,#2732,.T.);
#7390 = ORIENTED_EDGE('',*,*,#7337,.F.);
#7391 = ADVANCED_FACE('',(#7392),#3253,.T.);
#7392 = FACE_BOUND('',#7393,.T.);
#7393 = EDGE_LOOP('',(#7394,#7395,#7396,#7397,#7423,#7424,#7425,#7426,
    #7427));
#7394 = ORIENTED_EDGE('',*,*,#5688,.F.);
#7395 = ORIENTED_EDGE('',*,*,#5770,.T.);
#7396 = ORIENTED_EDGE('',*,*,#3238,.T.);
#7397 = ORIENTED_EDGE('',*,*,#7398,.T.);
#7398 = EDGE_CURVE('',#3211,#5108,#7399,.T.);
#7399 = SURFACE_CURVE('',#7400,(#7405,#7416),.PCURVE_S1.);
#7400 = CIRCLE('',#7401,11.5);
#7401 = AXIS2_PLACEMENT_3D('',#7402,#7403,#7404);
#7402 = CARTESIAN_POINT('',(12.5,10.499999992113,4.6));
#7403 = DIRECTION('',(0.,0.,-1.));
#7404 = DIRECTION('',(-1.,0.,0.));
#7405 = PCURVE('',#3253,#7406);
#7406 = DEFINITIONAL_REPRESENTATION('',(#7407),#7415);
#7407 = ( BOUNDED_CURVE() B_SPLINE_CURVE(2,(#7408,#7409,#7410,#7411,
#7412,#7413,#7414),.UNSPECIFIED.,.T.,.F.) B_SPLINE_CURVE_WITH_KNOTS((1,2
    ,2,2,2,1),(-2.094395102393,0.,2.094395102393,4.188790204786,
6.28318530718,8.377580409573),.UNSPECIFIED.) CURVE() 
GEOMETRIC_REPRESENTATION_ITEM() RATIONAL_B_SPLINE_CURVE((1.,0.5,1.,0.5,
1.,0.5,1.)) REPRESENTATION_ITEM('') );
#7408 = CARTESIAN_POINT('',(-10.69999999423,-15.30000000788));
#7409 = CARTESIAN_POINT('',(-10.69999999423,4.618584279155));
#7410 = CARTESIAN_POINT('',(6.550000005763,-5.340707864366));
#7411 = CARTESIAN_POINT('',(23.800000005763,-15.30000000788));
#7412 = CARTESIAN_POINT('',(6.550000005763,-25.2592921514));
#7413 = CARTESIAN_POINT('',(-10.69999999423,-35.21858429492));
#7414 = CARTESIAN_POINT('',(-10.69999999423,-15.30000000788));
#7415 = ( GEOMETRIC_REPRESENTATION_CONTEXT(2) 
PARAMETRIC_REPRESENTATION_CONTEXT() REPRESENTATION_CONTEXT('2D SPACE',''
  ) );
#7416 = PCURVE('',#3226,#7417);
#7417 = DEFINITIONAL_REPRESENTATION('',(#7418),#7422);
#7418 = LINE('',#7419,#7420);
#7419 = CARTESIAN_POINT('',(0.,-4.6));
#7420 = VECTOR('',#7421,1.);
#7421 = DIRECTION('',(1.,0.));
#7422 = ( GEOMETRIC_REPRESENTATION_CONTEXT(2) 
PARAMETRIC_REPRESENTATION_CONTEXT() REPRESENTATION_CONTEXT('2D SPACE',''
  ) );
#7423 = ORIENTED_EDGE('',*,*,#5128,.T.);
#7424 = ORIENTED_EDGE('',*,*,#5178,.T.);
#7425 = ORIENTED_EDGE('',*,*,#5402,.T.);
#7426 = ORIENTED_EDGE('',*,*,#5473,.F.);
#7427 = ORIENTED_EDGE('',*,*,#5501,.T.);
#7428 = ADVANCED_FACE('',(#7429),#3226,.T.);
#7429 = FACE_BOUND('',#7430,.T.);
#7430 = EDGE_LOOP('',(#7431,#7432,#7433,#7434,#7455,#7456));
#7431 = ORIENTED_EDGE('',*,*,#7398,.F.);
#7432 = ORIENTED_EDGE('',*,*,#3210,.T.);
#7433 = ORIENTED_EDGE('',*,*,#6868,.T.);
#7434 = ORIENTED_EDGE('',*,*,#7435,.F.);
#7435 = EDGE_CURVE('',#4951,#6869,#7436,.T.);
#7436 = SURFACE_CURVE('',#7437,(#7441,#7448),.PCURVE_S1.);
#7437 = LINE('',#7438,#7439);
#7438 = CARTESIAN_POINT('',(24.,10.499999992113,0.));
#7439 = VECTOR('',#7440,1.);
#7440 = DIRECTION('',(0.,0.,1.));
#7441 = PCURVE('',#3226,#7442);
#7442 = DEFINITIONAL_REPRESENTATION('',(#7443),#7447);
#7443 = LINE('',#7444,#7445);
#7444 = CARTESIAN_POINT('',(3.14159265359,0.));
#7445 = VECTOR('',#7446,1.);
#7446 = DIRECTION('',(0.,-1.));
#7447 = ( GEOMETRIC_REPRESENTATION_CONTEXT(2) 
PARAMETRIC_REPRESENTATION_CONTEXT() REPRESENTATION_CONTEXT('2D SPACE',''
  ) );
#7448 = PCURVE('',#4301,#7449);
#7449 = DEFINITIONAL_REPRESENTATION('',(#7450),#7454);
#7450 = LINE('',#7451,#7452);
#7451 = CARTESIAN_POINT('',(20.999999992113,0.));
#7452 = VECTOR('',#7453,1.);
#7453 = DIRECTION('',(0.,-1.));
#7454 = ( GEOMETRIC_REPRESENTATION_CONTEXT(2) 
PARAMETRIC_REPRESENTATION_CONTEXT() REPRESENTATION_CONTEXT('2D SPACE',''
  ) );
#7455 = ORIENTED_EDGE('',*,*,#5078,.F.);
#7456 = ORIENTED_EDGE('',*,*,#5107,.F.);
#7457 = ADVANCED_FACE('',(#7458,#8078,#8109,#8140,#8171,#8202,#8233),
  #3348,.T.);
#7458 = FACE_BOUND('',#7459,.T.);
#7459 = EDGE_LOOP('',(#7460,#7461,#7462,#7463,#7464,#7485,#7511,#7537,
    #7563,#7589,#7615,#7648,#7674,#7703,#7727,#7760,#7786,#7819,#7848,
    #7872,#7898,#7931,#7952,#7978,#8004,#8030,#8056,#8075,#8076,#8077));
#7460 = ORIENTED_EDGE('',*,*,#3330,.F.);
#7461 = ORIENTED_EDGE('',*,*,#6943,.F.);
#7462 = ORIENTED_EDGE('',*,*,#6997,.T.);
#7463 = ORIENTED_EDGE('',*,*,#7046,.F.);
#7464 = ORIENTED_EDGE('',*,*,#7465,.T.);
#7465 = EDGE_CURVE('',#7047,#7466,#7468,.T.);
#7466 = VERTEX_POINT('',#7467);
#7467 = CARTESIAN_POINT('',(20.4,-11.6,1.8));
#7468 = SURFACE_CURVE('',#7469,(#7473,#7479),.PCURVE_S1.);
#7469 = LINE('',#7470,#7471);
#7470 = CARTESIAN_POINT('',(10.149999999287,-11.6,1.8));
#7471 = VECTOR('',#7472,1.);
#7472 = DIRECTION('',(-1.,-0.,0.));
#7473 = PCURVE('',#3348,#7474);
#7474 = DEFINITIONAL_REPRESENTATION('',(#7475),#7478);
#7475 = B_SPLINE_CURVE_WITH_KNOTS('',1,(#7476,#7477),.UNSPECIFIED.,.F.,
  .F.,(2,2),(-11.05000000071,-10.15000000071),.PIECEWISE_BEZIER_KNOTS.);
#7476 = CARTESIAN_POINT('',(21.200000001425,-11.59999998361));
#7477 = CARTESIAN_POINT('',(20.300000001425,-11.59999998361));
#7478 = ( GEOMETRIC_REPRESENTATION_CONTEXT(2) 
PARAMETRIC_REPRESENTATION_CONTEXT() REPRESENTATION_CONTEXT('2D SPACE',''
  ) );
#7479 = PCURVE('',#7089,#7480);
#7480 = DEFINITIONAL_REPRESENTATION('',(#7481),#7484);
#7481 = B_SPLINE_CURVE_WITH_KNOTS('',1,(#7482,#7483),.UNSPECIFIED.,.F.,
  .F.,(2,2),(-11.05000000071,-10.15000000071),.PIECEWISE_BEZIER_KNOTS.);
#7482 = CARTESIAN_POINT('',(0.15,0.9));
#7483 = CARTESIAN_POINT('',(0.15,0.));
#7484 = ( GEOMETRIC_REPRESENTATION_CONTEXT(2) 
PARAMETRIC_REPRESENTATION_CONTEXT() REPRESENTATION_CONTEXT('2D SPACE',''
  ) );
#7485 = ORIENTED_EDGE('',*,*,#7486,.F.);
#7486 = EDGE_CURVE('',#7487,#7466,#7489,.T.);
#7487 = VERTEX_POINT('',#7488);
#7488 = CARTESIAN_POINT('',(20.4,-12.7,1.8));
#7489 = SURFACE_CURVE('',#7490,(#7494,#7500),.PCURVE_S1.);
#7490 = LINE('',#7491,#7492);
#7491 = CARTESIAN_POINT('',(20.4,-6.350000008192,1.8));
#7492 = VECTOR('',#7493,1.);
#7493 = DIRECTION('',(-0.,1.,0.));
#7494 = PCURVE('',#3348,#7495);
#7495 = DEFINITIONAL_REPRESENTATION('',(#7496),#7499);
#7496 = B_SPLINE_CURVE_WITH_KNOTS('',1,(#7497,#7498),.UNSPECIFIED.,.F.,
  .F.,(2,2),(-6.349999991808,-5.149999991808),.PIECEWISE_BEZIER_KNOTS.);
#7497 = CARTESIAN_POINT('',(20.400000001425,-12.69999998361));
#7498 = CARTESIAN_POINT('',(20.400000001425,-11.49999998361));
#7499 = ( GEOMETRIC_REPRESENTATION_CONTEXT(2) 
PARAMETRIC_REPRESENTATION_CONTEXT() REPRESENTATION_CONTEXT('2D SPACE',''
  ) );
#7500 = PCURVE('',#7501,#7506);
#7501 = PLANE('',#7502);
#7502 = AXIS2_PLACEMENT_3D('',#7503,#7504,#7505);
#7503 = CARTESIAN_POINT('',(20.4,-12.7,1.65));
#7504 = DIRECTION('',(1.,0.,-0.));
#7505 = DIRECTION('',(0.,0.,1.));
#7506 = DEFINITIONAL_REPRESENTATION('',(#7507),#7510);
#7507 = B_SPLINE_CURVE_WITH_KNOTS('',1,(#7508,#7509),.UNSPECIFIED.,.F.,
  .F.,(2,2),(-6.349999991808,-5.149999991808),.PIECEWISE_BEZIER_KNOTS.);
#7508 = CARTESIAN_POINT('',(0.15,0.));
#7509 = CARTESIAN_POINT('',(0.15,-1.2));
#7510 = ( GEOMETRIC_REPRESENTATION_CONTEXT(2) 
PARAMETRIC_REPRESENTATION_CONTEXT() REPRESENTATION_CONTEXT('2D SPACE',''
  ) );
#7511 = ORIENTED_EDGE('',*,*,#7512,.T.);
#7512 = EDGE_CURVE('',#7487,#7513,#7515,.T.);
#7513 = VERTEX_POINT('',#7514);
#7514 = CARTESIAN_POINT('',(6.,-12.7,1.8));
#7515 = SURFACE_CURVE('',#7516,(#7520,#7526),.PCURVE_S1.);
#7516 = LINE('',#7517,#7518);
#7517 = CARTESIAN_POINT('',(2.999999999287,-12.7,1.8));
#7518 = VECTOR('',#7519,1.);
#7519 = DIRECTION('',(-1.,-0.,0.));
#7520 = PCURVE('',#3348,#7521);
#7521 = DEFINITIONAL_REPRESENTATION('',(#7522),#7525);
#7522 = B_SPLINE_CURVE_WITH_KNOTS('',1,(#7523,#7524),.UNSPECIFIED.,.F.,
  .F.,(2,2),(-17.40000000071,-3.000000000713),.PIECEWISE_BEZIER_KNOTS.);
#7523 = CARTESIAN_POINT('',(20.400000001425,-12.69999998361));
#7524 = CARTESIAN_POINT('',(6.000000001425,-12.69999998361));
#7525 = ( GEOMETRIC_REPRESENTATION_CONTEXT(2) 
PARAMETRIC_REPRESENTATION_CONTEXT() REPRESENTATION_CONTEXT('2D SPACE',''
  ) );
#7526 = PCURVE('',#7527,#7532);
#7527 = PLANE('',#7528);
#7528 = AXIS2_PLACEMENT_3D('',#7529,#7530,#7531);
#7529 = CARTESIAN_POINT('',(6.,-12.7,1.65));
#7530 = DIRECTION('',(-0.,1.,0.));
#7531 = DIRECTION('',(0.,0.,1.));
#7532 = DEFINITIONAL_REPRESENTATION('',(#7533),#7536);
#7533 = B_SPLINE_CURVE_WITH_KNOTS('',1,(#7534,#7535),.UNSPECIFIED.,.F.,
  .F.,(2,2),(-17.40000000071,-3.000000000713),.PIECEWISE_BEZIER_KNOTS.);
#7534 = CARTESIAN_POINT('',(0.15,14.4));
#7535 = CARTESIAN_POINT('',(0.15,0.));
#7536 = ( GEOMETRIC_REPRESENTATION_CONTEXT(2) 
PARAMETRIC_REPRESENTATION_CONTEXT() REPRESENTATION_CONTEXT('2D SPACE',''
  ) );
#7537 = ORIENTED_EDGE('',*,*,#7538,.T.);
#7538 = EDGE_CURVE('',#7513,#7539,#7541,.T.);
#7539 = VERTEX_POINT('',#7540);
#7540 = CARTESIAN_POINT('',(6.,-11.6,1.8));
#7541 = SURFACE_CURVE('',#7542,(#7546,#7552),.PCURVE_S1.);
#7542 = LINE('',#7543,#7544);
#7543 = CARTESIAN_POINT('',(6.,-6.350000008192,1.8));
#7544 = VECTOR('',#7545,1.);
#7545 = DIRECTION('',(-0.,1.,0.));
#7546 = PCURVE('',#3348,#7547);
#7547 = DEFINITIONAL_REPRESENTATION('',(#7548),#7551);
#7548 = B_SPLINE_CURVE_WITH_KNOTS('',1,(#7549,#7550),.UNSPECIFIED.,.F.,
  .F.,(2,2),(-6.349999991808,-5.149999991808),.PIECEWISE_BEZIER_KNOTS.);
#7549 = CARTESIAN_POINT('',(6.000000001425,-12.69999998361));
#7550 = CARTESIAN_POINT('',(6.000000001425,-11.49999998361));
#7551 = ( GEOMETRIC_REPRESENTATION_CONTEXT(2) 
PARAMETRIC_REPRESENTATION_CONTEXT() REPRESENTATION_CONTEXT('2D SPACE',''
  ) );
#7552 = PCURVE('',#7553,#7558);
#7553 = PLANE('',#7554);
#7554 = AXIS2_PLACEMENT_3D('',#7555,#7556,#7557);
#7555 = CARTESIAN_POINT('',(6.,-12.7,1.65));
#7556 = DIRECTION('',(1.,0.,-0.));
#7557 = DIRECTION('',(0.,0.,1.));
#7558 = DEFINITIONAL_REPRESENTATION('',(#7559),#7562);
#7559 = B_SPLINE_CURVE_WITH_KNOTS('',1,(#7560,#7561),.UNSPECIFIED.,.F.,
  .F.,(2,2),(-6.349999991808,-5.149999991808),.PIECEWISE_BEZIER_KNOTS.);
#7560 = CARTESIAN_POINT('',(0.15,0.));
#7561 = CARTESIAN_POINT('',(0.15,-1.2));
#7562 = ( GEOMETRIC_REPRESENTATION_CONTEXT(2) 
PARAMETRIC_REPRESENTATION_CONTEXT() REPRESENTATION_CONTEXT('2D SPACE',''
  ) );
#7563 = ORIENTED_EDGE('',*,*,#7564,.T.);
#7564 = EDGE_CURVE('',#7539,#7565,#7567,.T.);
#7565 = VERTEX_POINT('',#7566);
#7566 = CARTESIAN_POINT('',(4.9,-11.6,1.8));
#7567 = SURFACE_CURVE('',#7568,(#7572,#7578),.PCURVE_S1.);
#7568 = LINE('',#7569,#7570);
#7569 = CARTESIAN_POINT('',(2.449999999287,-11.6,1.8));
#7570 = VECTOR('',#7571,1.);
#7571 = DIRECTION('',(-1.,-0.,0.));
#7572 = PCURVE('',#3348,#7573);
#7573 = DEFINITIONAL_REPRESENTATION('',(#7574),#7577);
#7574 = B_SPLINE_CURVE_WITH_KNOTS('',1,(#7575,#7576),.UNSPECIFIED.,.F.,
  .F.,(2,2),(-3.650000000713,-2.450000000713),.PIECEWISE_BEZIER_KNOTS.);
#7575 = CARTESIAN_POINT('',(6.100000001425,-11.59999998361));
#7576 = CARTESIAN_POINT('',(4.900000001425,-11.59999998361));
#7577 = ( GEOMETRIC_REPRESENTATION_CONTEXT(2) 
PARAMETRIC_REPRESENTATION_CONTEXT() REPRESENTATION_CONTEXT('2D SPACE',''
  ) );
#7578 = PCURVE('',#7579,#7584);
#7579 = PLANE('',#7580);
#7580 = AXIS2_PLACEMENT_3D('',#7581,#7582,#7583);
#7581 = CARTESIAN_POINT('',(4.9,-11.6,1.65));
#7582 = DIRECTION('',(-0.,1.,0.));
#7583 = DIRECTION('',(0.,0.,1.));
#7584 = DEFINITIONAL_REPRESENTATION('',(#7585),#7588);
#7585 = B_SPLINE_CURVE_WITH_KNOTS('',1,(#7586,#7587),.UNSPECIFIED.,.F.,
  .F.,(2,2),(-3.650000000713,-2.450000000713),.PIECEWISE_BEZIER_KNOTS.);
#7586 = CARTESIAN_POINT('',(0.15,1.2));
#7587 = CARTESIAN_POINT('',(0.15,0.));
#7588 = ( GEOMETRIC_REPRESENTATION_CONTEXT(2) 
PARAMETRIC_REPRESENTATION_CONTEXT() REPRESENTATION_CONTEXT('2D SPACE',''
  ) );
#7589 = ORIENTED_EDGE('',*,*,#7590,.T.);
#7590 = EDGE_CURVE('',#7565,#7591,#7593,.T.);
#7591 = VERTEX_POINT('',#7592);
#7592 = CARTESIAN_POINT('',(4.9,-3.3524977425,1.8));
#7593 = SURFACE_CURVE('',#7594,(#7598,#7604),.PCURVE_S1.);
#7594 = LINE('',#7595,#7596);
#7595 = CARTESIAN_POINT('',(4.9,-5.800000008192,1.8));
#7596 = VECTOR('',#7597,1.);
#7597 = DIRECTION('',(-0.,1.,0.));
#7598 = PCURVE('',#3348,#7599);
#7599 = DEFINITIONAL_REPRESENTATION('',(#7600),#7603);
#7600 = B_SPLINE_CURVE_WITH_KNOTS('',1,(#7601,#7602),.UNSPECIFIED.,.F.,
  .F.,(2,2),(-5.799999991808,17.400000008192),.PIECEWISE_BEZIER_KNOTS.);
#7601 = CARTESIAN_POINT('',(4.900000001425,-11.59999998361));
#7602 = CARTESIAN_POINT('',(4.900000001425,11.600000016383));
#7603 = ( GEOMETRIC_REPRESENTATION_CONTEXT(2) 
PARAMETRIC_REPRESENTATION_CONTEXT() REPRESENTATION_CONTEXT('2D SPACE',''
  ) );
#7604 = PCURVE('',#7605,#7610);
#7605 = PLANE('',#7606);
#7606 = AXIS2_PLACEMENT_3D('',#7607,#7608,#7609);
#7607 = CARTESIAN_POINT('',(4.9,-11.6,1.65));
#7608 = DIRECTION('',(1.,0.,-0.));
#7609 = DIRECTION('',(0.,0.,1.));
#7610 = DEFINITIONAL_REPRESENTATION('',(#7611),#7614);
#7611 = B_SPLINE_CURVE_WITH_KNOTS('',1,(#7612,#7613),.UNSPECIFIED.,.F.,
  .F.,(2,2),(-5.799999991808,17.400000008192),.PIECEWISE_BEZIER_KNOTS.);
#7612 = CARTESIAN_POINT('',(0.15,0.));
#7613 = CARTESIAN_POINT('',(0.15,-23.2));
#7614 = ( GEOMETRIC_REPRESENTATION_CONTEXT(2) 
PARAMETRIC_REPRESENTATION_CONTEXT() REPRESENTATION_CONTEXT('2D SPACE',''
  ) );
#7615 = ORIENTED_EDGE('',*,*,#7616,.T.);
#7616 = EDGE_CURVE('',#7591,#7617,#7619,.T.);
#7617 = VERTEX_POINT('',#7618);
#7618 = CARTESIAN_POINT('',(1.849999925698,-5.249999973197,1.8));
#7619 = SURFACE_CURVE('',#7620,(#7625,#7636),.PCURVE_S1.);
#7620 = CIRCLE('',#7621,3.4);
#7621 = AXIS2_PLACEMENT_3D('',#7622,#7623,#7624);
#7622 = CARTESIAN_POINT('',(1.849999925698,-1.849999973197,1.8));
#7623 = DIRECTION('',(0.,0.,-1.));
#7624 = DIRECTION('',(-1.,0.,0.));
#7625 = PCURVE('',#3348,#7626);
#7626 = DEFINITIONAL_REPRESENTATION('',(#7627),#7635);
#7627 = ( BOUNDED_CURVE() B_SPLINE_CURVE(2,(#7628,#7629,#7630,#7631,
#7632,#7633,#7634),.UNSPECIFIED.,.T.,.F.) B_SPLINE_CURVE_WITH_KNOTS((1,2
    ,2,2,2,1),(-2.094395102393,0.,2.094395102393,4.188790204786,
6.28318530718,8.377580409573),.UNSPECIFIED.) CURVE() 
GEOMETRIC_REPRESENTATION_ITEM() RATIONAL_B_SPLINE_CURVE((1.,0.5,1.,0.5,
1.,0.5,1.)) REPRESENTATION_ITEM('') );
#7628 = CARTESIAN_POINT('',(-1.550000072876,-1.849999956814));
#7629 = CARTESIAN_POINT('',(-1.550000072876,4.03897278892));
#7630 = CARTESIAN_POINT('',(3.549999927124,1.094486416053));
#7631 = CARTESIAN_POINT('',(8.649999927124,-1.849999956814));
#7632 = CARTESIAN_POINT('',(3.549999927124,-4.794486329681));
#7633 = CARTESIAN_POINT('',(-1.550000072876,-7.738972702548));
#7634 = CARTESIAN_POINT('',(-1.550000072876,-1.849999956814));
#7635 = ( GEOMETRIC_REPRESENTATION_CONTEXT(2) 
PARAMETRIC_REPRESENTATION_CONTEXT() REPRESENTATION_CONTEXT('2D SPACE',''
  ) );
#7636 = PCURVE('',#7637,#7642);
#7637 = CYLINDRICAL_SURFACE('',#7638,3.4);
#7638 = AXIS2_PLACEMENT_3D('',#7639,#7640,#7641);
#7639 = CARTESIAN_POINT('',(1.849999925698,-1.849999973197,0.35));
#7640 = DIRECTION('',(0.,0.,-1.));
#7641 = DIRECTION('',(-1.,0.,0.));
#7642 = DEFINITIONAL_REPRESENTATION('',(#7643),#7647);
#7643 = LINE('',#7644,#7645);
#7644 = CARTESIAN_POINT('',(0.,-1.45));
#7645 = VECTOR('',#7646,1.);
#7646 = DIRECTION('',(1.,0.));
#7647 = ( GEOMETRIC_REPRESENTATION_CONTEXT(2) 
PARAMETRIC_REPRESENTATION_CONTEXT() REPRESENTATION_CONTEXT('2D SPACE',''
  ) );
#7648 = ORIENTED_EDGE('',*,*,#7649,.T.);
#7649 = EDGE_CURVE('',#7617,#7650,#7652,.T.);
#7650 = VERTEX_POINT('',#7651);
#7651 = CARTESIAN_POINT('',(-1.760067634044,-5.249999973197,1.8));
#7652 = SURFACE_CURVE('',#7653,(#7657,#7663),.PCURVE_S1.);
#7653 = LINE('',#7654,#7655);
#7654 = CARTESIAN_POINT('',(-0.925000000713,-5.249999973197,1.8));
#7655 = VECTOR('',#7656,1.);
#7656 = DIRECTION('',(-1.,0.,0.));
#7657 = PCURVE('',#3348,#7658);
#7658 = DEFINITIONAL_REPRESENTATION('',(#7659),#7662);
#7659 = B_SPLINE_CURVE_WITH_KNOTS('',1,(#7660,#7661),.UNSPECIFIED.,.F.,
  .F.,(2,2),(-2.774999926411,0.924999999287),.PIECEWISE_BEZIER_KNOTS.);
#7660 = CARTESIAN_POINT('',(1.849999927124,-5.249999956814));
#7661 = CARTESIAN_POINT('',(-1.849999998575,-5.249999956814));
#7662 = ( GEOMETRIC_REPRESENTATION_CONTEXT(2) 
PARAMETRIC_REPRESENTATION_CONTEXT() REPRESENTATION_CONTEXT('2D SPACE',''
  ) );
#7663 = PCURVE('',#7664,#7669);
#7664 = PLANE('',#7665);
#7665 = AXIS2_PLACEMENT_3D('',#7666,#7667,#7668);
#7666 = CARTESIAN_POINT('',(-1.85,-5.249999973197,0.35));
#7667 = DIRECTION('',(0.,1.,0.));
#7668 = DIRECTION('',(1.,0.,0.));
#7669 = DEFINITIONAL_REPRESENTATION('',(#7670),#7673);
#7670 = B_SPLINE_CURVE_WITH_KNOTS('',1,(#7671,#7672),.UNSPECIFIED.,.F.,
  .F.,(2,2),(-2.774999926411,0.924999999287),.PIECEWISE_BEZIER_KNOTS.);
#7671 = CARTESIAN_POINT('',(3.699999925698,-1.45));
#7672 = CARTESIAN_POINT('',(0.,-1.45));
#7673 = ( GEOMETRIC_REPRESENTATION_CONTEXT(2) 
PARAMETRIC_REPRESENTATION_CONTEXT() REPRESENTATION_CONTEXT('2D SPACE',''
  ) );
#7674 = ORIENTED_EDGE('',*,*,#7675,.F.);
#7675 = EDGE_CURVE('',#7676,#7650,#7678,.T.);
#7676 = VERTEX_POINT('',#7677);
#7677 = CARTESIAN_POINT('',(-0.6,-7.,1.8));
#7678 = SURFACE_CURVE('',#7679,(#7684,#7691),.PCURVE_S1.);
#7679 = CIRCLE('',#7680,1.9);
#7680 = AXIS2_PLACEMENT_3D('',#7681,#7682,#7683);
#7681 = CARTESIAN_POINT('',(-2.5,-7.,1.8));
#7682 = DIRECTION('',(0.,0.,1.));
#7683 = DIRECTION('',(1.,0.,-0.));
#7684 = PCURVE('',#3348,#7685);
#7685 = DEFINITIONAL_REPRESENTATION('',(#7686),#7690);
#7686 = CIRCLE('',#7687,1.9);
#7687 = AXIS2_PLACEMENT_2D('',#7688,#7689);
#7688 = CARTESIAN_POINT('',(-2.499999998575,-6.999999983617));
#7689 = DIRECTION('',(1.,0.));
#7690 = ( GEOMETRIC_REPRESENTATION_CONTEXT(2) 
PARAMETRIC_REPRESENTATION_CONTEXT() REPRESENTATION_CONTEXT('2D SPACE',''
  ) );
#7691 = PCURVE('',#7692,#7697);
#7692 = CYLINDRICAL_SURFACE('',#7693,1.9);
#7693 = AXIS2_PLACEMENT_3D('',#7694,#7695,#7696);
#7694 = CARTESIAN_POINT('',(-2.5,-7.,1.68));
#7695 = DIRECTION('',(0.,0.,1.));
#7696 = DIRECTION('',(1.,0.,-0.));
#7697 = DEFINITIONAL_REPRESENTATION('',(#7698),#7702);
#7698 = LINE('',#7699,#7700);
#7699 = CARTESIAN_POINT('',(0.,0.12));
#7700 = VECTOR('',#7701,1.);
#7701 = DIRECTION('',(1.,0.));
#7702 = ( GEOMETRIC_REPRESENTATION_CONTEXT(2) 
PARAMETRIC_REPRESENTATION_CONTEXT() REPRESENTATION_CONTEXT('2D SPACE',''
  ) );
#7703 = ORIENTED_EDGE('',*,*,#7704,.F.);
#7704 = EDGE_CURVE('',#7705,#7676,#7707,.T.);
#7705 = VERTEX_POINT('',#7706);
#7706 = CARTESIAN_POINT('',(-2.779056656272,-5.120604516716,1.8));
#7707 = SURFACE_CURVE('',#7708,(#7713,#7720),.PCURVE_S1.);
#7708 = CIRCLE('',#7709,1.9);
#7709 = AXIS2_PLACEMENT_3D('',#7710,#7711,#7712);
#7710 = CARTESIAN_POINT('',(-2.5,-7.,1.8));
#7711 = DIRECTION('',(0.,0.,1.));
#7712 = DIRECTION('',(1.,0.,-0.));
#7713 = PCURVE('',#3348,#7714);
#7714 = DEFINITIONAL_REPRESENTATION('',(#7715),#7719);
#7715 = CIRCLE('',#7716,1.9);
#7716 = AXIS2_PLACEMENT_2D('',#7717,#7718);
#7717 = CARTESIAN_POINT('',(-2.499999998575,-6.999999983617));
#7718 = DIRECTION('',(1.,0.));
#7719 = ( GEOMETRIC_REPRESENTATION_CONTEXT(2) 
PARAMETRIC_REPRESENTATION_CONTEXT() REPRESENTATION_CONTEXT('2D SPACE',''
  ) );
#7720 = PCURVE('',#7692,#7721);
#7721 = DEFINITIONAL_REPRESENTATION('',(#7722),#7726);
#7722 = LINE('',#7723,#7724);
#7723 = CARTESIAN_POINT('',(0.,0.12));
#7724 = VECTOR('',#7725,1.);
#7725 = DIRECTION('',(1.,0.));
#7726 = ( GEOMETRIC_REPRESENTATION_CONTEXT(2) 
PARAMETRIC_REPRESENTATION_CONTEXT() REPRESENTATION_CONTEXT('2D SPACE',''
  ) );
#7727 = ORIENTED_EDGE('',*,*,#7728,.T.);
#7728 = EDGE_CURVE('',#7705,#7729,#7731,.T.);
#7729 = VERTEX_POINT('',#7730);
#7730 = CARTESIAN_POINT('',(-5.25,-1.850000026803,1.8));
#7731 = SURFACE_CURVE('',#7732,(#7737,#7748),.PCURVE_S1.);
#7732 = CIRCLE('',#7733,3.4);
#7733 = AXIS2_PLACEMENT_3D('',#7734,#7735,#7736);
#7734 = CARTESIAN_POINT('',(-1.85,-1.850000026803,1.8));
#7735 = DIRECTION('',(0.,0.,-1.));
#7736 = DIRECTION('',(-1.,0.,0.));
#7737 = PCURVE('',#3348,#7738);
#7738 = DEFINITIONAL_REPRESENTATION('',(#7739),#7747);
#7739 = ( BOUNDED_CURVE() B_SPLINE_CURVE(2,(#7740,#7741,#7742,#7743,
#7744,#7745,#7746),.UNSPECIFIED.,.T.,.F.) B_SPLINE_CURVE_WITH_KNOTS((1,2
    ,2,2,2,1),(-2.094395102393,0.,2.094395102393,4.188790204786,
6.28318530718,8.377580409573),.UNSPECIFIED.) CURVE() 
GEOMETRIC_REPRESENTATION_ITEM() RATIONAL_B_SPLINE_CURVE((1.,0.5,1.,0.5,
1.,0.5,1.)) REPRESENTATION_ITEM('') );
#7740 = CARTESIAN_POINT('',(-5.249999998575,-1.85000001042));
#7741 = CARTESIAN_POINT('',(-5.249999998575,4.038972735314));
#7742 = CARTESIAN_POINT('',(-0.149999998575,1.094486362447));
#7743 = CARTESIAN_POINT('',(4.950000001425,-1.85000001042));
#7744 = CARTESIAN_POINT('',(-0.149999998575,-4.794486383287));
#7745 = CARTESIAN_POINT('',(-5.249999998575,-7.738972756154));
#7746 = CARTESIAN_POINT('',(-5.249999998575,-1.85000001042));
#7747 = ( GEOMETRIC_REPRESENTATION_CONTEXT(2) 
PARAMETRIC_REPRESENTATION_CONTEXT() REPRESENTATION_CONTEXT('2D SPACE',''
  ) );
#7748 = PCURVE('',#7749,#7754);
#7749 = CYLINDRICAL_SURFACE('',#7750,3.4);
#7750 = AXIS2_PLACEMENT_3D('',#7751,#7752,#7753);
#7751 = CARTESIAN_POINT('',(-1.85,-1.850000026803,0.35));
#7752 = DIRECTION('',(0.,0.,-1.));
#7753 = DIRECTION('',(-1.,0.,0.));
#7754 = DEFINITIONAL_REPRESENTATION('',(#7755),#7759);
#7755 = LINE('',#7756,#7757);
#7756 = CARTESIAN_POINT('',(0.,-1.45));
#7757 = VECTOR('',#7758,1.);
#7758 = DIRECTION('',(1.,0.));
#7759 = ( GEOMETRIC_REPRESENTATION_CONTEXT(2) 
PARAMETRIC_REPRESENTATION_CONTEXT() REPRESENTATION_CONTEXT('2D SPACE',''
  ) );
#7760 = ORIENTED_EDGE('',*,*,#7761,.F.);
#7761 = EDGE_CURVE('',#7762,#7729,#7764,.T.);
#7762 = VERTEX_POINT('',#7763);
#7763 = CARTESIAN_POINT('',(-5.25,1.849999952501,1.8));
#7764 = SURFACE_CURVE('',#7765,(#7769,#7775),.PCURVE_S1.);
#7765 = LINE('',#7766,#7767);
#7766 = CARTESIAN_POINT('',(-5.25,-0.925000021593,1.8));
#7767 = VECTOR('',#7768,1.);
#7768 = DIRECTION('',(0.,-1.,0.));
#7769 = PCURVE('',#3348,#7770);
#7770 = DEFINITIONAL_REPRESENTATION('',(#7771),#7774);
#7771 = B_SPLINE_CURVE_WITH_KNOTS('',1,(#7772,#7773),.UNSPECIFIED.,.F.,
  .F.,(2,2),(-2.774999974094,0.92500000521),.PIECEWISE_BEZIER_KNOTS.);
#7772 = CARTESIAN_POINT('',(-5.249999998575,1.849999968885));
#7773 = CARTESIAN_POINT('',(-5.249999998575,-1.85000001042));
#7774 = ( GEOMETRIC_REPRESENTATION_CONTEXT(2) 
PARAMETRIC_REPRESENTATION_CONTEXT() REPRESENTATION_CONTEXT('2D SPACE',''
  ) );
#7775 = PCURVE('',#7776,#7781);
#7776 = PLANE('',#7777);
#7777 = AXIS2_PLACEMENT_3D('',#7778,#7779,#7780);
#7778 = CARTESIAN_POINT('',(-5.25,-1.850000026803,0.35));
#7779 = DIRECTION('',(-1.,0.,0.));
#7780 = DIRECTION('',(0.,1.,0.));
#7781 = DEFINITIONAL_REPRESENTATION('',(#7782),#7785);
#7782 = B_SPLINE_CURVE_WITH_KNOTS('',1,(#7783,#7784),.UNSPECIFIED.,.F.,
  .F.,(2,2),(-2.774999974094,0.92500000521),.PIECEWISE_BEZIER_KNOTS.);
#7783 = CARTESIAN_POINT('',(3.699999979304,-1.45));
#7784 = CARTESIAN_POINT('',(-6.661338147751E-16,-1.45));
#7785 = ( GEOMETRIC_REPRESENTATION_CONTEXT(2) 
PARAMETRIC_REPRESENTATION_CONTEXT() REPRESENTATION_CONTEXT('2D SPACE',''
  ) );
#7786 = ORIENTED_EDGE('',*,*,#7787,.T.);
#7787 = EDGE_CURVE('',#7762,#7788,#7790,.T.);
#7788 = VERTEX_POINT('',#7789);
#7789 = CARTESIAN_POINT('',(-2.779056484494,5.12060449121,1.8));
#7790 = SURFACE_CURVE('',#7791,(#7796,#7807),.PCURVE_S1.);
#7791 = CIRCLE('',#7792,3.4);
#7792 = AXIS2_PLACEMENT_3D('',#7793,#7794,#7795);
#7793 = CARTESIAN_POINT('',(-1.85,1.849999952501,1.8));
#7794 = DIRECTION('',(0.,0.,-1.));
#7795 = DIRECTION('',(-1.,0.,0.));
#7796 = PCURVE('',#3348,#7797);
#7797 = DEFINITIONAL_REPRESENTATION('',(#7798),#7806);
#7798 = ( BOUNDED_CURVE() B_SPLINE_CURVE(2,(#7799,#7800,#7801,#7802,
#7803,#7804,#7805),.UNSPECIFIED.,.T.,.F.) B_SPLINE_CURVE_WITH_KNOTS((1,2
    ,2,2,2,1),(-2.094395102393,0.,2.094395102393,4.188790204786,
6.28318530718,8.377580409573),.UNSPECIFIED.) CURVE() 
GEOMETRIC_REPRESENTATION_ITEM() RATIONAL_B_SPLINE_CURVE((1.,0.5,1.,0.5,
1.,0.5,1.)) REPRESENTATION_ITEM('') );
#7799 = CARTESIAN_POINT('',(-5.249999998575,1.849999968885));
#7800 = CARTESIAN_POINT('',(-5.249999998575,7.738972714619));
#7801 = CARTESIAN_POINT('',(-0.149999998575,4.794486341752));
#7802 = CARTESIAN_POINT('',(4.950000001425,1.849999968885));
#7803 = CARTESIAN_POINT('',(-0.149999998575,-1.094486403983));
#7804 = CARTESIAN_POINT('',(-5.249999998575,-4.03897277685));
#7805 = CARTESIAN_POINT('',(-5.249999998575,1.849999968885));
#7806 = ( GEOMETRIC_REPRESENTATION_CONTEXT(2) 
PARAMETRIC_REPRESENTATION_CONTEXT() REPRESENTATION_CONTEXT('2D SPACE',''
  ) );
#7807 = PCURVE('',#7808,#7813);
#7808 = CYLINDRICAL_SURFACE('',#7809,3.4);
#7809 = AXIS2_PLACEMENT_3D('',#7810,#7811,#7812);
#7810 = CARTESIAN_POINT('',(-1.85,1.849999952501,0.35));
#7811 = DIRECTION('',(0.,0.,-1.));
#7812 = DIRECTION('',(-1.,0.,0.));
#7813 = DEFINITIONAL_REPRESENTATION('',(#7814),#7818);
#7814 = LINE('',#7815,#7816);
#7815 = CARTESIAN_POINT('',(0.,-1.45));
#7816 = VECTOR('',#7817,1.);
#7817 = DIRECTION('',(1.,0.));
#7818 = ( GEOMETRIC_REPRESENTATION_CONTEXT(2) 
PARAMETRIC_REPRESENTATION_CONTEXT() REPRESENTATION_CONTEXT('2D SPACE',''
  ) );
#7819 = ORIENTED_EDGE('',*,*,#7820,.F.);
#7820 = EDGE_CURVE('',#7821,#7788,#7823,.T.);
#7821 = VERTEX_POINT('',#7822);
#7822 = CARTESIAN_POINT('',(-0.6,7.,1.8));
#7823 = SURFACE_CURVE('',#7824,(#7829,#7836),.PCURVE_S1.);
#7824 = CIRCLE('',#7825,1.9);
#7825 = AXIS2_PLACEMENT_3D('',#7826,#7827,#7828);
#7826 = CARTESIAN_POINT('',(-2.5,7.,1.8));
#7827 = DIRECTION('',(0.,0.,1.));
#7828 = DIRECTION('',(1.,0.,-0.));
#7829 = PCURVE('',#3348,#7830);
#7830 = DEFINITIONAL_REPRESENTATION('',(#7831),#7835);
#7831 = CIRCLE('',#7832,1.9);
#7832 = AXIS2_PLACEMENT_2D('',#7833,#7834);
#7833 = CARTESIAN_POINT('',(-2.499999998575,7.000000016383));
#7834 = DIRECTION('',(1.,0.));
#7835 = ( GEOMETRIC_REPRESENTATION_CONTEXT(2) 
PARAMETRIC_REPRESENTATION_CONTEXT() REPRESENTATION_CONTEXT('2D SPACE',''
  ) );
#7836 = PCURVE('',#7837,#7842);
#7837 = CYLINDRICAL_SURFACE('',#7838,1.9);
#7838 = AXIS2_PLACEMENT_3D('',#7839,#7840,#7841);
#7839 = CARTESIAN_POINT('',(-2.5,7.,1.68));
#7840 = DIRECTION('',(0.,0.,1.));
#7841 = DIRECTION('',(1.,0.,-0.));
#7842 = DEFINITIONAL_REPRESENTATION('',(#7843),#7847);
#7843 = LINE('',#7844,#7845);
#7844 = CARTESIAN_POINT('',(0.,0.12));
#7845 = VECTOR('',#7846,1.);
#7846 = DIRECTION('',(1.,0.));
#7847 = ( GEOMETRIC_REPRESENTATION_CONTEXT(2) 
PARAMETRIC_REPRESENTATION_CONTEXT() REPRESENTATION_CONTEXT('2D SPACE',''
  ) );
#7848 = ORIENTED_EDGE('',*,*,#7849,.F.);
#7849 = EDGE_CURVE('',#7850,#7821,#7852,.T.);
#7850 = VERTEX_POINT('',#7851);
#7851 = CARTESIAN_POINT('',(-1.760067507261,5.250000026803,1.8));
#7852 = SURFACE_CURVE('',#7853,(#7858,#7865),.PCURVE_S1.);
#7853 = CIRCLE('',#7854,1.9);
#7854 = AXIS2_PLACEMENT_3D('',#7855,#7856,#7857);
#7855 = CARTESIAN_POINT('',(-2.5,7.,1.8));
#7856 = DIRECTION('',(0.,0.,1.));
#7857 = DIRECTION('',(1.,0.,-0.));
#7858 = PCURVE('',#3348,#7859);
#7859 = DEFINITIONAL_REPRESENTATION('',(#7860),#7864);
#7860 = CIRCLE('',#7861,1.9);
#7861 = AXIS2_PLACEMENT_2D('',#7862,#7863);
#7862 = CARTESIAN_POINT('',(-2.499999998575,7.000000016383));
#7863 = DIRECTION('',(1.,0.));
#7864 = ( GEOMETRIC_REPRESENTATION_CONTEXT(2) 
PARAMETRIC_REPRESENTATION_CONTEXT() REPRESENTATION_CONTEXT('2D SPACE',''
  ) );
#7865 = PCURVE('',#7837,#7866);
#7866 = DEFINITIONAL_REPRESENTATION('',(#7867),#7871);
#7867 = LINE('',#7868,#7869);
#7868 = CARTESIAN_POINT('',(0.,0.12));
#7869 = VECTOR('',#7870,1.);
#7870 = DIRECTION('',(1.,0.));
#7871 = ( GEOMETRIC_REPRESENTATION_CONTEXT(2) 
PARAMETRIC_REPRESENTATION_CONTEXT() REPRESENTATION_CONTEXT('2D SPACE',''
  ) );
#7872 = ORIENTED_EDGE('',*,*,#7873,.F.);
#7873 = EDGE_CURVE('',#7874,#7850,#7876,.T.);
#7874 = VERTEX_POINT('',#7875);
#7875 = CARTESIAN_POINT('',(1.85,5.249999989652,1.8));
#7876 = SURFACE_CURVE('',#7877,(#7881,#7887),.PCURVE_S1.);
#7877 = LINE('',#7878,#7879);
#7878 = CARTESIAN_POINT('',(-0.925000000713,5.250000026803,1.8));
#7879 = VECTOR('',#7880,1.);
#7880 = DIRECTION('',(-1.,0.,0.));
#7881 = PCURVE('',#3348,#7882);
#7882 = DEFINITIONAL_REPRESENTATION('',(#7883),#7886);
#7883 = B_SPLINE_CURVE_WITH_KNOTS('',1,(#7884,#7885),.UNSPECIFIED.,.F.,
  .F.,(2,2),(-2.775000000713,0.924999999287),.PIECEWISE_BEZIER_KNOTS.);
#7884 = CARTESIAN_POINT('',(1.850000001425,5.250000043186));
#7885 = CARTESIAN_POINT('',(-1.849999998575,5.250000043186));
#7886 = ( GEOMETRIC_REPRESENTATION_CONTEXT(2) 
PARAMETRIC_REPRESENTATION_CONTEXT() REPRESENTATION_CONTEXT('2D SPACE',''
  ) );
#7887 = PCURVE('',#7888,#7893);
#7888 = PLANE('',#7889);
#7889 = AXIS2_PLACEMENT_3D('',#7890,#7891,#7892);
#7890 = CARTESIAN_POINT('',(-1.85,5.250000026803,0.35));
#7891 = DIRECTION('',(0.,1.,0.));
#7892 = DIRECTION('',(1.,0.,0.));
#7893 = DEFINITIONAL_REPRESENTATION('',(#7894),#7897);
#7894 = B_SPLINE_CURVE_WITH_KNOTS('',1,(#7895,#7896),.UNSPECIFIED.,.F.,
  .F.,(2,2),(-2.775000000713,0.924999999287),.PIECEWISE_BEZIER_KNOTS.);
#7895 = CARTESIAN_POINT('',(3.7,-1.45));
#7896 = CARTESIAN_POINT('',(0.,-1.45));
#7897 = ( GEOMETRIC_REPRESENTATION_CONTEXT(2) 
PARAMETRIC_REPRESENTATION_CONTEXT() REPRESENTATION_CONTEXT('2D SPACE',''
  ) );
#7898 = ORIENTED_EDGE('',*,*,#7899,.T.);
#7899 = EDGE_CURVE('',#7874,#7900,#7902,.T.);
#7900 = VERTEX_POINT('',#7901);
#7901 = CARTESIAN_POINT('',(4.9,3.352497872633,1.8));
#7902 = SURFACE_CURVE('',#7903,(#7908,#7919),.PCURVE_S1.);
#7903 = CIRCLE('',#7904,3.4);
#7904 = AXIS2_PLACEMENT_3D('',#7905,#7906,#7907);
#7905 = CARTESIAN_POINT('',(1.85,1.849999952501,1.8));
#7906 = DIRECTION('',(0.,0.,-1.));
#7907 = DIRECTION('',(-1.,0.,0.));
#7908 = PCURVE('',#3348,#7909);
#7909 = DEFINITIONAL_REPRESENTATION('',(#7910),#7918);
#7910 = ( BOUNDED_CURVE() B_SPLINE_CURVE(2,(#7911,#7912,#7913,#7914,
#7915,#7916,#7917),.UNSPECIFIED.,.T.,.F.) B_SPLINE_CURVE_WITH_KNOTS((1,2
    ,2,2,2,1),(-2.094395102393,0.,2.094395102393,4.188790204786,
6.28318530718,8.377580409573),.UNSPECIFIED.) CURVE() 
GEOMETRIC_REPRESENTATION_ITEM() RATIONAL_B_SPLINE_CURVE((1.,0.5,1.,0.5,
1.,0.5,1.)) REPRESENTATION_ITEM('') );
#7911 = CARTESIAN_POINT('',(-1.549999998575,1.849999968885));
#7912 = CARTESIAN_POINT('',(-1.549999998575,7.738972714619));
#7913 = CARTESIAN_POINT('',(3.550000001425,4.794486341752));
#7914 = CARTESIAN_POINT('',(8.650000001425,1.849999968885));
#7915 = CARTESIAN_POINT('',(3.550000001425,-1.094486403983));
#7916 = CARTESIAN_POINT('',(-1.549999998575,-4.03897277685));
#7917 = CARTESIAN_POINT('',(-1.549999998575,1.849999968885));
#7918 = ( GEOMETRIC_REPRESENTATION_CONTEXT(2) 
PARAMETRIC_REPRESENTATION_CONTEXT() REPRESENTATION_CONTEXT('2D SPACE',''
  ) );
#7919 = PCURVE('',#7920,#7925);
#7920 = CYLINDRICAL_SURFACE('',#7921,3.4);
#7921 = AXIS2_PLACEMENT_3D('',#7922,#7923,#7924);
#7922 = CARTESIAN_POINT('',(1.85,1.849999952501,0.35));
#7923 = DIRECTION('',(0.,0.,-1.));
#7924 = DIRECTION('',(-1.,0.,0.));
#7925 = DEFINITIONAL_REPRESENTATION('',(#7926),#7930);
#7926 = LINE('',#7927,#7928);
#7927 = CARTESIAN_POINT('',(0.,-1.45));
#7928 = VECTOR('',#7929,1.);
#7929 = DIRECTION('',(1.,0.));
#7930 = ( GEOMETRIC_REPRESENTATION_CONTEXT(2) 
PARAMETRIC_REPRESENTATION_CONTEXT() REPRESENTATION_CONTEXT('2D SPACE',''
  ) );
#7931 = ORIENTED_EDGE('',*,*,#7932,.T.);
#7932 = EDGE_CURVE('',#7900,#7933,#7935,.T.);
#7933 = VERTEX_POINT('',#7934);
#7934 = CARTESIAN_POINT('',(4.9,11.6,1.8));
#7935 = SURFACE_CURVE('',#7936,(#7940,#7946),.PCURVE_S1.);
#7936 = LINE('',#7937,#7938);
#7937 = CARTESIAN_POINT('',(4.9,-5.800000008192,1.8));
#7938 = VECTOR('',#7939,1.);
#7939 = DIRECTION('',(-0.,1.,0.));
#7940 = PCURVE('',#3348,#7941);
#7941 = DEFINITIONAL_REPRESENTATION('',(#7942),#7945);
#7942 = B_SPLINE_CURVE_WITH_KNOTS('',1,(#7943,#7944),.UNSPECIFIED.,.F.,
  .F.,(2,2),(-5.799999991808,17.400000008192),.PIECEWISE_BEZIER_KNOTS.);
#7943 = CARTESIAN_POINT('',(4.900000001425,-11.59999998361));
#7944 = CARTESIAN_POINT('',(4.900000001425,11.600000016383));
#7945 = ( GEOMETRIC_REPRESENTATION_CONTEXT(2) 
PARAMETRIC_REPRESENTATION_CONTEXT() REPRESENTATION_CONTEXT('2D SPACE',''
  ) );
#7946 = PCURVE('',#7605,#7947);
#7947 = DEFINITIONAL_REPRESENTATION('',(#7948),#7951);
#7948 = B_SPLINE_CURVE_WITH_KNOTS('',1,(#7949,#7950),.UNSPECIFIED.,.F.,
  .F.,(2,2),(-5.799999991808,17.400000008192),.PIECEWISE_BEZIER_KNOTS.);
#7949 = CARTESIAN_POINT('',(0.15,0.));
#7950 = CARTESIAN_POINT('',(0.15,-23.2));
#7951 = ( GEOMETRIC_REPRESENTATION_CONTEXT(2) 
PARAMETRIC_REPRESENTATION_CONTEXT() REPRESENTATION_CONTEXT('2D SPACE',''
  ) );
#7952 = ORIENTED_EDGE('',*,*,#7953,.F.);
#7953 = EDGE_CURVE('',#7954,#7933,#7956,.T.);
#7954 = VERTEX_POINT('',#7955);
#7955 = CARTESIAN_POINT('',(6.,11.6,1.8));
#7956 = SURFACE_CURVE('',#7957,(#7961,#7967),.PCURVE_S1.);
#7957 = LINE('',#7958,#7959);
#7958 = CARTESIAN_POINT('',(2.449999999287,11.6,1.8));
#7959 = VECTOR('',#7960,1.);
#7960 = DIRECTION('',(-1.,-0.,0.));
#7961 = PCURVE('',#3348,#7962);
#7962 = DEFINITIONAL_REPRESENTATION('',(#7963),#7966);
#7963 = B_SPLINE_CURVE_WITH_KNOTS('',1,(#7964,#7965),.UNSPECIFIED.,.F.,
  .F.,(2,2),(-3.650000000713,-2.450000000713),.PIECEWISE_BEZIER_KNOTS.);
#7964 = CARTESIAN_POINT('',(6.100000001425,11.600000016383));
#7965 = CARTESIAN_POINT('',(4.900000001425,11.600000016383));
#7966 = ( GEOMETRIC_REPRESENTATION_CONTEXT(2) 
PARAMETRIC_REPRESENTATION_CONTEXT() REPRESENTATION_CONTEXT('2D SPACE',''
  ) );
#7967 = PCURVE('',#7968,#7973);
#7968 = PLANE('',#7969);
#7969 = AXIS2_PLACEMENT_3D('',#7970,#7971,#7972);
#7970 = CARTESIAN_POINT('',(4.9,11.6,1.65));
#7971 = DIRECTION('',(-0.,1.,0.));
#7972 = DIRECTION('',(0.,0.,1.));
#7973 = DEFINITIONAL_REPRESENTATION('',(#7974),#7977);
#7974 = B_SPLINE_CURVE_WITH_KNOTS('',1,(#7975,#7976),.UNSPECIFIED.,.F.,
  .F.,(2,2),(-3.650000000713,-2.450000000713),.PIECEWISE_BEZIER_KNOTS.);
#7975 = CARTESIAN_POINT('',(0.15,1.2));
#7976 = CARTESIAN_POINT('',(0.15,0.));
#7977 = ( GEOMETRIC_REPRESENTATION_CONTEXT(2) 
PARAMETRIC_REPRESENTATION_CONTEXT() REPRESENTATION_CONTEXT('2D SPACE',''
  ) );
#7978 = ORIENTED_EDGE('',*,*,#7979,.T.);
#7979 = EDGE_CURVE('',#7954,#7980,#7982,.T.);
#7980 = VERTEX_POINT('',#7981);
#7981 = CARTESIAN_POINT('',(6.,12.7,1.8));
#7982 = SURFACE_CURVE('',#7983,(#7987,#7993),.PCURVE_S1.);
#7983 = LINE('',#7984,#7985);
#7984 = CARTESIAN_POINT('',(6.,5.749999991808,1.8));
#7985 = VECTOR('',#7986,1.);
#7986 = DIRECTION('',(-0.,1.,0.));
#7987 = PCURVE('',#3348,#7988);
#7988 = DEFINITIONAL_REPRESENTATION('',(#7989),#7992);
#7989 = B_SPLINE_CURVE_WITH_KNOTS('',1,(#7990,#7991),.UNSPECIFIED.,.F.,
  .F.,(2,2),(5.750000008192,6.950000008192),.PIECEWISE_BEZIER_KNOTS.);
#7990 = CARTESIAN_POINT('',(6.000000001425,11.500000016383));
#7991 = CARTESIAN_POINT('',(6.000000001425,12.700000016383));
#7992 = ( GEOMETRIC_REPRESENTATION_CONTEXT(2) 
PARAMETRIC_REPRESENTATION_CONTEXT() REPRESENTATION_CONTEXT('2D SPACE',''
  ) );
#7993 = PCURVE('',#7994,#7999);
#7994 = PLANE('',#7995);
#7995 = AXIS2_PLACEMENT_3D('',#7996,#7997,#7998);
#7996 = CARTESIAN_POINT('',(6.,11.5,1.65));
#7997 = DIRECTION('',(1.,0.,-0.));
#7998 = DIRECTION('',(0.,0.,1.));
#7999 = DEFINITIONAL_REPRESENTATION('',(#8000),#8003);
#8000 = B_SPLINE_CURVE_WITH_KNOTS('',1,(#8001,#8002),.UNSPECIFIED.,.F.,
  .F.,(2,2),(5.750000008192,6.950000008192),.PIECEWISE_BEZIER_KNOTS.);
#8001 = CARTESIAN_POINT('',(0.15,0.));
#8002 = CARTESIAN_POINT('',(0.15,-1.2));
#8003 = ( GEOMETRIC_REPRESENTATION_CONTEXT(2) 
PARAMETRIC_REPRESENTATION_CONTEXT() REPRESENTATION_CONTEXT('2D SPACE',''
  ) );
#8004 = ORIENTED_EDGE('',*,*,#8005,.F.);
#8005 = EDGE_CURVE('',#8006,#7980,#8008,.T.);
#8006 = VERTEX_POINT('',#8007);
#8007 = CARTESIAN_POINT('',(20.4,12.7,1.8));
#8008 = SURFACE_CURVE('',#8009,(#8013,#8019),.PCURVE_S1.);
#8009 = LINE('',#8010,#8011);
#8010 = CARTESIAN_POINT('',(2.999999999287,12.7,1.8));
#8011 = VECTOR('',#8012,1.);
#8012 = DIRECTION('',(-1.,-0.,0.));
#8013 = PCURVE('',#3348,#8014);
#8014 = DEFINITIONAL_REPRESENTATION('',(#8015),#8018);
#8015 = B_SPLINE_CURVE_WITH_KNOTS('',1,(#8016,#8017),.UNSPECIFIED.,.F.,
  .F.,(2,2),(-17.40000000071,-3.000000000713),.PIECEWISE_BEZIER_KNOTS.);
#8016 = CARTESIAN_POINT('',(20.400000001425,12.700000016383));
#8017 = CARTESIAN_POINT('',(6.000000001425,12.700000016383));
#8018 = ( GEOMETRIC_REPRESENTATION_CONTEXT(2) 
PARAMETRIC_REPRESENTATION_CONTEXT() REPRESENTATION_CONTEXT('2D SPACE',''
  ) );
#8019 = PCURVE('',#8020,#8025);
#8020 = PLANE('',#8021);
#8021 = AXIS2_PLACEMENT_3D('',#8022,#8023,#8024);
#8022 = CARTESIAN_POINT('',(6.,12.7,1.65));
#8023 = DIRECTION('',(-0.,1.,0.));
#8024 = DIRECTION('',(0.,0.,1.));
#8025 = DEFINITIONAL_REPRESENTATION('',(#8026),#8029);
#8026 = B_SPLINE_CURVE_WITH_KNOTS('',1,(#8027,#8028),.UNSPECIFIED.,.F.,
  .F.,(2,2),(-17.40000000071,-3.000000000713),.PIECEWISE_BEZIER_KNOTS.);
#8027 = CARTESIAN_POINT('',(0.15,14.4));
#8028 = CARTESIAN_POINT('',(0.15,0.));
#8029 = ( GEOMETRIC_REPRESENTATION_CONTEXT(2) 
PARAMETRIC_REPRESENTATION_CONTEXT() REPRESENTATION_CONTEXT('2D SPACE',''
  ) );
#8030 = ORIENTED_EDGE('',*,*,#8031,.F.);
#8031 = EDGE_CURVE('',#8032,#8006,#8034,.T.);
#8032 = VERTEX_POINT('',#8033);
#8033 = CARTESIAN_POINT('',(20.4,11.6,1.8));
#8034 = SURFACE_CURVE('',#8035,(#8039,#8045),.PCURVE_S1.);
#8035 = LINE('',#8036,#8037);
#8036 = CARTESIAN_POINT('',(20.4,5.749999991808,1.8));
#8037 = VECTOR('',#8038,1.);
#8038 = DIRECTION('',(-0.,1.,0.));
#8039 = PCURVE('',#3348,#8040);
#8040 = DEFINITIONAL_REPRESENTATION('',(#8041),#8044);
#8041 = B_SPLINE_CURVE_WITH_KNOTS('',1,(#8042,#8043),.UNSPECIFIED.,.F.,
  .F.,(2,2),(5.750000008192,6.950000008192),.PIECEWISE_BEZIER_KNOTS.);
#8042 = CARTESIAN_POINT('',(20.400000001425,11.500000016383));
#8043 = CARTESIAN_POINT('',(20.400000001425,12.700000016383));
#8044 = ( GEOMETRIC_REPRESENTATION_CONTEXT(2) 
PARAMETRIC_REPRESENTATION_CONTEXT() REPRESENTATION_CONTEXT('2D SPACE',''
  ) );
#8045 = PCURVE('',#8046,#8051);
#8046 = PLANE('',#8047);
#8047 = AXIS2_PLACEMENT_3D('',#8048,#8049,#8050);
#8048 = CARTESIAN_POINT('',(20.4,11.5,1.65));
#8049 = DIRECTION('',(1.,0.,-0.));
#8050 = DIRECTION('',(0.,0.,1.));
#8051 = DEFINITIONAL_REPRESENTATION('',(#8052),#8055);
#8052 = B_SPLINE_CURVE_WITH_KNOTS('',1,(#8053,#8054),.UNSPECIFIED.,.F.,
  .F.,(2,2),(5.750000008192,6.950000008192),.PIECEWISE_BEZIER_KNOTS.);
#8053 = CARTESIAN_POINT('',(0.15,0.));
#8054 = CARTESIAN_POINT('',(0.15,-1.2));
#8055 = ( GEOMETRIC_REPRESENTATION_CONTEXT(2) 
PARAMETRIC_REPRESENTATION_CONTEXT() REPRESENTATION_CONTEXT('2D SPACE',''
  ) );
#8056 = ORIENTED_EDGE('',*,*,#8057,.F.);
#8057 = EDGE_CURVE('',#7209,#8032,#8058,.T.);
#8058 = SURFACE_CURVE('',#8059,(#8063,#8069),.PCURVE_S1.);
#8059 = LINE('',#8060,#8061);
#8060 = CARTESIAN_POINT('',(10.149999999287,11.6,1.8));
#8061 = VECTOR('',#8062,1.);
#8062 = DIRECTION('',(-1.,-0.,0.));
#8063 = PCURVE('',#3348,#8064);
#8064 = DEFINITIONAL_REPRESENTATION('',(#8065),#8068);
#8065 = B_SPLINE_CURVE_WITH_KNOTS('',1,(#8066,#8067),.UNSPECIFIED.,.F.,
  .F.,(2,2),(-11.05000000071,-10.15000000071),.PIECEWISE_BEZIER_KNOTS.);
#8066 = CARTESIAN_POINT('',(21.200000001425,11.600000016383));
#8067 = CARTESIAN_POINT('',(20.300000001425,11.600000016383));
#8068 = ( GEOMETRIC_REPRESENTATION_CONTEXT(2) 
PARAMETRIC_REPRESENTATION_CONTEXT() REPRESENTATION_CONTEXT('2D SPACE',''
  ) );
#8069 = PCURVE('',#7300,#8070);
#8070 = DEFINITIONAL_REPRESENTATION('',(#8071),#8074);
#8071 = B_SPLINE_CURVE_WITH_KNOTS('',1,(#8072,#8073),.UNSPECIFIED.,.F.,
  .F.,(2,2),(-11.05000000071,-10.15000000071),.PIECEWISE_BEZIER_KNOTS.);
#8072 = CARTESIAN_POINT('',(0.15,0.9));
#8073 = CARTESIAN_POINT('',(0.15,0.));
#8074 = ( GEOMETRIC_REPRESENTATION_CONTEXT(2) 
PARAMETRIC_REPRESENTATION_CONTEXT() REPRESENTATION_CONTEXT('2D SPACE',''
  ) );
#8075 = ORIENTED_EDGE('',*,*,#7206,.F.);
#8076 = ORIENTED_EDGE('',*,*,#7314,.F.);
#8077 = ORIENTED_EDGE('',*,*,#7363,.F.);
#8078 = FACE_BOUND('',#8079,.T.);
#8079 = EDGE_LOOP('',(#8080));
#8080 = ORIENTED_EDGE('',*,*,#8081,.F.);
#8081 = EDGE_CURVE('',#8082,#8082,#8084,.T.);
#8082 = VERTEX_POINT('',#8083);
#8083 = CARTESIAN_POINT('',(-12.4,-15.5,1.8));
#8084 = SURFACE_CURVE('',#8085,(#8090,#8097),.PCURVE_S1.);
#8085 = CIRCLE('',#8086,2.6);
#8086 = AXIS2_PLACEMENT_3D('',#8087,#8088,#8089);
#8087 = CARTESIAN_POINT('',(-15.,-15.5,1.8));
#8088 = DIRECTION('',(0.,0.,1.));
#8089 = DIRECTION('',(1.,0.,-0.));
#8090 = PCURVE('',#3348,#8091);
#8091 = DEFINITIONAL_REPRESENTATION('',(#8092),#8096);
#8092 = CIRCLE('',#8093,2.6);
#8093 = AXIS2_PLACEMENT_2D('',#8094,#8095);
#8094 = CARTESIAN_POINT('',(-14.99999999857,-15.49999998361));
#8095 = DIRECTION('',(1.,0.));
#8096 = ( GEOMETRIC_REPRESENTATION_CONTEXT(2) 
PARAMETRIC_REPRESENTATION_CONTEXT() REPRESENTATION_CONTEXT('2D SPACE',''
  ) );
#8097 = PCURVE('',#8098,#8103);
#8098 = CYLINDRICAL_SURFACE('',#8099,2.6);
#8099 = AXIS2_PLACEMENT_3D('',#8100,#8101,#8102);
#8100 = CARTESIAN_POINT('',(-15.,-15.5,1.65));
#8101 = DIRECTION('',(0.,0.,1.));
#8102 = DIRECTION('',(1.,0.,-0.));
#8103 = DEFINITIONAL_REPRESENTATION('',(#8104),#8108);
#8104 = LINE('',#8105,#8106);
#8105 = CARTESIAN_POINT('',(0.,0.15));
#8106 = VECTOR('',#8107,1.);
#8107 = DIRECTION('',(1.,0.));
#8108 = ( GEOMETRIC_REPRESENTATION_CONTEXT(2) 
PARAMETRIC_REPRESENTATION_CONTEXT() REPRESENTATION_CONTEXT('2D SPACE',''
  ) );
#8109 = FACE_BOUND('',#8110,.T.);
#8110 = EDGE_LOOP('',(#8111));
#8111 = ORIENTED_EDGE('',*,*,#8112,.F.);
#8112 = EDGE_CURVE('',#8113,#8113,#8115,.T.);
#8113 = VERTEX_POINT('',#8114);
#8114 = CARTESIAN_POINT('',(-16.6,-7.,1.8));
#8115 = SURFACE_CURVE('',#8116,(#8121,#8128),.PCURVE_S1.);
#8116 = CIRCLE('',#8117,1.9);
#8117 = AXIS2_PLACEMENT_3D('',#8118,#8119,#8120);
#8118 = CARTESIAN_POINT('',(-18.5,-7.,1.8));
#8119 = DIRECTION('',(0.,0.,1.));
#8120 = DIRECTION('',(1.,0.,-0.));
#8121 = PCURVE('',#3348,#8122);
#8122 = DEFINITIONAL_REPRESENTATION('',(#8123),#8127);
#8123 = CIRCLE('',#8124,1.9);
#8124 = AXIS2_PLACEMENT_2D('',#8125,#8126);
#8125 = CARTESIAN_POINT('',(-18.49999999857,-6.999999983617));
#8126 = DIRECTION('',(1.,0.));
#8127 = ( GEOMETRIC_REPRESENTATION_CONTEXT(2) 
PARAMETRIC_REPRESENTATION_CONTEXT() REPRESENTATION_CONTEXT('2D SPACE',''
  ) );
#8128 = PCURVE('',#8129,#8134);
#8129 = CYLINDRICAL_SURFACE('',#8130,1.9);
#8130 = AXIS2_PLACEMENT_3D('',#8131,#8132,#8133);
#8131 = CARTESIAN_POINT('',(-18.5,-7.,1.68));
#8132 = DIRECTION('',(0.,0.,1.));
#8133 = DIRECTION('',(1.,0.,-0.));
#8134 = DEFINITIONAL_REPRESENTATION('',(#8135),#8139);
#8135 = LINE('',#8136,#8137);
#8136 = CARTESIAN_POINT('',(0.,0.12));
#8137 = VECTOR('',#8138,1.);
#8138 = DIRECTION('',(1.,0.));
#8139 = ( GEOMETRIC_REPRESENTATION_CONTEXT(2) 
PARAMETRIC_REPRESENTATION_CONTEXT() REPRESENTATION_CONTEXT('2D SPACE',''
  ) );
#8140 = FACE_BOUND('',#8141,.T.);
#8141 = EDGE_LOOP('',(#8142));
#8142 = ORIENTED_EDGE('',*,*,#8143,.F.);
#8143 = EDGE_CURVE('',#8144,#8144,#8146,.T.);
#8144 = VERTEX_POINT('',#8145);
#8145 = CARTESIAN_POINT('',(17.6,-15.5,1.8));
#8146 = SURFACE_CURVE('',#8147,(#8152,#8159),.PCURVE_S1.);
#8147 = CIRCLE('',#8148,2.6);
#8148 = AXIS2_PLACEMENT_3D('',#8149,#8150,#8151);
#8149 = CARTESIAN_POINT('',(15.,-15.5,1.8));
#8150 = DIRECTION('',(0.,0.,1.));
#8151 = DIRECTION('',(1.,0.,-0.));
#8152 = PCURVE('',#3348,#8153);
#8153 = DEFINITIONAL_REPRESENTATION('',(#8154),#8158);
#8154 = CIRCLE('',#8155,2.6);
#8155 = AXIS2_PLACEMENT_2D('',#8156,#8157);
#8156 = CARTESIAN_POINT('',(15.000000001425,-15.49999998361));
#8157 = DIRECTION('',(1.,0.));
#8158 = ( GEOMETRIC_REPRESENTATION_CONTEXT(2) 
PARAMETRIC_REPRESENTATION_CONTEXT() REPRESENTATION_CONTEXT('2D SPACE',''
  ) );
#8159 = PCURVE('',#8160,#8165);
#8160 = CYLINDRICAL_SURFACE('',#8161,2.6);
#8161 = AXIS2_PLACEMENT_3D('',#8162,#8163,#8164);
#8162 = CARTESIAN_POINT('',(15.,-15.5,1.65));
#8163 = DIRECTION('',(0.,0.,1.));
#8164 = DIRECTION('',(1.,0.,-0.));
#8165 = DEFINITIONAL_REPRESENTATION('',(#8166),#8170);
#8166 = LINE('',#8167,#8168);
#8167 = CARTESIAN_POINT('',(0.,0.15));
#8168 = VECTOR('',#8169,1.);
#8169 = DIRECTION('',(1.,0.));
#8170 = ( GEOMETRIC_REPRESENTATION_CONTEXT(2) 
PARAMETRIC_REPRESENTATION_CONTEXT() REPRESENTATION_CONTEXT('2D SPACE',''
  ) );
#8171 = FACE_BOUND('',#8172,.T.);
#8172 = EDGE_LOOP('',(#8173));
#8173 = ORIENTED_EDGE('',*,*,#8174,.F.);
#8174 = EDGE_CURVE('',#8175,#8175,#8177,.T.);
#8175 = VERTEX_POINT('',#8176);
#8176 = CARTESIAN_POINT('',(-16.6,7.,1.8));
#8177 = SURFACE_CURVE('',#8178,(#8183,#8190),.PCURVE_S1.);
#8178 = CIRCLE('',#8179,1.9);
#8179 = AXIS2_PLACEMENT_3D('',#8180,#8181,#8182);
#8180 = CARTESIAN_POINT('',(-18.5,7.,1.8));
#8181 = DIRECTION('',(0.,0.,1.));
#8182 = DIRECTION('',(1.,0.,-0.));
#8183 = PCURVE('',#3348,#8184);
#8184 = DEFINITIONAL_REPRESENTATION('',(#8185),#8189);
#8185 = CIRCLE('',#8186,1.9);
#8186 = AXIS2_PLACEMENT_2D('',#8187,#8188);
#8187 = CARTESIAN_POINT('',(-18.49999999857,7.000000016383));
#8188 = DIRECTION('',(1.,0.));
#8189 = ( GEOMETRIC_REPRESENTATION_CONTEXT(2) 
PARAMETRIC_REPRESENTATION_CONTEXT() REPRESENTATION_CONTEXT('2D SPACE',''
  ) );
#8190 = PCURVE('',#8191,#8196);
#8191 = CYLINDRICAL_SURFACE('',#8192,1.9);
#8192 = AXIS2_PLACEMENT_3D('',#8193,#8194,#8195);
#8193 = CARTESIAN_POINT('',(-18.5,7.,1.68));
#8194 = DIRECTION('',(0.,0.,1.));
#8195 = DIRECTION('',(1.,0.,-0.));
#8196 = DEFINITIONAL_REPRESENTATION('',(#8197),#8201);
#8197 = LINE('',#8198,#8199);
#8198 = CARTESIAN_POINT('',(0.,0.12));
#8199 = VECTOR('',#8200,1.);
#8200 = DIRECTION('',(1.,0.));
#8201 = ( GEOMETRIC_REPRESENTATION_CONTEXT(2) 
PARAMETRIC_REPRESENTATION_CONTEXT() REPRESENTATION_CONTEXT('2D SPACE',''
  ) );
#8202 = FACE_BOUND('',#8203,.T.);
#8203 = EDGE_LOOP('',(#8204));
#8204 = ORIENTED_EDGE('',*,*,#8205,.F.);
#8205 = EDGE_CURVE('',#8206,#8206,#8208,.T.);
#8206 = VERTEX_POINT('',#8207);
#8207 = CARTESIAN_POINT('',(-12.4,15.5,1.8));
#8208 = SURFACE_CURVE('',#8209,(#8214,#8221),.PCURVE_S1.);
#8209 = CIRCLE('',#8210,2.6);
#8210 = AXIS2_PLACEMENT_3D('',#8211,#8212,#8213);
#8211 = CARTESIAN_POINT('',(-15.,15.5,1.8));
#8212 = DIRECTION('',(0.,0.,1.));
#8213 = DIRECTION('',(1.,0.,-0.));
#8214 = PCURVE('',#3348,#8215);
#8215 = DEFINITIONAL_REPRESENTATION('',(#8216),#8220);
#8216 = CIRCLE('',#8217,2.6);
#8217 = AXIS2_PLACEMENT_2D('',#8218,#8219);
#8218 = CARTESIAN_POINT('',(-14.99999999857,15.500000016383));
#8219 = DIRECTION('',(1.,0.));
#8220 = ( GEOMETRIC_REPRESENTATION_CONTEXT(2) 
PARAMETRIC_REPRESENTATION_CONTEXT() REPRESENTATION_CONTEXT('2D SPACE',''
  ) );
#8221 = PCURVE('',#8222,#8227);
#8222 = CYLINDRICAL_SURFACE('',#8223,2.6);
#8223 = AXIS2_PLACEMENT_3D('',#8224,#8225,#8226);
#8224 = CARTESIAN_POINT('',(-15.,15.5,1.65));
#8225 = DIRECTION('',(0.,0.,1.));
#8226 = DIRECTION('',(1.,0.,-0.));
#8227 = DEFINITIONAL_REPRESENTATION('',(#8228),#8232);
#8228 = LINE('',#8229,#8230);
#8229 = CARTESIAN_POINT('',(0.,0.15));
#8230 = VECTOR('',#8231,1.);
#8231 = DIRECTION('',(1.,0.));
#8232 = ( GEOMETRIC_REPRESENTATION_CONTEXT(2) 
PARAMETRIC_REPRESENTATION_CONTEXT() REPRESENTATION_CONTEXT('2D SPACE',''
  ) );
#8233 = FACE_BOUND('',#8234,.T.);
#8234 = EDGE_LOOP('',(#8235));
#8235 = ORIENTED_EDGE('',*,*,#8236,.F.);
#8236 = EDGE_CURVE('',#8237,#8237,#8239,.T.);
#8237 = VERTEX_POINT('',#8238);
#8238 = CARTESIAN_POINT('',(17.6,15.5,1.8));
#8239 = SURFACE_CURVE('',#8240,(#8245,#8252),.PCURVE_S1.);
#8240 = CIRCLE('',#8241,2.6);
#8241 = AXIS2_PLACEMENT_3D('',#8242,#8243,#8244);
#8242 = CARTESIAN_POINT('',(15.,15.5,1.8));
#8243 = DIRECTION('',(0.,0.,1.));
#8244 = DIRECTION('',(1.,0.,-0.));
#8245 = PCURVE('',#3348,#8246);
#8246 = DEFINITIONAL_REPRESENTATION('',(#8247),#8251);
#8247 = CIRCLE('',#8248,2.6);
#8248 = AXIS2_PLACEMENT_2D('',#8249,#8250);
#8249 = CARTESIAN_POINT('',(15.000000001425,15.500000016383));
#8250 = DIRECTION('',(1.,0.));
#8251 = ( GEOMETRIC_REPRESENTATION_CONTEXT(2) 
PARAMETRIC_REPRESENTATION_CONTEXT() REPRESENTATION_CONTEXT('2D SPACE',''
  ) );
#8252 = PCURVE('',#8253,#8258);
#8253 = CYLINDRICAL_SURFACE('',#8254,2.6);
#8254 = AXIS2_PLACEMENT_3D('',#8255,#8256,#8257);
#8255 = CARTESIAN_POINT('',(15.,15.5,1.65));
#8256 = DIRECTION('',(0.,0.,1.));
#8257 = DIRECTION('',(1.,0.,-0.));
#8258 = DEFINITIONAL_REPRESENTATION('',(#8259),#8263);
#8259 = LINE('',#8260,#8261);
#8260 = CARTESIAN_POINT('',(0.,0.15));
#8261 = VECTOR('',#8262,1.);
#8262 = DIRECTION('',(1.,0.));
#8263 = ( GEOMETRIC_REPRESENTATION_CONTEXT(2) 
PARAMETRIC_REPRESENTATION_CONTEXT() REPRESENTATION_CONTEXT('2D SPACE',''
  ) );
#8264 = ADVANCED_FACE('',(#8265),#3454,.F.);
#8265 = FACE_BOUND('',#8266,.F.);
#8266 = EDGE_LOOP('',(#8267,#8268,#8289,#8290,#8291,#8292,#8293,#8294));
#8267 = ORIENTED_EDGE('',*,*,#3653,.F.);
#8268 = ORIENTED_EDGE('',*,*,#8269,.F.);
#8269 = EDGE_CURVE('',#3434,#3626,#8270,.T.);
#8270 = SEAM_CURVE('',#8271,(#8275,#8282),.PCURVE_S1.);
#8271 = LINE('',#8272,#8273);
#8272 = CARTESIAN_POINT('',(-16.7,-28.1,1.2));
#8273 = VECTOR('',#8274,1.);
#8274 = DIRECTION('',(1.,0.,2.22044604925E-16));
#8275 = PCURVE('',#3454,#8276);
#8276 = DEFINITIONAL_REPRESENTATION('',(#8277),#8281);
#8277 = LINE('',#8278,#8279);
#8278 = CARTESIAN_POINT('',(6.28318530718,-0.));
#8279 = VECTOR('',#8280,1.);
#8280 = DIRECTION('',(0.,1.));
#8281 = ( GEOMETRIC_REPRESENTATION_CONTEXT(2) 
PARAMETRIC_REPRESENTATION_CONTEXT() REPRESENTATION_CONTEXT('2D SPACE',''
  ) );
#8282 = PCURVE('',#3454,#8283);
#8283 = DEFINITIONAL_REPRESENTATION('',(#8284),#8288);
#8284 = LINE('',#8285,#8286);
#8285 = CARTESIAN_POINT('',(0.,-0.));
#8286 = VECTOR('',#8287,1.);
#8287 = DIRECTION('',(0.,1.));
#8288 = ( GEOMETRIC_REPRESENTATION_CONTEXT(2) 
PARAMETRIC_REPRESENTATION_CONTEXT() REPRESENTATION_CONTEXT('2D SPACE',''
  ) );
#8289 = ORIENTED_EDGE('',*,*,#3466,.T.);
#8290 = ORIENTED_EDGE('',*,*,#3854,.T.);
#8291 = ORIENTED_EDGE('',*,*,#3433,.T.);
#8292 = ORIENTED_EDGE('',*,*,#8269,.T.);
#8293 = ORIENTED_EDGE('',*,*,#3625,.F.);
#8294 = ORIENTED_EDGE('',*,*,#3731,.F.);
#8295 = ADVANCED_FACE('',(#8296,#8302),#4301,.F.);
#8296 = FACE_BOUND('',#8297,.F.);
#8297 = EDGE_LOOP('',(#8298,#8299,#8300,#8301));
#8298 = ORIENTED_EDGE('',*,*,#4285,.T.);
#8299 = ORIENTED_EDGE('',*,*,#6919,.F.);
#8300 = ORIENTED_EDGE('',*,*,#7435,.F.);
#8301 = ORIENTED_EDGE('',*,*,#4974,.T.);
#8302 = FACE_BOUND('',#8303,.F.);
#8303 = EDGE_LOOP('',(#8304,#8332,#8361,#8387,#8416,#8442,#8471,#8497));
#8304 = ORIENTED_EDGE('',*,*,#8305,.F.);
#8305 = EDGE_CURVE('',#8306,#8308,#8310,.T.);
#8306 = VERTEX_POINT('',#8307);
#8307 = CARTESIAN_POINT('',(24.,-3.4,5.8));
#8308 = VERTEX_POINT('',#8309);
#8309 = CARTESIAN_POINT('',(24.,3.4,5.8));
#8310 = SURFACE_CURVE('',#8311,(#8315,#8321),.PCURVE_S1.);
#8311 = LINE('',#8312,#8313);
#8312 = CARTESIAN_POINT('',(24.,-6.95,5.799999993177));
#8313 = VECTOR('',#8314,1.);
#8314 = DIRECTION('',(0.,1.,0.));
#8315 = PCURVE('',#4301,#8316);
#8316 = DEFINITIONAL_REPRESENTATION('',(#8317),#8320);
#8317 = B_SPLINE_CURVE_WITH_KNOTS('',1,(#8318,#8319),.UNSPECIFIED.,.F.,
  .F.,(2,2),(3.55,10.35),.PIECEWISE_BEZIER_KNOTS.);
#8318 = CARTESIAN_POINT('',(7.1,-5.799999993177));
#8319 = CARTESIAN_POINT('',(13.9,-5.799999993177));
#8320 = ( GEOMETRIC_REPRESENTATION_CONTEXT(2) 
PARAMETRIC_REPRESENTATION_CONTEXT() REPRESENTATION_CONTEXT('2D SPACE',''
  ) );
#8321 = PCURVE('',#8322,#8327);
#8322 = PLANE('',#8323);
#8323 = AXIS2_PLACEMENT_3D('',#8324,#8325,#8326);
#8324 = CARTESIAN_POINT('',(21.1,-3.4,5.799999993177));
#8325 = DIRECTION('',(-2.22044604925E-16,0.,1.));
#8326 = DIRECTION('',(0.,1.,0.));
#8327 = DEFINITIONAL_REPRESENTATION('',(#8328),#8331);
#8328 = B_SPLINE_CURVE_WITH_KNOTS('',1,(#8329,#8330),.UNSPECIFIED.,.F.,
  .F.,(2,2),(3.55,10.35),.PIECEWISE_BEZIER_KNOTS.);
#8329 = CARTESIAN_POINT('',(0.,-2.9));
#8330 = CARTESIAN_POINT('',(6.8,-2.9));
#8331 = ( GEOMETRIC_REPRESENTATION_CONTEXT(2) 
PARAMETRIC_REPRESENTATION_CONTEXT() REPRESENTATION_CONTEXT('2D SPACE',''
  ) );
#8332 = ORIENTED_EDGE('',*,*,#8333,.F.);
#8333 = EDGE_CURVE('',#8334,#8306,#8336,.T.);
#8334 = VERTEX_POINT('',#8335);
#8335 = CARTESIAN_POINT('',(24.,-4.5,4.700000006823));
#8336 = SURFACE_CURVE('',#8337,(#8342,#8349),.PCURVE_S1.);
#8337 = CIRCLE('',#8338,1.1);
#8338 = AXIS2_PLACEMENT_3D('',#8339,#8340,#8341);
#8339 = CARTESIAN_POINT('',(24.,-3.4,4.700000006823));
#8340 = DIRECTION('',(-1.,-0.,-2.22044604925E-16));
#8341 = DIRECTION('',(2.22044604925E-16,0.,-1.));
#8342 = PCURVE('',#4301,#8343);
#8343 = DEFINITIONAL_REPRESENTATION('',(#8344),#8348);
#8344 = CIRCLE('',#8345,1.1);
#8345 = AXIS2_PLACEMENT_2D('',#8346,#8347);
#8346 = CARTESIAN_POINT('',(7.1,-4.700000006823));
#8347 = DIRECTION('',(0.,1.));
#8348 = ( GEOMETRIC_REPRESENTATION_CONTEXT(2) 
PARAMETRIC_REPRESENTATION_CONTEXT() REPRESENTATION_CONTEXT('2D SPACE',''
  ) );
#8349 = PCURVE('',#8350,#8355);
#8350 = CYLINDRICAL_SURFACE('',#8351,1.1);
#8351 = AXIS2_PLACEMENT_3D('',#8352,#8353,#8354);
#8352 = CARTESIAN_POINT('',(21.1,-3.4,4.700000006823));
#8353 = DIRECTION('',(-1.,-0.,-2.22044604925E-16));
#8354 = DIRECTION('',(2.22044604925E-16,0.,-1.));
#8355 = DEFINITIONAL_REPRESENTATION('',(#8356),#8360);
#8356 = LINE('',#8357,#8358);
#8357 = CARTESIAN_POINT('',(-6.28318530718,-2.9));
#8358 = VECTOR('',#8359,1.);
#8359 = DIRECTION('',(1.,-0.));
#8360 = ( GEOMETRIC_REPRESENTATION_CONTEXT(2) 
PARAMETRIC_REPRESENTATION_CONTEXT() REPRESENTATION_CONTEXT('2D SPACE',''
  ) );
#8361 = ORIENTED_EDGE('',*,*,#8362,.T.);
#8362 = EDGE_CURVE('',#8334,#8363,#8365,.T.);
#8363 = VERTEX_POINT('',#8364);
#8364 = CARTESIAN_POINT('',(24.,-4.5,3.700000000587));
#8365 = SURFACE_CURVE('',#8366,(#8370,#8376),.PCURVE_S1.);
#8366 = LINE('',#8367,#8368);
#8367 = CARTESIAN_POINT('',(24.,-4.5,2.350000003412));
#8368 = VECTOR('',#8369,1.);
#8369 = DIRECTION('',(0.,0.,-1.));
#8370 = PCURVE('',#4301,#8371);
#8371 = DEFINITIONAL_REPRESENTATION('',(#8372),#8375);
#8372 = B_SPLINE_CURVE_WITH_KNOTS('',1,(#8373,#8374),.UNSPECIFIED.,.F.,
  .F.,(2,2),(-2.350000003412,-1.349999997175),.PIECEWISE_BEZIER_KNOTS.);
#8373 = CARTESIAN_POINT('',(6.,-4.700000006823));
#8374 = CARTESIAN_POINT('',(6.,-3.700000000587));
#8375 = ( GEOMETRIC_REPRESENTATION_CONTEXT(2) 
PARAMETRIC_REPRESENTATION_CONTEXT() REPRESENTATION_CONTEXT('2D SPACE',''
  ) );
#8376 = PCURVE('',#8377,#8382);
#8377 = PLANE('',#8378);
#8378 = AXIS2_PLACEMENT_3D('',#8379,#8380,#8381);
#8379 = CARTESIAN_POINT('',(21.1,-4.5,4.700000006823));
#8380 = DIRECTION('',(0.,1.,0.));
#8381 = DIRECTION('',(2.22044604925E-16,0.,-1.));
#8382 = DEFINITIONAL_REPRESENTATION('',(#8383),#8386);
#8383 = B_SPLINE_CURVE_WITH_KNOTS('',1,(#8384,#8385),.UNSPECIFIED.,.F.,
  .F.,(2,2),(-2.350000003412,-1.349999997175),.PIECEWISE_BEZIER_KNOTS.);
#8384 = CARTESIAN_POINT('',(0.,-2.9));
#8385 = CARTESIAN_POINT('',(1.000000006236,-2.9));
#8386 = ( GEOMETRIC_REPRESENTATION_CONTEXT(2) 
PARAMETRIC_REPRESENTATION_CONTEXT() REPRESENTATION_CONTEXT('2D SPACE',''
  ) );
#8387 = ORIENTED_EDGE('',*,*,#8388,.F.);
#8388 = EDGE_CURVE('',#8389,#8363,#8391,.T.);
#8389 = VERTEX_POINT('',#8390);
#8390 = CARTESIAN_POINT('',(24.,-3.4,2.599999996882));
#8391 = SURFACE_CURVE('',#8392,(#8397,#8404),.PCURVE_S1.);
#8392 = CIRCLE('',#8393,1.1);
#8393 = AXIS2_PLACEMENT_3D('',#8394,#8395,#8396);
#8394 = CARTESIAN_POINT('',(24.,-3.4,3.700000000587));
#8395 = DIRECTION('',(-1.,-0.,-2.22044604925E-16));
#8396 = DIRECTION('',(2.22044604925E-16,0.,-1.));
#8397 = PCURVE('',#4301,#8398);
#8398 = DEFINITIONAL_REPRESENTATION('',(#8399),#8403);
#8399 = CIRCLE('',#8400,1.1);
#8400 = AXIS2_PLACEMENT_2D('',#8401,#8402);
#8401 = CARTESIAN_POINT('',(7.1,-3.700000000587));
#8402 = DIRECTION('',(0.,1.));
#8403 = ( GEOMETRIC_REPRESENTATION_CONTEXT(2) 
PARAMETRIC_REPRESENTATION_CONTEXT() REPRESENTATION_CONTEXT('2D SPACE',''
  ) );
#8404 = PCURVE('',#8405,#8410);
#8405 = CYLINDRICAL_SURFACE('',#8406,1.1);
#8406 = AXIS2_PLACEMENT_3D('',#8407,#8408,#8409);
#8407 = CARTESIAN_POINT('',(21.1,-3.4,3.700000000587));
#8408 = DIRECTION('',(-1.,-0.,-2.22044604925E-16));
#8409 = DIRECTION('',(2.22044604925E-16,0.,-1.));
#8410 = DEFINITIONAL_REPRESENTATION('',(#8411),#8415);
#8411 = LINE('',#8412,#8413);
#8412 = CARTESIAN_POINT('',(-6.28318530718,-2.9));
#8413 = VECTOR('',#8414,1.);
#8414 = DIRECTION('',(1.,-0.));
#8415 = ( GEOMETRIC_REPRESENTATION_CONTEXT(2) 
PARAMETRIC_REPRESENTATION_CONTEXT() REPRESENTATION_CONTEXT('2D SPACE',''
  ) );
#8416 = ORIENTED_EDGE('',*,*,#8417,.T.);
#8417 = EDGE_CURVE('',#8389,#8418,#8420,.T.);
#8418 = VERTEX_POINT('',#8419);
#8419 = CARTESIAN_POINT('',(24.,3.4,2.599999996882));
#8420 = SURFACE_CURVE('',#8421,(#8425,#8431),.PCURVE_S1.);
#8421 = LINE('',#8422,#8423);
#8422 = CARTESIAN_POINT('',(24.,-6.95,2.599999993177));
#8423 = VECTOR('',#8424,1.);
#8424 = DIRECTION('',(0.,1.,0.));
#8425 = PCURVE('',#4301,#8426);
#8426 = DEFINITIONAL_REPRESENTATION('',(#8427),#8430);
#8427 = B_SPLINE_CURVE_WITH_KNOTS('',1,(#8428,#8429),.UNSPECIFIED.,.F.,
  .F.,(2,2),(3.55,10.35),.PIECEWISE_BEZIER_KNOTS.);
#8428 = CARTESIAN_POINT('',(7.1,-2.599999993177));
#8429 = CARTESIAN_POINT('',(13.9,-2.599999993177));
#8430 = ( GEOMETRIC_REPRESENTATION_CONTEXT(2) 
PARAMETRIC_REPRESENTATION_CONTEXT() REPRESENTATION_CONTEXT('2D SPACE',''
  ) );
#8431 = PCURVE('',#8432,#8437);
#8432 = PLANE('',#8433);
#8433 = AXIS2_PLACEMENT_3D('',#8434,#8435,#8436);
#8434 = CARTESIAN_POINT('',(21.1,-3.4,2.599999993177));
#8435 = DIRECTION('',(-2.22044604925E-16,0.,1.));
#8436 = DIRECTION('',(0.,1.,0.));
#8437 = DEFINITIONAL_REPRESENTATION('',(#8438),#8441);
#8438 = B_SPLINE_CURVE_WITH_KNOTS('',1,(#8439,#8440),.UNSPECIFIED.,.F.,
  .F.,(2,2),(3.55,10.35),.PIECEWISE_BEZIER_KNOTS.);
#8439 = CARTESIAN_POINT('',(0.,-2.9));
#8440 = CARTESIAN_POINT('',(6.8,-2.9));
#8441 = ( GEOMETRIC_REPRESENTATION_CONTEXT(2) 
PARAMETRIC_REPRESENTATION_CONTEXT() REPRESENTATION_CONTEXT('2D SPACE',''
  ) );
#8442 = ORIENTED_EDGE('',*,*,#8443,.F.);
#8443 = EDGE_CURVE('',#8444,#8418,#8446,.T.);
#8444 = VERTEX_POINT('',#8445);
#8445 = CARTESIAN_POINT('',(24.,4.5,3.700000000587));
#8446 = SURFACE_CURVE('',#8447,(#8452,#8459),.PCURVE_S1.);
#8447 = CIRCLE('',#8448,1.1);
#8448 = AXIS2_PLACEMENT_3D('',#8449,#8450,#8451);
#8449 = CARTESIAN_POINT('',(24.,3.4,3.700000000587));
#8450 = DIRECTION('',(-1.,-0.,-2.22044604925E-16));
#8451 = DIRECTION('',(2.22044604925E-16,0.,-1.));
#8452 = PCURVE('',#4301,#8453);
#8453 = DEFINITIONAL_REPRESENTATION('',(#8454),#8458);
#8454 = CIRCLE('',#8455,1.1);
#8455 = AXIS2_PLACEMENT_2D('',#8456,#8457);
#8456 = CARTESIAN_POINT('',(13.9,-3.700000000587));
#8457 = DIRECTION('',(0.,1.));
#8458 = ( GEOMETRIC_REPRESENTATION_CONTEXT(2) 
PARAMETRIC_REPRESENTATION_CONTEXT() REPRESENTATION_CONTEXT('2D SPACE',''
  ) );
#8459 = PCURVE('',#8460,#8465);
#8460 = CYLINDRICAL_SURFACE('',#8461,1.1);
#8461 = AXIS2_PLACEMENT_3D('',#8462,#8463,#8464);
#8462 = CARTESIAN_POINT('',(21.1,3.4,3.700000000587));
#8463 = DIRECTION('',(-1.,-0.,-2.22044604925E-16));
#8464 = DIRECTION('',(2.22044604925E-16,0.,-1.));
#8465 = DEFINITIONAL_REPRESENTATION('',(#8466),#8470);
#8466 = LINE('',#8467,#8468);
#8467 = CARTESIAN_POINT('',(-6.28318530718,-2.9));
#8468 = VECTOR('',#8469,1.);
#8469 = DIRECTION('',(1.,-0.));
#8470 = ( GEOMETRIC_REPRESENTATION_CONTEXT(2) 
PARAMETRIC_REPRESENTATION_CONTEXT() REPRESENTATION_CONTEXT('2D SPACE',''
  ) );
#8471 = ORIENTED_EDGE('',*,*,#8472,.F.);
#8472 = EDGE_CURVE('',#8473,#8444,#8475,.T.);
#8473 = VERTEX_POINT('',#8474);
#8474 = CARTESIAN_POINT('',(24.,4.5,4.700000006823));
#8475 = SURFACE_CURVE('',#8476,(#8480,#8486),.PCURVE_S1.);
#8476 = LINE('',#8477,#8478);
#8477 = CARTESIAN_POINT('',(24.,4.5,2.350000003412));
#8478 = VECTOR('',#8479,1.);
#8479 = DIRECTION('',(0.,0.,-1.));
#8480 = PCURVE('',#4301,#8481);
#8481 = DEFINITIONAL_REPRESENTATION('',(#8482),#8485);
#8482 = B_SPLINE_CURVE_WITH_KNOTS('',1,(#8483,#8484),.UNSPECIFIED.,.F.,
  .F.,(2,2),(-2.350000003412,-1.349999997175),.PIECEWISE_BEZIER_KNOTS.);
#8483 = CARTESIAN_POINT('',(15.,-4.700000006823));
#8484 = CARTESIAN_POINT('',(15.,-3.700000000587));
#8485 = ( GEOMETRIC_REPRESENTATION_CONTEXT(2) 
PARAMETRIC_REPRESENTATION_CONTEXT() REPRESENTATION_CONTEXT('2D SPACE',''
  ) );
#8486 = PCURVE('',#8487,#8492);
#8487 = PLANE('',#8488);
#8488 = AXIS2_PLACEMENT_3D('',#8489,#8490,#8491);
#8489 = CARTESIAN_POINT('',(21.1,4.5,4.700000006823));
#8490 = DIRECTION('',(0.,1.,0.));
#8491 = DIRECTION('',(2.22044604925E-16,0.,-1.));
#8492 = DEFINITIONAL_REPRESENTATION('',(#8493),#8496);
#8493 = B_SPLINE_CURVE_WITH_KNOTS('',1,(#8494,#8495),.UNSPECIFIED.,.F.,
  .F.,(2,2),(-2.350000003412,-1.349999997175),.PIECEWISE_BEZIER_KNOTS.);
#8494 = CARTESIAN_POINT('',(0.,-2.9));
#8495 = CARTESIAN_POINT('',(1.000000006236,-2.9));
#8496 = ( GEOMETRIC_REPRESENTATION_CONTEXT(2) 
PARAMETRIC_REPRESENTATION_CONTEXT() REPRESENTATION_CONTEXT('2D SPACE',''
  ) );
#8497 = ORIENTED_EDGE('',*,*,#8498,.F.);
#8498 = EDGE_CURVE('',#8308,#8473,#8499,.T.);
#8499 = SURFACE_CURVE('',#8500,(#8505,#8512),.PCURVE_S1.);
#8500 = CIRCLE('',#8501,1.1);
#8501 = AXIS2_PLACEMENT_3D('',#8502,#8503,#8504);
#8502 = CARTESIAN_POINT('',(24.,3.4,4.700000006823));
#8503 = DIRECTION('',(-1.,-0.,-2.22044604925E-16));
#8504 = DIRECTION('',(2.22044604925E-16,0.,-1.));
#8505 = PCURVE('',#4301,#8506);
#8506 = DEFINITIONAL_REPRESENTATION('',(#8507),#8511);
#8507 = CIRCLE('',#8508,1.1);
#8508 = AXIS2_PLACEMENT_2D('',#8509,#8510);
#8509 = CARTESIAN_POINT('',(13.9,-4.700000006823));
#8510 = DIRECTION('',(0.,1.));
#8511 = ( GEOMETRIC_REPRESENTATION_CONTEXT(2) 
PARAMETRIC_REPRESENTATION_CONTEXT() REPRESENTATION_CONTEXT('2D SPACE',''
  ) );
#8512 = PCURVE('',#8513,#8518);
#8513 = CYLINDRICAL_SURFACE('',#8514,1.1);
#8514 = AXIS2_PLACEMENT_3D('',#8515,#8516,#8517);
#8515 = CARTESIAN_POINT('',(21.1,3.4,4.700000006823));
#8516 = DIRECTION('',(-1.,-0.,-2.22044604925E-16));
#8517 = DIRECTION('',(2.22044604925E-16,0.,-1.));
#8518 = DEFINITIONAL_REPRESENTATION('',(#8519),#8523);
#8519 = LINE('',#8520,#8521);
#8520 = CARTESIAN_POINT('',(-6.28318530718,-2.9));
#8521 = VECTOR('',#8522,1.);
#8522 = DIRECTION('',(1.,-0.));
#8523 = ( GEOMETRIC_REPRESENTATION_CONTEXT(2) 
PARAMETRIC_REPRESENTATION_CONTEXT() REPRESENTATION_CONTEXT('2D SPACE',''
  ) );
#8524 = ADVANCED_FACE('',(#8525),#4404,.F.);
#8525 = FACE_BOUND('',#8526,.F.);
#8526 = EDGE_LOOP('',(#8527,#8528,#8549,#8550,#8551,#8552,#8553,#8554));
#8527 = ORIENTED_EDGE('',*,*,#4787,.F.);
#8528 = ORIENTED_EDGE('',*,*,#8529,.F.);
#8529 = EDGE_CURVE('',#4384,#4760,#8530,.T.);
#8530 = SEAM_CURVE('',#8531,(#8535,#8542),.PCURVE_S1.);
#8531 = LINE('',#8532,#8533);
#8532 = CARTESIAN_POINT('',(6.7,-28.1,1.2));
#8533 = VECTOR('',#8534,1.);
#8534 = DIRECTION('',(1.,0.,2.22044604925E-16));
#8535 = PCURVE('',#4404,#8536);
#8536 = DEFINITIONAL_REPRESENTATION('',(#8537),#8541);
#8537 = LINE('',#8538,#8539);
#8538 = CARTESIAN_POINT('',(6.28318530718,-0.));
#8539 = VECTOR('',#8540,1.);
#8540 = DIRECTION('',(0.,1.));
#8541 = ( GEOMETRIC_REPRESENTATION_CONTEXT(2) 
PARAMETRIC_REPRESENTATION_CONTEXT() REPRESENTATION_CONTEXT('2D SPACE',''
  ) );
#8542 = PCURVE('',#4404,#8543);
#8543 = DEFINITIONAL_REPRESENTATION('',(#8544),#8548);
#8544 = LINE('',#8545,#8546);
#8545 = CARTESIAN_POINT('',(0.,-0.));
#8546 = VECTOR('',#8547,1.);
#8547 = DIRECTION('',(0.,1.));
#8548 = ( GEOMETRIC_REPRESENTATION_CONTEXT(2) 
PARAMETRIC_REPRESENTATION_CONTEXT() REPRESENTATION_CONTEXT('2D SPACE',''
  ) );
#8549 = ORIENTED_EDGE('',*,*,#4416,.T.);
#8550 = ORIENTED_EDGE('',*,*,#4472,.T.);
#8551 = ORIENTED_EDGE('',*,*,#4383,.T.);
#8552 = ORIENTED_EDGE('',*,*,#8529,.T.);
#8553 = ORIENTED_EDGE('',*,*,#4759,.F.);
#8554 = ORIENTED_EDGE('',*,*,#4641,.F.);
#8555 = ADVANCED_FACE('',(#8556),#5245,.F.);
#8556 = FACE_BOUND('',#8557,.F.);
#8557 = EDGE_LOOP('',(#8558,#8559,#8580,#8581,#8582,#8583,#8584,#8585));
#8558 = ORIENTED_EDGE('',*,*,#5257,.F.);
#8559 = ORIENTED_EDGE('',*,*,#8560,.F.);
#8560 = EDGE_CURVE('',#5711,#5225,#8561,.T.);
#8561 = SEAM_CURVE('',#8562,(#8566,#8573),.PCURVE_S1.);
#8562 = LINE('',#8563,#8564);
#8563 = CARTESIAN_POINT('',(6.7,28.1,1.2));
#8564 = VECTOR('',#8565,1.);
#8565 = DIRECTION('',(1.,0.,2.22044604925E-16));
#8566 = PCURVE('',#5245,#8567);
#8567 = DEFINITIONAL_REPRESENTATION('',(#8568),#8572);
#8568 = LINE('',#8569,#8570);
#8569 = CARTESIAN_POINT('',(6.28318530718,-0.));
#8570 = VECTOR('',#8571,1.);
#8571 = DIRECTION('',(0.,1.));
#8572 = ( GEOMETRIC_REPRESENTATION_CONTEXT(2) 
PARAMETRIC_REPRESENTATION_CONTEXT() REPRESENTATION_CONTEXT('2D SPACE',''
  ) );
#8573 = PCURVE('',#5245,#8574);
#8574 = DEFINITIONAL_REPRESENTATION('',(#8575),#8579);
#8575 = LINE('',#8576,#8577);
#8576 = CARTESIAN_POINT('',(0.,-0.));
#8577 = VECTOR('',#8578,1.);
#8578 = DIRECTION('',(0.,1.));
#8579 = ( GEOMETRIC_REPRESENTATION_CONTEXT(2) 
PARAMETRIC_REPRESENTATION_CONTEXT() REPRESENTATION_CONTEXT('2D SPACE',''
  ) );
#8580 = ORIENTED_EDGE('',*,*,#5738,.T.);
#8581 = ORIENTED_EDGE('',*,*,#5548,.T.);
#8582 = ORIENTED_EDGE('',*,*,#5710,.T.);
#8583 = ORIENTED_EDGE('',*,*,#8560,.T.);
#8584 = ORIENTED_EDGE('',*,*,#5224,.F.);
#8585 = ORIENTED_EDGE('',*,*,#5311,.F.);
#8586 = ADVANCED_FACE('',(#8587),#5985,.F.);
#8587 = FACE_BOUND('',#8588,.F.);
#8588 = EDGE_LOOP('',(#8589,#8590,#8611,#8612,#8613,#8614,#8615,#8616));
#8589 = ORIENTED_EDGE('',*,*,#5997,.F.);
#8590 = ORIENTED_EDGE('',*,*,#8591,.F.);
#8591 = EDGE_CURVE('',#6341,#5965,#8592,.T.);
#8592 = SEAM_CURVE('',#8593,(#8597,#8604),.PCURVE_S1.);
#8593 = LINE('',#8594,#8595);
#8594 = CARTESIAN_POINT('',(-16.7,28.1,1.2));
#8595 = VECTOR('',#8596,1.);
#8596 = DIRECTION('',(1.,0.,2.22044604925E-16));
#8597 = PCURVE('',#5985,#8598);
#8598 = DEFINITIONAL_REPRESENTATION('',(#8599),#8603);
#8599 = LINE('',#8600,#8601);
#8600 = CARTESIAN_POINT('',(6.28318530718,-0.));
#8601 = VECTOR('',#8602,1.);
#8602 = DIRECTION('',(0.,1.));
#8603 = ( GEOMETRIC_REPRESENTATION_CONTEXT(2) 
PARAMETRIC_REPRESENTATION_CONTEXT() REPRESENTATION_CONTEXT('2D SPACE',''
  ) );
#8604 = PCURVE('',#5985,#8605);
#8605 = DEFINITIONAL_REPRESENTATION('',(#8606),#8610);
#8606 = LINE('',#8607,#8608);
#8607 = CARTESIAN_POINT('',(0.,-0.));
#8608 = VECTOR('',#8609,1.);
#8609 = DIRECTION('',(0.,1.));
#8610 = ( GEOMETRIC_REPRESENTATION_CONTEXT(2) 
PARAMETRIC_REPRESENTATION_CONTEXT() REPRESENTATION_CONTEXT('2D SPACE',''
  ) );
#8611 = ORIENTED_EDGE('',*,*,#6368,.T.);
#8612 = ORIENTED_EDGE('',*,*,#6220,.T.);
#8613 = ORIENTED_EDGE('',*,*,#6340,.T.);
#8614 = ORIENTED_EDGE('',*,*,#8591,.T.);
#8615 = ORIENTED_EDGE('',*,*,#5964,.F.);
#8616 = ORIENTED_EDGE('',*,*,#6051,.F.);
#8617 = ADVANCED_FACE('',(#8618,#8628),#6438,.F.);
#8618 = FACE_BOUND('',#8619,.F.);
#8619 = EDGE_LOOP('',(#8620,#8621,#8622,#8623,#8624,#8625,#8626,#8627));
#8620 = ORIENTED_EDGE('',*,*,#6422,.F.);
#8621 = ORIENTED_EDGE('',*,*,#6785,.F.);
#8622 = ORIENTED_EDGE('',*,*,#6758,.T.);
#8623 = ORIENTED_EDGE('',*,*,#6682,.F.);
#8624 = ORIENTED_EDGE('',*,*,#6655,.T.);
#8625 = ORIENTED_EDGE('',*,*,#6579,.F.);
#8626 = ORIENTED_EDGE('',*,*,#6530,.F.);
#8627 = ORIENTED_EDGE('',*,*,#6476,.F.);
#8628 = FACE_BOUND('',#8629,.F.);
#8629 = EDGE_LOOP('',(#8630,#8653,#8681,#8702,#8730,#8756,#8784,#8805));
#8630 = ORIENTED_EDGE('',*,*,#8631,.F.);
#8631 = EDGE_CURVE('',#8632,#8634,#8636,.T.);
#8632 = VERTEX_POINT('',#8633);
#8633 = CARTESIAN_POINT('',(-5.25,1.849999952501,0.4));
#8634 = VERTEX_POINT('',#8635);
#8635 = CARTESIAN_POINT('',(-5.25,-1.850000026803,0.4));
#8636 = SURFACE_CURVE('',#8637,(#8641,#8647),.PCURVE_S1.);
#8637 = LINE('',#8638,#8639);
#8638 = CARTESIAN_POINT('',(-5.25,-0.925000008273,0.4));
#8639 = VECTOR('',#8640,1.);
#8640 = DIRECTION('',(0.,-1.,0.));
#8641 = PCURVE('',#6438,#8642);
#8642 = DEFINITIONAL_REPRESENTATION('',(#8643),#8646);
#8643 = B_SPLINE_CURVE_WITH_KNOTS('',1,(#8644,#8645),.UNSPECIFIED.,.F.,
  .F.,(2,2),(-2.774999960775,0.925000018529),.PIECEWISE_BEZIER_KNOTS.);
#8644 = CARTESIAN_POINT('',(-5.249999997689,1.849999942245));
#8645 = CARTESIAN_POINT('',(-5.249999997689,-1.850000037059));
#8646 = ( GEOMETRIC_REPRESENTATION_CONTEXT(2) 
PARAMETRIC_REPRESENTATION_CONTEXT() REPRESENTATION_CONTEXT('2D SPACE',''
  ) );
#8647 = PCURVE('',#7776,#8648);
#8648 = DEFINITIONAL_REPRESENTATION('',(#8649),#8652);
#8649 = B_SPLINE_CURVE_WITH_KNOTS('',1,(#8650,#8651),.UNSPECIFIED.,.F.,
  .F.,(2,2),(-2.774999960775,0.925000018529),.PIECEWISE_BEZIER_KNOTS.);
#8650 = CARTESIAN_POINT('',(3.699999979304,-5.E-02));
#8651 = CARTESIAN_POINT('',(-6.661338147751E-16,-5.E-02));
#8652 = ( GEOMETRIC_REPRESENTATION_CONTEXT(2) 
PARAMETRIC_REPRESENTATION_CONTEXT() REPRESENTATION_CONTEXT('2D SPACE',''
  ) );
#8653 = ORIENTED_EDGE('',*,*,#8654,.T.);
#8654 = EDGE_CURVE('',#8632,#8655,#8657,.T.);
#8655 = VERTEX_POINT('',#8656);
#8656 = CARTESIAN_POINT('',(-1.85,5.249999989652,0.4));
#8657 = SURFACE_CURVE('',#8658,(#8663,#8674),.PCURVE_S1.);
#8658 = CIRCLE('',#8659,3.4);
#8659 = AXIS2_PLACEMENT_3D('',#8660,#8661,#8662);
#8660 = CARTESIAN_POINT('',(-1.85,1.849999952501,0.4));
#8661 = DIRECTION('',(0.,0.,-1.));
#8662 = DIRECTION('',(-1.,0.,0.));
#8663 = PCURVE('',#6438,#8664);
#8664 = DEFINITIONAL_REPRESENTATION('',(#8665),#8673);
#8665 = ( BOUNDED_CURVE() B_SPLINE_CURVE(2,(#8666,#8667,#8668,#8669,
#8670,#8671,#8672),.UNSPECIFIED.,.T.,.F.) B_SPLINE_CURVE_WITH_KNOTS((1,2
    ,2,2,2,1),(-2.094395102393,0.,2.094395102393,4.188790204786,
6.28318530718,8.377580409573),.UNSPECIFIED.) CURVE() 
GEOMETRIC_REPRESENTATION_ITEM() RATIONAL_B_SPLINE_CURVE((1.,0.5,1.,0.5,
1.,0.5,1.)) REPRESENTATION_ITEM('') );
#8666 = CARTESIAN_POINT('',(-5.249999997689,1.849999942245));
#8667 = CARTESIAN_POINT('',(-5.249999997689,7.738972687979));
#8668 = CARTESIAN_POINT('',(-0.149999997689,4.794486315112));
#8669 = CARTESIAN_POINT('',(4.950000002311,1.849999942245));
#8670 = CARTESIAN_POINT('',(-0.149999997689,-1.094486430622));
#8671 = CARTESIAN_POINT('',(-5.249999997689,-4.038972803489));
#8672 = CARTESIAN_POINT('',(-5.249999997689,1.849999942245));
#8673 = ( GEOMETRIC_REPRESENTATION_CONTEXT(2) 
PARAMETRIC_REPRESENTATION_CONTEXT() REPRESENTATION_CONTEXT('2D SPACE',''
  ) );
#8674 = PCURVE('',#7808,#8675);
#8675 = DEFINITIONAL_REPRESENTATION('',(#8676),#8680);
#8676 = LINE('',#8677,#8678);
#8677 = CARTESIAN_POINT('',(0.,-5.E-02));
#8678 = VECTOR('',#8679,1.);
#8679 = DIRECTION('',(1.,0.));
#8680 = ( GEOMETRIC_REPRESENTATION_CONTEXT(2) 
PARAMETRIC_REPRESENTATION_CONTEXT() REPRESENTATION_CONTEXT('2D SPACE',''
  ) );
#8681 = ORIENTED_EDGE('',*,*,#8682,.F.);
#8682 = EDGE_CURVE('',#8683,#8655,#8685,.T.);
#8683 = VERTEX_POINT('',#8684);
#8684 = CARTESIAN_POINT('',(1.85,5.249999989652,0.4));
#8685 = SURFACE_CURVE('',#8686,(#8690,#8696),.PCURVE_S1.);
#8686 = LINE('',#8687,#8688);
#8687 = CARTESIAN_POINT('',(-0.925000001155,5.250000026803,0.4));
#8688 = VECTOR('',#8689,1.);
#8689 = DIRECTION('',(-1.,0.,0.));
#8690 = PCURVE('',#6438,#8691);
#8691 = DEFINITIONAL_REPRESENTATION('',(#8692),#8695);
#8692 = B_SPLINE_CURVE_WITH_KNOTS('',1,(#8693,#8694),.UNSPECIFIED.,.F.,
  .F.,(2,2),(-2.775000001155,0.924999998845),.PIECEWISE_BEZIER_KNOTS.);
#8693 = CARTESIAN_POINT('',(1.850000002311,5.250000016547));
#8694 = CARTESIAN_POINT('',(-1.849999997689,5.250000016547));
#8695 = ( GEOMETRIC_REPRESENTATION_CONTEXT(2) 
PARAMETRIC_REPRESENTATION_CONTEXT() REPRESENTATION_CONTEXT('2D SPACE',''
  ) );
#8696 = PCURVE('',#7888,#8697);
#8697 = DEFINITIONAL_REPRESENTATION('',(#8698),#8701);
#8698 = B_SPLINE_CURVE_WITH_KNOTS('',1,(#8699,#8700),.UNSPECIFIED.,.F.,
  .F.,(2,2),(-2.775000001155,0.924999998845),.PIECEWISE_BEZIER_KNOTS.);
#8699 = CARTESIAN_POINT('',(3.7,-5.E-02));
#8700 = CARTESIAN_POINT('',(0.,-5.E-02));
#8701 = ( GEOMETRIC_REPRESENTATION_CONTEXT(2) 
PARAMETRIC_REPRESENTATION_CONTEXT() REPRESENTATION_CONTEXT('2D SPACE',''
  ) );
#8702 = ORIENTED_EDGE('',*,*,#8703,.T.);
#8703 = EDGE_CURVE('',#8683,#8704,#8706,.T.);
#8704 = VERTEX_POINT('',#8705);
#8705 = CARTESIAN_POINT('',(5.25,1.849999952501,0.4));
#8706 = SURFACE_CURVE('',#8707,(#8712,#8723),.PCURVE_S1.);
#8707 = CIRCLE('',#8708,3.4);
#8708 = AXIS2_PLACEMENT_3D('',#8709,#8710,#8711);
#8709 = CARTESIAN_POINT('',(1.85,1.849999952501,0.4));
#8710 = DIRECTION('',(0.,0.,-1.));
#8711 = DIRECTION('',(-1.,0.,0.));
#8712 = PCURVE('',#6438,#8713);
#8713 = DEFINITIONAL_REPRESENTATION('',(#8714),#8722);
#8714 = ( BOUNDED_CURVE() B_SPLINE_CURVE(2,(#8715,#8716,#8717,#8718,
#8719,#8720,#8721),.UNSPECIFIED.,.T.,.F.) B_SPLINE_CURVE_WITH_KNOTS((1,2
    ,2,2,2,1),(-2.094395102393,0.,2.094395102393,4.188790204786,
6.28318530718,8.377580409573),.UNSPECIFIED.) CURVE() 
GEOMETRIC_REPRESENTATION_ITEM() RATIONAL_B_SPLINE_CURVE((1.,0.5,1.,0.5,
1.,0.5,1.)) REPRESENTATION_ITEM('') );
#8715 = CARTESIAN_POINT('',(-1.549999997689,1.849999942245));
#8716 = CARTESIAN_POINT('',(-1.549999997689,7.738972687979));
#8717 = CARTESIAN_POINT('',(3.550000002311,4.794486315112));
#8718 = CARTESIAN_POINT('',(8.650000002311,1.849999942245));
#8719 = CARTESIAN_POINT('',(3.550000002311,-1.094486430622));
#8720 = CARTESIAN_POINT('',(-1.549999997689,-4.038972803489));
#8721 = CARTESIAN_POINT('',(-1.549999997689,1.849999942245));
#8722 = ( GEOMETRIC_REPRESENTATION_CONTEXT(2) 
PARAMETRIC_REPRESENTATION_CONTEXT() REPRESENTATION_CONTEXT('2D SPACE',''
  ) );
#8723 = PCURVE('',#7920,#8724);
#8724 = DEFINITIONAL_REPRESENTATION('',(#8725),#8729);
#8725 = LINE('',#8726,#8727);
#8726 = CARTESIAN_POINT('',(0.,-5.E-02));
#8727 = VECTOR('',#8728,1.);
#8728 = DIRECTION('',(1.,0.));
#8729 = ( GEOMETRIC_REPRESENTATION_CONTEXT(2) 
PARAMETRIC_REPRESENTATION_CONTEXT() REPRESENTATION_CONTEXT('2D SPACE',''
  ) );
#8730 = ORIENTED_EDGE('',*,*,#8731,.T.);
#8731 = EDGE_CURVE('',#8704,#8732,#8734,.T.);
#8732 = VERTEX_POINT('',#8733);
#8733 = CARTESIAN_POINT('',(5.249999962849,-1.849999973197,0.4));
#8734 = SURFACE_CURVE('',#8735,(#8739,#8745),.PCURVE_S1.);
#8735 = LINE('',#8736,#8737);
#8736 = CARTESIAN_POINT('',(5.25,-0.924999981471,0.4));
#8737 = VECTOR('',#8738,1.);
#8738 = DIRECTION('',(0.,-1.,0.));
#8739 = PCURVE('',#6438,#8740);
#8740 = DEFINITIONAL_REPRESENTATION('',(#8741),#8744);
#8741 = B_SPLINE_CURVE_WITH_KNOTS('',1,(#8742,#8743),.UNSPECIFIED.,.F.,
  .F.,(2,2),(-2.774999933972,0.924999991727),.PIECEWISE_BEZIER_KNOTS.);
#8742 = CARTESIAN_POINT('',(5.250000002311,1.849999942245));
#8743 = CARTESIAN_POINT('',(5.250000002311,-1.849999983453));
#8744 = ( GEOMETRIC_REPRESENTATION_CONTEXT(2) 
PARAMETRIC_REPRESENTATION_CONTEXT() REPRESENTATION_CONTEXT('2D SPACE',''
  ) );
#8745 = PCURVE('',#8746,#8751);
#8746 = PLANE('',#8747);
#8747 = AXIS2_PLACEMENT_3D('',#8748,#8749,#8750);
#8748 = CARTESIAN_POINT('',(5.25,-1.849999973197,0.35));
#8749 = DIRECTION('',(-1.,0.,0.));
#8750 = DIRECTION('',(0.,1.,0.));
#8751 = DEFINITIONAL_REPRESENTATION('',(#8752),#8755);
#8752 = B_SPLINE_CURVE_WITH_KNOTS('',1,(#8753,#8754),.UNSPECIFIED.,.F.,
  .F.,(2,2),(-2.774999933972,0.924999991727),.PIECEWISE_BEZIER_KNOTS.);
#8753 = CARTESIAN_POINT('',(3.699999925698,-5.E-02));
#8754 = CARTESIAN_POINT('',(0.,-5.E-02));
#8755 = ( GEOMETRIC_REPRESENTATION_CONTEXT(2) 
PARAMETRIC_REPRESENTATION_CONTEXT() REPRESENTATION_CONTEXT('2D SPACE',''
  ) );
#8756 = ORIENTED_EDGE('',*,*,#8757,.T.);
#8757 = EDGE_CURVE('',#8732,#8758,#8760,.T.);
#8758 = VERTEX_POINT('',#8759);
#8759 = CARTESIAN_POINT('',(1.849999925698,-5.249999973197,0.4));
#8760 = SURFACE_CURVE('',#8761,(#8766,#8777),.PCURVE_S1.);
#8761 = CIRCLE('',#8762,3.4);
#8762 = AXIS2_PLACEMENT_3D('',#8763,#8764,#8765);
#8763 = CARTESIAN_POINT('',(1.849999925698,-1.849999973197,0.4));
#8764 = DIRECTION('',(0.,0.,-1.));
#8765 = DIRECTION('',(-1.,0.,0.));
#8766 = PCURVE('',#6438,#8767);
#8767 = DEFINITIONAL_REPRESENTATION('',(#8768),#8776);
#8768 = ( BOUNDED_CURVE() B_SPLINE_CURVE(2,(#8769,#8770,#8771,#8772,
#8773,#8774,#8775),.UNSPECIFIED.,.T.,.F.) B_SPLINE_CURVE_WITH_KNOTS((1,2
    ,2,2,2,1),(-2.094395102393,0.,2.094395102393,4.188790204786,
6.28318530718,8.377580409573),.UNSPECIFIED.) CURVE() 
GEOMETRIC_REPRESENTATION_ITEM() RATIONAL_B_SPLINE_CURVE((1.,0.5,1.,0.5,
1.,0.5,1.)) REPRESENTATION_ITEM('') );
#8769 = CARTESIAN_POINT('',(-1.550000071991,-1.849999983453));
#8770 = CARTESIAN_POINT('',(-1.550000071991,4.038972762281));
#8771 = CARTESIAN_POINT('',(3.549999928009,1.094486389414));
#8772 = CARTESIAN_POINT('',(8.649999928009,-1.849999983453));
#8773 = CARTESIAN_POINT('',(3.549999928009,-4.79448635632));
#8774 = CARTESIAN_POINT('',(-1.550000071991,-7.738972729187));
#8775 = CARTESIAN_POINT('',(-1.550000071991,-1.849999983453));
#8776 = ( GEOMETRIC_REPRESENTATION_CONTEXT(2) 
PARAMETRIC_REPRESENTATION_CONTEXT() REPRESENTATION_CONTEXT('2D SPACE',''
  ) );
#8777 = PCURVE('',#7637,#8778);
#8778 = DEFINITIONAL_REPRESENTATION('',(#8779),#8783);
#8779 = LINE('',#8780,#8781);
#8780 = CARTESIAN_POINT('',(0.,-5.E-02));
#8781 = VECTOR('',#8782,1.);
#8782 = DIRECTION('',(1.,0.));
#8783 = ( GEOMETRIC_REPRESENTATION_CONTEXT(2) 
PARAMETRIC_REPRESENTATION_CONTEXT() REPRESENTATION_CONTEXT('2D SPACE',''
  ) );
#8784 = ORIENTED_EDGE('',*,*,#8785,.T.);
#8785 = EDGE_CURVE('',#8758,#8786,#8788,.T.);
#8786 = VERTEX_POINT('',#8787);
#8787 = CARTESIAN_POINT('',(-1.85,-5.25,0.4));
#8788 = SURFACE_CURVE('',#8789,(#8793,#8799),.PCURVE_S1.);
#8789 = LINE('',#8790,#8791);
#8790 = CARTESIAN_POINT('',(-0.925000001155,-5.249999973197,0.4));
#8791 = VECTOR('',#8792,1.);
#8792 = DIRECTION('',(-1.,0.,0.));
#8793 = PCURVE('',#6438,#8794);
#8794 = DEFINITIONAL_REPRESENTATION('',(#8795),#8798);
#8795 = B_SPLINE_CURVE_WITH_KNOTS('',1,(#8796,#8797),.UNSPECIFIED.,.F.,
  .F.,(2,2),(-2.774999926854,0.924999998845),.PIECEWISE_BEZIER_KNOTS.);
#8796 = CARTESIAN_POINT('',(1.849999928009,-5.249999983453));
#8797 = CARTESIAN_POINT('',(-1.849999997689,-5.249999983453));
#8798 = ( GEOMETRIC_REPRESENTATION_CONTEXT(2) 
PARAMETRIC_REPRESENTATION_CONTEXT() REPRESENTATION_CONTEXT('2D SPACE',''
  ) );
#8799 = PCURVE('',#7664,#8800);
#8800 = DEFINITIONAL_REPRESENTATION('',(#8801),#8804);
#8801 = B_SPLINE_CURVE_WITH_KNOTS('',1,(#8802,#8803),.UNSPECIFIED.,.F.,
  .F.,(2,2),(-2.774999926854,0.924999998845),.PIECEWISE_BEZIER_KNOTS.);
#8802 = CARTESIAN_POINT('',(3.699999925698,-5.E-02));
#8803 = CARTESIAN_POINT('',(0.,-5.E-02));
#8804 = ( GEOMETRIC_REPRESENTATION_CONTEXT(2) 
PARAMETRIC_REPRESENTATION_CONTEXT() REPRESENTATION_CONTEXT('2D SPACE',''
  ) );
#8805 = ORIENTED_EDGE('',*,*,#8806,.T.);
#8806 = EDGE_CURVE('',#8786,#8634,#8807,.T.);
#8807 = SURFACE_CURVE('',#8808,(#8813,#8824),.PCURVE_S1.);
#8808 = CIRCLE('',#8809,3.4);
#8809 = AXIS2_PLACEMENT_3D('',#8810,#8811,#8812);
#8810 = CARTESIAN_POINT('',(-1.85,-1.850000026803,0.4));
#8811 = DIRECTION('',(0.,0.,-1.));
#8812 = DIRECTION('',(-1.,0.,0.));
#8813 = PCURVE('',#6438,#8814);
#8814 = DEFINITIONAL_REPRESENTATION('',(#8815),#8823);
#8815 = ( BOUNDED_CURVE() B_SPLINE_CURVE(2,(#8816,#8817,#8818,#8819,
#8820,#8821,#8822),.UNSPECIFIED.,.T.,.F.) B_SPLINE_CURVE_WITH_KNOTS((1,2
    ,2,2,2,1),(-2.094395102393,0.,2.094395102393,4.188790204786,
6.28318530718,8.377580409573),.UNSPECIFIED.) CURVE() 
GEOMETRIC_REPRESENTATION_ITEM() RATIONAL_B_SPLINE_CURVE((1.,0.5,1.,0.5,
1.,0.5,1.)) REPRESENTATION_ITEM('') );
#8816 = CARTESIAN_POINT('',(-5.249999997689,-1.850000037059));
#8817 = CARTESIAN_POINT('',(-5.249999997689,4.038972708675));
#8818 = CARTESIAN_POINT('',(-0.149999997689,1.094486335808));
#8819 = CARTESIAN_POINT('',(4.950000002311,-1.850000037059));
#8820 = CARTESIAN_POINT('',(-0.149999997689,-4.794486409926));
#8821 = CARTESIAN_POINT('',(-5.249999997689,-7.738972782793));
#8822 = CARTESIAN_POINT('',(-5.249999997689,-1.850000037059));
#8823 = ( GEOMETRIC_REPRESENTATION_CONTEXT(2) 
PARAMETRIC_REPRESENTATION_CONTEXT() REPRESENTATION_CONTEXT('2D SPACE',''
  ) );
#8824 = PCURVE('',#7749,#8825);
#8825 = DEFINITIONAL_REPRESENTATION('',(#8826),#8830);
#8826 = LINE('',#8827,#8828);
#8827 = CARTESIAN_POINT('',(0.,-5.E-02));
#8828 = VECTOR('',#8829,1.);
#8829 = DIRECTION('',(1.,0.));
#8830 = ( GEOMETRIC_REPRESENTATION_CONTEXT(2) 
PARAMETRIC_REPRESENTATION_CONTEXT() REPRESENTATION_CONTEXT('2D SPACE',''
  ) );
#8831 = ADVANCED_FACE('',(#8832),#7117,.T.);
#8832 = FACE_BOUND('',#8833,.T.);
#8833 = EDGE_LOOP('',(#8834,#8857,#8885,#8906,#8907,#8908));
#8834 = ORIENTED_EDGE('',*,*,#8835,.F.);
#8835 = EDGE_CURVE('',#8836,#7260,#8838,.T.);
#8836 = VERTEX_POINT('',#8837);
#8837 = CARTESIAN_POINT('',(20.3,11.6,6.2));
#8838 = SURFACE_CURVE('',#8839,(#8843,#8850),.PCURVE_S1.);
#8839 = LINE('',#8840,#8841);
#8840 = CARTESIAN_POINT('',(20.3,11.6,6.2));
#8841 = VECTOR('',#8842,1.);
#8842 = DIRECTION('',(1.,0.,-0.));
#8843 = PCURVE('',#7117,#8844);
#8844 = DEFINITIONAL_REPRESENTATION('',(#8845),#8849);
#8845 = LINE('',#8846,#8847);
#8846 = CARTESIAN_POINT('',(0.,23.2));
#8847 = VECTOR('',#8848,1.);
#8848 = DIRECTION('',(1.,0.));
#8849 = ( GEOMETRIC_REPRESENTATION_CONTEXT(2) 
PARAMETRIC_REPRESENTATION_CONTEXT() REPRESENTATION_CONTEXT('2D SPACE',''
  ) );
#8850 = PCURVE('',#7300,#8851);
#8851 = DEFINITIONAL_REPRESENTATION('',(#8852),#8856);
#8852 = LINE('',#8853,#8854);
#8853 = CARTESIAN_POINT('',(4.55,0.));
#8854 = VECTOR('',#8855,1.);
#8855 = DIRECTION('',(0.,1.));
#8856 = ( GEOMETRIC_REPRESENTATION_CONTEXT(2) 
PARAMETRIC_REPRESENTATION_CONTEXT() REPRESENTATION_CONTEXT('2D SPACE',''
  ) );
#8857 = ORIENTED_EDGE('',*,*,#8858,.F.);
#8858 = EDGE_CURVE('',#8859,#8836,#8861,.T.);
#8859 = VERTEX_POINT('',#8860);
#8860 = CARTESIAN_POINT('',(20.3,-11.6,6.2));
#8861 = SURFACE_CURVE('',#8862,(#8866,#8873),.PCURVE_S1.);
#8862 = LINE('',#8863,#8864);
#8863 = CARTESIAN_POINT('',(20.3,-11.6,6.2));
#8864 = VECTOR('',#8865,1.);
#8865 = DIRECTION('',(-0.,1.,0.));
#8866 = PCURVE('',#7117,#8867);
#8867 = DEFINITIONAL_REPRESENTATION('',(#8868),#8872);
#8868 = LINE('',#8869,#8870);
#8869 = CARTESIAN_POINT('',(0.,0.));
#8870 = VECTOR('',#8871,1.);
#8871 = DIRECTION('',(0.,1.));
#8872 = ( GEOMETRIC_REPRESENTATION_CONTEXT(2) 
PARAMETRIC_REPRESENTATION_CONTEXT() REPRESENTATION_CONTEXT('2D SPACE',''
  ) );
#8873 = PCURVE('',#8874,#8879);
#8874 = PLANE('',#8875);
#8875 = AXIS2_PLACEMENT_3D('',#8876,#8877,#8878);
#8876 = CARTESIAN_POINT('',(20.3,-11.6,1.65));
#8877 = DIRECTION('',(1.,0.,-0.));
#8878 = DIRECTION('',(0.,0.,1.));
#8879 = DEFINITIONAL_REPRESENTATION('',(#8880),#8884);
#8880 = LINE('',#8881,#8882);
#8881 = CARTESIAN_POINT('',(4.55,0.));
#8882 = VECTOR('',#8883,1.);
#8883 = DIRECTION('',(0.,-1.));
#8884 = ( GEOMETRIC_REPRESENTATION_CONTEXT(2) 
PARAMETRIC_REPRESENTATION_CONTEXT() REPRESENTATION_CONTEXT('2D SPACE',''
  ) );
#8885 = ORIENTED_EDGE('',*,*,#8886,.T.);
#8886 = EDGE_CURVE('',#8859,#7075,#8887,.T.);
#8887 = SURFACE_CURVE('',#8888,(#8892,#8899),.PCURVE_S1.);
#8888 = LINE('',#8889,#8890);
#8889 = CARTESIAN_POINT('',(20.3,-11.6,6.2));
#8890 = VECTOR('',#8891,1.);
#8891 = DIRECTION('',(1.,0.,-0.));
#8892 = PCURVE('',#7117,#8893);
#8893 = DEFINITIONAL_REPRESENTATION('',(#8894),#8898);
#8894 = LINE('',#8895,#8896);
#8895 = CARTESIAN_POINT('',(0.,0.));
#8896 = VECTOR('',#8897,1.);
#8897 = DIRECTION('',(1.,0.));
#8898 = ( GEOMETRIC_REPRESENTATION_CONTEXT(2) 
PARAMETRIC_REPRESENTATION_CONTEXT() REPRESENTATION_CONTEXT('2D SPACE',''
  ) );
#8899 = PCURVE('',#7089,#8900);
#8900 = DEFINITIONAL_REPRESENTATION('',(#8901),#8905);
#8901 = LINE('',#8902,#8903);
#8902 = CARTESIAN_POINT('',(4.55,0.));
#8903 = VECTOR('',#8904,1.);
#8904 = DIRECTION('',(0.,1.));
#8905 = ( GEOMETRIC_REPRESENTATION_CONTEXT(2) 
PARAMETRIC_REPRESENTATION_CONTEXT() REPRESENTATION_CONTEXT('2D SPACE',''
  ) );
#8906 = ORIENTED_EDGE('',*,*,#7100,.F.);
#8907 = ORIENTED_EDGE('',*,*,#7159,.T.);
#8908 = ORIENTED_EDGE('',*,*,#7259,.F.);
#8909 = ADVANCED_FACE('',(#8910),#7089,.F.);
#8910 = FACE_BOUND('',#8911,.F.);
#8911 = EDGE_LOOP('',(#8912,#8913,#8914,#8935,#8961,#8982));
#8912 = ORIENTED_EDGE('',*,*,#7074,.T.);
#8913 = ORIENTED_EDGE('',*,*,#7465,.T.);
#8914 = ORIENTED_EDGE('',*,*,#8915,.F.);
#8915 = EDGE_CURVE('',#8916,#7466,#8918,.T.);
#8916 = VERTEX_POINT('',#8917);
#8917 = CARTESIAN_POINT('',(20.4,-11.6,4.35));
#8918 = SURFACE_CURVE('',#8919,(#8923,#8929),.PCURVE_S1.);
#8919 = LINE('',#8920,#8921);
#8920 = CARTESIAN_POINT('',(20.4,-11.6,1.65));
#8921 = VECTOR('',#8922,1.);
#8922 = DIRECTION('',(-0.,0.,-1.));
#8923 = PCURVE('',#7089,#8924);
#8924 = DEFINITIONAL_REPRESENTATION('',(#8925),#8928);
#8925 = B_SPLINE_CURVE_WITH_KNOTS('',1,(#8926,#8927),.UNSPECIFIED.,.F.,
  .F.,(2,2),(-2.7,-0.15),.PIECEWISE_BEZIER_KNOTS.);
#8926 = CARTESIAN_POINT('',(2.7,0.1));
#8927 = CARTESIAN_POINT('',(0.15,0.1));
#8928 = ( GEOMETRIC_REPRESENTATION_CONTEXT(2) 
PARAMETRIC_REPRESENTATION_CONTEXT() REPRESENTATION_CONTEXT('2D SPACE',''
  ) );
#8929 = PCURVE('',#7501,#8930);
#8930 = DEFINITIONAL_REPRESENTATION('',(#8931),#8934);
#8931 = B_SPLINE_CURVE_WITH_KNOTS('',1,(#8932,#8933),.UNSPECIFIED.,.F.,
  .F.,(2,2),(-2.7,-0.15),.PIECEWISE_BEZIER_KNOTS.);
#8932 = CARTESIAN_POINT('',(2.7,-1.1));
#8933 = CARTESIAN_POINT('',(0.15,-1.1));
#8934 = ( GEOMETRIC_REPRESENTATION_CONTEXT(2) 
PARAMETRIC_REPRESENTATION_CONTEXT() REPRESENTATION_CONTEXT('2D SPACE',''
  ) );
#8935 = ORIENTED_EDGE('',*,*,#8936,.F.);
#8936 = EDGE_CURVE('',#8937,#8916,#8939,.T.);
#8937 = VERTEX_POINT('',#8938);
#8938 = CARTESIAN_POINT('',(20.3,-11.6,4.35));
#8939 = SURFACE_CURVE('',#8940,(#8944,#8950),.PCURVE_S1.);
#8940 = LINE('',#8941,#8942);
#8941 = CARTESIAN_POINT('',(13.15,-11.6,4.35));
#8942 = VECTOR('',#8943,1.);
#8943 = DIRECTION('',(1.,0.,-0.));
#8944 = PCURVE('',#7089,#8945);
#8945 = DEFINITIONAL_REPRESENTATION('',(#8946),#8949);
#8946 = B_SPLINE_CURVE_WITH_KNOTS('',1,(#8947,#8948),.UNSPECIFIED.,.F.,
  .F.,(2,2),(7.15,7.25),.PIECEWISE_BEZIER_KNOTS.);
#8947 = CARTESIAN_POINT('',(2.7,0.));
#8948 = CARTESIAN_POINT('',(2.7,0.1));
#8949 = ( GEOMETRIC_REPRESENTATION_CONTEXT(2) 
PARAMETRIC_REPRESENTATION_CONTEXT() REPRESENTATION_CONTEXT('2D SPACE',''
  ) );
#8950 = PCURVE('',#8951,#8956);
#8951 = PLANE('',#8952);
#8952 = AXIS2_PLACEMENT_3D('',#8953,#8954,#8955);
#8953 = CARTESIAN_POINT('',(6.,-12.7,4.35));
#8954 = DIRECTION('',(0.,0.,1.));
#8955 = DIRECTION('',(1.,0.,-0.));
#8956 = DEFINITIONAL_REPRESENTATION('',(#8957),#8960);
#8957 = B_SPLINE_CURVE_WITH_KNOTS('',1,(#8958,#8959),.UNSPECIFIED.,.F.,
  .F.,(2,2),(7.15,7.25),.PIECEWISE_BEZIER_KNOTS.);
#8958 = CARTESIAN_POINT('',(14.3,1.1));
#8959 = CARTESIAN_POINT('',(14.4,1.1));
#8960 = ( GEOMETRIC_REPRESENTATION_CONTEXT(2) 
PARAMETRIC_REPRESENTATION_CONTEXT() REPRESENTATION_CONTEXT('2D SPACE',''
  ) );
#8961 = ORIENTED_EDGE('',*,*,#8962,.T.);
#8962 = EDGE_CURVE('',#8937,#8859,#8963,.T.);
#8963 = SURFACE_CURVE('',#8964,(#8968,#8975),.PCURVE_S1.);
#8964 = LINE('',#8965,#8966);
#8965 = CARTESIAN_POINT('',(20.3,-11.6,1.65));
#8966 = VECTOR('',#8967,1.);
#8967 = DIRECTION('',(0.,0.,1.));
#8968 = PCURVE('',#7089,#8969);
#8969 = DEFINITIONAL_REPRESENTATION('',(#8970),#8974);
#8970 = LINE('',#8971,#8972);
#8971 = CARTESIAN_POINT('',(0.,0.));
#8972 = VECTOR('',#8973,1.);
#8973 = DIRECTION('',(1.,0.));
#8974 = ( GEOMETRIC_REPRESENTATION_CONTEXT(2) 
PARAMETRIC_REPRESENTATION_CONTEXT() REPRESENTATION_CONTEXT('2D SPACE',''
  ) );
#8975 = PCURVE('',#8874,#8976);
#8976 = DEFINITIONAL_REPRESENTATION('',(#8977),#8981);
#8977 = LINE('',#8978,#8979);
#8978 = CARTESIAN_POINT('',(0.,0.));
#8979 = VECTOR('',#8980,1.);
#8980 = DIRECTION('',(1.,0.));
#8981 = ( GEOMETRIC_REPRESENTATION_CONTEXT(2) 
PARAMETRIC_REPRESENTATION_CONTEXT() REPRESENTATION_CONTEXT('2D SPACE',''
  ) );
#8982 = ORIENTED_EDGE('',*,*,#8886,.T.);
#8983 = ADVANCED_FACE('',(#8984),#7300,.T.);
#8984 = FACE_BOUND('',#8985,.T.);
#8985 = EDGE_LOOP('',(#8986,#8987,#8988,#9009,#9035,#9056));
#8986 = ORIENTED_EDGE('',*,*,#7287,.T.);
#8987 = ORIENTED_EDGE('',*,*,#8057,.T.);
#8988 = ORIENTED_EDGE('',*,*,#8989,.F.);
#8989 = EDGE_CURVE('',#8990,#8032,#8992,.T.);
#8990 = VERTEX_POINT('',#8991);
#8991 = CARTESIAN_POINT('',(20.4,11.6,4.35));
#8992 = SURFACE_CURVE('',#8993,(#8997,#9003),.PCURVE_S1.);
#8993 = LINE('',#8994,#8995);
#8994 = CARTESIAN_POINT('',(20.4,11.6,1.65));
#8995 = VECTOR('',#8996,1.);
#8996 = DIRECTION('',(-0.,0.,-1.));
#8997 = PCURVE('',#7300,#8998);
#8998 = DEFINITIONAL_REPRESENTATION('',(#8999),#9002);
#8999 = B_SPLINE_CURVE_WITH_KNOTS('',1,(#9000,#9001),.UNSPECIFIED.,.F.,
  .F.,(2,2),(-2.7,-0.15),.PIECEWISE_BEZIER_KNOTS.);
#9000 = CARTESIAN_POINT('',(2.7,0.1));
#9001 = CARTESIAN_POINT('',(0.15,0.1));
#9002 = ( GEOMETRIC_REPRESENTATION_CONTEXT(2) 
PARAMETRIC_REPRESENTATION_CONTEXT() REPRESENTATION_CONTEXT('2D SPACE',''
  ) );
#9003 = PCURVE('',#8046,#9004);
#9004 = DEFINITIONAL_REPRESENTATION('',(#9005),#9008);
#9005 = B_SPLINE_CURVE_WITH_KNOTS('',1,(#9006,#9007),.UNSPECIFIED.,.F.,
  .F.,(2,2),(-2.7,-0.15),.PIECEWISE_BEZIER_KNOTS.);
#9006 = CARTESIAN_POINT('',(2.7,-1.E-01));
#9007 = CARTESIAN_POINT('',(0.15,-1.E-01));
#9008 = ( GEOMETRIC_REPRESENTATION_CONTEXT(2) 
PARAMETRIC_REPRESENTATION_CONTEXT() REPRESENTATION_CONTEXT('2D SPACE',''
  ) );
#9009 = ORIENTED_EDGE('',*,*,#9010,.F.);
#9010 = EDGE_CURVE('',#9011,#8990,#9013,.T.);
#9011 = VERTEX_POINT('',#9012);
#9012 = CARTESIAN_POINT('',(20.3,11.6,4.35));
#9013 = SURFACE_CURVE('',#9014,(#9018,#9024),.PCURVE_S1.);
#9014 = LINE('',#9015,#9016);
#9015 = CARTESIAN_POINT('',(13.15,11.6,4.35));
#9016 = VECTOR('',#9017,1.);
#9017 = DIRECTION('',(1.,0.,-0.));
#9018 = PCURVE('',#7300,#9019);
#9019 = DEFINITIONAL_REPRESENTATION('',(#9020),#9023);
#9020 = B_SPLINE_CURVE_WITH_KNOTS('',1,(#9021,#9022),.UNSPECIFIED.,.F.,
  .F.,(2,2),(7.15,7.25),.PIECEWISE_BEZIER_KNOTS.);
#9021 = CARTESIAN_POINT('',(2.7,0.));
#9022 = CARTESIAN_POINT('',(2.7,0.1));
#9023 = ( GEOMETRIC_REPRESENTATION_CONTEXT(2) 
PARAMETRIC_REPRESENTATION_CONTEXT() REPRESENTATION_CONTEXT('2D SPACE',''
  ) );
#9024 = PCURVE('',#9025,#9030);
#9025 = PLANE('',#9026);
#9026 = AXIS2_PLACEMENT_3D('',#9027,#9028,#9029);
#9027 = CARTESIAN_POINT('',(6.,11.5,4.35));
#9028 = DIRECTION('',(0.,0.,1.));
#9029 = DIRECTION('',(1.,0.,-0.));
#9030 = DEFINITIONAL_REPRESENTATION('',(#9031),#9034);
#9031 = B_SPLINE_CURVE_WITH_KNOTS('',1,(#9032,#9033),.UNSPECIFIED.,.F.,
  .F.,(2,2),(7.15,7.25),.PIECEWISE_BEZIER_KNOTS.);
#9032 = CARTESIAN_POINT('',(14.3,1.E-01));
#9033 = CARTESIAN_POINT('',(14.4,1.E-01));
#9034 = ( GEOMETRIC_REPRESENTATION_CONTEXT(2) 
PARAMETRIC_REPRESENTATION_CONTEXT() REPRESENTATION_CONTEXT('2D SPACE',''
  ) );
#9035 = ORIENTED_EDGE('',*,*,#9036,.T.);
#9036 = EDGE_CURVE('',#9011,#8836,#9037,.T.);
#9037 = SURFACE_CURVE('',#9038,(#9042,#9049),.PCURVE_S1.);
#9038 = LINE('',#9039,#9040);
#9039 = CARTESIAN_POINT('',(20.3,11.6,1.65));
#9040 = VECTOR('',#9041,1.);
#9041 = DIRECTION('',(0.,0.,1.));
#9042 = PCURVE('',#7300,#9043);
#9043 = DEFINITIONAL_REPRESENTATION('',(#9044),#9048);
#9044 = LINE('',#9045,#9046);
#9045 = CARTESIAN_POINT('',(0.,0.));
#9046 = VECTOR('',#9047,1.);
#9047 = DIRECTION('',(1.,0.));
#9048 = ( GEOMETRIC_REPRESENTATION_CONTEXT(2) 
PARAMETRIC_REPRESENTATION_CONTEXT() REPRESENTATION_CONTEXT('2D SPACE',''
  ) );
#9049 = PCURVE('',#8874,#9050);
#9050 = DEFINITIONAL_REPRESENTATION('',(#9051),#9055);
#9051 = LINE('',#9052,#9053);
#9052 = CARTESIAN_POINT('',(0.,-23.2));
#9053 = VECTOR('',#9054,1.);
#9054 = DIRECTION('',(1.,0.));
#9055 = ( GEOMETRIC_REPRESENTATION_CONTEXT(2) 
PARAMETRIC_REPRESENTATION_CONTEXT() REPRESENTATION_CONTEXT('2D SPACE',''
  ) );
#9056 = ORIENTED_EDGE('',*,*,#8835,.T.);
#9057 = ADVANCED_FACE('',(#9058),#8046,.T.);
#9058 = FACE_BOUND('',#9059,.T.);
#9059 = EDGE_LOOP('',(#9060,#9083,#9084,#9085));
#9060 = ORIENTED_EDGE('',*,*,#9061,.F.);
#9061 = EDGE_CURVE('',#8990,#9062,#9064,.T.);
#9062 = VERTEX_POINT('',#9063);
#9063 = CARTESIAN_POINT('',(20.4,12.7,4.35));
#9064 = SURFACE_CURVE('',#9065,(#9069,#9076),.PCURVE_S1.);
#9065 = LINE('',#9066,#9067);
#9066 = CARTESIAN_POINT('',(20.4,11.5,4.35));
#9067 = VECTOR('',#9068,1.);
#9068 = DIRECTION('',(-0.,1.,0.));
#9069 = PCURVE('',#8046,#9070);
#9070 = DEFINITIONAL_REPRESENTATION('',(#9071),#9075);
#9071 = LINE('',#9072,#9073);
#9072 = CARTESIAN_POINT('',(2.7,0.));
#9073 = VECTOR('',#9074,1.);
#9074 = DIRECTION('',(0.,-1.));
#9075 = ( GEOMETRIC_REPRESENTATION_CONTEXT(2) 
PARAMETRIC_REPRESENTATION_CONTEXT() REPRESENTATION_CONTEXT('2D SPACE',''
  ) );
#9076 = PCURVE('',#9025,#9077);
#9077 = DEFINITIONAL_REPRESENTATION('',(#9078),#9082);
#9078 = LINE('',#9079,#9080);
#9079 = CARTESIAN_POINT('',(14.4,0.));
#9080 = VECTOR('',#9081,1.);
#9081 = DIRECTION('',(0.,1.));
#9082 = ( GEOMETRIC_REPRESENTATION_CONTEXT(2) 
PARAMETRIC_REPRESENTATION_CONTEXT() REPRESENTATION_CONTEXT('2D SPACE',''
  ) );
#9083 = ORIENTED_EDGE('',*,*,#8989,.T.);
#9084 = ORIENTED_EDGE('',*,*,#8031,.T.);
#9085 = ORIENTED_EDGE('',*,*,#9086,.T.);
#9086 = EDGE_CURVE('',#8006,#9062,#9087,.T.);
#9087 = SURFACE_CURVE('',#9088,(#9092,#9099),.PCURVE_S1.);
#9088 = LINE('',#9089,#9090);
#9089 = CARTESIAN_POINT('',(20.4,12.7,1.65));
#9090 = VECTOR('',#9091,1.);
#9091 = DIRECTION('',(0.,0.,1.));
#9092 = PCURVE('',#8046,#9093);
#9093 = DEFINITIONAL_REPRESENTATION('',(#9094),#9098);
#9094 = LINE('',#9095,#9096);
#9095 = CARTESIAN_POINT('',(0.,-1.2));
#9096 = VECTOR('',#9097,1.);
#9097 = DIRECTION('',(1.,0.));
#9098 = ( GEOMETRIC_REPRESENTATION_CONTEXT(2) 
PARAMETRIC_REPRESENTATION_CONTEXT() REPRESENTATION_CONTEXT('2D SPACE',''
  ) );
#9099 = PCURVE('',#8020,#9100);
#9100 = DEFINITIONAL_REPRESENTATION('',(#9101),#9105);
#9101 = LINE('',#9102,#9103);
#9102 = CARTESIAN_POINT('',(0.,14.4));
#9103 = VECTOR('',#9104,1.);
#9104 = DIRECTION('',(1.,0.));
#9105 = ( GEOMETRIC_REPRESENTATION_CONTEXT(2) 
PARAMETRIC_REPRESENTATION_CONTEXT() REPRESENTATION_CONTEXT('2D SPACE',''
  ) );
#9106 = ADVANCED_FACE('',(#9107),#8020,.T.);
#9107 = FACE_BOUND('',#9108,.T.);
#9108 = EDGE_LOOP('',(#9109,#9110,#9111,#9134));
#9109 = ORIENTED_EDGE('',*,*,#9086,.F.);
#9110 = ORIENTED_EDGE('',*,*,#8005,.T.);
#9111 = ORIENTED_EDGE('',*,*,#9112,.T.);
#9112 = EDGE_CURVE('',#7980,#9113,#9115,.T.);
#9113 = VERTEX_POINT('',#9114);
#9114 = CARTESIAN_POINT('',(6.,12.7,4.35));
#9115 = SURFACE_CURVE('',#9116,(#9120,#9127),.PCURVE_S1.);
#9116 = LINE('',#9117,#9118);
#9117 = CARTESIAN_POINT('',(6.,12.7,1.65));
#9118 = VECTOR('',#9119,1.);
#9119 = DIRECTION('',(0.,0.,1.));
#9120 = PCURVE('',#8020,#9121);
#9121 = DEFINITIONAL_REPRESENTATION('',(#9122),#9126);
#9122 = LINE('',#9123,#9124);
#9123 = CARTESIAN_POINT('',(0.,0.));
#9124 = VECTOR('',#9125,1.);
#9125 = DIRECTION('',(1.,0.));
#9126 = ( GEOMETRIC_REPRESENTATION_CONTEXT(2) 
PARAMETRIC_REPRESENTATION_CONTEXT() REPRESENTATION_CONTEXT('2D SPACE',''
  ) );
#9127 = PCURVE('',#7994,#9128);
#9128 = DEFINITIONAL_REPRESENTATION('',(#9129),#9133);
#9129 = LINE('',#9130,#9131);
#9130 = CARTESIAN_POINT('',(0.,-1.2));
#9131 = VECTOR('',#9132,1.);
#9132 = DIRECTION('',(1.,0.));
#9133 = ( GEOMETRIC_REPRESENTATION_CONTEXT(2) 
PARAMETRIC_REPRESENTATION_CONTEXT() REPRESENTATION_CONTEXT('2D SPACE',''
  ) );
#9134 = ORIENTED_EDGE('',*,*,#9135,.T.);
#9135 = EDGE_CURVE('',#9113,#9062,#9136,.T.);
#9136 = SURFACE_CURVE('',#9137,(#9141,#9148),.PCURVE_S1.);
#9137 = LINE('',#9138,#9139);
#9138 = CARTESIAN_POINT('',(6.,12.7,4.35));
#9139 = VECTOR('',#9140,1.);
#9140 = DIRECTION('',(1.,0.,-0.));
#9141 = PCURVE('',#8020,#9142);
#9142 = DEFINITIONAL_REPRESENTATION('',(#9143),#9147);
#9143 = LINE('',#9144,#9145);
#9144 = CARTESIAN_POINT('',(2.7,0.));
#9145 = VECTOR('',#9146,1.);
#9146 = DIRECTION('',(0.,1.));
#9147 = ( GEOMETRIC_REPRESENTATION_CONTEXT(2) 
PARAMETRIC_REPRESENTATION_CONTEXT() REPRESENTATION_CONTEXT('2D SPACE',''
  ) );
#9148 = PCURVE('',#9025,#9149);
#9149 = DEFINITIONAL_REPRESENTATION('',(#9150),#9154);
#9150 = LINE('',#9151,#9152);
#9151 = CARTESIAN_POINT('',(0.,1.2));
#9152 = VECTOR('',#9153,1.);
#9153 = DIRECTION('',(1.,0.));
#9154 = ( GEOMETRIC_REPRESENTATION_CONTEXT(2) 
PARAMETRIC_REPRESENTATION_CONTEXT() REPRESENTATION_CONTEXT('2D SPACE',''
  ) );
#9155 = ADVANCED_FACE('',(#9156),#7994,.F.);
#9156 = FACE_BOUND('',#9157,.F.);
#9157 = EDGE_LOOP('',(#9158,#9181,#9200,#9201));
#9158 = ORIENTED_EDGE('',*,*,#9159,.F.);
#9159 = EDGE_CURVE('',#9160,#9113,#9162,.T.);
#9160 = VERTEX_POINT('',#9161);
#9161 = CARTESIAN_POINT('',(6.,11.6,4.35));
#9162 = SURFACE_CURVE('',#9163,(#9167,#9174),.PCURVE_S1.);
#9163 = LINE('',#9164,#9165);
#9164 = CARTESIAN_POINT('',(6.,11.5,4.35));
#9165 = VECTOR('',#9166,1.);
#9166 = DIRECTION('',(-0.,1.,0.));
#9167 = PCURVE('',#7994,#9168);
#9168 = DEFINITIONAL_REPRESENTATION('',(#9169),#9173);
#9169 = LINE('',#9170,#9171);
#9170 = CARTESIAN_POINT('',(2.7,0.));
#9171 = VECTOR('',#9172,1.);
#9172 = DIRECTION('',(0.,-1.));
#9173 = ( GEOMETRIC_REPRESENTATION_CONTEXT(2) 
PARAMETRIC_REPRESENTATION_CONTEXT() REPRESENTATION_CONTEXT('2D SPACE',''
  ) );
#9174 = PCURVE('',#9025,#9175);
#9175 = DEFINITIONAL_REPRESENTATION('',(#9176),#9180);
#9176 = LINE('',#9177,#9178);
#9177 = CARTESIAN_POINT('',(0.,0.));
#9178 = VECTOR('',#9179,1.);
#9179 = DIRECTION('',(0.,1.));
#9180 = ( GEOMETRIC_REPRESENTATION_CONTEXT(2) 
PARAMETRIC_REPRESENTATION_CONTEXT() REPRESENTATION_CONTEXT('2D SPACE',''
  ) );
#9181 = ORIENTED_EDGE('',*,*,#9182,.T.);
#9182 = EDGE_CURVE('',#9160,#7954,#9183,.T.);
#9183 = SURFACE_CURVE('',#9184,(#9188,#9194),.PCURVE_S1.);
#9184 = LINE('',#9185,#9186);
#9185 = CARTESIAN_POINT('',(6.,11.6,1.65));
#9186 = VECTOR('',#9187,1.);
#9187 = DIRECTION('',(-0.,0.,-1.));
#9188 = PCURVE('',#7994,#9189);
#9189 = DEFINITIONAL_REPRESENTATION('',(#9190),#9193);
#9190 = B_SPLINE_CURVE_WITH_KNOTS('',1,(#9191,#9192),.UNSPECIFIED.,.F.,
  .F.,(2,2),(-2.7,-0.15),.PIECEWISE_BEZIER_KNOTS.);
#9191 = CARTESIAN_POINT('',(2.7,-1.E-01));
#9192 = CARTESIAN_POINT('',(0.15,-1.E-01));
#9193 = ( GEOMETRIC_REPRESENTATION_CONTEXT(2) 
PARAMETRIC_REPRESENTATION_CONTEXT() REPRESENTATION_CONTEXT('2D SPACE',''
  ) );
#9194 = PCURVE('',#7968,#9195);
#9195 = DEFINITIONAL_REPRESENTATION('',(#9196),#9199);
#9196 = B_SPLINE_CURVE_WITH_KNOTS('',1,(#9197,#9198),.UNSPECIFIED.,.F.,
  .F.,(2,2),(-2.7,-0.15),.PIECEWISE_BEZIER_KNOTS.);
#9197 = CARTESIAN_POINT('',(2.7,1.1));
#9198 = CARTESIAN_POINT('',(0.15,1.1));
#9199 = ( GEOMETRIC_REPRESENTATION_CONTEXT(2) 
PARAMETRIC_REPRESENTATION_CONTEXT() REPRESENTATION_CONTEXT('2D SPACE',''
  ) );
#9200 = ORIENTED_EDGE('',*,*,#7979,.T.);
#9201 = ORIENTED_EDGE('',*,*,#9112,.T.);
#9202 = ADVANCED_FACE('',(#9203),#7968,.T.);
#9203 = FACE_BOUND('',#9204,.T.);
#9204 = EDGE_LOOP('',(#9205,#9235,#9254,#9255,#9256,#9279));
#9205 = ORIENTED_EDGE('',*,*,#9206,.F.);
#9206 = EDGE_CURVE('',#9207,#9209,#9211,.T.);
#9207 = VERTEX_POINT('',#9208);
#9208 = CARTESIAN_POINT('',(6.1,11.6,4.35));
#9209 = VERTEX_POINT('',#9210);
#9210 = CARTESIAN_POINT('',(6.1,11.6,6.2));
#9211 = SURFACE_CURVE('',#9212,(#9216,#9223),.PCURVE_S1.);
#9212 = LINE('',#9213,#9214);
#9213 = CARTESIAN_POINT('',(6.1,11.6,1.65));
#9214 = VECTOR('',#9215,1.);
#9215 = DIRECTION('',(0.,0.,1.));
#9216 = PCURVE('',#7968,#9217);
#9217 = DEFINITIONAL_REPRESENTATION('',(#9218),#9222);
#9218 = LINE('',#9219,#9220);
#9219 = CARTESIAN_POINT('',(0.,1.2));
#9220 = VECTOR('',#9221,1.);
#9221 = DIRECTION('',(1.,0.));
#9222 = ( GEOMETRIC_REPRESENTATION_CONTEXT(2) 
PARAMETRIC_REPRESENTATION_CONTEXT() REPRESENTATION_CONTEXT('2D SPACE',''
  ) );
#9223 = PCURVE('',#9224,#9229);
#9224 = PLANE('',#9225);
#9225 = AXIS2_PLACEMENT_3D('',#9226,#9227,#9228);
#9226 = CARTESIAN_POINT('',(6.1,-11.6,1.65));
#9227 = DIRECTION('',(1.,0.,-0.));
#9228 = DIRECTION('',(0.,0.,1.));
#9229 = DEFINITIONAL_REPRESENTATION('',(#9230),#9234);
#9230 = LINE('',#9231,#9232);
#9231 = CARTESIAN_POINT('',(0.,-23.2));
#9232 = VECTOR('',#9233,1.);
#9233 = DIRECTION('',(1.,0.));
#9234 = ( GEOMETRIC_REPRESENTATION_CONTEXT(2) 
PARAMETRIC_REPRESENTATION_CONTEXT() REPRESENTATION_CONTEXT('2D SPACE',''
  ) );
#9235 = ORIENTED_EDGE('',*,*,#9236,.F.);
#9236 = EDGE_CURVE('',#9160,#9207,#9237,.T.);
#9237 = SURFACE_CURVE('',#9238,(#9242,#9248),.PCURVE_S1.);
#9238 = LINE('',#9239,#9240);
#9239 = CARTESIAN_POINT('',(5.45,11.6,4.35));
#9240 = VECTOR('',#9241,1.);
#9241 = DIRECTION('',(1.,0.,-0.));
#9242 = PCURVE('',#7968,#9243);
#9243 = DEFINITIONAL_REPRESENTATION('',(#9244),#9247);
#9244 = B_SPLINE_CURVE_WITH_KNOTS('',1,(#9245,#9246),.UNSPECIFIED.,.F.,
  .F.,(2,2),(0.55,0.65),.PIECEWISE_BEZIER_KNOTS.);
#9245 = CARTESIAN_POINT('',(2.7,1.1));
#9246 = CARTESIAN_POINT('',(2.7,1.2));
#9247 = ( GEOMETRIC_REPRESENTATION_CONTEXT(2) 
PARAMETRIC_REPRESENTATION_CONTEXT() REPRESENTATION_CONTEXT('2D SPACE',''
  ) );
#9248 = PCURVE('',#9025,#9249);
#9249 = DEFINITIONAL_REPRESENTATION('',(#9250),#9253);
#9250 = B_SPLINE_CURVE_WITH_KNOTS('',1,(#9251,#9252),.UNSPECIFIED.,.F.,
  .F.,(2,2),(0.55,0.65),.PIECEWISE_BEZIER_KNOTS.);
#9251 = CARTESIAN_POINT('',(0.,1.E-01));
#9252 = CARTESIAN_POINT('',(0.1,1.E-01));
#9253 = ( GEOMETRIC_REPRESENTATION_CONTEXT(2) 
PARAMETRIC_REPRESENTATION_CONTEXT() REPRESENTATION_CONTEXT('2D SPACE',''
  ) );
#9254 = ORIENTED_EDGE('',*,*,#9182,.T.);
#9255 = ORIENTED_EDGE('',*,*,#7953,.T.);
#9256 = ORIENTED_EDGE('',*,*,#9257,.T.);
#9257 = EDGE_CURVE('',#7933,#9258,#9260,.T.);
#9258 = VERTEX_POINT('',#9259);
#9259 = CARTESIAN_POINT('',(4.9,11.6,6.2));
#9260 = SURFACE_CURVE('',#9261,(#9265,#9272),.PCURVE_S1.);
#9261 = LINE('',#9262,#9263);
#9262 = CARTESIAN_POINT('',(4.9,11.6,1.65));
#9263 = VECTOR('',#9264,1.);
#9264 = DIRECTION('',(0.,0.,1.));
#9265 = PCURVE('',#7968,#9266);
#9266 = DEFINITIONAL_REPRESENTATION('',(#9267),#9271);
#9267 = LINE('',#9268,#9269);
#9268 = CARTESIAN_POINT('',(0.,0.));
#9269 = VECTOR('',#9270,1.);
#9270 = DIRECTION('',(1.,0.));
#9271 = ( GEOMETRIC_REPRESENTATION_CONTEXT(2) 
PARAMETRIC_REPRESENTATION_CONTEXT() REPRESENTATION_CONTEXT('2D SPACE',''
  ) );
#9272 = PCURVE('',#7605,#9273);
#9273 = DEFINITIONAL_REPRESENTATION('',(#9274),#9278);
#9274 = LINE('',#9275,#9276);
#9275 = CARTESIAN_POINT('',(0.,-23.2));
#9276 = VECTOR('',#9277,1.);
#9277 = DIRECTION('',(1.,0.));
#9278 = ( GEOMETRIC_REPRESENTATION_CONTEXT(2) 
PARAMETRIC_REPRESENTATION_CONTEXT() REPRESENTATION_CONTEXT('2D SPACE',''
  ) );
#9279 = ORIENTED_EDGE('',*,*,#9280,.T.);
#9280 = EDGE_CURVE('',#9258,#9209,#9281,.T.);
#9281 = SURFACE_CURVE('',#9282,(#9286,#9293),.PCURVE_S1.);
#9282 = LINE('',#9283,#9284);
#9283 = CARTESIAN_POINT('',(4.9,11.6,6.2));
#9284 = VECTOR('',#9285,1.);
#9285 = DIRECTION('',(1.,0.,-0.));
#9286 = PCURVE('',#7968,#9287);
#9287 = DEFINITIONAL_REPRESENTATION('',(#9288),#9292);
#9288 = LINE('',#9289,#9290);
#9289 = CARTESIAN_POINT('',(4.55,0.));
#9290 = VECTOR('',#9291,1.);
#9291 = DIRECTION('',(0.,1.));
#9292 = ( GEOMETRIC_REPRESENTATION_CONTEXT(2) 
PARAMETRIC_REPRESENTATION_CONTEXT() REPRESENTATION_CONTEXT('2D SPACE',''
  ) );
#9293 = PCURVE('',#9294,#9299);
#9294 = PLANE('',#9295);
#9295 = AXIS2_PLACEMENT_3D('',#9296,#9297,#9298);
#9296 = CARTESIAN_POINT('',(4.9,-11.6,6.2));
#9297 = DIRECTION('',(0.,0.,1.));
#9298 = DIRECTION('',(1.,0.,-0.));
#9299 = DEFINITIONAL_REPRESENTATION('',(#9300),#9304);
#9300 = LINE('',#9301,#9302);
#9301 = CARTESIAN_POINT('',(0.,23.2));
#9302 = VECTOR('',#9303,1.);
#9303 = DIRECTION('',(1.,0.));
#9304 = ( GEOMETRIC_REPRESENTATION_CONTEXT(2) 
PARAMETRIC_REPRESENTATION_CONTEXT() REPRESENTATION_CONTEXT('2D SPACE',''
  ) );
#9305 = ADVANCED_FACE('',(#9306),#7605,.F.);
#9306 = FACE_BOUND('',#9307,.F.);
#9307 = EDGE_LOOP('',(#9308,#9331,#9332,#9353,#9381,#9400,#9401,#9402));
#9308 = ORIENTED_EDGE('',*,*,#9309,.F.);
#9309 = EDGE_CURVE('',#7565,#9310,#9312,.T.);
#9310 = VERTEX_POINT('',#9311);
#9311 = CARTESIAN_POINT('',(4.9,-11.6,6.2));
#9312 = SURFACE_CURVE('',#9313,(#9317,#9324),.PCURVE_S1.);
#9313 = LINE('',#9314,#9315);
#9314 = CARTESIAN_POINT('',(4.9,-11.6,1.65));
#9315 = VECTOR('',#9316,1.);
#9316 = DIRECTION('',(0.,0.,1.));
#9317 = PCURVE('',#7605,#9318);
#9318 = DEFINITIONAL_REPRESENTATION('',(#9319),#9323);
#9319 = LINE('',#9320,#9321);
#9320 = CARTESIAN_POINT('',(0.,0.));
#9321 = VECTOR('',#9322,1.);
#9322 = DIRECTION('',(1.,0.));
#9323 = ( GEOMETRIC_REPRESENTATION_CONTEXT(2) 
PARAMETRIC_REPRESENTATION_CONTEXT() REPRESENTATION_CONTEXT('2D SPACE',''
  ) );
#9324 = PCURVE('',#7579,#9325);
#9325 = DEFINITIONAL_REPRESENTATION('',(#9326),#9330);
#9326 = LINE('',#9327,#9328);
#9327 = CARTESIAN_POINT('',(0.,0.));
#9328 = VECTOR('',#9329,1.);
#9329 = DIRECTION('',(1.,0.));
#9330 = ( GEOMETRIC_REPRESENTATION_CONTEXT(2) 
PARAMETRIC_REPRESENTATION_CONTEXT() REPRESENTATION_CONTEXT('2D SPACE',''
  ) );
#9331 = ORIENTED_EDGE('',*,*,#7590,.T.);
#9332 = ORIENTED_EDGE('',*,*,#9333,.T.);
#9333 = EDGE_CURVE('',#7591,#9334,#9336,.T.);
#9334 = VERTEX_POINT('',#9335);
#9335 = CARTESIAN_POINT('',(4.9,-3.3524977425,1.65));
#9336 = SURFACE_CURVE('',#9337,(#9341,#9347),.PCURVE_S1.);
#9337 = LINE('',#9338,#9339);
#9338 = CARTESIAN_POINT('',(4.9,-3.3524977425,0.35));
#9339 = VECTOR('',#9340,1.);
#9340 = DIRECTION('',(0.,0.,-1.));
#9341 = PCURVE('',#7605,#9342);
#9342 = DEFINITIONAL_REPRESENTATION('',(#9343),#9346);
#9343 = B_SPLINE_CURVE_WITH_KNOTS('',1,(#9344,#9345),.UNSPECIFIED.,.F.,
  .F.,(2,2),(-1.4500006,-0.845),.PIECEWISE_BEZIER_KNOTS.);
#9344 = CARTESIAN_POINT('',(0.1500006,-8.2475022575));
#9345 = CARTESIAN_POINT('',(-0.455,-8.2475022575));
#9346 = ( GEOMETRIC_REPRESENTATION_CONTEXT(2) 
PARAMETRIC_REPRESENTATION_CONTEXT() REPRESENTATION_CONTEXT('2D SPACE',''
  ) );
#9347 = PCURVE('',#7637,#9348);
#9348 = DEFINITIONAL_REPRESENTATION('',(#9349),#9352);
#9349 = B_SPLINE_CURVE_WITH_KNOTS('',1,(#9350,#9351),.UNSPECIFIED.,.F.,
  .F.,(2,2),(-1.4500006,-0.845),.PIECEWISE_BEZIER_KNOTS.);
#9350 = CARTESIAN_POINT('',(3.599320627953,-1.4500006));
#9351 = CARTESIAN_POINT('',(3.599320627953,-0.845));
#9352 = ( GEOMETRIC_REPRESENTATION_CONTEXT(2) 
PARAMETRIC_REPRESENTATION_CONTEXT() REPRESENTATION_CONTEXT('2D SPACE',''
  ) );
#9353 = ORIENTED_EDGE('',*,*,#9354,.T.);
#9354 = EDGE_CURVE('',#9334,#9355,#9357,.T.);
#9355 = VERTEX_POINT('',#9356);
#9356 = CARTESIAN_POINT('',(4.9,3.352497872633,1.65));
#9357 = SURFACE_CURVE('',#9358,(#9362,#9369),.PCURVE_S1.);
#9358 = LINE('',#9359,#9360);
#9359 = CARTESIAN_POINT('',(4.9,-11.6,1.65));
#9360 = VECTOR('',#9361,1.);
#9361 = DIRECTION('',(-0.,1.,0.));
#9362 = PCURVE('',#7605,#9363);
#9363 = DEFINITIONAL_REPRESENTATION('',(#9364),#9368);
#9364 = LINE('',#9365,#9366);
#9365 = CARTESIAN_POINT('',(0.,0.));
#9366 = VECTOR('',#9367,1.);
#9367 = DIRECTION('',(0.,-1.));
#9368 = ( GEOMETRIC_REPRESENTATION_CONTEXT(2) 
PARAMETRIC_REPRESENTATION_CONTEXT() REPRESENTATION_CONTEXT('2D SPACE',''
  ) );
#9369 = PCURVE('',#9370,#9375);
#9370 = PLANE('',#9371);
#9371 = AXIS2_PLACEMENT_3D('',#9372,#9373,#9374);
#9372 = CARTESIAN_POINT('',(4.9,-11.6,1.65));
#9373 = DIRECTION('',(0.,0.,1.));
#9374 = DIRECTION('',(1.,0.,-0.));
#9375 = DEFINITIONAL_REPRESENTATION('',(#9376),#9380);
#9376 = LINE('',#9377,#9378);
#9377 = CARTESIAN_POINT('',(0.,0.));
#9378 = VECTOR('',#9379,1.);
#9379 = DIRECTION('',(0.,1.));
#9380 = ( GEOMETRIC_REPRESENTATION_CONTEXT(2) 
PARAMETRIC_REPRESENTATION_CONTEXT() REPRESENTATION_CONTEXT('2D SPACE',''
  ) );
#9381 = ORIENTED_EDGE('',*,*,#9382,.F.);
#9382 = EDGE_CURVE('',#7900,#9355,#9383,.T.);
#9383 = SURFACE_CURVE('',#9384,(#9388,#9394),.PCURVE_S1.);
#9384 = LINE('',#9385,#9386);
#9385 = CARTESIAN_POINT('',(4.9,3.352497872633,0.35));
#9386 = VECTOR('',#9387,1.);
#9387 = DIRECTION('',(0.,0.,-1.));
#9388 = PCURVE('',#7605,#9389);
#9389 = DEFINITIONAL_REPRESENTATION('',(#9390),#9393);
#9390 = B_SPLINE_CURVE_WITH_KNOTS('',1,(#9391,#9392),.UNSPECIFIED.,.F.,
  .F.,(2,2),(-1.4500006,-0.845),.PIECEWISE_BEZIER_KNOTS.);
#9391 = CARTESIAN_POINT('',(0.1500006,-14.95249787263));
#9392 = CARTESIAN_POINT('',(-0.455,-14.95249787263));
#9393 = ( GEOMETRIC_REPRESENTATION_CONTEXT(2) 
PARAMETRIC_REPRESENTATION_CONTEXT() REPRESENTATION_CONTEXT('2D SPACE',''
  ) );
#9394 = PCURVE('',#7920,#9395);
#9395 = DEFINITIONAL_REPRESENTATION('',(#9396),#9399);
#9396 = B_SPLINE_CURVE_WITH_KNOTS('',1,(#9397,#9398),.UNSPECIFIED.,.F.,
  .F.,(2,2),(-1.4500006,-0.845),.PIECEWISE_BEZIER_KNOTS.);
#9397 = CARTESIAN_POINT('',(2.683864629775,-1.4500006));
#9398 = CARTESIAN_POINT('',(2.683864629775,-0.845));
#9399 = ( GEOMETRIC_REPRESENTATION_CONTEXT(2) 
PARAMETRIC_REPRESENTATION_CONTEXT() REPRESENTATION_CONTEXT('2D SPACE',''
  ) );
#9400 = ORIENTED_EDGE('',*,*,#7932,.T.);
#9401 = ORIENTED_EDGE('',*,*,#9257,.T.);
#9402 = ORIENTED_EDGE('',*,*,#9403,.F.);
#9403 = EDGE_CURVE('',#9310,#9258,#9404,.T.);
#9404 = SURFACE_CURVE('',#9405,(#9409,#9416),.PCURVE_S1.);
#9405 = LINE('',#9406,#9407);
#9406 = CARTESIAN_POINT('',(4.9,-11.6,6.2));
#9407 = VECTOR('',#9408,1.);
#9408 = DIRECTION('',(-0.,1.,0.));
#9409 = PCURVE('',#7605,#9410);
#9410 = DEFINITIONAL_REPRESENTATION('',(#9411),#9415);
#9411 = LINE('',#9412,#9413);
#9412 = CARTESIAN_POINT('',(4.55,0.));
#9413 = VECTOR('',#9414,1.);
#9414 = DIRECTION('',(0.,-1.));
#9415 = ( GEOMETRIC_REPRESENTATION_CONTEXT(2) 
PARAMETRIC_REPRESENTATION_CONTEXT() REPRESENTATION_CONTEXT('2D SPACE',''
  ) );
#9416 = PCURVE('',#9294,#9417);
#9417 = DEFINITIONAL_REPRESENTATION('',(#9418),#9422);
#9418 = LINE('',#9419,#9420);
#9419 = CARTESIAN_POINT('',(0.,0.));
#9420 = VECTOR('',#9421,1.);
#9421 = DIRECTION('',(0.,1.));
#9422 = ( GEOMETRIC_REPRESENTATION_CONTEXT(2) 
PARAMETRIC_REPRESENTATION_CONTEXT() REPRESENTATION_CONTEXT('2D SPACE',''
  ) );
#9423 = ADVANCED_FACE('',(#9424),#7920,.F.);
#9424 = FACE_BOUND('',#9425,.F.);
#9425 = EDGE_LOOP('',(#9426,#9427,#9448,#9449,#9450,#9478));
#9426 = ORIENTED_EDGE('',*,*,#8703,.F.);
#9427 = ORIENTED_EDGE('',*,*,#9428,.T.);
#9428 = EDGE_CURVE('',#8683,#7874,#9429,.T.);
#9429 = SURFACE_CURVE('',#9430,(#9434,#9441),.PCURVE_S1.);
#9430 = LINE('',#9431,#9432);
#9431 = CARTESIAN_POINT('',(1.85,5.249999989652,0.35));
#9432 = VECTOR('',#9433,1.);
#9433 = DIRECTION('',(0.,0.,1.));
#9434 = PCURVE('',#7920,#9435);
#9435 = DEFINITIONAL_REPRESENTATION('',(#9436),#9440);
#9436 = LINE('',#9437,#9438);
#9437 = CARTESIAN_POINT('',(1.570796326795,0.));
#9438 = VECTOR('',#9439,1.);
#9439 = DIRECTION('',(0.,-1.));
#9440 = ( GEOMETRIC_REPRESENTATION_CONTEXT(2) 
PARAMETRIC_REPRESENTATION_CONTEXT() REPRESENTATION_CONTEXT('2D SPACE',''
  ) );
#9441 = PCURVE('',#7888,#9442);
#9442 = DEFINITIONAL_REPRESENTATION('',(#9443),#9447);
#9443 = LINE('',#9444,#9445);
#9444 = CARTESIAN_POINT('',(3.7,0.));
#9445 = VECTOR('',#9446,1.);
#9446 = DIRECTION('',(0.,-1.));
#9447 = ( GEOMETRIC_REPRESENTATION_CONTEXT(2) 
PARAMETRIC_REPRESENTATION_CONTEXT() REPRESENTATION_CONTEXT('2D SPACE',''
  ) );
#9448 = ORIENTED_EDGE('',*,*,#7899,.T.);
#9449 = ORIENTED_EDGE('',*,*,#9382,.T.);
#9450 = ORIENTED_EDGE('',*,*,#9451,.T.);
#9451 = EDGE_CURVE('',#9355,#9452,#9454,.T.);
#9452 = VERTEX_POINT('',#9453);
#9453 = CARTESIAN_POINT('',(5.25,1.849999952501,1.65));
#9454 = SURFACE_CURVE('',#9455,(#9460,#9467),.PCURVE_S1.);
#9455 = CIRCLE('',#9456,3.4);
#9456 = AXIS2_PLACEMENT_3D('',#9457,#9458,#9459);
#9457 = CARTESIAN_POINT('',(1.85,1.849999952501,1.65));
#9458 = DIRECTION('',(0.,0.,-1.));
#9459 = DIRECTION('',(-1.,0.,0.));
#9460 = PCURVE('',#7920,#9461);
#9461 = DEFINITIONAL_REPRESENTATION('',(#9462),#9466);
#9462 = LINE('',#9463,#9464);
#9463 = CARTESIAN_POINT('',(0.,-1.3));
#9464 = VECTOR('',#9465,1.);
#9465 = DIRECTION('',(1.,0.));
#9466 = ( GEOMETRIC_REPRESENTATION_CONTEXT(2) 
PARAMETRIC_REPRESENTATION_CONTEXT() REPRESENTATION_CONTEXT('2D SPACE',''
  ) );
#9467 = PCURVE('',#9370,#9468);
#9468 = DEFINITIONAL_REPRESENTATION('',(#9469),#9477);
#9469 = ( BOUNDED_CURVE() B_SPLINE_CURVE(2,(#9470,#9471,#9472,#9473,
#9474,#9475,#9476),.UNSPECIFIED.,.T.,.F.) B_SPLINE_CURVE_WITH_KNOTS((1,2
    ,2,2,2,1),(-2.094395102393,0.,2.094395102393,4.188790204786,
6.28318530718,8.377580409573),.UNSPECIFIED.) CURVE() 
GEOMETRIC_REPRESENTATION_ITEM() RATIONAL_B_SPLINE_CURVE((1.,0.5,1.,0.5,
1.,0.5,1.)) REPRESENTATION_ITEM('') );
#9470 = CARTESIAN_POINT('',(-6.45,13.449999952501));
#9471 = CARTESIAN_POINT('',(-6.45,19.338972698235));
#9472 = CARTESIAN_POINT('',(-1.35,16.394486325368));
#9473 = CARTESIAN_POINT('',(3.75,13.449999952501));
#9474 = CARTESIAN_POINT('',(-1.35,10.505513579634));
#9475 = CARTESIAN_POINT('',(-6.45,7.561027206767));
#9476 = CARTESIAN_POINT('',(-6.45,13.449999952501));
#9477 = ( GEOMETRIC_REPRESENTATION_CONTEXT(2) 
PARAMETRIC_REPRESENTATION_CONTEXT() REPRESENTATION_CONTEXT('2D SPACE',''
  ) );
#9478 = ORIENTED_EDGE('',*,*,#9479,.F.);
#9479 = EDGE_CURVE('',#8704,#9452,#9480,.T.);
#9480 = SURFACE_CURVE('',#9481,(#9485,#9492),.PCURVE_S1.);
#9481 = LINE('',#9482,#9483);
#9482 = CARTESIAN_POINT('',(5.25,1.849999952501,0.35));
#9483 = VECTOR('',#9484,1.);
#9484 = DIRECTION('',(0.,0.,1.));
#9485 = PCURVE('',#7920,#9486);
#9486 = DEFINITIONAL_REPRESENTATION('',(#9487),#9491);
#9487 = LINE('',#9488,#9489);
#9488 = CARTESIAN_POINT('',(3.14159265359,0.));
#9489 = VECTOR('',#9490,1.);
#9490 = DIRECTION('',(0.,-1.));
#9491 = ( GEOMETRIC_REPRESENTATION_CONTEXT(2) 
PARAMETRIC_REPRESENTATION_CONTEXT() REPRESENTATION_CONTEXT('2D SPACE',''
  ) );
#9492 = PCURVE('',#8746,#9493);
#9493 = DEFINITIONAL_REPRESENTATION('',(#9494),#9498);
#9494 = LINE('',#9495,#9496);
#9495 = CARTESIAN_POINT('',(3.699999925698,0.));
#9496 = VECTOR('',#9497,1.);
#9497 = DIRECTION('',(0.,-1.));
#9498 = ( GEOMETRIC_REPRESENTATION_CONTEXT(2) 
PARAMETRIC_REPRESENTATION_CONTEXT() REPRESENTATION_CONTEXT('2D SPACE',''
  ) );
#9499 = ADVANCED_FACE('',(#9500),#7888,.F.);
#9500 = FACE_BOUND('',#9501,.F.);
#9501 = EDGE_LOOP('',(#9502,#9503,#9504,#9527,#9553,#9572));
#9502 = ORIENTED_EDGE('',*,*,#9428,.F.);
#9503 = ORIENTED_EDGE('',*,*,#8682,.T.);
#9504 = ORIENTED_EDGE('',*,*,#9505,.T.);
#9505 = EDGE_CURVE('',#8655,#9506,#9508,.T.);
#9506 = VERTEX_POINT('',#9507);
#9507 = CARTESIAN_POINT('',(-1.85,5.249999989652,1.68));
#9508 = SURFACE_CURVE('',#9509,(#9513,#9520),.PCURVE_S1.);
#9509 = LINE('',#9510,#9511);
#9510 = CARTESIAN_POINT('',(-1.85,5.249999989652,0.35));
#9511 = VECTOR('',#9512,1.);
#9512 = DIRECTION('',(0.,0.,1.));
#9513 = PCURVE('',#7888,#9514);
#9514 = DEFINITIONAL_REPRESENTATION('',(#9515),#9519);
#9515 = LINE('',#9516,#9517);
#9516 = CARTESIAN_POINT('',(0.,0.));
#9517 = VECTOR('',#9518,1.);
#9518 = DIRECTION('',(0.,-1.));
#9519 = ( GEOMETRIC_REPRESENTATION_CONTEXT(2) 
PARAMETRIC_REPRESENTATION_CONTEXT() REPRESENTATION_CONTEXT('2D SPACE',''
  ) );
#9520 = PCURVE('',#7808,#9521);
#9521 = DEFINITIONAL_REPRESENTATION('',(#9522),#9526);
#9522 = LINE('',#9523,#9524);
#9523 = CARTESIAN_POINT('',(1.570796326795,0.));
#9524 = VECTOR('',#9525,1.);
#9525 = DIRECTION('',(0.,-1.));
#9526 = ( GEOMETRIC_REPRESENTATION_CONTEXT(2) 
PARAMETRIC_REPRESENTATION_CONTEXT() REPRESENTATION_CONTEXT('2D SPACE',''
  ) );
#9527 = ORIENTED_EDGE('',*,*,#9528,.T.);
#9528 = EDGE_CURVE('',#9506,#9529,#9531,.T.);
#9529 = VERTEX_POINT('',#9530);
#9530 = CARTESIAN_POINT('',(-1.760067507261,5.250000026803,1.68));
#9531 = SURFACE_CURVE('',#9532,(#9536,#9542),.PCURVE_S1.);
#9532 = LINE('',#9533,#9534);
#9533 = CARTESIAN_POINT('',(-2.175,5.250000026803,1.68));
#9534 = VECTOR('',#9535,1.);
#9535 = DIRECTION('',(1.,0.,0.));
#9536 = PCURVE('',#7888,#9537);
#9537 = DEFINITIONAL_REPRESENTATION('',(#9538),#9541);
#9538 = B_SPLINE_CURVE_WITH_KNOTS('',1,(#9539,#9540),.UNSPECIFIED.,.F.,
  .F.,(2,2),(0.325,1.575),.PIECEWISE_BEZIER_KNOTS.);
#9539 = CARTESIAN_POINT('',(0.,-1.33));
#9540 = CARTESIAN_POINT('',(1.25,-1.33));
#9541 = ( GEOMETRIC_REPRESENTATION_CONTEXT(2) 
PARAMETRIC_REPRESENTATION_CONTEXT() REPRESENTATION_CONTEXT('2D SPACE',''
  ) );
#9542 = PCURVE('',#9543,#9548);
#9543 = PLANE('',#9544);
#9544 = AXIS2_PLACEMENT_3D('',#9545,#9546,#9547);
#9545 = CARTESIAN_POINT('',(-2.5,7.,1.68));
#9546 = DIRECTION('',(0.,0.,1.));
#9547 = DIRECTION('',(1.,0.,-0.));
#9548 = DEFINITIONAL_REPRESENTATION('',(#9549),#9552);
#9549 = B_SPLINE_CURVE_WITH_KNOTS('',1,(#9550,#9551),.UNSPECIFIED.,.F.,
  .F.,(2,2),(0.325,1.575),.PIECEWISE_BEZIER_KNOTS.);
#9550 = CARTESIAN_POINT('',(0.65,-1.749999973197));
#9551 = CARTESIAN_POINT('',(1.9,-1.749999973197));
#9552 = ( GEOMETRIC_REPRESENTATION_CONTEXT(2) 
PARAMETRIC_REPRESENTATION_CONTEXT() REPRESENTATION_CONTEXT('2D SPACE',''
  ) );
#9553 = ORIENTED_EDGE('',*,*,#9554,.T.);
#9554 = EDGE_CURVE('',#9529,#7850,#9555,.T.);
#9555 = SURFACE_CURVE('',#9556,(#9560,#9566),.PCURVE_S1.);
#9556 = LINE('',#9557,#9558);
#9557 = CARTESIAN_POINT('',(-1.760067507261,5.250000026803,1.68));
#9558 = VECTOR('',#9559,1.);
#9559 = DIRECTION('',(0.,0.,1.));
#9560 = PCURVE('',#7888,#9561);
#9561 = DEFINITIONAL_REPRESENTATION('',(#9562),#9565);
#9562 = B_SPLINE_CURVE_WITH_KNOTS('',1,(#9563,#9564),.UNSPECIFIED.,.F.,
  .F.,(2,2),(-5.999999999062E-07,0.26),.PIECEWISE_BEZIER_KNOTS.);
#9563 = CARTESIAN_POINT('',(8.99324927386E-02,-1.3299994));
#9564 = CARTESIAN_POINT('',(8.99324927386E-02,-1.59));
#9565 = ( GEOMETRIC_REPRESENTATION_CONTEXT(2) 
PARAMETRIC_REPRESENTATION_CONTEXT() REPRESENTATION_CONTEXT('2D SPACE',''
  ) );
#9566 = PCURVE('',#7837,#9567);
#9567 = DEFINITIONAL_REPRESENTATION('',(#9568),#9571);
#9568 = B_SPLINE_CURVE_WITH_KNOTS('',1,(#9569,#9570),.UNSPECIFIED.,.F.,
  .F.,(2,2),(-5.999999999062E-07,0.26),.PIECEWISE_BEZIER_KNOTS.);
#9569 = CARTESIAN_POINT('',(5.112410490203,-5.999999999062E-07));
#9570 = CARTESIAN_POINT('',(5.112410490203,0.26));
#9571 = ( GEOMETRIC_REPRESENTATION_CONTEXT(2) 
PARAMETRIC_REPRESENTATION_CONTEXT() REPRESENTATION_CONTEXT('2D SPACE',''
  ) );
#9572 = ORIENTED_EDGE('',*,*,#7873,.F.);
#9573 = ADVANCED_FACE('',(#9574),#7837,.T.);
#9574 = FACE_BOUND('',#9575,.T.);
#9575 = EDGE_LOOP('',(#9576,#9599,#9626,#9627,#9628,#9649,#9671,#9672));
#9576 = ORIENTED_EDGE('',*,*,#9577,.T.);
#9577 = EDGE_CURVE('',#7821,#9578,#9580,.T.);
#9578 = VERTEX_POINT('',#9579);
#9579 = CARTESIAN_POINT('',(-0.6,7.,3.2));
#9580 = SEAM_CURVE('',#9581,(#9585,#9592),.PCURVE_S1.);
#9581 = LINE('',#9582,#9583);
#9582 = CARTESIAN_POINT('',(-0.6,7.,1.68));
#9583 = VECTOR('',#9584,1.);
#9584 = DIRECTION('',(0.,0.,1.));
#9585 = PCURVE('',#7837,#9586);
#9586 = DEFINITIONAL_REPRESENTATION('',(#9587),#9591);
#9587 = LINE('',#9588,#9589);
#9588 = CARTESIAN_POINT('',(6.28318530718,-0.));
#9589 = VECTOR('',#9590,1.);
#9590 = DIRECTION('',(0.,1.));
#9591 = ( GEOMETRIC_REPRESENTATION_CONTEXT(2) 
PARAMETRIC_REPRESENTATION_CONTEXT() REPRESENTATION_CONTEXT('2D SPACE',''
  ) );
#9592 = PCURVE('',#7837,#9593);
#9593 = DEFINITIONAL_REPRESENTATION('',(#9594),#9598);
#9594 = LINE('',#9595,#9596);
#9595 = CARTESIAN_POINT('',(0.,-0.));
#9596 = VECTOR('',#9597,1.);
#9597 = DIRECTION('',(0.,1.));
#9598 = ( GEOMETRIC_REPRESENTATION_CONTEXT(2) 
PARAMETRIC_REPRESENTATION_CONTEXT() REPRESENTATION_CONTEXT('2D SPACE',''
  ) );
#9599 = ORIENTED_EDGE('',*,*,#9600,.F.);
#9600 = EDGE_CURVE('',#9578,#9578,#9601,.T.);
#9601 = SURFACE_CURVE('',#9602,(#9607,#9614),.PCURVE_S1.);
#9602 = CIRCLE('',#9603,1.9);
#9603 = AXIS2_PLACEMENT_3D('',#9604,#9605,#9606);
#9604 = CARTESIAN_POINT('',(-2.5,7.,3.2));
#9605 = DIRECTION('',(0.,0.,1.));
#9606 = DIRECTION('',(1.,0.,-0.));
#9607 = PCURVE('',#7837,#9608);
#9608 = DEFINITIONAL_REPRESENTATION('',(#9609),#9613);
#9609 = LINE('',#9610,#9611);
#9610 = CARTESIAN_POINT('',(0.,1.52));
#9611 = VECTOR('',#9612,1.);
#9612 = DIRECTION('',(1.,0.));
#9613 = ( GEOMETRIC_REPRESENTATION_CONTEXT(2) 
PARAMETRIC_REPRESENTATION_CONTEXT() REPRESENTATION_CONTEXT('2D SPACE',''
  ) );
#9614 = PCURVE('',#9615,#9620);
#9615 = PLANE('',#9616);
#9616 = AXIS2_PLACEMENT_3D('',#9617,#9618,#9619);
#9617 = CARTESIAN_POINT('',(-2.5,7.,3.2));
#9618 = DIRECTION('',(0.,0.,1.));
#9619 = DIRECTION('',(1.,0.,-0.));
#9620 = DEFINITIONAL_REPRESENTATION('',(#9621),#9625);
#9621 = CIRCLE('',#9622,1.9);
#9622 = AXIS2_PLACEMENT_2D('',#9623,#9624);
#9623 = CARTESIAN_POINT('',(0.,0.));
#9624 = DIRECTION('',(1.,0.));
#9625 = ( GEOMETRIC_REPRESENTATION_CONTEXT(2) 
PARAMETRIC_REPRESENTATION_CONTEXT() REPRESENTATION_CONTEXT('2D SPACE',''
  ) );
#9626 = ORIENTED_EDGE('',*,*,#9577,.F.);
#9627 = ORIENTED_EDGE('',*,*,#7820,.T.);
#9628 = ORIENTED_EDGE('',*,*,#9629,.T.);
#9629 = EDGE_CURVE('',#7788,#9630,#9632,.T.);
#9630 = VERTEX_POINT('',#9631);
#9631 = CARTESIAN_POINT('',(-2.779056484494,5.12060449121,1.68));
#9632 = SURFACE_CURVE('',#9633,(#9637,#9643),.PCURVE_S1.);
#9633 = LINE('',#9634,#9635);
#9634 = CARTESIAN_POINT('',(-2.779056484494,5.12060449121,0.35));
#9635 = VECTOR('',#9636,1.);
#9636 = DIRECTION('',(0.,0.,-1.));
#9637 = PCURVE('',#7837,#9638);
#9638 = DEFINITIONAL_REPRESENTATION('',(#9639),#9642);
#9639 = B_SPLINE_CURVE_WITH_KNOTS('',1,(#9640,#9641),.UNSPECIFIED.,.F.,
  .F.,(2,2),(-1.4500006,-1.3299994),.PIECEWISE_BEZIER_KNOTS.);
#9640 = CARTESIAN_POINT('',(4.564983916999,0.1200006));
#9641 = CARTESIAN_POINT('',(4.564983916999,-5.999999999062E-07));
#9642 = ( GEOMETRIC_REPRESENTATION_CONTEXT(2) 
PARAMETRIC_REPRESENTATION_CONTEXT() REPRESENTATION_CONTEXT('2D SPACE',''
  ) );
#9643 = PCURVE('',#7808,#9644);
#9644 = DEFINITIONAL_REPRESENTATION('',(#9645),#9648);
#9645 = B_SPLINE_CURVE_WITH_KNOTS('',1,(#9646,#9647),.UNSPECIFIED.,.F.,
  .F.,(2,2),(-1.4500006,-1.3299994),.PIECEWISE_BEZIER_KNOTS.);
#9646 = CARTESIAN_POINT('',(1.294024347569,-1.4500006));
#9647 = CARTESIAN_POINT('',(1.294024347569,-1.3299994));
#9648 = ( GEOMETRIC_REPRESENTATION_CONTEXT(2) 
PARAMETRIC_REPRESENTATION_CONTEXT() REPRESENTATION_CONTEXT('2D SPACE',''
  ) );
#9649 = ORIENTED_EDGE('',*,*,#9650,.T.);
#9650 = EDGE_CURVE('',#9630,#9529,#9651,.T.);
#9651 = SURFACE_CURVE('',#9652,(#9657,#9664),.PCURVE_S1.);
#9652 = CIRCLE('',#9653,1.9);
#9653 = AXIS2_PLACEMENT_3D('',#9654,#9655,#9656);
#9654 = CARTESIAN_POINT('',(-2.5,7.,1.68));
#9655 = DIRECTION('',(0.,0.,1.));
#9656 = DIRECTION('',(1.,0.,-0.));
#9657 = PCURVE('',#7837,#9658);
#9658 = DEFINITIONAL_REPRESENTATION('',(#9659),#9663);
#9659 = LINE('',#9660,#9661);
#9660 = CARTESIAN_POINT('',(0.,0.));
#9661 = VECTOR('',#9662,1.);
#9662 = DIRECTION('',(1.,0.));
#9663 = ( GEOMETRIC_REPRESENTATION_CONTEXT(2) 
PARAMETRIC_REPRESENTATION_CONTEXT() REPRESENTATION_CONTEXT('2D SPACE',''
  ) );
#9664 = PCURVE('',#9543,#9665);
#9665 = DEFINITIONAL_REPRESENTATION('',(#9666),#9670);
#9666 = CIRCLE('',#9667,1.9);
#9667 = AXIS2_PLACEMENT_2D('',#9668,#9669);
#9668 = CARTESIAN_POINT('',(0.,0.));
#9669 = DIRECTION('',(1.,0.));
#9670 = ( GEOMETRIC_REPRESENTATION_CONTEXT(2) 
PARAMETRIC_REPRESENTATION_CONTEXT() REPRESENTATION_CONTEXT('2D SPACE',''
  ) );
#9671 = ORIENTED_EDGE('',*,*,#9554,.T.);
#9672 = ORIENTED_EDGE('',*,*,#7849,.T.);
#9673 = ADVANCED_FACE('',(#9674),#7808,.F.);
#9674 = FACE_BOUND('',#9675,.F.);
#9675 = EDGE_LOOP('',(#9676,#9677,#9698,#9699,#9700,#9726));
#9676 = ORIENTED_EDGE('',*,*,#8654,.F.);
#9677 = ORIENTED_EDGE('',*,*,#9678,.T.);
#9678 = EDGE_CURVE('',#8632,#7762,#9679,.T.);
#9679 = SURFACE_CURVE('',#9680,(#9684,#9691),.PCURVE_S1.);
#9680 = LINE('',#9681,#9682);
#9681 = CARTESIAN_POINT('',(-5.25,1.849999952501,0.35));
#9682 = VECTOR('',#9683,1.);
#9683 = DIRECTION('',(0.,0.,1.));
#9684 = PCURVE('',#7808,#9685);
#9685 = DEFINITIONAL_REPRESENTATION('',(#9686),#9690);
#9686 = LINE('',#9687,#9688);
#9687 = CARTESIAN_POINT('',(0.,0.));
#9688 = VECTOR('',#9689,1.);
#9689 = DIRECTION('',(0.,-1.));
#9690 = ( GEOMETRIC_REPRESENTATION_CONTEXT(2) 
PARAMETRIC_REPRESENTATION_CONTEXT() REPRESENTATION_CONTEXT('2D SPACE',''
  ) );
#9691 = PCURVE('',#7776,#9692);
#9692 = DEFINITIONAL_REPRESENTATION('',(#9693),#9697);
#9693 = LINE('',#9694,#9695);
#9694 = CARTESIAN_POINT('',(3.699999979304,0.));
#9695 = VECTOR('',#9696,1.);
#9696 = DIRECTION('',(0.,-1.));
#9697 = ( GEOMETRIC_REPRESENTATION_CONTEXT(2) 
PARAMETRIC_REPRESENTATION_CONTEXT() REPRESENTATION_CONTEXT('2D SPACE',''
  ) );
#9698 = ORIENTED_EDGE('',*,*,#7787,.T.);
#9699 = ORIENTED_EDGE('',*,*,#9629,.T.);
#9700 = ORIENTED_EDGE('',*,*,#9701,.T.);
#9701 = EDGE_CURVE('',#9630,#9506,#9702,.T.);
#9702 = SURFACE_CURVE('',#9703,(#9708,#9715),.PCURVE_S1.);
#9703 = CIRCLE('',#9704,3.4);
#9704 = AXIS2_PLACEMENT_3D('',#9705,#9706,#9707);
#9705 = CARTESIAN_POINT('',(-1.85,1.849999952501,1.68));
#9706 = DIRECTION('',(0.,0.,-1.));
#9707 = DIRECTION('',(-1.,0.,0.));
#9708 = PCURVE('',#7808,#9709);
#9709 = DEFINITIONAL_REPRESENTATION('',(#9710),#9714);
#9710 = LINE('',#9711,#9712);
#9711 = CARTESIAN_POINT('',(0.,-1.33));
#9712 = VECTOR('',#9713,1.);
#9713 = DIRECTION('',(1.,0.));
#9714 = ( GEOMETRIC_REPRESENTATION_CONTEXT(2) 
PARAMETRIC_REPRESENTATION_CONTEXT() REPRESENTATION_CONTEXT('2D SPACE',''
  ) );
#9715 = PCURVE('',#9543,#9716);
#9716 = DEFINITIONAL_REPRESENTATION('',(#9717),#9725);
#9717 = ( BOUNDED_CURVE() B_SPLINE_CURVE(2,(#9718,#9719,#9720,#9721,
#9722,#9723,#9724),.UNSPECIFIED.,.T.,.F.) B_SPLINE_CURVE_WITH_KNOTS((1,2
    ,2,2,2,1),(-2.094395102393,0.,2.094395102393,4.188790204786,
6.28318530718,8.377580409573),.UNSPECIFIED.) CURVE() 
GEOMETRIC_REPRESENTATION_ITEM() RATIONAL_B_SPLINE_CURVE((1.,0.5,1.,0.5,
1.,0.5,1.)) REPRESENTATION_ITEM('') );
#9718 = CARTESIAN_POINT('',(-2.75,-5.150000047499));
#9719 = CARTESIAN_POINT('',(-2.75,0.738972698235));
#9720 = CARTESIAN_POINT('',(2.35,-2.205513674632));
#9721 = CARTESIAN_POINT('',(7.45,-5.150000047499));
#9722 = CARTESIAN_POINT('',(2.35,-8.094486420366));
#9723 = CARTESIAN_POINT('',(-2.75,-11.03897279323));
#9724 = CARTESIAN_POINT('',(-2.75,-5.150000047499));
#9725 = ( GEOMETRIC_REPRESENTATION_CONTEXT(2) 
PARAMETRIC_REPRESENTATION_CONTEXT() REPRESENTATION_CONTEXT('2D SPACE',''
  ) );
#9726 = ORIENTED_EDGE('',*,*,#9505,.F.);
#9727 = ADVANCED_FACE('',(#9728),#7776,.F.);
#9728 = FACE_BOUND('',#9729,.F.);
#9729 = EDGE_LOOP('',(#9730,#9731,#9752,#9753));
#9730 = ORIENTED_EDGE('',*,*,#8631,.T.);
#9731 = ORIENTED_EDGE('',*,*,#9732,.T.);
#9732 = EDGE_CURVE('',#8634,#7729,#9733,.T.);
#9733 = SURFACE_CURVE('',#9734,(#9738,#9745),.PCURVE_S1.);
#9734 = LINE('',#9735,#9736);
#9735 = CARTESIAN_POINT('',(-5.25,-1.850000026803,0.35));
#9736 = VECTOR('',#9737,1.);
#9737 = DIRECTION('',(0.,0.,1.));
#9738 = PCURVE('',#7776,#9739);
#9739 = DEFINITIONAL_REPRESENTATION('',(#9740),#9744);
#9740 = LINE('',#9741,#9742);
#9741 = CARTESIAN_POINT('',(-6.661338147751E-16,0.));
#9742 = VECTOR('',#9743,1.);
#9743 = DIRECTION('',(0.,-1.));
#9744 = ( GEOMETRIC_REPRESENTATION_CONTEXT(2) 
PARAMETRIC_REPRESENTATION_CONTEXT() REPRESENTATION_CONTEXT('2D SPACE',''
  ) );
#9745 = PCURVE('',#7749,#9746);
#9746 = DEFINITIONAL_REPRESENTATION('',(#9747),#9751);
#9747 = LINE('',#9748,#9749);
#9748 = CARTESIAN_POINT('',(6.28318530718,0.));
#9749 = VECTOR('',#9750,1.);
#9750 = DIRECTION('',(0.,-1.));
#9751 = ( GEOMETRIC_REPRESENTATION_CONTEXT(2) 
PARAMETRIC_REPRESENTATION_CONTEXT() REPRESENTATION_CONTEXT('2D SPACE',''
  ) );
#9752 = ORIENTED_EDGE('',*,*,#7761,.F.);
#9753 = ORIENTED_EDGE('',*,*,#9678,.F.);
#9754 = ADVANCED_FACE('',(#9755),#7749,.F.);
#9755 = FACE_BOUND('',#9756,.F.);
#9756 = EDGE_LOOP('',(#9757,#9758,#9781,#9814,#9833,#9834));
#9757 = ORIENTED_EDGE('',*,*,#8806,.F.);
#9758 = ORIENTED_EDGE('',*,*,#9759,.T.);
#9759 = EDGE_CURVE('',#8786,#9760,#9762,.T.);
#9760 = VERTEX_POINT('',#9761);
#9761 = CARTESIAN_POINT('',(-1.85,-5.25,1.68));
#9762 = SURFACE_CURVE('',#9763,(#9767,#9774),.PCURVE_S1.);
#9763 = LINE('',#9764,#9765);
#9764 = CARTESIAN_POINT('',(-1.85,-5.25,0.35));
#9765 = VECTOR('',#9766,1.);
#9766 = DIRECTION('',(0.,0.,1.));
#9767 = PCURVE('',#7749,#9768);
#9768 = DEFINITIONAL_REPRESENTATION('',(#9769),#9773);
#9769 = LINE('',#9770,#9771);
#9770 = CARTESIAN_POINT('',(4.712388980385,0.));
#9771 = VECTOR('',#9772,1.);
#9772 = DIRECTION('',(0.,-1.));
#9773 = ( GEOMETRIC_REPRESENTATION_CONTEXT(2) 
PARAMETRIC_REPRESENTATION_CONTEXT() REPRESENTATION_CONTEXT('2D SPACE',''
  ) );
#9774 = PCURVE('',#7664,#9775);
#9775 = DEFINITIONAL_REPRESENTATION('',(#9776),#9780);
#9776 = LINE('',#9777,#9778);
#9777 = CARTESIAN_POINT('',(0.,0.));
#9778 = VECTOR('',#9779,1.);
#9779 = DIRECTION('',(0.,-1.));
#9780 = ( GEOMETRIC_REPRESENTATION_CONTEXT(2) 
PARAMETRIC_REPRESENTATION_CONTEXT() REPRESENTATION_CONTEXT('2D SPACE',''
  ) );
#9781 = ORIENTED_EDGE('',*,*,#9782,.T.);
#9782 = EDGE_CURVE('',#9760,#9783,#9785,.T.);
#9783 = VERTEX_POINT('',#9784);
#9784 = CARTESIAN_POINT('',(-2.779056656272,-5.120604516716,1.68));
#9785 = SURFACE_CURVE('',#9786,(#9791,#9798),.PCURVE_S1.);
#9786 = CIRCLE('',#9787,3.4);
#9787 = AXIS2_PLACEMENT_3D('',#9788,#9789,#9790);
#9788 = CARTESIAN_POINT('',(-1.85,-1.850000026803,1.68));
#9789 = DIRECTION('',(0.,0.,-1.));
#9790 = DIRECTION('',(-1.,0.,0.));
#9791 = PCURVE('',#7749,#9792);
#9792 = DEFINITIONAL_REPRESENTATION('',(#9793),#9797);
#9793 = LINE('',#9794,#9795);
#9794 = CARTESIAN_POINT('',(0.,-1.33));
#9795 = VECTOR('',#9796,1.);
#9796 = DIRECTION('',(1.,0.));
#9797 = ( GEOMETRIC_REPRESENTATION_CONTEXT(2) 
PARAMETRIC_REPRESENTATION_CONTEXT() REPRESENTATION_CONTEXT('2D SPACE',''
  ) );
#9798 = PCURVE('',#9799,#9804);
#9799 = PLANE('',#9800);
#9800 = AXIS2_PLACEMENT_3D('',#9801,#9802,#9803);
#9801 = CARTESIAN_POINT('',(-2.5,-7.,1.68));
#9802 = DIRECTION('',(0.,0.,1.));
#9803 = DIRECTION('',(1.,0.,-0.));
#9804 = DEFINITIONAL_REPRESENTATION('',(#9805),#9813);
#9805 = ( BOUNDED_CURVE() B_SPLINE_CURVE(2,(#9806,#9807,#9808,#9809,
#9810,#9811,#9812),.UNSPECIFIED.,.T.,.F.) B_SPLINE_CURVE_WITH_KNOTS((1,2
    ,2,2,2,1),(-2.094395102393,0.,2.094395102393,4.188790204786,
6.28318530718,8.377580409573),.UNSPECIFIED.) CURVE() 
GEOMETRIC_REPRESENTATION_ITEM() RATIONAL_B_SPLINE_CURVE((1.,0.5,1.,0.5,
1.,0.5,1.)) REPRESENTATION_ITEM('') );
#9806 = CARTESIAN_POINT('',(-2.75,5.149999973197));
#9807 = CARTESIAN_POINT('',(-2.75,11.038972718931));
#9808 = CARTESIAN_POINT('',(2.35,8.094486346064));
#9809 = CARTESIAN_POINT('',(7.45,5.149999973197));
#9810 = CARTESIAN_POINT('',(2.35,2.20551360033));
#9811 = CARTESIAN_POINT('',(-2.75,-0.738972772537));
#9812 = CARTESIAN_POINT('',(-2.75,5.149999973197));
#9813 = ( GEOMETRIC_REPRESENTATION_CONTEXT(2) 
PARAMETRIC_REPRESENTATION_CONTEXT() REPRESENTATION_CONTEXT('2D SPACE',''
  ) );
#9814 = ORIENTED_EDGE('',*,*,#9815,.F.);
#9815 = EDGE_CURVE('',#7705,#9783,#9816,.T.);
#9816 = SURFACE_CURVE('',#9817,(#9821,#9827),.PCURVE_S1.);
#9817 = LINE('',#9818,#9819);
#9818 = CARTESIAN_POINT('',(-2.779056656272,-5.120604516716,0.35));
#9819 = VECTOR('',#9820,1.);
#9820 = DIRECTION('',(0.,0.,-1.));
#9821 = PCURVE('',#7749,#9822);
#9822 = DEFINITIONAL_REPRESENTATION('',(#9823),#9826);
#9823 = B_SPLINE_CURVE_WITH_KNOTS('',1,(#9824,#9825),.UNSPECIFIED.,.F.,
  .F.,(2,2),(-1.4500006,-1.3299994),.PIECEWISE_BEZIER_KNOTS.);
#9824 = CARTESIAN_POINT('',(4.989161012133,-1.4500006));
#9825 = CARTESIAN_POINT('',(4.989161012133,-1.3299994));
#9826 = ( GEOMETRIC_REPRESENTATION_CONTEXT(2) 
PARAMETRIC_REPRESENTATION_CONTEXT() REPRESENTATION_CONTEXT('2D SPACE',''
  ) );
#9827 = PCURVE('',#7692,#9828);
#9828 = DEFINITIONAL_REPRESENTATION('',(#9829),#9832);
#9829 = B_SPLINE_CURVE_WITH_KNOTS('',1,(#9830,#9831),.UNSPECIFIED.,.F.,
  .F.,(2,2),(-1.4500006,-1.3299994),.PIECEWISE_BEZIER_KNOTS.);
#9830 = CARTESIAN_POINT('',(1.718201481581,0.1200006));
#9831 = CARTESIAN_POINT('',(1.718201481581,-5.999999999062E-07));
#9832 = ( GEOMETRIC_REPRESENTATION_CONTEXT(2) 
PARAMETRIC_REPRESENTATION_CONTEXT() REPRESENTATION_CONTEXT('2D SPACE',''
  ) );
#9833 = ORIENTED_EDGE('',*,*,#7728,.T.);
#9834 = ORIENTED_EDGE('',*,*,#9732,.F.);
#9835 = ADVANCED_FACE('',(#9836),#7692,.T.);
#9836 = FACE_BOUND('',#9837,.T.);
#9837 = EDGE_LOOP('',(#9838,#9861,#9888,#9889,#9890,#9911,#9933,#9934));
#9838 = ORIENTED_EDGE('',*,*,#9839,.T.);
#9839 = EDGE_CURVE('',#7676,#9840,#9842,.T.);
#9840 = VERTEX_POINT('',#9841);
#9841 = CARTESIAN_POINT('',(-0.6,-7.,3.2));
#9842 = SEAM_CURVE('',#9843,(#9847,#9854),.PCURVE_S1.);
#9843 = LINE('',#9844,#9845);
#9844 = CARTESIAN_POINT('',(-0.6,-7.,1.68));
#9845 = VECTOR('',#9846,1.);
#9846 = DIRECTION('',(0.,0.,1.));
#9847 = PCURVE('',#7692,#9848);
#9848 = DEFINITIONAL_REPRESENTATION('',(#9849),#9853);
#9849 = LINE('',#9850,#9851);
#9850 = CARTESIAN_POINT('',(6.28318530718,-0.));
#9851 = VECTOR('',#9852,1.);
#9852 = DIRECTION('',(0.,1.));
#9853 = ( GEOMETRIC_REPRESENTATION_CONTEXT(2) 
PARAMETRIC_REPRESENTATION_CONTEXT() REPRESENTATION_CONTEXT('2D SPACE',''
  ) );
#9854 = PCURVE('',#7692,#9855);
#9855 = DEFINITIONAL_REPRESENTATION('',(#9856),#9860);
#9856 = LINE('',#9857,#9858);
#9857 = CARTESIAN_POINT('',(0.,-0.));
#9858 = VECTOR('',#9859,1.);
#9859 = DIRECTION('',(0.,1.));
#9860 = ( GEOMETRIC_REPRESENTATION_CONTEXT(2) 
PARAMETRIC_REPRESENTATION_CONTEXT() REPRESENTATION_CONTEXT('2D SPACE',''
  ) );
#9861 = ORIENTED_EDGE('',*,*,#9862,.F.);
#9862 = EDGE_CURVE('',#9840,#9840,#9863,.T.);
#9863 = SURFACE_CURVE('',#9864,(#9869,#9876),.PCURVE_S1.);
#9864 = CIRCLE('',#9865,1.9);
#9865 = AXIS2_PLACEMENT_3D('',#9866,#9867,#9868);
#9866 = CARTESIAN_POINT('',(-2.5,-7.,3.2));
#9867 = DIRECTION('',(0.,0.,1.));
#9868 = DIRECTION('',(1.,0.,-0.));
#9869 = PCURVE('',#7692,#9870);
#9870 = DEFINITIONAL_REPRESENTATION('',(#9871),#9875);
#9871 = LINE('',#9872,#9873);
#9872 = CARTESIAN_POINT('',(0.,1.52));
#9873 = VECTOR('',#9874,1.);
#9874 = DIRECTION('',(1.,0.));
#9875 = ( GEOMETRIC_REPRESENTATION_CONTEXT(2) 
PARAMETRIC_REPRESENTATION_CONTEXT() REPRESENTATION_CONTEXT('2D SPACE',''
  ) );
#9876 = PCURVE('',#9877,#9882);
#9877 = PLANE('',#9878);
#9878 = AXIS2_PLACEMENT_3D('',#9879,#9880,#9881);
#9879 = CARTESIAN_POINT('',(-2.5,-7.,3.2));
#9880 = DIRECTION('',(0.,0.,1.));
#9881 = DIRECTION('',(1.,0.,-0.));
#9882 = DEFINITIONAL_REPRESENTATION('',(#9883),#9887);
#9883 = CIRCLE('',#9884,1.9);
#9884 = AXIS2_PLACEMENT_2D('',#9885,#9886);
#9885 = CARTESIAN_POINT('',(0.,0.));
#9886 = DIRECTION('',(1.,0.));
#9887 = ( GEOMETRIC_REPRESENTATION_CONTEXT(2) 
PARAMETRIC_REPRESENTATION_CONTEXT() REPRESENTATION_CONTEXT('2D SPACE',''
  ) );
#9888 = ORIENTED_EDGE('',*,*,#9839,.F.);
#9889 = ORIENTED_EDGE('',*,*,#7675,.T.);
#9890 = ORIENTED_EDGE('',*,*,#9891,.F.);
#9891 = EDGE_CURVE('',#9892,#7650,#9894,.T.);
#9892 = VERTEX_POINT('',#9893);
#9893 = CARTESIAN_POINT('',(-1.760067634044,-5.249999973197,1.68));
#9894 = SURFACE_CURVE('',#9895,(#9899,#9905),.PCURVE_S1.);
#9895 = LINE('',#9896,#9897);
#9896 = CARTESIAN_POINT('',(-1.760067634044,-5.249999973197,1.68));
#9897 = VECTOR('',#9898,1.);
#9898 = DIRECTION('',(0.,0.,1.));
#9899 = PCURVE('',#7692,#9900);
#9900 = DEFINITIONAL_REPRESENTATION('',(#9901),#9904);
#9901 = B_SPLINE_CURVE_WITH_KNOTS('',1,(#9902,#9903),.UNSPECIFIED.,.F.,
  .F.,(2,2),(-5.999999999062E-07,0.26),.PIECEWISE_BEZIER_KNOTS.);
#9902 = CARTESIAN_POINT('',(1.170774889424,-5.999999999062E-07));
#9903 = CARTESIAN_POINT('',(1.170774889424,0.26));
#9904 = ( GEOMETRIC_REPRESENTATION_CONTEXT(2) 
PARAMETRIC_REPRESENTATION_CONTEXT() REPRESENTATION_CONTEXT('2D SPACE',''
  ) );
#9905 = PCURVE('',#7664,#9906);
#9906 = DEFINITIONAL_REPRESENTATION('',(#9907),#9910);
#9907 = B_SPLINE_CURVE_WITH_KNOTS('',1,(#9908,#9909),.UNSPECIFIED.,.F.,
  .F.,(2,2),(-5.999999999062E-07,0.26),.PIECEWISE_BEZIER_KNOTS.);
#9908 = CARTESIAN_POINT('',(8.993236595627E-02,-1.3299994));
#9909 = CARTESIAN_POINT('',(8.993236595627E-02,-1.59));
#9910 = ( GEOMETRIC_REPRESENTATION_CONTEXT(2) 
PARAMETRIC_REPRESENTATION_CONTEXT() REPRESENTATION_CONTEXT('2D SPACE',''
  ) );
#9911 = ORIENTED_EDGE('',*,*,#9912,.T.);
#9912 = EDGE_CURVE('',#9892,#9783,#9913,.T.);
#9913 = SURFACE_CURVE('',#9914,(#9919,#9926),.PCURVE_S1.);
#9914 = CIRCLE('',#9915,1.9);
#9915 = AXIS2_PLACEMENT_3D('',#9916,#9917,#9918);
#9916 = CARTESIAN_POINT('',(-2.5,-7.,1.68));
#9917 = DIRECTION('',(0.,0.,1.));
#9918 = DIRECTION('',(1.,0.,-0.));
#9919 = PCURVE('',#7692,#9920);
#9920 = DEFINITIONAL_REPRESENTATION('',(#9921),#9925);
#9921 = LINE('',#9922,#9923);
#9922 = CARTESIAN_POINT('',(0.,0.));
#9923 = VECTOR('',#9924,1.);
#9924 = DIRECTION('',(1.,0.));
#9925 = ( GEOMETRIC_REPRESENTATION_CONTEXT(2) 
PARAMETRIC_REPRESENTATION_CONTEXT() REPRESENTATION_CONTEXT('2D SPACE',''
  ) );
#9926 = PCURVE('',#9799,#9927);
#9927 = DEFINITIONAL_REPRESENTATION('',(#9928),#9932);
#9928 = CIRCLE('',#9929,1.9);
#9929 = AXIS2_PLACEMENT_2D('',#9930,#9931);
#9930 = CARTESIAN_POINT('',(0.,0.));
#9931 = DIRECTION('',(1.,0.));
#9932 = ( GEOMETRIC_REPRESENTATION_CONTEXT(2) 
PARAMETRIC_REPRESENTATION_CONTEXT() REPRESENTATION_CONTEXT('2D SPACE',''
  ) );
#9933 = ORIENTED_EDGE('',*,*,#9815,.F.);
#9934 = ORIENTED_EDGE('',*,*,#7704,.T.);
#9935 = ADVANCED_FACE('',(#9936),#7664,.T.);
#9936 = FACE_BOUND('',#9937,.T.);
#9937 = EDGE_LOOP('',(#9938,#9959,#9960,#9961,#9980,#9981));
#9938 = ORIENTED_EDGE('',*,*,#9939,.F.);
#9939 = EDGE_CURVE('',#8758,#7617,#9940,.T.);
#9940 = SURFACE_CURVE('',#9941,(#9945,#9952),.PCURVE_S1.);
#9941 = LINE('',#9942,#9943);
#9942 = CARTESIAN_POINT('',(1.849999925698,-5.249999973197,0.35));
#9943 = VECTOR('',#9944,1.);
#9944 = DIRECTION('',(0.,0.,1.));
#9945 = PCURVE('',#7664,#9946);
#9946 = DEFINITIONAL_REPRESENTATION('',(#9947),#9951);
#9947 = LINE('',#9948,#9949);
#9948 = CARTESIAN_POINT('',(3.699999925698,0.));
#9949 = VECTOR('',#9950,1.);
#9950 = DIRECTION('',(0.,-1.));
#9951 = ( GEOMETRIC_REPRESENTATION_CONTEXT(2) 
PARAMETRIC_REPRESENTATION_CONTEXT() REPRESENTATION_CONTEXT('2D SPACE',''
  ) );
#9952 = PCURVE('',#7637,#9953);
#9953 = DEFINITIONAL_REPRESENTATION('',(#9954),#9958);
#9954 = LINE('',#9955,#9956);
#9955 = CARTESIAN_POINT('',(4.712388980385,0.));
#9956 = VECTOR('',#9957,1.);
#9957 = DIRECTION('',(0.,-1.));
#9958 = ( GEOMETRIC_REPRESENTATION_CONTEXT(2) 
PARAMETRIC_REPRESENTATION_CONTEXT() REPRESENTATION_CONTEXT('2D SPACE',''
  ) );
#9959 = ORIENTED_EDGE('',*,*,#8785,.T.);
#9960 = ORIENTED_EDGE('',*,*,#9759,.T.);
#9961 = ORIENTED_EDGE('',*,*,#9962,.T.);
#9962 = EDGE_CURVE('',#9760,#9892,#9963,.T.);
#9963 = SURFACE_CURVE('',#9964,(#9968,#9974),.PCURVE_S1.);
#9964 = LINE('',#9965,#9966);
#9965 = CARTESIAN_POINT('',(-2.175,-5.249999973197,1.68));
#9966 = VECTOR('',#9967,1.);
#9967 = DIRECTION('',(1.,0.,0.));
#9968 = PCURVE('',#7664,#9969);
#9969 = DEFINITIONAL_REPRESENTATION('',(#9970),#9973);
#9970 = B_SPLINE_CURVE_WITH_KNOTS('',1,(#9971,#9972),.UNSPECIFIED.,.F.,
  .F.,(2,2),(0.325,1.575),.PIECEWISE_BEZIER_KNOTS.);
#9971 = CARTESIAN_POINT('',(0.,-1.33));
#9972 = CARTESIAN_POINT('',(1.25,-1.33));
#9973 = ( GEOMETRIC_REPRESENTATION_CONTEXT(2) 
PARAMETRIC_REPRESENTATION_CONTEXT() REPRESENTATION_CONTEXT('2D SPACE',''
  ) );
#9974 = PCURVE('',#9799,#9975);
#9975 = DEFINITIONAL_REPRESENTATION('',(#9976),#9979);
#9976 = B_SPLINE_CURVE_WITH_KNOTS('',1,(#9977,#9978),.UNSPECIFIED.,.F.,
  .F.,(2,2),(0.325,1.575),.PIECEWISE_BEZIER_KNOTS.);
#9977 = CARTESIAN_POINT('',(0.65,1.750000026803));
#9978 = CARTESIAN_POINT('',(1.9,1.750000026803));
#9979 = ( GEOMETRIC_REPRESENTATION_CONTEXT(2) 
PARAMETRIC_REPRESENTATION_CONTEXT() REPRESENTATION_CONTEXT('2D SPACE',''
  ) );
#9980 = ORIENTED_EDGE('',*,*,#9891,.T.);
#9981 = ORIENTED_EDGE('',*,*,#7649,.F.);
#9982 = ADVANCED_FACE('',(#9983),#7637,.F.);
#9983 = FACE_BOUND('',#9984,.F.);
#9984 = EDGE_LOOP('',(#9985,#9986,#10009,#10035,#10036,#10037));
#9985 = ORIENTED_EDGE('',*,*,#8757,.F.);
#9986 = ORIENTED_EDGE('',*,*,#9987,.T.);
#9987 = EDGE_CURVE('',#8732,#9988,#9990,.T.);
#9988 = VERTEX_POINT('',#9989);
#9989 = CARTESIAN_POINT('',(5.249999962849,-1.849999973197,1.65));
#9990 = SURFACE_CURVE('',#9991,(#9995,#10002),.PCURVE_S1.);
#9991 = LINE('',#9992,#9993);
#9992 = CARTESIAN_POINT('',(5.249999962849,-1.849999973197,0.35));
#9993 = VECTOR('',#9994,1.);
#9994 = DIRECTION('',(0.,0.,1.));
#9995 = PCURVE('',#7637,#9996);
#9996 = DEFINITIONAL_REPRESENTATION('',(#9997),#10001);
#9997 = LINE('',#9998,#9999);
#9998 = CARTESIAN_POINT('',(3.14159265359,0.));
#9999 = VECTOR('',#10000,1.);
#10000 = DIRECTION('',(0.,-1.));
#10001 = ( GEOMETRIC_REPRESENTATION_CONTEXT(2) 
PARAMETRIC_REPRESENTATION_CONTEXT() REPRESENTATION_CONTEXT('2D SPACE',''
  ) );
#10002 = PCURVE('',#8746,#10003);
#10003 = DEFINITIONAL_REPRESENTATION('',(#10004),#10008);
#10004 = LINE('',#10005,#10006);
#10005 = CARTESIAN_POINT('',(4.440892098501E-16,0.));
#10006 = VECTOR('',#10007,1.);
#10007 = DIRECTION('',(0.,-1.));
#10008 = ( GEOMETRIC_REPRESENTATION_CONTEXT(2) 
PARAMETRIC_REPRESENTATION_CONTEXT() REPRESENTATION_CONTEXT('2D SPACE',''
  ) );
#10009 = ORIENTED_EDGE('',*,*,#10010,.T.);
#10010 = EDGE_CURVE('',#9988,#9334,#10011,.T.);
#10011 = SURFACE_CURVE('',#10012,(#10017,#10024),.PCURVE_S1.);
#10012 = CIRCLE('',#10013,3.4);
#10013 = AXIS2_PLACEMENT_3D('',#10014,#10015,#10016);
#10014 = CARTESIAN_POINT('',(1.849999925698,-1.849999973197,1.65));
#10015 = DIRECTION('',(0.,0.,-1.));
#10016 = DIRECTION('',(-1.,0.,0.));
#10017 = PCURVE('',#7637,#10018);
#10018 = DEFINITIONAL_REPRESENTATION('',(#10019),#10023);
#10019 = LINE('',#10020,#10021);
#10020 = CARTESIAN_POINT('',(0.,-1.3));
#10021 = VECTOR('',#10022,1.);
#10022 = DIRECTION('',(1.,0.));
#10023 = ( GEOMETRIC_REPRESENTATION_CONTEXT(2) 
PARAMETRIC_REPRESENTATION_CONTEXT() REPRESENTATION_CONTEXT('2D SPACE',''
  ) );
#10024 = PCURVE('',#9370,#10025);
#10025 = DEFINITIONAL_REPRESENTATION('',(#10026),#10034);
#10026 = ( BOUNDED_CURVE() B_SPLINE_CURVE(2,(#10027,#10028,#10029,#10030
    ,#10031,#10032,#10033),.UNSPECIFIED.,.T.,.F.) 
B_SPLINE_CURVE_WITH_KNOTS((1,2,2,2,2,1),(-2.094395102393,0.,
    2.094395102393,4.188790204786,6.28318530718,8.377580409573),
.UNSPECIFIED.) CURVE() GEOMETRIC_REPRESENTATION_ITEM() 
RATIONAL_B_SPLINE_CURVE((1.,0.5,1.,0.5,1.,0.5,1.)) REPRESENTATION_ITEM(
  '') );
#10027 = CARTESIAN_POINT('',(-6.450000074302,9.750000026803));
#10028 = CARTESIAN_POINT('',(-6.450000074302,15.638972772537));
#10029 = CARTESIAN_POINT('',(-1.350000074302,12.69448639967));
#10030 = CARTESIAN_POINT('',(3.749999925698,9.750000026803));
#10031 = CARTESIAN_POINT('',(-1.350000074302,6.805513653936));
#10032 = CARTESIAN_POINT('',(-6.450000074302,3.861027281069));
#10033 = CARTESIAN_POINT('',(-6.450000074302,9.750000026803));
#10034 = ( GEOMETRIC_REPRESENTATION_CONTEXT(2) 
PARAMETRIC_REPRESENTATION_CONTEXT() REPRESENTATION_CONTEXT('2D SPACE',''
  ) );
#10035 = ORIENTED_EDGE('',*,*,#9333,.F.);
#10036 = ORIENTED_EDGE('',*,*,#7616,.T.);
#10037 = ORIENTED_EDGE('',*,*,#9939,.F.);
#10038 = ADVANCED_FACE('',(#10039),#7579,.F.);
#10039 = FACE_BOUND('',#10040,.F.);
#10040 = EDGE_LOOP('',(#10041,#10066,#10087,#10106,#10107,#10108));
#10041 = ORIENTED_EDGE('',*,*,#10042,.F.);
#10042 = EDGE_CURVE('',#10043,#10045,#10047,.T.);
#10043 = VERTEX_POINT('',#10044);
#10044 = CARTESIAN_POINT('',(6.1,-11.6,4.35));
#10045 = VERTEX_POINT('',#10046);
#10046 = CARTESIAN_POINT('',(6.1,-11.6,6.2));
#10047 = SURFACE_CURVE('',#10048,(#10052,#10059),.PCURVE_S1.);
#10048 = LINE('',#10049,#10050);
#10049 = CARTESIAN_POINT('',(6.1,-11.6,1.65));
#10050 = VECTOR('',#10051,1.);
#10051 = DIRECTION('',(0.,0.,1.));
#10052 = PCURVE('',#7579,#10053);
#10053 = DEFINITIONAL_REPRESENTATION('',(#10054),#10058);
#10054 = LINE('',#10055,#10056);
#10055 = CARTESIAN_POINT('',(0.,1.2));
#10056 = VECTOR('',#10057,1.);
#10057 = DIRECTION('',(1.,0.));
#10058 = ( GEOMETRIC_REPRESENTATION_CONTEXT(2) 
PARAMETRIC_REPRESENTATION_CONTEXT() REPRESENTATION_CONTEXT('2D SPACE',''
  ) );
#10059 = PCURVE('',#9224,#10060);
#10060 = DEFINITIONAL_REPRESENTATION('',(#10061),#10065);
#10061 = LINE('',#10062,#10063);
#10062 = CARTESIAN_POINT('',(0.,0.));
#10063 = VECTOR('',#10064,1.);
#10064 = DIRECTION('',(1.,0.));
#10065 = ( GEOMETRIC_REPRESENTATION_CONTEXT(2) 
PARAMETRIC_REPRESENTATION_CONTEXT() REPRESENTATION_CONTEXT('2D SPACE',''
  ) );
#10066 = ORIENTED_EDGE('',*,*,#10067,.F.);
#10067 = EDGE_CURVE('',#10068,#10043,#10070,.T.);
#10068 = VERTEX_POINT('',#10069);
#10069 = CARTESIAN_POINT('',(6.,-11.6,4.35));
#10070 = SURFACE_CURVE('',#10071,(#10075,#10081),.PCURVE_S1.);
#10071 = LINE('',#10072,#10073);
#10072 = CARTESIAN_POINT('',(5.45,-11.6,4.35));
#10073 = VECTOR('',#10074,1.);
#10074 = DIRECTION('',(1.,0.,-0.));
#10075 = PCURVE('',#7579,#10076);
#10076 = DEFINITIONAL_REPRESENTATION('',(#10077),#10080);
#10077 = B_SPLINE_CURVE_WITH_KNOTS('',1,(#10078,#10079),.UNSPECIFIED.,
  .F.,.F.,(2,2),(0.55,0.65),.PIECEWISE_BEZIER_KNOTS.);
#10078 = CARTESIAN_POINT('',(2.7,1.1));
#10079 = CARTESIAN_POINT('',(2.7,1.2));
#10080 = ( GEOMETRIC_REPRESENTATION_CONTEXT(2) 
PARAMETRIC_REPRESENTATION_CONTEXT() REPRESENTATION_CONTEXT('2D SPACE',''
  ) );
#10081 = PCURVE('',#8951,#10082);
#10082 = DEFINITIONAL_REPRESENTATION('',(#10083),#10086);
#10083 = B_SPLINE_CURVE_WITH_KNOTS('',1,(#10084,#10085),.UNSPECIFIED.,
  .F.,.F.,(2,2),(0.55,0.65),.PIECEWISE_BEZIER_KNOTS.);
#10084 = CARTESIAN_POINT('',(0.,1.1));
#10085 = CARTESIAN_POINT('',(0.1,1.1));
#10086 = ( GEOMETRIC_REPRESENTATION_CONTEXT(2) 
PARAMETRIC_REPRESENTATION_CONTEXT() REPRESENTATION_CONTEXT('2D SPACE',''
  ) );
#10087 = ORIENTED_EDGE('',*,*,#10088,.T.);
#10088 = EDGE_CURVE('',#10068,#7539,#10089,.T.);
#10089 = SURFACE_CURVE('',#10090,(#10094,#10100),.PCURVE_S1.);
#10090 = LINE('',#10091,#10092);
#10091 = CARTESIAN_POINT('',(6.,-11.6,1.65));
#10092 = VECTOR('',#10093,1.);
#10093 = DIRECTION('',(-0.,0.,-1.));
#10094 = PCURVE('',#7579,#10095);
#10095 = DEFINITIONAL_REPRESENTATION('',(#10096),#10099);
#10096 = B_SPLINE_CURVE_WITH_KNOTS('',1,(#10097,#10098),.UNSPECIFIED.,
  .F.,.F.,(2,2),(-2.7,-0.15),.PIECEWISE_BEZIER_KNOTS.);
#10097 = CARTESIAN_POINT('',(2.7,1.1));
#10098 = CARTESIAN_POINT('',(0.15,1.1));
#10099 = ( GEOMETRIC_REPRESENTATION_CONTEXT(2) 
PARAMETRIC_REPRESENTATION_CONTEXT() REPRESENTATION_CONTEXT('2D SPACE',''
  ) );
#10100 = PCURVE('',#7553,#10101);
#10101 = DEFINITIONAL_REPRESENTATION('',(#10102),#10105);
#10102 = B_SPLINE_CURVE_WITH_KNOTS('',1,(#10103,#10104),.UNSPECIFIED.,
  .F.,.F.,(2,2),(-2.7,-0.15),.PIECEWISE_BEZIER_KNOTS.);
#10103 = CARTESIAN_POINT('',(2.7,-1.1));
#10104 = CARTESIAN_POINT('',(0.15,-1.1));
#10105 = ( GEOMETRIC_REPRESENTATION_CONTEXT(2) 
PARAMETRIC_REPRESENTATION_CONTEXT() REPRESENTATION_CONTEXT('2D SPACE',''
  ) );
#10106 = ORIENTED_EDGE('',*,*,#7564,.T.);
#10107 = ORIENTED_EDGE('',*,*,#9309,.T.);
#10108 = ORIENTED_EDGE('',*,*,#10109,.T.);
#10109 = EDGE_CURVE('',#9310,#10045,#10110,.T.);
#10110 = SURFACE_CURVE('',#10111,(#10115,#10122),.PCURVE_S1.);
#10111 = LINE('',#10112,#10113);
#10112 = CARTESIAN_POINT('',(4.9,-11.6,6.2));
#10113 = VECTOR('',#10114,1.);
#10114 = DIRECTION('',(1.,0.,-0.));
#10115 = PCURVE('',#7579,#10116);
#10116 = DEFINITIONAL_REPRESENTATION('',(#10117),#10121);
#10117 = LINE('',#10118,#10119);
#10118 = CARTESIAN_POINT('',(4.55,0.));
#10119 = VECTOR('',#10120,1.);
#10120 = DIRECTION('',(0.,1.));
#10121 = ( GEOMETRIC_REPRESENTATION_CONTEXT(2) 
PARAMETRIC_REPRESENTATION_CONTEXT() REPRESENTATION_CONTEXT('2D SPACE',''
  ) );
#10122 = PCURVE('',#9294,#10123);
#10123 = DEFINITIONAL_REPRESENTATION('',(#10124),#10128);
#10124 = LINE('',#10125,#10126);
#10125 = CARTESIAN_POINT('',(0.,0.));
#10126 = VECTOR('',#10127,1.);
#10127 = DIRECTION('',(1.,0.));
#10128 = ( GEOMETRIC_REPRESENTATION_CONTEXT(2) 
PARAMETRIC_REPRESENTATION_CONTEXT() REPRESENTATION_CONTEXT('2D SPACE',''
  ) );
#10129 = ADVANCED_FACE('',(#10130),#7553,.F.);
#10130 = FACE_BOUND('',#10131,.F.);
#10131 = EDGE_LOOP('',(#10132,#10155,#10156,#10157));
#10132 = ORIENTED_EDGE('',*,*,#10133,.F.);
#10133 = EDGE_CURVE('',#7513,#10134,#10136,.T.);
#10134 = VERTEX_POINT('',#10135);
#10135 = CARTESIAN_POINT('',(6.,-12.7,4.35));
#10136 = SURFACE_CURVE('',#10137,(#10141,#10148),.PCURVE_S1.);
#10137 = LINE('',#10138,#10139);
#10138 = CARTESIAN_POINT('',(6.,-12.7,1.65));
#10139 = VECTOR('',#10140,1.);
#10140 = DIRECTION('',(0.,0.,1.));
#10141 = PCURVE('',#7553,#10142);
#10142 = DEFINITIONAL_REPRESENTATION('',(#10143),#10147);
#10143 = LINE('',#10144,#10145);
#10144 = CARTESIAN_POINT('',(0.,0.));
#10145 = VECTOR('',#10146,1.);
#10146 = DIRECTION('',(1.,0.));
#10147 = ( GEOMETRIC_REPRESENTATION_CONTEXT(2) 
PARAMETRIC_REPRESENTATION_CONTEXT() REPRESENTATION_CONTEXT('2D SPACE',''
  ) );
#10148 = PCURVE('',#7527,#10149);
#10149 = DEFINITIONAL_REPRESENTATION('',(#10150),#10154);
#10150 = LINE('',#10151,#10152);
#10151 = CARTESIAN_POINT('',(0.,0.));
#10152 = VECTOR('',#10153,1.);
#10153 = DIRECTION('',(1.,0.));
#10154 = ( GEOMETRIC_REPRESENTATION_CONTEXT(2) 
PARAMETRIC_REPRESENTATION_CONTEXT() REPRESENTATION_CONTEXT('2D SPACE',''
  ) );
#10155 = ORIENTED_EDGE('',*,*,#7538,.T.);
#10156 = ORIENTED_EDGE('',*,*,#10088,.F.);
#10157 = ORIENTED_EDGE('',*,*,#10158,.F.);
#10158 = EDGE_CURVE('',#10134,#10068,#10159,.T.);
#10159 = SURFACE_CURVE('',#10160,(#10164,#10171),.PCURVE_S1.);
#10160 = LINE('',#10161,#10162);
#10161 = CARTESIAN_POINT('',(6.,-12.7,4.35));
#10162 = VECTOR('',#10163,1.);
#10163 = DIRECTION('',(-0.,1.,0.));
#10164 = PCURVE('',#7553,#10165);
#10165 = DEFINITIONAL_REPRESENTATION('',(#10166),#10170);
#10166 = LINE('',#10167,#10168);
#10167 = CARTESIAN_POINT('',(2.7,0.));
#10168 = VECTOR('',#10169,1.);
#10169 = DIRECTION('',(0.,-1.));
#10170 = ( GEOMETRIC_REPRESENTATION_CONTEXT(2) 
PARAMETRIC_REPRESENTATION_CONTEXT() REPRESENTATION_CONTEXT('2D SPACE',''
  ) );
#10171 = PCURVE('',#8951,#10172);
#10172 = DEFINITIONAL_REPRESENTATION('',(#10173),#10177);
#10173 = LINE('',#10174,#10175);
#10174 = CARTESIAN_POINT('',(0.,0.));
#10175 = VECTOR('',#10176,1.);
#10176 = DIRECTION('',(0.,1.));
#10177 = ( GEOMETRIC_REPRESENTATION_CONTEXT(2) 
PARAMETRIC_REPRESENTATION_CONTEXT() REPRESENTATION_CONTEXT('2D SPACE',''
  ) );
#10178 = ADVANCED_FACE('',(#10179),#7527,.F.);
#10179 = FACE_BOUND('',#10180,.F.);
#10180 = EDGE_LOOP('',(#10181,#10204,#10205,#10206));
#10181 = ORIENTED_EDGE('',*,*,#10182,.F.);
#10182 = EDGE_CURVE('',#7487,#10183,#10185,.T.);
#10183 = VERTEX_POINT('',#10184);
#10184 = CARTESIAN_POINT('',(20.4,-12.7,4.35));
#10185 = SURFACE_CURVE('',#10186,(#10190,#10197),.PCURVE_S1.);
#10186 = LINE('',#10187,#10188);
#10187 = CARTESIAN_POINT('',(20.4,-12.7,1.65));
#10188 = VECTOR('',#10189,1.);
#10189 = DIRECTION('',(0.,0.,1.));
#10190 = PCURVE('',#7527,#10191);
#10191 = DEFINITIONAL_REPRESENTATION('',(#10192),#10196);
#10192 = LINE('',#10193,#10194);
#10193 = CARTESIAN_POINT('',(0.,14.4));
#10194 = VECTOR('',#10195,1.);
#10195 = DIRECTION('',(1.,0.));
#10196 = ( GEOMETRIC_REPRESENTATION_CONTEXT(2) 
PARAMETRIC_REPRESENTATION_CONTEXT() REPRESENTATION_CONTEXT('2D SPACE',''
  ) );
#10197 = PCURVE('',#7501,#10198);
#10198 = DEFINITIONAL_REPRESENTATION('',(#10199),#10203);
#10199 = LINE('',#10200,#10201);
#10200 = CARTESIAN_POINT('',(0.,0.));
#10201 = VECTOR('',#10202,1.);
#10202 = DIRECTION('',(1.,0.));
#10203 = ( GEOMETRIC_REPRESENTATION_CONTEXT(2) 
PARAMETRIC_REPRESENTATION_CONTEXT() REPRESENTATION_CONTEXT('2D SPACE',''
  ) );
#10204 = ORIENTED_EDGE('',*,*,#7512,.T.);
#10205 = ORIENTED_EDGE('',*,*,#10133,.T.);
#10206 = ORIENTED_EDGE('',*,*,#10207,.T.);
#10207 = EDGE_CURVE('',#10134,#10183,#10208,.T.);
#10208 = SURFACE_CURVE('',#10209,(#10213,#10220),.PCURVE_S1.);
#10209 = LINE('',#10210,#10211);
#10210 = CARTESIAN_POINT('',(6.,-12.7,4.35));
#10211 = VECTOR('',#10212,1.);
#10212 = DIRECTION('',(1.,0.,-0.));
#10213 = PCURVE('',#7527,#10214);
#10214 = DEFINITIONAL_REPRESENTATION('',(#10215),#10219);
#10215 = LINE('',#10216,#10217);
#10216 = CARTESIAN_POINT('',(2.7,0.));
#10217 = VECTOR('',#10218,1.);
#10218 = DIRECTION('',(0.,1.));
#10219 = ( GEOMETRIC_REPRESENTATION_CONTEXT(2) 
PARAMETRIC_REPRESENTATION_CONTEXT() REPRESENTATION_CONTEXT('2D SPACE',''
  ) );
#10220 = PCURVE('',#8951,#10221);
#10221 = DEFINITIONAL_REPRESENTATION('',(#10222),#10226);
#10222 = LINE('',#10223,#10224);
#10223 = CARTESIAN_POINT('',(0.,0.));
#10224 = VECTOR('',#10225,1.);
#10225 = DIRECTION('',(1.,0.));
#10226 = ( GEOMETRIC_REPRESENTATION_CONTEXT(2) 
PARAMETRIC_REPRESENTATION_CONTEXT() REPRESENTATION_CONTEXT('2D SPACE',''
  ) );
#10227 = ADVANCED_FACE('',(#10228),#7501,.T.);
#10228 = FACE_BOUND('',#10229,.T.);
#10229 = EDGE_LOOP('',(#10230,#10231,#10232,#10233));
#10230 = ORIENTED_EDGE('',*,*,#10182,.F.);
#10231 = ORIENTED_EDGE('',*,*,#7486,.T.);
#10232 = ORIENTED_EDGE('',*,*,#8915,.F.);
#10233 = ORIENTED_EDGE('',*,*,#10234,.F.);
#10234 = EDGE_CURVE('',#10183,#8916,#10235,.T.);
#10235 = SURFACE_CURVE('',#10236,(#10240,#10247),.PCURVE_S1.);
#10236 = LINE('',#10237,#10238);
#10237 = CARTESIAN_POINT('',(20.4,-12.7,4.35));
#10238 = VECTOR('',#10239,1.);
#10239 = DIRECTION('',(-0.,1.,0.));
#10240 = PCURVE('',#7501,#10241);
#10241 = DEFINITIONAL_REPRESENTATION('',(#10242),#10246);
#10242 = LINE('',#10243,#10244);
#10243 = CARTESIAN_POINT('',(2.7,0.));
#10244 = VECTOR('',#10245,1.);
#10245 = DIRECTION('',(0.,-1.));
#10246 = ( GEOMETRIC_REPRESENTATION_CONTEXT(2) 
PARAMETRIC_REPRESENTATION_CONTEXT() REPRESENTATION_CONTEXT('2D SPACE',''
  ) );
#10247 = PCURVE('',#8951,#10248);
#10248 = DEFINITIONAL_REPRESENTATION('',(#10249),#10253);
#10249 = LINE('',#10250,#10251);
#10250 = CARTESIAN_POINT('',(14.4,0.));
#10251 = VECTOR('',#10252,1.);
#10252 = DIRECTION('',(0.,1.));
#10253 = ( GEOMETRIC_REPRESENTATION_CONTEXT(2) 
PARAMETRIC_REPRESENTATION_CONTEXT() REPRESENTATION_CONTEXT('2D SPACE',''
  ) );
#10254 = ADVANCED_FACE('',(#10255),#8098,.T.);
#10255 = FACE_BOUND('',#10256,.T.);
#10256 = EDGE_LOOP('',(#10257,#10280,#10307,#10308));
#10257 = ORIENTED_EDGE('',*,*,#10258,.T.);
#10258 = EDGE_CURVE('',#8082,#10259,#10261,.T.);
#10259 = VERTEX_POINT('',#10260);
#10260 = CARTESIAN_POINT('',(-12.4,-15.5,9.5));
#10261 = SEAM_CURVE('',#10262,(#10266,#10273),.PCURVE_S1.);
#10262 = LINE('',#10263,#10264);
#10263 = CARTESIAN_POINT('',(-12.4,-15.5,1.65));
#10264 = VECTOR('',#10265,1.);
#10265 = DIRECTION('',(0.,0.,1.));
#10266 = PCURVE('',#8098,#10267);
#10267 = DEFINITIONAL_REPRESENTATION('',(#10268),#10272);
#10268 = LINE('',#10269,#10270);
#10269 = CARTESIAN_POINT('',(6.28318530718,-0.));
#10270 = VECTOR('',#10271,1.);
#10271 = DIRECTION('',(0.,1.));
#10272 = ( GEOMETRIC_REPRESENTATION_CONTEXT(2) 
PARAMETRIC_REPRESENTATION_CONTEXT() REPRESENTATION_CONTEXT('2D SPACE',''
  ) );
#10273 = PCURVE('',#8098,#10274);
#10274 = DEFINITIONAL_REPRESENTATION('',(#10275),#10279);
#10275 = LINE('',#10276,#10277);
#10276 = CARTESIAN_POINT('',(0.,-0.));
#10277 = VECTOR('',#10278,1.);
#10278 = DIRECTION('',(0.,1.));
#10279 = ( GEOMETRIC_REPRESENTATION_CONTEXT(2) 
PARAMETRIC_REPRESENTATION_CONTEXT() REPRESENTATION_CONTEXT('2D SPACE',''
  ) );
#10280 = ORIENTED_EDGE('',*,*,#10281,.F.);
#10281 = EDGE_CURVE('',#10259,#10259,#10282,.T.);
#10282 = SURFACE_CURVE('',#10283,(#10288,#10295),.PCURVE_S1.);
#10283 = CIRCLE('',#10284,2.6);
#10284 = AXIS2_PLACEMENT_3D('',#10285,#10286,#10287);
#10285 = CARTESIAN_POINT('',(-15.,-15.5,9.5));
#10286 = DIRECTION('',(0.,0.,1.));
#10287 = DIRECTION('',(1.,0.,-0.));
#10288 = PCURVE('',#8098,#10289);
#10289 = DEFINITIONAL_REPRESENTATION('',(#10290),#10294);
#10290 = LINE('',#10291,#10292);
#10291 = CARTESIAN_POINT('',(0.,7.85));
#10292 = VECTOR('',#10293,1.);
#10293 = DIRECTION('',(1.,0.));
#10294 = ( GEOMETRIC_REPRESENTATION_CONTEXT(2) 
PARAMETRIC_REPRESENTATION_CONTEXT() REPRESENTATION_CONTEXT('2D SPACE',''
  ) );
#10295 = PCURVE('',#10296,#10301);
#10296 = PLANE('',#10297);
#10297 = AXIS2_PLACEMENT_3D('',#10298,#10299,#10300);
#10298 = CARTESIAN_POINT('',(-15.,-15.5,9.5));
#10299 = DIRECTION('',(0.,0.,1.));
#10300 = DIRECTION('',(1.,0.,-0.));
#10301 = DEFINITIONAL_REPRESENTATION('',(#10302),#10306);
#10302 = CIRCLE('',#10303,2.6);
#10303 = AXIS2_PLACEMENT_2D('',#10304,#10305);
#10304 = CARTESIAN_POINT('',(0.,0.));
#10305 = DIRECTION('',(1.,0.));
#10306 = ( GEOMETRIC_REPRESENTATION_CONTEXT(2) 
PARAMETRIC_REPRESENTATION_CONTEXT() REPRESENTATION_CONTEXT('2D SPACE',''
  ) );
#10307 = ORIENTED_EDGE('',*,*,#10258,.F.);
#10308 = ORIENTED_EDGE('',*,*,#8081,.T.);
#10309 = ADVANCED_FACE('',(#10310),#8129,.T.);
#10310 = FACE_BOUND('',#10311,.T.);
#10311 = EDGE_LOOP('',(#10312,#10335,#10362,#10363));
#10312 = ORIENTED_EDGE('',*,*,#10313,.T.);
#10313 = EDGE_CURVE('',#8113,#10314,#10316,.T.);
#10314 = VERTEX_POINT('',#10315);
#10315 = CARTESIAN_POINT('',(-16.6,-7.,3.2));
#10316 = SEAM_CURVE('',#10317,(#10321,#10328),.PCURVE_S1.);
#10317 = LINE('',#10318,#10319);
#10318 = CARTESIAN_POINT('',(-16.6,-7.,1.68));
#10319 = VECTOR('',#10320,1.);
#10320 = DIRECTION('',(0.,0.,1.));
#10321 = PCURVE('',#8129,#10322);
#10322 = DEFINITIONAL_REPRESENTATION('',(#10323),#10327);
#10323 = LINE('',#10324,#10325);
#10324 = CARTESIAN_POINT('',(6.28318530718,-0.));
#10325 = VECTOR('',#10326,1.);
#10326 = DIRECTION('',(0.,1.));
#10327 = ( GEOMETRIC_REPRESENTATION_CONTEXT(2) 
PARAMETRIC_REPRESENTATION_CONTEXT() REPRESENTATION_CONTEXT('2D SPACE',''
  ) );
#10328 = PCURVE('',#8129,#10329);
#10329 = DEFINITIONAL_REPRESENTATION('',(#10330),#10334);
#10330 = LINE('',#10331,#10332);
#10331 = CARTESIAN_POINT('',(0.,-0.));
#10332 = VECTOR('',#10333,1.);
#10333 = DIRECTION('',(0.,1.));
#10334 = ( GEOMETRIC_REPRESENTATION_CONTEXT(2) 
PARAMETRIC_REPRESENTATION_CONTEXT() REPRESENTATION_CONTEXT('2D SPACE',''
  ) );
#10335 = ORIENTED_EDGE('',*,*,#10336,.F.);
#10336 = EDGE_CURVE('',#10314,#10314,#10337,.T.);
#10337 = SURFACE_CURVE('',#10338,(#10343,#10350),.PCURVE_S1.);
#10338 = CIRCLE('',#10339,1.9);
#10339 = AXIS2_PLACEMENT_3D('',#10340,#10341,#10342);
#10340 = CARTESIAN_POINT('',(-18.5,-7.,3.2));
#10341 = DIRECTION('',(0.,0.,1.));
#10342 = DIRECTION('',(1.,0.,-0.));
#10343 = PCURVE('',#8129,#10344);
#10344 = DEFINITIONAL_REPRESENTATION('',(#10345),#10349);
#10345 = LINE('',#10346,#10347);
#10346 = CARTESIAN_POINT('',(0.,1.52));
#10347 = VECTOR('',#10348,1.);
#10348 = DIRECTION('',(1.,0.));
#10349 = ( GEOMETRIC_REPRESENTATION_CONTEXT(2) 
PARAMETRIC_REPRESENTATION_CONTEXT() REPRESENTATION_CONTEXT('2D SPACE',''
  ) );
#10350 = PCURVE('',#10351,#10356);
#10351 = PLANE('',#10352);
#10352 = AXIS2_PLACEMENT_3D('',#10353,#10354,#10355);
#10353 = CARTESIAN_POINT('',(-18.5,-7.,3.2));
#10354 = DIRECTION('',(0.,0.,1.));
#10355 = DIRECTION('',(1.,0.,-0.));
#10356 = DEFINITIONAL_REPRESENTATION('',(#10357),#10361);
#10357 = CIRCLE('',#10358,1.9);
#10358 = AXIS2_PLACEMENT_2D('',#10359,#10360);
#10359 = CARTESIAN_POINT('',(0.,0.));
#10360 = DIRECTION('',(1.,0.));
#10361 = ( GEOMETRIC_REPRESENTATION_CONTEXT(2) 
PARAMETRIC_REPRESENTATION_CONTEXT() REPRESENTATION_CONTEXT('2D SPACE',''
  ) );
#10362 = ORIENTED_EDGE('',*,*,#10313,.F.);
#10363 = ORIENTED_EDGE('',*,*,#8112,.T.);
#10364 = ADVANCED_FACE('',(#10365),#8160,.T.);
#10365 = FACE_BOUND('',#10366,.T.);
#10366 = EDGE_LOOP('',(#10367,#10390,#10417,#10418));
#10367 = ORIENTED_EDGE('',*,*,#10368,.T.);
#10368 = EDGE_CURVE('',#8144,#10369,#10371,.T.);
#10369 = VERTEX_POINT('',#10370);
#10370 = CARTESIAN_POINT('',(17.6,-15.5,9.5));
#10371 = SEAM_CURVE('',#10372,(#10376,#10383),.PCURVE_S1.);
#10372 = LINE('',#10373,#10374);
#10373 = CARTESIAN_POINT('',(17.6,-15.5,1.65));
#10374 = VECTOR('',#10375,1.);
#10375 = DIRECTION('',(0.,0.,1.));
#10376 = PCURVE('',#8160,#10377);
#10377 = DEFINITIONAL_REPRESENTATION('',(#10378),#10382);
#10378 = LINE('',#10379,#10380);
#10379 = CARTESIAN_POINT('',(6.28318530718,-0.));
#10380 = VECTOR('',#10381,1.);
#10381 = DIRECTION('',(0.,1.));
#10382 = ( GEOMETRIC_REPRESENTATION_CONTEXT(2) 
PARAMETRIC_REPRESENTATION_CONTEXT() REPRESENTATION_CONTEXT('2D SPACE',''
  ) );
#10383 = PCURVE('',#8160,#10384);
#10384 = DEFINITIONAL_REPRESENTATION('',(#10385),#10389);
#10385 = LINE('',#10386,#10387);
#10386 = CARTESIAN_POINT('',(0.,-0.));
#10387 = VECTOR('',#10388,1.);
#10388 = DIRECTION('',(0.,1.));
#10389 = ( GEOMETRIC_REPRESENTATION_CONTEXT(2) 
PARAMETRIC_REPRESENTATION_CONTEXT() REPRESENTATION_CONTEXT('2D SPACE',''
  ) );
#10390 = ORIENTED_EDGE('',*,*,#10391,.F.);
#10391 = EDGE_CURVE('',#10369,#10369,#10392,.T.);
#10392 = SURFACE_CURVE('',#10393,(#10398,#10405),.PCURVE_S1.);
#10393 = CIRCLE('',#10394,2.6);
#10394 = AXIS2_PLACEMENT_3D('',#10395,#10396,#10397);
#10395 = CARTESIAN_POINT('',(15.,-15.5,9.5));
#10396 = DIRECTION('',(0.,0.,1.));
#10397 = DIRECTION('',(1.,0.,-0.));
#10398 = PCURVE('',#8160,#10399);
#10399 = DEFINITIONAL_REPRESENTATION('',(#10400),#10404);
#10400 = LINE('',#10401,#10402);
#10401 = CARTESIAN_POINT('',(0.,7.85));
#10402 = VECTOR('',#10403,1.);
#10403 = DIRECTION('',(1.,0.));
#10404 = ( GEOMETRIC_REPRESENTATION_CONTEXT(2) 
PARAMETRIC_REPRESENTATION_CONTEXT() REPRESENTATION_CONTEXT('2D SPACE',''
  ) );
#10405 = PCURVE('',#10406,#10411);
#10406 = PLANE('',#10407);
#10407 = AXIS2_PLACEMENT_3D('',#10408,#10409,#10410);
#10408 = CARTESIAN_POINT('',(15.,-15.5,9.5));
#10409 = DIRECTION('',(0.,0.,1.));
#10410 = DIRECTION('',(1.,0.,-0.));
#10411 = DEFINITIONAL_REPRESENTATION('',(#10412),#10416);
#10412 = CIRCLE('',#10413,2.6);
#10413 = AXIS2_PLACEMENT_2D('',#10414,#10415);
#10414 = CARTESIAN_POINT('',(0.,0.));
#10415 = DIRECTION('',(1.,0.));
#10416 = ( GEOMETRIC_REPRESENTATION_CONTEXT(2) 
PARAMETRIC_REPRESENTATION_CONTEXT() REPRESENTATION_CONTEXT('2D SPACE',''
  ) );
#10417 = ORIENTED_EDGE('',*,*,#10368,.F.);
#10418 = ORIENTED_EDGE('',*,*,#8143,.T.);
#10419 = ADVANCED_FACE('',(#10420),#8191,.T.);
#10420 = FACE_BOUND('',#10421,.T.);
#10421 = EDGE_LOOP('',(#10422,#10445,#10472,#10473));
#10422 = ORIENTED_EDGE('',*,*,#10423,.T.);
#10423 = EDGE_CURVE('',#8175,#10424,#10426,.T.);
#10424 = VERTEX_POINT('',#10425);
#10425 = CARTESIAN_POINT('',(-16.6,7.,3.2));
#10426 = SEAM_CURVE('',#10427,(#10431,#10438),.PCURVE_S1.);
#10427 = LINE('',#10428,#10429);
#10428 = CARTESIAN_POINT('',(-16.6,7.,1.68));
#10429 = VECTOR('',#10430,1.);
#10430 = DIRECTION('',(0.,0.,1.));
#10431 = PCURVE('',#8191,#10432);
#10432 = DEFINITIONAL_REPRESENTATION('',(#10433),#10437);
#10433 = LINE('',#10434,#10435);
#10434 = CARTESIAN_POINT('',(6.28318530718,-0.));
#10435 = VECTOR('',#10436,1.);
#10436 = DIRECTION('',(0.,1.));
#10437 = ( GEOMETRIC_REPRESENTATION_CONTEXT(2) 
PARAMETRIC_REPRESENTATION_CONTEXT() REPRESENTATION_CONTEXT('2D SPACE',''
  ) );
#10438 = PCURVE('',#8191,#10439);
#10439 = DEFINITIONAL_REPRESENTATION('',(#10440),#10444);
#10440 = LINE('',#10441,#10442);
#10441 = CARTESIAN_POINT('',(0.,-0.));
#10442 = VECTOR('',#10443,1.);
#10443 = DIRECTION('',(0.,1.));
#10444 = ( GEOMETRIC_REPRESENTATION_CONTEXT(2) 
PARAMETRIC_REPRESENTATION_CONTEXT() REPRESENTATION_CONTEXT('2D SPACE',''
  ) );
#10445 = ORIENTED_EDGE('',*,*,#10446,.F.);
#10446 = EDGE_CURVE('',#10424,#10424,#10447,.T.);
#10447 = SURFACE_CURVE('',#10448,(#10453,#10460),.PCURVE_S1.);
#10448 = CIRCLE('',#10449,1.9);
#10449 = AXIS2_PLACEMENT_3D('',#10450,#10451,#10452);
#10450 = CARTESIAN_POINT('',(-18.5,7.,3.2));
#10451 = DIRECTION('',(0.,0.,1.));
#10452 = DIRECTION('',(1.,0.,-0.));
#10453 = PCURVE('',#8191,#10454);
#10454 = DEFINITIONAL_REPRESENTATION('',(#10455),#10459);
#10455 = LINE('',#10456,#10457);
#10456 = CARTESIAN_POINT('',(0.,1.52));
#10457 = VECTOR('',#10458,1.);
#10458 = DIRECTION('',(1.,0.));
#10459 = ( GEOMETRIC_REPRESENTATION_CONTEXT(2) 
PARAMETRIC_REPRESENTATION_CONTEXT() REPRESENTATION_CONTEXT('2D SPACE',''
  ) );
#10460 = PCURVE('',#10461,#10466);
#10461 = PLANE('',#10462);
#10462 = AXIS2_PLACEMENT_3D('',#10463,#10464,#10465);
#10463 = CARTESIAN_POINT('',(-18.5,7.,3.2));
#10464 = DIRECTION('',(0.,0.,1.));
#10465 = DIRECTION('',(1.,0.,-0.));
#10466 = DEFINITIONAL_REPRESENTATION('',(#10467),#10471);
#10467 = CIRCLE('',#10468,1.9);
#10468 = AXIS2_PLACEMENT_2D('',#10469,#10470);
#10469 = CARTESIAN_POINT('',(0.,0.));
#10470 = DIRECTION('',(1.,0.));
#10471 = ( GEOMETRIC_REPRESENTATION_CONTEXT(2) 
PARAMETRIC_REPRESENTATION_CONTEXT() REPRESENTATION_CONTEXT('2D SPACE',''
  ) );
#10472 = ORIENTED_EDGE('',*,*,#10423,.F.);
#10473 = ORIENTED_EDGE('',*,*,#8174,.T.);
#10474 = ADVANCED_FACE('',(#10475),#8222,.T.);
#10475 = FACE_BOUND('',#10476,.T.);
#10476 = EDGE_LOOP('',(#10477,#10500,#10527,#10528));
#10477 = ORIENTED_EDGE('',*,*,#10478,.T.);
#10478 = EDGE_CURVE('',#8206,#10479,#10481,.T.);
#10479 = VERTEX_POINT('',#10480);
#10480 = CARTESIAN_POINT('',(-12.4,15.5,9.5));
#10481 = SEAM_CURVE('',#10482,(#10486,#10493),.PCURVE_S1.);
#10482 = LINE('',#10483,#10484);
#10483 = CARTESIAN_POINT('',(-12.4,15.5,1.65));
#10484 = VECTOR('',#10485,1.);
#10485 = DIRECTION('',(0.,0.,1.));
#10486 = PCURVE('',#8222,#10487);
#10487 = DEFINITIONAL_REPRESENTATION('',(#10488),#10492);
#10488 = LINE('',#10489,#10490);
#10489 = CARTESIAN_POINT('',(6.28318530718,-0.));
#10490 = VECTOR('',#10491,1.);
#10491 = DIRECTION('',(0.,1.));
#10492 = ( GEOMETRIC_REPRESENTATION_CONTEXT(2) 
PARAMETRIC_REPRESENTATION_CONTEXT() REPRESENTATION_CONTEXT('2D SPACE',''
  ) );
#10493 = PCURVE('',#8222,#10494);
#10494 = DEFINITIONAL_REPRESENTATION('',(#10495),#10499);
#10495 = LINE('',#10496,#10497);
#10496 = CARTESIAN_POINT('',(0.,-0.));
#10497 = VECTOR('',#10498,1.);
#10498 = DIRECTION('',(0.,1.));
#10499 = ( GEOMETRIC_REPRESENTATION_CONTEXT(2) 
PARAMETRIC_REPRESENTATION_CONTEXT() REPRESENTATION_CONTEXT('2D SPACE',''
  ) );
#10500 = ORIENTED_EDGE('',*,*,#10501,.F.);
#10501 = EDGE_CURVE('',#10479,#10479,#10502,.T.);
#10502 = SURFACE_CURVE('',#10503,(#10508,#10515),.PCURVE_S1.);
#10503 = CIRCLE('',#10504,2.6);
#10504 = AXIS2_PLACEMENT_3D('',#10505,#10506,#10507);
#10505 = CARTESIAN_POINT('',(-15.,15.5,9.5));
#10506 = DIRECTION('',(0.,0.,1.));
#10507 = DIRECTION('',(1.,0.,-0.));
#10508 = PCURVE('',#8222,#10509);
#10509 = DEFINITIONAL_REPRESENTATION('',(#10510),#10514);
#10510 = LINE('',#10511,#10512);
#10511 = CARTESIAN_POINT('',(0.,7.85));
#10512 = VECTOR('',#10513,1.);
#10513 = DIRECTION('',(1.,0.));
#10514 = ( GEOMETRIC_REPRESENTATION_CONTEXT(2) 
PARAMETRIC_REPRESENTATION_CONTEXT() REPRESENTATION_CONTEXT('2D SPACE',''
  ) );
#10515 = PCURVE('',#10516,#10521);
#10516 = PLANE('',#10517);
#10517 = AXIS2_PLACEMENT_3D('',#10518,#10519,#10520);
#10518 = CARTESIAN_POINT('',(-15.,15.5,9.5));
#10519 = DIRECTION('',(0.,0.,1.));
#10520 = DIRECTION('',(1.,0.,-0.));
#10521 = DEFINITIONAL_REPRESENTATION('',(#10522),#10526);
#10522 = CIRCLE('',#10523,2.6);
#10523 = AXIS2_PLACEMENT_2D('',#10524,#10525);
#10524 = CARTESIAN_POINT('',(0.,0.));
#10525 = DIRECTION('',(1.,0.));
#10526 = ( GEOMETRIC_REPRESENTATION_CONTEXT(2) 
PARAMETRIC_REPRESENTATION_CONTEXT() REPRESENTATION_CONTEXT('2D SPACE',''
  ) );
#10527 = ORIENTED_EDGE('',*,*,#10478,.F.);
#10528 = ORIENTED_EDGE('',*,*,#8205,.T.);
#10529 = ADVANCED_FACE('',(#10530),#8253,.T.);
#10530 = FACE_BOUND('',#10531,.T.);
#10531 = EDGE_LOOP('',(#10532,#10555,#10582,#10583));
#10532 = ORIENTED_EDGE('',*,*,#10533,.T.);
#10533 = EDGE_CURVE('',#8237,#10534,#10536,.T.);
#10534 = VERTEX_POINT('',#10535);
#10535 = CARTESIAN_POINT('',(17.6,15.5,9.5));
#10536 = SEAM_CURVE('',#10537,(#10541,#10548),.PCURVE_S1.);
#10537 = LINE('',#10538,#10539);
#10538 = CARTESIAN_POINT('',(17.6,15.5,1.65));
#10539 = VECTOR('',#10540,1.);
#10540 = DIRECTION('',(0.,0.,1.));
#10541 = PCURVE('',#8253,#10542);
#10542 = DEFINITIONAL_REPRESENTATION('',(#10543),#10547);
#10543 = LINE('',#10544,#10545);
#10544 = CARTESIAN_POINT('',(6.28318530718,-0.));
#10545 = VECTOR('',#10546,1.);
#10546 = DIRECTION('',(0.,1.));
#10547 = ( GEOMETRIC_REPRESENTATION_CONTEXT(2) 
PARAMETRIC_REPRESENTATION_CONTEXT() REPRESENTATION_CONTEXT('2D SPACE',''
  ) );
#10548 = PCURVE('',#8253,#10549);
#10549 = DEFINITIONAL_REPRESENTATION('',(#10550),#10554);
#10550 = LINE('',#10551,#10552);
#10551 = CARTESIAN_POINT('',(0.,-0.));
#10552 = VECTOR('',#10553,1.);
#10553 = DIRECTION('',(0.,1.));
#10554 = ( GEOMETRIC_REPRESENTATION_CONTEXT(2) 
PARAMETRIC_REPRESENTATION_CONTEXT() REPRESENTATION_CONTEXT('2D SPACE',''
  ) );
#10555 = ORIENTED_EDGE('',*,*,#10556,.F.);
#10556 = EDGE_CURVE('',#10534,#10534,#10557,.T.);
#10557 = SURFACE_CURVE('',#10558,(#10563,#10570),.PCURVE_S1.);
#10558 = CIRCLE('',#10559,2.6);
#10559 = AXIS2_PLACEMENT_3D('',#10560,#10561,#10562);
#10560 = CARTESIAN_POINT('',(15.,15.5,9.5));
#10561 = DIRECTION('',(0.,0.,1.));
#10562 = DIRECTION('',(1.,0.,-0.));
#10563 = PCURVE('',#8253,#10564);
#10564 = DEFINITIONAL_REPRESENTATION('',(#10565),#10569);
#10565 = LINE('',#10566,#10567);
#10566 = CARTESIAN_POINT('',(0.,7.85));
#10567 = VECTOR('',#10568,1.);
#10568 = DIRECTION('',(1.,0.));
#10569 = ( GEOMETRIC_REPRESENTATION_CONTEXT(2) 
PARAMETRIC_REPRESENTATION_CONTEXT() REPRESENTATION_CONTEXT('2D SPACE',''
  ) );
#10570 = PCURVE('',#10571,#10576);
#10571 = PLANE('',#10572);
#10572 = AXIS2_PLACEMENT_3D('',#10573,#10574,#10575);
#10573 = CARTESIAN_POINT('',(15.,15.5,9.5));
#10574 = DIRECTION('',(0.,0.,1.));
#10575 = DIRECTION('',(1.,0.,-0.));
#10576 = DEFINITIONAL_REPRESENTATION('',(#10577),#10581);
#10577 = CIRCLE('',#10578,2.6);
#10578 = AXIS2_PLACEMENT_2D('',#10579,#10580);
#10579 = CARTESIAN_POINT('',(0.,0.));
#10580 = DIRECTION('',(1.,0.));
#10581 = ( GEOMETRIC_REPRESENTATION_CONTEXT(2) 
PARAMETRIC_REPRESENTATION_CONTEXT() REPRESENTATION_CONTEXT('2D SPACE',''
  ) );
#10582 = ORIENTED_EDGE('',*,*,#10533,.F.);
#10583 = ORIENTED_EDGE('',*,*,#8236,.T.);
#10584 = ADVANCED_FACE('',(#10585),#8322,.F.);
#10585 = FACE_BOUND('',#10586,.F.);
#10586 = EDGE_LOOP('',(#10587,#10615,#10636,#10637));
#10587 = ORIENTED_EDGE('',*,*,#10588,.F.);
#10588 = EDGE_CURVE('',#10589,#10591,#10593,.T.);
#10589 = VERTEX_POINT('',#10590);
#10590 = CARTESIAN_POINT('',(21.5,-3.4,5.8));
#10591 = VERTEX_POINT('',#10592);
#10592 = CARTESIAN_POINT('',(21.5,3.4,5.8));
#10593 = SURFACE_CURVE('',#10594,(#10598,#10604),.PCURVE_S1.);
#10594 = LINE('',#10595,#10596);
#10595 = CARTESIAN_POINT('',(21.5,-7.5,5.799999993177));
#10596 = VECTOR('',#10597,1.);
#10597 = DIRECTION('',(-0.,1.,-0.));
#10598 = PCURVE('',#8322,#10599);
#10599 = DEFINITIONAL_REPRESENTATION('',(#10600),#10603);
#10600 = B_SPLINE_CURVE_WITH_KNOTS('',1,(#10601,#10602),.UNSPECIFIED.,
  .F.,.F.,(2,2),(4.1,10.9),.PIECEWISE_BEZIER_KNOTS.);
#10601 = CARTESIAN_POINT('',(0.,-0.4));
#10602 = CARTESIAN_POINT('',(6.8,-0.4));
#10603 = ( GEOMETRIC_REPRESENTATION_CONTEXT(2) 
PARAMETRIC_REPRESENTATION_CONTEXT() REPRESENTATION_CONTEXT('2D SPACE',''
  ) );
#10604 = PCURVE('',#10605,#10610);
#10605 = PLANE('',#10606);
#10606 = AXIS2_PLACEMENT_3D('',#10607,#10608,#10609);
#10607 = CARTESIAN_POINT('',(21.5,-11.6,1.65));
#10608 = DIRECTION('',(1.,0.,-0.));
#10609 = DIRECTION('',(0.,0.,1.));
#10610 = DEFINITIONAL_REPRESENTATION('',(#10611),#10614);
#10611 = B_SPLINE_CURVE_WITH_KNOTS('',1,(#10612,#10613),.UNSPECIFIED.,
  .F.,.F.,(2,2),(4.1,10.9),.PIECEWISE_BEZIER_KNOTS.);
#10612 = CARTESIAN_POINT('',(4.149999993177,-8.2));
#10613 = CARTESIAN_POINT('',(4.149999993177,-15.));
#10614 = ( GEOMETRIC_REPRESENTATION_CONTEXT(2) 
PARAMETRIC_REPRESENTATION_CONTEXT() REPRESENTATION_CONTEXT('2D SPACE',''
  ) );
#10615 = ORIENTED_EDGE('',*,*,#10616,.T.);
#10616 = EDGE_CURVE('',#10589,#8306,#10617,.T.);
#10617 = SURFACE_CURVE('',#10618,(#10622,#10629),.PCURVE_S1.);
#10618 = LINE('',#10619,#10620);
#10619 = CARTESIAN_POINT('',(21.1,-3.4,5.8));
#10620 = VECTOR('',#10621,1.);
#10621 = DIRECTION('',(1.,0.,2.22044604925E-16));
#10622 = PCURVE('',#8322,#10623);
#10623 = DEFINITIONAL_REPRESENTATION('',(#10624),#10628);
#10624 = LINE('',#10625,#10626);
#10625 = CARTESIAN_POINT('',(0.,0.));
#10626 = VECTOR('',#10627,1.);
#10627 = DIRECTION('',(0.,-1.));
#10628 = ( GEOMETRIC_REPRESENTATION_CONTEXT(2) 
PARAMETRIC_REPRESENTATION_CONTEXT() REPRESENTATION_CONTEXT('2D SPACE',''
  ) );
#10629 = PCURVE('',#8350,#10630);
#10630 = DEFINITIONAL_REPRESENTATION('',(#10631),#10635);
#10631 = LINE('',#10632,#10633);
#10632 = CARTESIAN_POINT('',(-3.14159265359,0.));
#10633 = VECTOR('',#10634,1.);
#10634 = DIRECTION('',(-0.,-1.));
#10635 = ( GEOMETRIC_REPRESENTATION_CONTEXT(2) 
PARAMETRIC_REPRESENTATION_CONTEXT() REPRESENTATION_CONTEXT('2D SPACE',''
  ) );
#10636 = ORIENTED_EDGE('',*,*,#8305,.T.);
#10637 = ORIENTED_EDGE('',*,*,#10638,.F.);
#10638 = EDGE_CURVE('',#10591,#8308,#10639,.T.);
#10639 = SURFACE_CURVE('',#10640,(#10644,#10651),.PCURVE_S1.);
#10640 = LINE('',#10641,#10642);
#10641 = CARTESIAN_POINT('',(21.1,3.4,5.8));
#10642 = VECTOR('',#10643,1.);
#10643 = DIRECTION('',(1.,0.,2.22044604925E-16));
#10644 = PCURVE('',#8322,#10645);
#10645 = DEFINITIONAL_REPRESENTATION('',(#10646),#10650);
#10646 = LINE('',#10647,#10648);
#10647 = CARTESIAN_POINT('',(6.8,0.));
#10648 = VECTOR('',#10649,1.);
#10649 = DIRECTION('',(0.,-1.));
#10650 = ( GEOMETRIC_REPRESENTATION_CONTEXT(2) 
PARAMETRIC_REPRESENTATION_CONTEXT() REPRESENTATION_CONTEXT('2D SPACE',''
  ) );
#10651 = PCURVE('',#8513,#10652);
#10652 = DEFINITIONAL_REPRESENTATION('',(#10653),#10657);
#10653 = LINE('',#10654,#10655);
#10654 = CARTESIAN_POINT('',(-3.14159265359,0.));
#10655 = VECTOR('',#10656,1.);
#10656 = DIRECTION('',(-0.,-1.));
#10657 = ( GEOMETRIC_REPRESENTATION_CONTEXT(2) 
PARAMETRIC_REPRESENTATION_CONTEXT() REPRESENTATION_CONTEXT('2D SPACE',''
  ) );
#10658 = ADVANCED_FACE('',(#10659),#8513,.F.);
#10659 = FACE_BOUND('',#10660,.T.);
#10660 = EDGE_LOOP('',(#10661,#10662,#10690,#10711));
#10661 = ORIENTED_EDGE('',*,*,#10638,.F.);
#10662 = ORIENTED_EDGE('',*,*,#10663,.T.);
#10663 = EDGE_CURVE('',#10591,#10664,#10666,.T.);
#10664 = VERTEX_POINT('',#10665);
#10665 = CARTESIAN_POINT('',(21.5,4.5,4.700000006823));
#10666 = SURFACE_CURVE('',#10667,(#10672,#10679),.PCURVE_S1.);
#10667 = CIRCLE('',#10668,1.1);
#10668 = AXIS2_PLACEMENT_3D('',#10669,#10670,#10671);
#10669 = CARTESIAN_POINT('',(21.5,3.4,4.700000006823));
#10670 = DIRECTION('',(-1.,-0.,-2.22044604925E-16));
#10671 = DIRECTION('',(2.22044604925E-16,0.,-1.));
#10672 = PCURVE('',#8513,#10673);
#10673 = DEFINITIONAL_REPRESENTATION('',(#10674),#10678);
#10674 = LINE('',#10675,#10676);
#10675 = CARTESIAN_POINT('',(-6.28318530718,-0.4));
#10676 = VECTOR('',#10677,1.);
#10677 = DIRECTION('',(1.,-0.));
#10678 = ( GEOMETRIC_REPRESENTATION_CONTEXT(2) 
PARAMETRIC_REPRESENTATION_CONTEXT() REPRESENTATION_CONTEXT('2D SPACE',''
  ) );
#10679 = PCURVE('',#10605,#10680);
#10680 = DEFINITIONAL_REPRESENTATION('',(#10681),#10689);
#10681 = ( BOUNDED_CURVE() B_SPLINE_CURVE(2,(#10682,#10683,#10684,#10685
    ,#10686,#10687,#10688),.UNSPECIFIED.,.T.,.F.) 
B_SPLINE_CURVE_WITH_KNOTS((1,2,2,2,2,1),(-2.094395102393,0.,
    2.094395102393,4.188790204786,6.28318530718,8.377580409573),
.UNSPECIFIED.) CURVE() GEOMETRIC_REPRESENTATION_ITEM() 
RATIONAL_B_SPLINE_CURVE((1.,0.5,1.,0.5,1.,0.5,1.)) REPRESENTATION_ITEM(
  '') );
#10682 = CARTESIAN_POINT('',(1.950000006823,-15.));
#10683 = CARTESIAN_POINT('',(1.950000006823,-13.09474411167));
#10684 = CARTESIAN_POINT('',(3.600000006823,-14.04737205583));
#10685 = CARTESIAN_POINT('',(5.250000006823,-15.));
#10686 = CARTESIAN_POINT('',(3.600000006823,-15.95262794416));
#10687 = CARTESIAN_POINT('',(1.950000006823,-16.90525588832));
#10688 = CARTESIAN_POINT('',(1.950000006823,-15.));
#10689 = ( GEOMETRIC_REPRESENTATION_CONTEXT(2) 
PARAMETRIC_REPRESENTATION_CONTEXT() REPRESENTATION_CONTEXT('2D SPACE',''
  ) );
#10690 = ORIENTED_EDGE('',*,*,#10691,.T.);
#10691 = EDGE_CURVE('',#10664,#8473,#10692,.T.);
#10692 = SURFACE_CURVE('',#10693,(#10697,#10704),.PCURVE_S1.);
#10693 = LINE('',#10694,#10695);
#10694 = CARTESIAN_POINT('',(21.1,4.5,4.700000006823));
#10695 = VECTOR('',#10696,1.);
#10696 = DIRECTION('',(1.,0.,2.22044604925E-16));
#10697 = PCURVE('',#8513,#10698);
#10698 = DEFINITIONAL_REPRESENTATION('',(#10699),#10703);
#10699 = LINE('',#10700,#10701);
#10700 = CARTESIAN_POINT('',(-1.570796326795,0.));
#10701 = VECTOR('',#10702,1.);
#10702 = DIRECTION('',(-0.,-1.));
#10703 = ( GEOMETRIC_REPRESENTATION_CONTEXT(2) 
PARAMETRIC_REPRESENTATION_CONTEXT() REPRESENTATION_CONTEXT('2D SPACE',''
  ) );
#10704 = PCURVE('',#8487,#10705);
#10705 = DEFINITIONAL_REPRESENTATION('',(#10706),#10710);
#10706 = LINE('',#10707,#10708);
#10707 = CARTESIAN_POINT('',(-1.110223024625E-16,0.));
#10708 = VECTOR('',#10709,1.);
#10709 = DIRECTION('',(0.,-1.));
#10710 = ( GEOMETRIC_REPRESENTATION_CONTEXT(2) 
PARAMETRIC_REPRESENTATION_CONTEXT() REPRESENTATION_CONTEXT('2D SPACE',''
  ) );
#10711 = ORIENTED_EDGE('',*,*,#8498,.F.);
#10712 = ADVANCED_FACE('',(#10713),#8487,.F.);
#10713 = FACE_BOUND('',#10714,.F.);
#10714 = EDGE_LOOP('',(#10715,#10736,#10737,#10738));
#10715 = ORIENTED_EDGE('',*,*,#10716,.F.);
#10716 = EDGE_CURVE('',#10664,#10717,#10719,.T.);
#10717 = VERTEX_POINT('',#10718);
#10718 = CARTESIAN_POINT('',(21.5,4.5,3.700000000587));
#10719 = SURFACE_CURVE('',#10720,(#10724,#10730),.PCURVE_S1.);
#10720 = LINE('',#10721,#10722);
#10721 = CARTESIAN_POINT('',(21.5,4.5,3.175000003412));
#10722 = VECTOR('',#10723,1.);
#10723 = DIRECTION('',(-0.,0.,-1.));
#10724 = PCURVE('',#8487,#10725);
#10725 = DEFINITIONAL_REPRESENTATION('',(#10726),#10729);
#10726 = B_SPLINE_CURVE_WITH_KNOTS('',1,(#10727,#10728),.UNSPECIFIED.,
  .F.,.F.,(2,2),(-1.525000003412,-0.524999997175),
  .PIECEWISE_BEZIER_KNOTS.);
#10727 = CARTESIAN_POINT('',(0.,-0.4));
#10728 = CARTESIAN_POINT('',(1.000000006236,-0.4));
#10729 = ( GEOMETRIC_REPRESENTATION_CONTEXT(2) 
PARAMETRIC_REPRESENTATION_CONTEXT() REPRESENTATION_CONTEXT('2D SPACE',''
  ) );
#10730 = PCURVE('',#10605,#10731);
#10731 = DEFINITIONAL_REPRESENTATION('',(#10732),#10735);
#10732 = B_SPLINE_CURVE_WITH_KNOTS('',1,(#10733,#10734),.UNSPECIFIED.,
  .F.,.F.,(2,2),(-1.525000003412,-0.524999997175),
  .PIECEWISE_BEZIER_KNOTS.);
#10733 = CARTESIAN_POINT('',(3.050000006823,-16.1));
#10734 = CARTESIAN_POINT('',(2.050000000587,-16.1));
#10735 = ( GEOMETRIC_REPRESENTATION_CONTEXT(2) 
PARAMETRIC_REPRESENTATION_CONTEXT() REPRESENTATION_CONTEXT('2D SPACE',''
  ) );
#10736 = ORIENTED_EDGE('',*,*,#10691,.T.);
#10737 = ORIENTED_EDGE('',*,*,#8472,.T.);
#10738 = ORIENTED_EDGE('',*,*,#10739,.F.);
#10739 = EDGE_CURVE('',#10717,#8444,#10740,.T.);
#10740 = SURFACE_CURVE('',#10741,(#10745,#10752),.PCURVE_S1.);
#10741 = LINE('',#10742,#10743);
#10742 = CARTESIAN_POINT('',(21.1,4.5,3.700000000587));
#10743 = VECTOR('',#10744,1.);
#10744 = DIRECTION('',(1.,0.,2.22044604925E-16));
#10745 = PCURVE('',#8487,#10746);
#10746 = DEFINITIONAL_REPRESENTATION('',(#10747),#10751);
#10747 = LINE('',#10748,#10749);
#10748 = CARTESIAN_POINT('',(1.000000006236,0.));
#10749 = VECTOR('',#10750,1.);
#10750 = DIRECTION('',(0.,-1.));
#10751 = ( GEOMETRIC_REPRESENTATION_CONTEXT(2) 
PARAMETRIC_REPRESENTATION_CONTEXT() REPRESENTATION_CONTEXT('2D SPACE',''
  ) );
#10752 = PCURVE('',#8460,#10753);
#10753 = DEFINITIONAL_REPRESENTATION('',(#10754),#10758);
#10754 = LINE('',#10755,#10756);
#10755 = CARTESIAN_POINT('',(-1.570796326795,0.));
#10756 = VECTOR('',#10757,1.);
#10757 = DIRECTION('',(-0.,-1.));
#10758 = ( GEOMETRIC_REPRESENTATION_CONTEXT(2) 
PARAMETRIC_REPRESENTATION_CONTEXT() REPRESENTATION_CONTEXT('2D SPACE',''
  ) );
#10759 = ADVANCED_FACE('',(#10760),#8460,.F.);
#10760 = FACE_BOUND('',#10761,.T.);
#10761 = EDGE_LOOP('',(#10762,#10763,#10791,#10812));
#10762 = ORIENTED_EDGE('',*,*,#10739,.F.);
#10763 = ORIENTED_EDGE('',*,*,#10764,.T.);
#10764 = EDGE_CURVE('',#10717,#10765,#10767,.T.);
#10765 = VERTEX_POINT('',#10766);
#10766 = CARTESIAN_POINT('',(21.5,3.4,2.599999996882));
#10767 = SURFACE_CURVE('',#10768,(#10773,#10780),.PCURVE_S1.);
#10768 = CIRCLE('',#10769,1.1);
#10769 = AXIS2_PLACEMENT_3D('',#10770,#10771,#10772);
#10770 = CARTESIAN_POINT('',(21.5,3.4,3.700000000587));
#10771 = DIRECTION('',(-1.,-0.,-2.22044604925E-16));
#10772 = DIRECTION('',(2.22044604925E-16,0.,-1.));
#10773 = PCURVE('',#8460,#10774);
#10774 = DEFINITIONAL_REPRESENTATION('',(#10775),#10779);
#10775 = LINE('',#10776,#10777);
#10776 = CARTESIAN_POINT('',(-6.28318530718,-0.4));
#10777 = VECTOR('',#10778,1.);
#10778 = DIRECTION('',(1.,-0.));
#10779 = ( GEOMETRIC_REPRESENTATION_CONTEXT(2) 
PARAMETRIC_REPRESENTATION_CONTEXT() REPRESENTATION_CONTEXT('2D SPACE',''
  ) );
#10780 = PCURVE('',#10605,#10781);
#10781 = DEFINITIONAL_REPRESENTATION('',(#10782),#10790);
#10782 = ( BOUNDED_CURVE() B_SPLINE_CURVE(2,(#10783,#10784,#10785,#10786
    ,#10787,#10788,#10789),.UNSPECIFIED.,.T.,.F.) 
B_SPLINE_CURVE_WITH_KNOTS((1,2,2,2,2,1),(-2.094395102393,0.,
    2.094395102393,4.188790204786,6.28318530718,8.377580409573),
.UNSPECIFIED.) CURVE() GEOMETRIC_REPRESENTATION_ITEM() 
RATIONAL_B_SPLINE_CURVE((1.,0.5,1.,0.5,1.,0.5,1.)) REPRESENTATION_ITEM(
  '') );
#10783 = CARTESIAN_POINT('',(0.950000000587,-15.));
#10784 = CARTESIAN_POINT('',(0.950000000587,-13.09474411167));
#10785 = CARTESIAN_POINT('',(2.600000000587,-14.04737205583));
#10786 = CARTESIAN_POINT('',(4.250000000587,-15.));
#10787 = CARTESIAN_POINT('',(2.600000000587,-15.95262794416));
#10788 = CARTESIAN_POINT('',(0.950000000587,-16.90525588832));
#10789 = CARTESIAN_POINT('',(0.950000000587,-15.));
#10790 = ( GEOMETRIC_REPRESENTATION_CONTEXT(2) 
PARAMETRIC_REPRESENTATION_CONTEXT() REPRESENTATION_CONTEXT('2D SPACE',''
  ) );
#10791 = ORIENTED_EDGE('',*,*,#10792,.T.);
#10792 = EDGE_CURVE('',#10765,#8418,#10793,.T.);
#10793 = SURFACE_CURVE('',#10794,(#10798,#10805),.PCURVE_S1.);
#10794 = LINE('',#10795,#10796);
#10795 = CARTESIAN_POINT('',(21.1,3.4,2.599999996882));
#10796 = VECTOR('',#10797,1.);
#10797 = DIRECTION('',(1.,0.,2.22044604925E-16));
#10798 = PCURVE('',#8460,#10799);
#10799 = DEFINITIONAL_REPRESENTATION('',(#10800),#10804);
#10800 = LINE('',#10801,#10802);
#10801 = CARTESIAN_POINT('',(-0.,0.));
#10802 = VECTOR('',#10803,1.);
#10803 = DIRECTION('',(-0.,-1.));
#10804 = ( GEOMETRIC_REPRESENTATION_CONTEXT(2) 
PARAMETRIC_REPRESENTATION_CONTEXT() REPRESENTATION_CONTEXT('2D SPACE',''
  ) );
#10805 = PCURVE('',#8432,#10806);
#10806 = DEFINITIONAL_REPRESENTATION('',(#10807),#10811);
#10807 = LINE('',#10808,#10809);
#10808 = CARTESIAN_POINT('',(6.8,0.));
#10809 = VECTOR('',#10810,1.);
#10810 = DIRECTION('',(0.,-1.));
#10811 = ( GEOMETRIC_REPRESENTATION_CONTEXT(2) 
PARAMETRIC_REPRESENTATION_CONTEXT() REPRESENTATION_CONTEXT('2D SPACE',''
  ) );
#10812 = ORIENTED_EDGE('',*,*,#8443,.F.);
#10813 = ADVANCED_FACE('',(#10814),#8432,.T.);
#10814 = FACE_BOUND('',#10815,.T.);
#10815 = EDGE_LOOP('',(#10816,#10837,#10858,#10859));
#10816 = ORIENTED_EDGE('',*,*,#10817,.F.);
#10817 = EDGE_CURVE('',#10818,#10765,#10820,.T.);
#10818 = VERTEX_POINT('',#10819);
#10819 = CARTESIAN_POINT('',(21.5,-3.4,2.599999996882));
#10820 = SURFACE_CURVE('',#10821,(#10825,#10831),.PCURVE_S1.);
#10821 = LINE('',#10822,#10823);
#10822 = CARTESIAN_POINT('',(21.5,-7.5,2.599999993177));
#10823 = VECTOR('',#10824,1.);
#10824 = DIRECTION('',(-0.,1.,-0.));
#10825 = PCURVE('',#8432,#10826);
#10826 = DEFINITIONAL_REPRESENTATION('',(#10827),#10830);
#10827 = B_SPLINE_CURVE_WITH_KNOTS('',1,(#10828,#10829),.UNSPECIFIED.,
  .F.,.F.,(2,2),(4.1,10.9),.PIECEWISE_BEZIER_KNOTS.);
#10828 = CARTESIAN_POINT('',(0.,-0.4));
#10829 = CARTESIAN_POINT('',(6.8,-0.4));
#10830 = ( GEOMETRIC_REPRESENTATION_CONTEXT(2) 
PARAMETRIC_REPRESENTATION_CONTEXT() REPRESENTATION_CONTEXT('2D SPACE',''
  ) );
#10831 = PCURVE('',#10605,#10832);
#10832 = DEFINITIONAL_REPRESENTATION('',(#10833),#10836);
#10833 = B_SPLINE_CURVE_WITH_KNOTS('',1,(#10834,#10835),.UNSPECIFIED.,
  .F.,.F.,(2,2),(4.1,10.9),.PIECEWISE_BEZIER_KNOTS.);
#10834 = CARTESIAN_POINT('',(0.949999993177,-8.2));
#10835 = CARTESIAN_POINT('',(0.949999993177,-15.));
#10836 = ( GEOMETRIC_REPRESENTATION_CONTEXT(2) 
PARAMETRIC_REPRESENTATION_CONTEXT() REPRESENTATION_CONTEXT('2D SPACE',''
  ) );
#10837 = ORIENTED_EDGE('',*,*,#10838,.T.);
#10838 = EDGE_CURVE('',#10818,#8389,#10839,.T.);
#10839 = SURFACE_CURVE('',#10840,(#10844,#10851),.PCURVE_S1.);
#10840 = LINE('',#10841,#10842);
#10841 = CARTESIAN_POINT('',(21.1,-3.4,2.599999996882));
#10842 = VECTOR('',#10843,1.);
#10843 = DIRECTION('',(1.,0.,2.22044604925E-16));
#10844 = PCURVE('',#8432,#10845);
#10845 = DEFINITIONAL_REPRESENTATION('',(#10846),#10850);
#10846 = LINE('',#10847,#10848);
#10847 = CARTESIAN_POINT('',(0.,0.));
#10848 = VECTOR('',#10849,1.);
#10849 = DIRECTION('',(0.,-1.));
#10850 = ( GEOMETRIC_REPRESENTATION_CONTEXT(2) 
PARAMETRIC_REPRESENTATION_CONTEXT() REPRESENTATION_CONTEXT('2D SPACE',''
  ) );
#10851 = PCURVE('',#8405,#10852);
#10852 = DEFINITIONAL_REPRESENTATION('',(#10853),#10857);
#10853 = LINE('',#10854,#10855);
#10854 = CARTESIAN_POINT('',(-6.28318530718,0.));
#10855 = VECTOR('',#10856,1.);
#10856 = DIRECTION('',(-0.,-1.));
#10857 = ( GEOMETRIC_REPRESENTATION_CONTEXT(2) 
PARAMETRIC_REPRESENTATION_CONTEXT() REPRESENTATION_CONTEXT('2D SPACE',''
  ) );
#10858 = ORIENTED_EDGE('',*,*,#8417,.T.);
#10859 = ORIENTED_EDGE('',*,*,#10792,.F.);
#10860 = ADVANCED_FACE('',(#10861),#8405,.F.);
#10861 = FACE_BOUND('',#10862,.T.);
#10862 = EDGE_LOOP('',(#10863,#10864,#10892,#10913));
#10863 = ORIENTED_EDGE('',*,*,#10838,.F.);
#10864 = ORIENTED_EDGE('',*,*,#10865,.T.);
#10865 = EDGE_CURVE('',#10818,#10866,#10868,.T.);
#10866 = VERTEX_POINT('',#10867);
#10867 = CARTESIAN_POINT('',(21.5,-4.5,3.700000000587));
#10868 = SURFACE_CURVE('',#10869,(#10874,#10881),.PCURVE_S1.);
#10869 = CIRCLE('',#10870,1.1);
#10870 = AXIS2_PLACEMENT_3D('',#10871,#10872,#10873);
#10871 = CARTESIAN_POINT('',(21.5,-3.4,3.700000000587));
#10872 = DIRECTION('',(-1.,-0.,-2.22044604925E-16));
#10873 = DIRECTION('',(2.22044604925E-16,0.,-1.));
#10874 = PCURVE('',#8405,#10875);
#10875 = DEFINITIONAL_REPRESENTATION('',(#10876),#10880);
#10876 = LINE('',#10877,#10878);
#10877 = CARTESIAN_POINT('',(-6.28318530718,-0.4));
#10878 = VECTOR('',#10879,1.);
#10879 = DIRECTION('',(1.,-0.));
#10880 = ( GEOMETRIC_REPRESENTATION_CONTEXT(2) 
PARAMETRIC_REPRESENTATION_CONTEXT() REPRESENTATION_CONTEXT('2D SPACE',''
  ) );
#10881 = PCURVE('',#10605,#10882);
#10882 = DEFINITIONAL_REPRESENTATION('',(#10883),#10891);
#10883 = ( BOUNDED_CURVE() B_SPLINE_CURVE(2,(#10884,#10885,#10886,#10887
    ,#10888,#10889,#10890),.UNSPECIFIED.,.T.,.F.) 
B_SPLINE_CURVE_WITH_KNOTS((1,2,2,2,2,1),(-2.094395102393,0.,
    2.094395102393,4.188790204786,6.28318530718,8.377580409573),
.UNSPECIFIED.) CURVE() GEOMETRIC_REPRESENTATION_ITEM() 
RATIONAL_B_SPLINE_CURVE((1.,0.5,1.,0.5,1.,0.5,1.)) REPRESENTATION_ITEM(
  '') );
#10884 = CARTESIAN_POINT('',(0.950000000587,-8.2));
#10885 = CARTESIAN_POINT('',(0.950000000587,-6.294744111674));
#10886 = CARTESIAN_POINT('',(2.600000000587,-7.247372055837));
#10887 = CARTESIAN_POINT('',(4.250000000587,-8.2));
#10888 = CARTESIAN_POINT('',(2.600000000587,-9.152627944163));
#10889 = CARTESIAN_POINT('',(0.950000000587,-10.10525588832));
#10890 = CARTESIAN_POINT('',(0.950000000587,-8.2));
#10891 = ( GEOMETRIC_REPRESENTATION_CONTEXT(2) 
PARAMETRIC_REPRESENTATION_CONTEXT() REPRESENTATION_CONTEXT('2D SPACE',''
  ) );
#10892 = ORIENTED_EDGE('',*,*,#10893,.T.);
#10893 = EDGE_CURVE('',#10866,#8363,#10894,.T.);
#10894 = SURFACE_CURVE('',#10895,(#10899,#10906),.PCURVE_S1.);
#10895 = LINE('',#10896,#10897);
#10896 = CARTESIAN_POINT('',(21.1,-4.5,3.700000000587));
#10897 = VECTOR('',#10898,1.);
#10898 = DIRECTION('',(1.,0.,2.22044604925E-16));
#10899 = PCURVE('',#8405,#10900);
#10900 = DEFINITIONAL_REPRESENTATION('',(#10901),#10905);
#10901 = LINE('',#10902,#10903);
#10902 = CARTESIAN_POINT('',(-4.712388980385,0.));
#10903 = VECTOR('',#10904,1.);
#10904 = DIRECTION('',(-0.,-1.));
#10905 = ( GEOMETRIC_REPRESENTATION_CONTEXT(2) 
PARAMETRIC_REPRESENTATION_CONTEXT() REPRESENTATION_CONTEXT('2D SPACE',''
  ) );
#10906 = PCURVE('',#8377,#10907);
#10907 = DEFINITIONAL_REPRESENTATION('',(#10908),#10912);
#10908 = LINE('',#10909,#10910);
#10909 = CARTESIAN_POINT('',(1.000000006236,0.));
#10910 = VECTOR('',#10911,1.);
#10911 = DIRECTION('',(0.,-1.));
#10912 = ( GEOMETRIC_REPRESENTATION_CONTEXT(2) 
PARAMETRIC_REPRESENTATION_CONTEXT() REPRESENTATION_CONTEXT('2D SPACE',''
  ) );
#10913 = ORIENTED_EDGE('',*,*,#8388,.F.);
#10914 = ADVANCED_FACE('',(#10915),#8377,.T.);
#10915 = FACE_BOUND('',#10916,.T.);
#10916 = EDGE_LOOP('',(#10917,#10938,#10959,#10960));
#10917 = ORIENTED_EDGE('',*,*,#10918,.F.);
#10918 = EDGE_CURVE('',#10919,#10866,#10921,.T.);
#10919 = VERTEX_POINT('',#10920);
#10920 = CARTESIAN_POINT('',(21.5,-4.5,4.700000006823));
#10921 = SURFACE_CURVE('',#10922,(#10926,#10932),.PCURVE_S1.);
#10922 = LINE('',#10923,#10924);
#10923 = CARTESIAN_POINT('',(21.5,-4.5,3.175000003412));
#10924 = VECTOR('',#10925,1.);
#10925 = DIRECTION('',(-0.,0.,-1.));
#10926 = PCURVE('',#8377,#10927);
#10927 = DEFINITIONAL_REPRESENTATION('',(#10928),#10931);
#10928 = B_SPLINE_CURVE_WITH_KNOTS('',1,(#10929,#10930),.UNSPECIFIED.,
  .F.,.F.,(2,2),(-1.525000003412,-0.524999997175),
  .PIECEWISE_BEZIER_KNOTS.);
#10929 = CARTESIAN_POINT('',(0.,-0.4));
#10930 = CARTESIAN_POINT('',(1.000000006236,-0.4));
#10931 = ( GEOMETRIC_REPRESENTATION_CONTEXT(2) 
PARAMETRIC_REPRESENTATION_CONTEXT() REPRESENTATION_CONTEXT('2D SPACE',''
  ) );
#10932 = PCURVE('',#10605,#10933);
#10933 = DEFINITIONAL_REPRESENTATION('',(#10934),#10937);
#10934 = B_SPLINE_CURVE_WITH_KNOTS('',1,(#10935,#10936),.UNSPECIFIED.,
  .F.,.F.,(2,2),(-1.525000003412,-0.524999997175),
  .PIECEWISE_BEZIER_KNOTS.);
#10935 = CARTESIAN_POINT('',(3.050000006823,-7.1));
#10936 = CARTESIAN_POINT('',(2.050000000587,-7.1));
#10937 = ( GEOMETRIC_REPRESENTATION_CONTEXT(2) 
PARAMETRIC_REPRESENTATION_CONTEXT() REPRESENTATION_CONTEXT('2D SPACE',''
  ) );
#10938 = ORIENTED_EDGE('',*,*,#10939,.T.);
#10939 = EDGE_CURVE('',#10919,#8334,#10940,.T.);
#10940 = SURFACE_CURVE('',#10941,(#10945,#10952),.PCURVE_S1.);
#10941 = LINE('',#10942,#10943);
#10942 = CARTESIAN_POINT('',(21.1,-4.5,4.700000006823));
#10943 = VECTOR('',#10944,1.);
#10944 = DIRECTION('',(1.,0.,2.22044604925E-16));
#10945 = PCURVE('',#8377,#10946);
#10946 = DEFINITIONAL_REPRESENTATION('',(#10947),#10951);
#10947 = LINE('',#10948,#10949);
#10948 = CARTESIAN_POINT('',(-1.110223024625E-16,0.));
#10949 = VECTOR('',#10950,1.);
#10950 = DIRECTION('',(0.,-1.));
#10951 = ( GEOMETRIC_REPRESENTATION_CONTEXT(2) 
PARAMETRIC_REPRESENTATION_CONTEXT() REPRESENTATION_CONTEXT('2D SPACE',''
  ) );
#10952 = PCURVE('',#8350,#10953);
#10953 = DEFINITIONAL_REPRESENTATION('',(#10954),#10958);
#10954 = LINE('',#10955,#10956);
#10955 = CARTESIAN_POINT('',(-4.712388980385,0.));
#10956 = VECTOR('',#10957,1.);
#10957 = DIRECTION('',(-0.,-1.));
#10958 = ( GEOMETRIC_REPRESENTATION_CONTEXT(2) 
PARAMETRIC_REPRESENTATION_CONTEXT() REPRESENTATION_CONTEXT('2D SPACE',''
  ) );
#10959 = ORIENTED_EDGE('',*,*,#8362,.T.);
#10960 = ORIENTED_EDGE('',*,*,#10893,.F.);
#10961 = ADVANCED_FACE('',(#10962),#8350,.F.);
#10962 = FACE_BOUND('',#10963,.T.);
#10963 = EDGE_LOOP('',(#10964,#10965,#10991,#10992));
#10964 = ORIENTED_EDGE('',*,*,#10939,.F.);
#10965 = ORIENTED_EDGE('',*,*,#10966,.T.);
#10966 = EDGE_CURVE('',#10919,#10589,#10967,.T.);
#10967 = SURFACE_CURVE('',#10968,(#10973,#10980),.PCURVE_S1.);
#10968 = CIRCLE('',#10969,1.1);
#10969 = AXIS2_PLACEMENT_3D('',#10970,#10971,#10972);
#10970 = CARTESIAN_POINT('',(21.5,-3.4,4.700000006823));
#10971 = DIRECTION('',(-1.,-0.,-2.22044604925E-16));
#10972 = DIRECTION('',(2.22044604925E-16,0.,-1.));
#10973 = PCURVE('',#8350,#10974);
#10974 = DEFINITIONAL_REPRESENTATION('',(#10975),#10979);
#10975 = LINE('',#10976,#10977);
#10976 = CARTESIAN_POINT('',(-6.28318530718,-0.4));
#10977 = VECTOR('',#10978,1.);
#10978 = DIRECTION('',(1.,-0.));
#10979 = ( GEOMETRIC_REPRESENTATION_CONTEXT(2) 
PARAMETRIC_REPRESENTATION_CONTEXT() REPRESENTATION_CONTEXT('2D SPACE',''
  ) );
#10980 = PCURVE('',#10605,#10981);
#10981 = DEFINITIONAL_REPRESENTATION('',(#10982),#10990);
#10982 = ( BOUNDED_CURVE() B_SPLINE_CURVE(2,(#10983,#10984,#10985,#10986
    ,#10987,#10988,#10989),.UNSPECIFIED.,.T.,.F.) 
B_SPLINE_CURVE_WITH_KNOTS((1,2,2,2,2,1),(-2.094395102393,0.,
    2.094395102393,4.188790204786,6.28318530718,8.377580409573),
.UNSPECIFIED.) CURVE() GEOMETRIC_REPRESENTATION_ITEM() 
RATIONAL_B_SPLINE_CURVE((1.,0.5,1.,0.5,1.,0.5,1.)) REPRESENTATION_ITEM(
  '') );
#10983 = CARTESIAN_POINT('',(1.950000006823,-8.2));
#10984 = CARTESIAN_POINT('',(1.950000006823,-6.294744111674));
#10985 = CARTESIAN_POINT('',(3.600000006823,-7.247372055837));
#10986 = CARTESIAN_POINT('',(5.250000006823,-8.2));
#10987 = CARTESIAN_POINT('',(3.600000006823,-9.152627944163));
#10988 = CARTESIAN_POINT('',(1.950000006823,-10.10525588832));
#10989 = CARTESIAN_POINT('',(1.950000006823,-8.2));
#10990 = ( GEOMETRIC_REPRESENTATION_CONTEXT(2) 
PARAMETRIC_REPRESENTATION_CONTEXT() REPRESENTATION_CONTEXT('2D SPACE',''
  ) );
#10991 = ORIENTED_EDGE('',*,*,#10616,.T.);
#10992 = ORIENTED_EDGE('',*,*,#8333,.F.);
#10993 = ADVANCED_FACE('',(#10994),#8746,.T.);
#10994 = FACE_BOUND('',#10995,.T.);
#10995 = EDGE_LOOP('',(#10996,#10997,#10998,#10999));
#10996 = ORIENTED_EDGE('',*,*,#9479,.F.);
#10997 = ORIENTED_EDGE('',*,*,#8731,.T.);
#10998 = ORIENTED_EDGE('',*,*,#9987,.T.);
#10999 = ORIENTED_EDGE('',*,*,#11000,.T.);
#11000 = EDGE_CURVE('',#9988,#9452,#11001,.T.);
#11001 = SURFACE_CURVE('',#11002,(#11006,#11012),.PCURVE_S1.);
#11002 = LINE('',#11003,#11004);
#11003 = CARTESIAN_POINT('',(5.25,-6.724999986599,1.65));
#11004 = VECTOR('',#11005,1.);
#11005 = DIRECTION('',(0.,1.,-0.));
#11006 = PCURVE('',#8746,#11007);
#11007 = DEFINITIONAL_REPRESENTATION('',(#11008),#11011);
#11008 = B_SPLINE_CURVE_WITH_KNOTS('',1,(#11009,#11010),.UNSPECIFIED.,
  .F.,.F.,(2,2),(4.875000013401,8.5749999391),.PIECEWISE_BEZIER_KNOTS.);
#11009 = CARTESIAN_POINT('',(0.,-1.3));
#11010 = CARTESIAN_POINT('',(3.699999925698,-1.3));
#11011 = ( GEOMETRIC_REPRESENTATION_CONTEXT(2) 
PARAMETRIC_REPRESENTATION_CONTEXT() REPRESENTATION_CONTEXT('2D SPACE',''
  ) );
#11012 = PCURVE('',#9370,#11013);
#11013 = DEFINITIONAL_REPRESENTATION('',(#11014),#11017);
#11014 = B_SPLINE_CURVE_WITH_KNOTS('',1,(#11015,#11016),.UNSPECIFIED.,
  .F.,.F.,(2,2),(4.875000013401,8.5749999391),.PIECEWISE_BEZIER_KNOTS.);
#11015 = CARTESIAN_POINT('',(0.35,9.750000026803));
#11016 = CARTESIAN_POINT('',(0.35,13.449999952501));
#11017 = ( GEOMETRIC_REPRESENTATION_CONTEXT(2) 
PARAMETRIC_REPRESENTATION_CONTEXT() REPRESENTATION_CONTEXT('2D SPACE',''
  ) );
#11018 = ADVANCED_FACE('',(#11019),#8874,.F.);
#11019 = FACE_BOUND('',#11020,.F.);
#11020 = EDGE_LOOP('',(#11021,#11022,#11043,#11069,#11095,#11121,#11140,
    #11141));
#11021 = ORIENTED_EDGE('',*,*,#8962,.F.);
#11022 = ORIENTED_EDGE('',*,*,#11023,.F.);
#11023 = EDGE_CURVE('',#11024,#8937,#11026,.T.);
#11024 = VERTEX_POINT('',#11025);
#11025 = CARTESIAN_POINT('',(20.3,-11.5,4.35));
#11026 = SURFACE_CURVE('',#11027,(#11031,#11037),.PCURVE_S1.);
#11027 = LINE('',#11028,#11029);
#11028 = CARTESIAN_POINT('',(20.3,-12.15,4.35));
#11029 = VECTOR('',#11030,1.);
#11030 = DIRECTION('',(0.,-1.,0.));
#11031 = PCURVE('',#8874,#11032);
#11032 = DEFINITIONAL_REPRESENTATION('',(#11033),#11036);
#11033 = B_SPLINE_CURVE_WITH_KNOTS('',1,(#11034,#11035),.UNSPECIFIED.,
  .F.,.F.,(2,2),(-0.65,-0.55),.PIECEWISE_BEZIER_KNOTS.);
#11034 = CARTESIAN_POINT('',(2.7,-0.1));
#11035 = CARTESIAN_POINT('',(2.7,0.));
#11036 = ( GEOMETRIC_REPRESENTATION_CONTEXT(2) 
PARAMETRIC_REPRESENTATION_CONTEXT() REPRESENTATION_CONTEXT('2D SPACE',''
  ) );
#11037 = PCURVE('',#8951,#11038);
#11038 = DEFINITIONAL_REPRESENTATION('',(#11039),#11042);
#11039 = B_SPLINE_CURVE_WITH_KNOTS('',1,(#11040,#11041),.UNSPECIFIED.,
  .F.,.F.,(2,2),(-0.65,-0.55),.PIECEWISE_BEZIER_KNOTS.);
#11040 = CARTESIAN_POINT('',(14.3,1.2));
#11041 = CARTESIAN_POINT('',(14.3,1.1));
#11042 = ( GEOMETRIC_REPRESENTATION_CONTEXT(2) 
PARAMETRIC_REPRESENTATION_CONTEXT() REPRESENTATION_CONTEXT('2D SPACE',''
  ) );
#11043 = ORIENTED_EDGE('',*,*,#11044,.F.);
#11044 = EDGE_CURVE('',#11045,#11024,#11047,.T.);
#11045 = VERTEX_POINT('',#11046);
#11046 = CARTESIAN_POINT('',(20.3,-11.5,1.8));
#11047 = SURFACE_CURVE('',#11048,(#11052,#11058),.PCURVE_S1.);
#11048 = LINE('',#11049,#11050);
#11049 = CARTESIAN_POINT('',(20.3,-11.5,1.65));
#11050 = VECTOR('',#11051,1.);
#11051 = DIRECTION('',(0.,0.,1.));
#11052 = PCURVE('',#8874,#11053);
#11053 = DEFINITIONAL_REPRESENTATION('',(#11054),#11057);
#11054 = B_SPLINE_CURVE_WITH_KNOTS('',1,(#11055,#11056),.UNSPECIFIED.,
  .F.,.F.,(2,2),(0.15,2.7),.PIECEWISE_BEZIER_KNOTS.);
#11055 = CARTESIAN_POINT('',(0.15,-1.E-01));
#11056 = CARTESIAN_POINT('',(2.7,-1.E-01));
#11057 = ( GEOMETRIC_REPRESENTATION_CONTEXT(2) 
PARAMETRIC_REPRESENTATION_CONTEXT() REPRESENTATION_CONTEXT('2D SPACE',''
  ) );
#11058 = PCURVE('',#11059,#11064);
#11059 = PLANE('',#11060);
#11060 = AXIS2_PLACEMENT_3D('',#11061,#11062,#11063);
#11061 = CARTESIAN_POINT('',(6.,-11.5,1.65));
#11062 = DIRECTION('',(-0.,1.,0.));
#11063 = DIRECTION('',(0.,0.,1.));
#11064 = DEFINITIONAL_REPRESENTATION('',(#11065),#11068);
#11065 = B_SPLINE_CURVE_WITH_KNOTS('',1,(#11066,#11067),.UNSPECIFIED.,
  .F.,.F.,(2,2),(0.15,2.7),.PIECEWISE_BEZIER_KNOTS.);
#11066 = CARTESIAN_POINT('',(0.15,14.3));
#11067 = CARTESIAN_POINT('',(2.7,14.3));
#11068 = ( GEOMETRIC_REPRESENTATION_CONTEXT(2) 
PARAMETRIC_REPRESENTATION_CONTEXT() REPRESENTATION_CONTEXT('2D SPACE',''
  ) );
#11069 = ORIENTED_EDGE('',*,*,#11070,.T.);
#11070 = EDGE_CURVE('',#11045,#11071,#11073,.T.);
#11071 = VERTEX_POINT('',#11072);
#11072 = CARTESIAN_POINT('',(20.3,11.5,1.8));
#11073 = SURFACE_CURVE('',#11074,(#11078,#11084),.PCURVE_S1.);
#11074 = LINE('',#11075,#11076);
#11075 = CARTESIAN_POINT('',(20.3,-5.800000008192,1.8));
#11076 = VECTOR('',#11077,1.);
#11077 = DIRECTION('',(-0.,1.,0.));
#11078 = PCURVE('',#8874,#11079);
#11079 = DEFINITIONAL_REPRESENTATION('',(#11080),#11083);
#11080 = B_SPLINE_CURVE_WITH_KNOTS('',1,(#11081,#11082),.UNSPECIFIED.,
  .F.,.F.,(2,2),(-5.799999991808,17.400000008192),
  .PIECEWISE_BEZIER_KNOTS.);
#11081 = CARTESIAN_POINT('',(0.15,0.));
#11082 = CARTESIAN_POINT('',(0.15,-23.2));
#11083 = ( GEOMETRIC_REPRESENTATION_CONTEXT(2) 
PARAMETRIC_REPRESENTATION_CONTEXT() REPRESENTATION_CONTEXT('2D SPACE',''
  ) );
#11084 = PCURVE('',#11085,#11090);
#11085 = PLANE('',#11086);
#11086 = AXIS2_PLACEMENT_3D('',#11087,#11088,#11089);
#11087 = CARTESIAN_POINT('',(-1.425198320616E-09,-1.638325935653E-08,1.8
    ));
#11088 = DIRECTION('',(0.,0.,1.));
#11089 = DIRECTION('',(1.,0.,-0.));
#11090 = DEFINITIONAL_REPRESENTATION('',(#11091),#11094);
#11091 = B_SPLINE_CURVE_WITH_KNOTS('',1,(#11092,#11093),.UNSPECIFIED.,
  .F.,.F.,(2,2),(-5.799999991808,17.400000008192),
  .PIECEWISE_BEZIER_KNOTS.);
#11092 = CARTESIAN_POINT('',(20.300000001425,-11.59999998361));
#11093 = CARTESIAN_POINT('',(20.300000001425,11.600000016383));
#11094 = ( GEOMETRIC_REPRESENTATION_CONTEXT(2) 
PARAMETRIC_REPRESENTATION_CONTEXT() REPRESENTATION_CONTEXT('2D SPACE',''
  ) );
#11095 = ORIENTED_EDGE('',*,*,#11096,.T.);
#11096 = EDGE_CURVE('',#11071,#11097,#11099,.T.);
#11097 = VERTEX_POINT('',#11098);
#11098 = CARTESIAN_POINT('',(20.3,11.5,4.35));
#11099 = SURFACE_CURVE('',#11100,(#11104,#11110),.PCURVE_S1.);
#11100 = LINE('',#11101,#11102);
#11101 = CARTESIAN_POINT('',(20.3,11.5,1.65));
#11102 = VECTOR('',#11103,1.);
#11103 = DIRECTION('',(0.,0.,1.));
#11104 = PCURVE('',#8874,#11105);
#11105 = DEFINITIONAL_REPRESENTATION('',(#11106),#11109);
#11106 = B_SPLINE_CURVE_WITH_KNOTS('',1,(#11107,#11108),.UNSPECIFIED.,
  .F.,.F.,(2,2),(0.15,2.7),.PIECEWISE_BEZIER_KNOTS.);
#11107 = CARTESIAN_POINT('',(0.15,-23.1));
#11108 = CARTESIAN_POINT('',(2.7,-23.1));
#11109 = ( GEOMETRIC_REPRESENTATION_CONTEXT(2) 
PARAMETRIC_REPRESENTATION_CONTEXT() REPRESENTATION_CONTEXT('2D SPACE',''
  ) );
#11110 = PCURVE('',#11111,#11116);
#11111 = PLANE('',#11112);
#11112 = AXIS2_PLACEMENT_3D('',#11113,#11114,#11115);
#11113 = CARTESIAN_POINT('',(6.,11.5,1.65));
#11114 = DIRECTION('',(-0.,1.,0.));
#11115 = DIRECTION('',(0.,0.,1.));
#11116 = DEFINITIONAL_REPRESENTATION('',(#11117),#11120);
#11117 = B_SPLINE_CURVE_WITH_KNOTS('',1,(#11118,#11119),.UNSPECIFIED.,
  .F.,.F.,(2,2),(0.15,2.7),.PIECEWISE_BEZIER_KNOTS.);
#11118 = CARTESIAN_POINT('',(0.15,14.3));
#11119 = CARTESIAN_POINT('',(2.7,14.3));
#11120 = ( GEOMETRIC_REPRESENTATION_CONTEXT(2) 
PARAMETRIC_REPRESENTATION_CONTEXT() REPRESENTATION_CONTEXT('2D SPACE',''
  ) );
#11121 = ORIENTED_EDGE('',*,*,#11122,.F.);
#11122 = EDGE_CURVE('',#9011,#11097,#11123,.T.);
#11123 = SURFACE_CURVE('',#11124,(#11128,#11134),.PCURVE_S1.);
#11124 = LINE('',#11125,#11126);
#11125 = CARTESIAN_POINT('',(20.3,-5.E-02,4.35));
#11126 = VECTOR('',#11127,1.);
#11127 = DIRECTION('',(0.,-1.,0.));
#11128 = PCURVE('',#8874,#11129);
#11129 = DEFINITIONAL_REPRESENTATION('',(#11130),#11133);
#11130 = B_SPLINE_CURVE_WITH_KNOTS('',1,(#11131,#11132),.UNSPECIFIED.,
  .F.,.F.,(2,2),(-11.65,-11.55),.PIECEWISE_BEZIER_KNOTS.);
#11131 = CARTESIAN_POINT('',(2.7,-23.2));
#11132 = CARTESIAN_POINT('',(2.7,-23.1));
#11133 = ( GEOMETRIC_REPRESENTATION_CONTEXT(2) 
PARAMETRIC_REPRESENTATION_CONTEXT() REPRESENTATION_CONTEXT('2D SPACE',''
  ) );
#11134 = PCURVE('',#9025,#11135);
#11135 = DEFINITIONAL_REPRESENTATION('',(#11136),#11139);
#11136 = B_SPLINE_CURVE_WITH_KNOTS('',1,(#11137,#11138),.UNSPECIFIED.,
  .F.,.F.,(2,2),(-11.65,-11.55),.PIECEWISE_BEZIER_KNOTS.);
#11137 = CARTESIAN_POINT('',(14.3,1.E-01));
#11138 = CARTESIAN_POINT('',(14.3,0.));
#11139 = ( GEOMETRIC_REPRESENTATION_CONTEXT(2) 
PARAMETRIC_REPRESENTATION_CONTEXT() REPRESENTATION_CONTEXT('2D SPACE',''
  ) );
#11140 = ORIENTED_EDGE('',*,*,#9036,.T.);
#11141 = ORIENTED_EDGE('',*,*,#8858,.F.);
#11142 = ADVANCED_FACE('',(#11143),#8951,.T.);
#11143 = FACE_BOUND('',#11144,.T.);
#11144 = EDGE_LOOP('',(#11145,#11146,#11147,#11148,#11149,#11150,#11173,
    #11192));
#11145 = ORIENTED_EDGE('',*,*,#10158,.F.);
#11146 = ORIENTED_EDGE('',*,*,#10207,.T.);
#11147 = ORIENTED_EDGE('',*,*,#10234,.T.);
#11148 = ORIENTED_EDGE('',*,*,#8936,.F.);
#11149 = ORIENTED_EDGE('',*,*,#11023,.F.);
#11150 = ORIENTED_EDGE('',*,*,#11151,.F.);
#11151 = EDGE_CURVE('',#11152,#11024,#11154,.T.);
#11152 = VERTEX_POINT('',#11153);
#11153 = CARTESIAN_POINT('',(6.1,-11.5,4.35));
#11154 = SURFACE_CURVE('',#11155,(#11159,#11166),.PCURVE_S1.);
#11155 = LINE('',#11156,#11157);
#11156 = CARTESIAN_POINT('',(6.,-11.5,4.35));
#11157 = VECTOR('',#11158,1.);
#11158 = DIRECTION('',(1.,0.,-0.));
#11159 = PCURVE('',#8951,#11160);
#11160 = DEFINITIONAL_REPRESENTATION('',(#11161),#11165);
#11161 = LINE('',#11162,#11163);
#11162 = CARTESIAN_POINT('',(0.,1.2));
#11163 = VECTOR('',#11164,1.);
#11164 = DIRECTION('',(1.,0.));
#11165 = ( GEOMETRIC_REPRESENTATION_CONTEXT(2) 
PARAMETRIC_REPRESENTATION_CONTEXT() REPRESENTATION_CONTEXT('2D SPACE',''
  ) );
#11166 = PCURVE('',#11059,#11167);
#11167 = DEFINITIONAL_REPRESENTATION('',(#11168),#11172);
#11168 = LINE('',#11169,#11170);
#11169 = CARTESIAN_POINT('',(2.7,0.));
#11170 = VECTOR('',#11171,1.);
#11171 = DIRECTION('',(0.,1.));
#11172 = ( GEOMETRIC_REPRESENTATION_CONTEXT(2) 
PARAMETRIC_REPRESENTATION_CONTEXT() REPRESENTATION_CONTEXT('2D SPACE',''
  ) );
#11173 = ORIENTED_EDGE('',*,*,#11174,.T.);
#11174 = EDGE_CURVE('',#11152,#10043,#11175,.T.);
#11175 = SURFACE_CURVE('',#11176,(#11180,#11186),.PCURVE_S1.);
#11176 = LINE('',#11177,#11178);
#11177 = CARTESIAN_POINT('',(6.1,-12.15,4.35));
#11178 = VECTOR('',#11179,1.);
#11179 = DIRECTION('',(0.,-1.,0.));
#11180 = PCURVE('',#8951,#11181);
#11181 = DEFINITIONAL_REPRESENTATION('',(#11182),#11185);
#11182 = B_SPLINE_CURVE_WITH_KNOTS('',1,(#11183,#11184),.UNSPECIFIED.,
  .F.,.F.,(2,2),(-0.65,-0.55),.PIECEWISE_BEZIER_KNOTS.);
#11183 = CARTESIAN_POINT('',(0.1,1.2));
#11184 = CARTESIAN_POINT('',(0.1,1.1));
#11185 = ( GEOMETRIC_REPRESENTATION_CONTEXT(2) 
PARAMETRIC_REPRESENTATION_CONTEXT() REPRESENTATION_CONTEXT('2D SPACE',''
  ) );
#11186 = PCURVE('',#9224,#11187);
#11187 = DEFINITIONAL_REPRESENTATION('',(#11188),#11191);
#11188 = B_SPLINE_CURVE_WITH_KNOTS('',1,(#11189,#11190),.UNSPECIFIED.,
  .F.,.F.,(2,2),(-0.65,-0.55),.PIECEWISE_BEZIER_KNOTS.);
#11189 = CARTESIAN_POINT('',(2.7,-0.1));
#11190 = CARTESIAN_POINT('',(2.7,0.));
#11191 = ( GEOMETRIC_REPRESENTATION_CONTEXT(2) 
PARAMETRIC_REPRESENTATION_CONTEXT() REPRESENTATION_CONTEXT('2D SPACE',''
  ) );
#11192 = ORIENTED_EDGE('',*,*,#10067,.F.);
#11193 = ADVANCED_FACE('',(#11194),#9025,.T.);
#11194 = FACE_BOUND('',#11195,.T.);
#11195 = EDGE_LOOP('',(#11196,#11197,#11198,#11219,#11240,#11241,#11242,
    #11243));
#11196 = ORIENTED_EDGE('',*,*,#9159,.F.);
#11197 = ORIENTED_EDGE('',*,*,#9236,.T.);
#11198 = ORIENTED_EDGE('',*,*,#11199,.T.);
#11199 = EDGE_CURVE('',#9207,#11200,#11202,.T.);
#11200 = VERTEX_POINT('',#11201);
#11201 = CARTESIAN_POINT('',(6.1,11.5,4.35));
#11202 = SURFACE_CURVE('',#11203,(#11207,#11213),.PCURVE_S1.);
#11203 = LINE('',#11204,#11205);
#11204 = CARTESIAN_POINT('',(6.1,-5.E-02,4.35));
#11205 = VECTOR('',#11206,1.);
#11206 = DIRECTION('',(0.,-1.,0.));
#11207 = PCURVE('',#9025,#11208);
#11208 = DEFINITIONAL_REPRESENTATION('',(#11209),#11212);
#11209 = B_SPLINE_CURVE_WITH_KNOTS('',1,(#11210,#11211),.UNSPECIFIED.,
  .F.,.F.,(2,2),(-11.65,-11.55),.PIECEWISE_BEZIER_KNOTS.);
#11210 = CARTESIAN_POINT('',(0.1,1.E-01));
#11211 = CARTESIAN_POINT('',(0.1,0.));
#11212 = ( GEOMETRIC_REPRESENTATION_CONTEXT(2) 
PARAMETRIC_REPRESENTATION_CONTEXT() REPRESENTATION_CONTEXT('2D SPACE',''
  ) );
#11213 = PCURVE('',#9224,#11214);
#11214 = DEFINITIONAL_REPRESENTATION('',(#11215),#11218);
#11215 = B_SPLINE_CURVE_WITH_KNOTS('',1,(#11216,#11217),.UNSPECIFIED.,
  .F.,.F.,(2,2),(-11.65,-11.55),.PIECEWISE_BEZIER_KNOTS.);
#11216 = CARTESIAN_POINT('',(2.7,-23.2));
#11217 = CARTESIAN_POINT('',(2.7,-23.1));
#11218 = ( GEOMETRIC_REPRESENTATION_CONTEXT(2) 
PARAMETRIC_REPRESENTATION_CONTEXT() REPRESENTATION_CONTEXT('2D SPACE',''
  ) );
#11219 = ORIENTED_EDGE('',*,*,#11220,.T.);
#11220 = EDGE_CURVE('',#11200,#11097,#11221,.T.);
#11221 = SURFACE_CURVE('',#11222,(#11226,#11233),.PCURVE_S1.);
#11222 = LINE('',#11223,#11224);
#11223 = CARTESIAN_POINT('',(6.,11.5,4.35));
#11224 = VECTOR('',#11225,1.);
#11225 = DIRECTION('',(1.,0.,-0.));
#11226 = PCURVE('',#9025,#11227);
#11227 = DEFINITIONAL_REPRESENTATION('',(#11228),#11232);
#11228 = LINE('',#11229,#11230);
#11229 = CARTESIAN_POINT('',(0.,0.));
#11230 = VECTOR('',#11231,1.);
#11231 = DIRECTION('',(1.,0.));
#11232 = ( GEOMETRIC_REPRESENTATION_CONTEXT(2) 
PARAMETRIC_REPRESENTATION_CONTEXT() REPRESENTATION_CONTEXT('2D SPACE',''
  ) );
#11233 = PCURVE('',#11111,#11234);
#11234 = DEFINITIONAL_REPRESENTATION('',(#11235),#11239);
#11235 = LINE('',#11236,#11237);
#11236 = CARTESIAN_POINT('',(2.7,0.));
#11237 = VECTOR('',#11238,1.);
#11238 = DIRECTION('',(0.,1.));
#11239 = ( GEOMETRIC_REPRESENTATION_CONTEXT(2) 
PARAMETRIC_REPRESENTATION_CONTEXT() REPRESENTATION_CONTEXT('2D SPACE',''
  ) );
#11240 = ORIENTED_EDGE('',*,*,#11122,.F.);
#11241 = ORIENTED_EDGE('',*,*,#9010,.T.);
#11242 = ORIENTED_EDGE('',*,*,#9061,.T.);
#11243 = ORIENTED_EDGE('',*,*,#9135,.F.);
#11244 = ADVANCED_FACE('',(#11245),#9224,.T.);
#11245 = FACE_BOUND('',#11246,.T.);
#11246 = EDGE_LOOP('',(#11247,#11248,#11249,#11270,#11291,#11310,#11311,
    #11312));
#11247 = ORIENTED_EDGE('',*,*,#10042,.F.);
#11248 = ORIENTED_EDGE('',*,*,#11174,.F.);
#11249 = ORIENTED_EDGE('',*,*,#11250,.F.);
#11250 = EDGE_CURVE('',#11251,#11152,#11253,.T.);
#11251 = VERTEX_POINT('',#11252);
#11252 = CARTESIAN_POINT('',(6.1,-11.5,1.8));
#11253 = SURFACE_CURVE('',#11254,(#11258,#11264),.PCURVE_S1.);
#11254 = LINE('',#11255,#11256);
#11255 = CARTESIAN_POINT('',(6.1,-11.5,1.65));
#11256 = VECTOR('',#11257,1.);
#11257 = DIRECTION('',(0.,0.,1.));
#11258 = PCURVE('',#9224,#11259);
#11259 = DEFINITIONAL_REPRESENTATION('',(#11260),#11263);
#11260 = B_SPLINE_CURVE_WITH_KNOTS('',1,(#11261,#11262),.UNSPECIFIED.,
  .F.,.F.,(2,2),(0.15,2.7),.PIECEWISE_BEZIER_KNOTS.);
#11261 = CARTESIAN_POINT('',(0.15,-1.E-01));
#11262 = CARTESIAN_POINT('',(2.7,-1.E-01));
#11263 = ( GEOMETRIC_REPRESENTATION_CONTEXT(2) 
PARAMETRIC_REPRESENTATION_CONTEXT() REPRESENTATION_CONTEXT('2D SPACE',''
  ) );
#11264 = PCURVE('',#11059,#11265);
#11265 = DEFINITIONAL_REPRESENTATION('',(#11266),#11269);
#11266 = B_SPLINE_CURVE_WITH_KNOTS('',1,(#11267,#11268),.UNSPECIFIED.,
  .F.,.F.,(2,2),(0.15,2.7),.PIECEWISE_BEZIER_KNOTS.);
#11267 = CARTESIAN_POINT('',(0.15,0.1));
#11268 = CARTESIAN_POINT('',(2.7,0.1));
#11269 = ( GEOMETRIC_REPRESENTATION_CONTEXT(2) 
PARAMETRIC_REPRESENTATION_CONTEXT() REPRESENTATION_CONTEXT('2D SPACE',''
  ) );
#11270 = ORIENTED_EDGE('',*,*,#11271,.T.);
#11271 = EDGE_CURVE('',#11251,#11272,#11274,.T.);
#11272 = VERTEX_POINT('',#11273);
#11273 = CARTESIAN_POINT('',(6.1,11.5,1.8));
#11274 = SURFACE_CURVE('',#11275,(#11279,#11285),.PCURVE_S1.);
#11275 = LINE('',#11276,#11277);
#11276 = CARTESIAN_POINT('',(6.1,-5.800000008192,1.8));
#11277 = VECTOR('',#11278,1.);
#11278 = DIRECTION('',(-0.,1.,0.));
#11279 = PCURVE('',#9224,#11280);
#11280 = DEFINITIONAL_REPRESENTATION('',(#11281),#11284);
#11281 = B_SPLINE_CURVE_WITH_KNOTS('',1,(#11282,#11283),.UNSPECIFIED.,
  .F.,.F.,(2,2),(-5.799999991808,17.400000008192),
  .PIECEWISE_BEZIER_KNOTS.);
#11282 = CARTESIAN_POINT('',(0.15,0.));
#11283 = CARTESIAN_POINT('',(0.15,-23.2));
#11284 = ( GEOMETRIC_REPRESENTATION_CONTEXT(2) 
PARAMETRIC_REPRESENTATION_CONTEXT() REPRESENTATION_CONTEXT('2D SPACE',''
  ) );
#11285 = PCURVE('',#11085,#11286);
#11286 = DEFINITIONAL_REPRESENTATION('',(#11287),#11290);
#11287 = B_SPLINE_CURVE_WITH_KNOTS('',1,(#11288,#11289),.UNSPECIFIED.,
  .F.,.F.,(2,2),(-5.799999991808,17.400000008192),
  .PIECEWISE_BEZIER_KNOTS.);
#11288 = CARTESIAN_POINT('',(6.100000001425,-11.59999998361));
#11289 = CARTESIAN_POINT('',(6.100000001425,11.600000016383));
#11290 = ( GEOMETRIC_REPRESENTATION_CONTEXT(2) 
PARAMETRIC_REPRESENTATION_CONTEXT() REPRESENTATION_CONTEXT('2D SPACE',''
  ) );
#11291 = ORIENTED_EDGE('',*,*,#11292,.T.);
#11292 = EDGE_CURVE('',#11272,#11200,#11293,.T.);
#11293 = SURFACE_CURVE('',#11294,(#11298,#11304),.PCURVE_S1.);
#11294 = LINE('',#11295,#11296);
#11295 = CARTESIAN_POINT('',(6.1,11.5,1.65));
#11296 = VECTOR('',#11297,1.);
#11297 = DIRECTION('',(0.,0.,1.));
#11298 = PCURVE('',#9224,#11299);
#11299 = DEFINITIONAL_REPRESENTATION('',(#11300),#11303);
#11300 = B_SPLINE_CURVE_WITH_KNOTS('',1,(#11301,#11302),.UNSPECIFIED.,
  .F.,.F.,(2,2),(0.15,2.7),.PIECEWISE_BEZIER_KNOTS.);
#11301 = CARTESIAN_POINT('',(0.15,-23.1));
#11302 = CARTESIAN_POINT('',(2.7,-23.1));
#11303 = ( GEOMETRIC_REPRESENTATION_CONTEXT(2) 
PARAMETRIC_REPRESENTATION_CONTEXT() REPRESENTATION_CONTEXT('2D SPACE',''
  ) );
#11304 = PCURVE('',#11111,#11305);
#11305 = DEFINITIONAL_REPRESENTATION('',(#11306),#11309);
#11306 = B_SPLINE_CURVE_WITH_KNOTS('',1,(#11307,#11308),.UNSPECIFIED.,
  .F.,.F.,(2,2),(0.15,2.7),.PIECEWISE_BEZIER_KNOTS.);
#11307 = CARTESIAN_POINT('',(0.15,0.1));
#11308 = CARTESIAN_POINT('',(2.7,0.1));
#11309 = ( GEOMETRIC_REPRESENTATION_CONTEXT(2) 
PARAMETRIC_REPRESENTATION_CONTEXT() REPRESENTATION_CONTEXT('2D SPACE',''
  ) );
#11310 = ORIENTED_EDGE('',*,*,#11199,.F.);
#11311 = ORIENTED_EDGE('',*,*,#9206,.T.);
#11312 = ORIENTED_EDGE('',*,*,#11313,.F.);
#11313 = EDGE_CURVE('',#10045,#9209,#11314,.T.);
#11314 = SURFACE_CURVE('',#11315,(#11319,#11326),.PCURVE_S1.);
#11315 = LINE('',#11316,#11317);
#11316 = CARTESIAN_POINT('',(6.1,-11.6,6.2));
#11317 = VECTOR('',#11318,1.);
#11318 = DIRECTION('',(-0.,1.,0.));
#11319 = PCURVE('',#9224,#11320);
#11320 = DEFINITIONAL_REPRESENTATION('',(#11321),#11325);
#11321 = LINE('',#11322,#11323);
#11322 = CARTESIAN_POINT('',(4.55,0.));
#11323 = VECTOR('',#11324,1.);
#11324 = DIRECTION('',(0.,-1.));
#11325 = ( GEOMETRIC_REPRESENTATION_CONTEXT(2) 
PARAMETRIC_REPRESENTATION_CONTEXT() REPRESENTATION_CONTEXT('2D SPACE',''
  ) );
#11326 = PCURVE('',#9294,#11327);
#11327 = DEFINITIONAL_REPRESENTATION('',(#11328),#11332);
#11328 = LINE('',#11329,#11330);
#11329 = CARTESIAN_POINT('',(1.2,0.));
#11330 = VECTOR('',#11331,1.);
#11331 = DIRECTION('',(0.,1.));
#11332 = ( GEOMETRIC_REPRESENTATION_CONTEXT(2) 
PARAMETRIC_REPRESENTATION_CONTEXT() REPRESENTATION_CONTEXT('2D SPACE',''
  ) );
#11333 = ADVANCED_FACE('',(#11334),#9294,.T.);
#11334 = FACE_BOUND('',#11335,.T.);
#11335 = EDGE_LOOP('',(#11336,#11337,#11338,#11339));
#11336 = ORIENTED_EDGE('',*,*,#9403,.F.);
#11337 = ORIENTED_EDGE('',*,*,#10109,.T.);
#11338 = ORIENTED_EDGE('',*,*,#11313,.T.);
#11339 = ORIENTED_EDGE('',*,*,#9280,.F.);
#11340 = ADVANCED_FACE('',(#11341),#9370,.F.);
#11341 = FACE_BOUND('',#11342,.F.);
#11342 = EDGE_LOOP('',(#11343,#11344,#11345,#11346));
#11343 = ORIENTED_EDGE('',*,*,#9354,.F.);
#11344 = ORIENTED_EDGE('',*,*,#10010,.F.);
#11345 = ORIENTED_EDGE('',*,*,#11000,.T.);
#11346 = ORIENTED_EDGE('',*,*,#9451,.F.);
#11347 = ADVANCED_FACE('',(#11348),#9543,.F.);
#11348 = FACE_BOUND('',#11349,.F.);
#11349 = EDGE_LOOP('',(#11350,#11351,#11352));
#11350 = ORIENTED_EDGE('',*,*,#9701,.F.);
#11351 = ORIENTED_EDGE('',*,*,#9650,.T.);
#11352 = ORIENTED_EDGE('',*,*,#9528,.F.);
#11353 = ADVANCED_FACE('',(#11354,#11357),#9615,.T.);
#11354 = FACE_BOUND('',#11355,.T.);
#11355 = EDGE_LOOP('',(#11356));
#11356 = ORIENTED_EDGE('',*,*,#9600,.T.);
#11357 = FACE_BOUND('',#11358,.T.);
#11358 = EDGE_LOOP('',(#11359));
#11359 = ORIENTED_EDGE('',*,*,#11360,.F.);
#11360 = EDGE_CURVE('',#11361,#11361,#11363,.T.);
#11361 = VERTEX_POINT('',#11362);
#11362 = CARTESIAN_POINT('',(-1.85,7.,3.2));
#11363 = SURFACE_CURVE('',#11364,(#11369,#11376),.PCURVE_S1.);
#11364 = CIRCLE('',#11365,0.65);
#11365 = AXIS2_PLACEMENT_3D('',#11366,#11367,#11368);
#11366 = CARTESIAN_POINT('',(-2.5,7.,3.2));
#11367 = DIRECTION('',(0.,0.,1.));
#11368 = DIRECTION('',(1.,0.,-0.));
#11369 = PCURVE('',#9615,#11370);
#11370 = DEFINITIONAL_REPRESENTATION('',(#11371),#11375);
#11371 = CIRCLE('',#11372,0.65);
#11372 = AXIS2_PLACEMENT_2D('',#11373,#11374);
#11373 = CARTESIAN_POINT('',(0.,0.));
#11374 = DIRECTION('',(1.,0.));
#11375 = ( GEOMETRIC_REPRESENTATION_CONTEXT(2) 
PARAMETRIC_REPRESENTATION_CONTEXT() REPRESENTATION_CONTEXT('2D SPACE',''
  ) );
#11376 = PCURVE('',#11377,#11382);
#11377 = CYLINDRICAL_SURFACE('',#11378,0.65);
#11378 = AXIS2_PLACEMENT_3D('',#11379,#11380,#11381);
#11379 = CARTESIAN_POINT('',(-2.5,7.,1.68));
#11380 = DIRECTION('',(0.,0.,1.));
#11381 = DIRECTION('',(1.,0.,-0.));
#11382 = DEFINITIONAL_REPRESENTATION('',(#11383),#11387);
#11383 = LINE('',#11384,#11385);
#11384 = CARTESIAN_POINT('',(0.,1.52));
#11385 = VECTOR('',#11386,1.);
#11386 = DIRECTION('',(1.,0.));
#11387 = ( GEOMETRIC_REPRESENTATION_CONTEXT(2) 
PARAMETRIC_REPRESENTATION_CONTEXT() REPRESENTATION_CONTEXT('2D SPACE',''
  ) );
#11388 = ADVANCED_FACE('',(#11389),#9799,.F.);
#11389 = FACE_BOUND('',#11390,.F.);
#11390 = EDGE_LOOP('',(#11391,#11392,#11393));
#11391 = ORIENTED_EDGE('',*,*,#9962,.T.);
#11392 = ORIENTED_EDGE('',*,*,#9912,.T.);
#11393 = ORIENTED_EDGE('',*,*,#9782,.F.);
#11394 = ADVANCED_FACE('',(#11395,#11398),#9877,.T.);
#11395 = FACE_BOUND('',#11396,.T.);
#11396 = EDGE_LOOP('',(#11397));
#11397 = ORIENTED_EDGE('',*,*,#9862,.T.);
#11398 = FACE_BOUND('',#11399,.T.);
#11399 = EDGE_LOOP('',(#11400));
#11400 = ORIENTED_EDGE('',*,*,#11401,.F.);
#11401 = EDGE_CURVE('',#11402,#11402,#11404,.T.);
#11402 = VERTEX_POINT('',#11403);
#11403 = CARTESIAN_POINT('',(-1.85,-7.,3.2));
#11404 = SURFACE_CURVE('',#11405,(#11410,#11417),.PCURVE_S1.);
#11405 = CIRCLE('',#11406,0.65);
#11406 = AXIS2_PLACEMENT_3D('',#11407,#11408,#11409);
#11407 = CARTESIAN_POINT('',(-2.5,-7.,3.2));
#11408 = DIRECTION('',(0.,0.,1.));
#11409 = DIRECTION('',(1.,0.,-0.));
#11410 = PCURVE('',#9877,#11411);
#11411 = DEFINITIONAL_REPRESENTATION('',(#11412),#11416);
#11412 = CIRCLE('',#11413,0.65);
#11413 = AXIS2_PLACEMENT_2D('',#11414,#11415);
#11414 = CARTESIAN_POINT('',(0.,0.));
#11415 = DIRECTION('',(1.,0.));
#11416 = ( GEOMETRIC_REPRESENTATION_CONTEXT(2) 
PARAMETRIC_REPRESENTATION_CONTEXT() REPRESENTATION_CONTEXT('2D SPACE',''
  ) );
#11417 = PCURVE('',#11418,#11423);
#11418 = CYLINDRICAL_SURFACE('',#11419,0.65);
#11419 = AXIS2_PLACEMENT_3D('',#11420,#11421,#11422);
#11420 = CARTESIAN_POINT('',(-2.5,-7.,1.68));
#11421 = DIRECTION('',(0.,0.,1.));
#11422 = DIRECTION('',(1.,0.,-0.));
#11423 = DEFINITIONAL_REPRESENTATION('',(#11424),#11428);
#11424 = LINE('',#11425,#11426);
#11425 = CARTESIAN_POINT('',(0.,1.52));
#11426 = VECTOR('',#11427,1.);
#11427 = DIRECTION('',(1.,0.));
#11428 = ( GEOMETRIC_REPRESENTATION_CONTEXT(2) 
PARAMETRIC_REPRESENTATION_CONTEXT() REPRESENTATION_CONTEXT('2D SPACE',''
  ) );
#11429 = ADVANCED_FACE('',(#11430,#11433),#10296,.T.);
#11430 = FACE_BOUND('',#11431,.T.);
#11431 = EDGE_LOOP('',(#11432));
#11432 = ORIENTED_EDGE('',*,*,#10281,.T.);
#11433 = FACE_BOUND('',#11434,.T.);
#11434 = EDGE_LOOP('',(#11435));
#11435 = ORIENTED_EDGE('',*,*,#11436,.F.);
#11436 = EDGE_CURVE('',#11437,#11437,#11439,.T.);
#11437 = VERTEX_POINT('',#11438);
#11438 = CARTESIAN_POINT('',(-14.1,-15.5,9.5));
#11439 = SURFACE_CURVE('',#11440,(#11445,#11452),.PCURVE_S1.);
#11440 = CIRCLE('',#11441,0.9);
#11441 = AXIS2_PLACEMENT_3D('',#11442,#11443,#11444);
#11442 = CARTESIAN_POINT('',(-15.,-15.5,9.5));
#11443 = DIRECTION('',(0.,0.,1.));
#11444 = DIRECTION('',(1.,0.,-0.));
#11445 = PCURVE('',#10296,#11446);
#11446 = DEFINITIONAL_REPRESENTATION('',(#11447),#11451);
#11447 = CIRCLE('',#11448,0.9);
#11448 = AXIS2_PLACEMENT_2D('',#11449,#11450);
#11449 = CARTESIAN_POINT('',(0.,0.));
#11450 = DIRECTION('',(1.,0.));
#11451 = ( GEOMETRIC_REPRESENTATION_CONTEXT(2) 
PARAMETRIC_REPRESENTATION_CONTEXT() REPRESENTATION_CONTEXT('2D SPACE',''
  ) );
#11452 = PCURVE('',#11453,#11458);
#11453 = CYLINDRICAL_SURFACE('',#11454,0.9);
#11454 = AXIS2_PLACEMENT_3D('',#11455,#11456,#11457);
#11455 = CARTESIAN_POINT('',(-15.,-15.5,1.8));
#11456 = DIRECTION('',(0.,0.,1.));
#11457 = DIRECTION('',(1.,0.,-0.));
#11458 = DEFINITIONAL_REPRESENTATION('',(#11459),#11463);
#11459 = LINE('',#11460,#11461);
#11460 = CARTESIAN_POINT('',(0.,7.7));
#11461 = VECTOR('',#11462,1.);
#11462 = DIRECTION('',(1.,0.));
#11463 = ( GEOMETRIC_REPRESENTATION_CONTEXT(2) 
PARAMETRIC_REPRESENTATION_CONTEXT() REPRESENTATION_CONTEXT('2D SPACE',''
  ) );
#11464 = ADVANCED_FACE('',(#11465,#11468),#10351,.T.);
#11465 = FACE_BOUND('',#11466,.T.);
#11466 = EDGE_LOOP('',(#11467));
#11467 = ORIENTED_EDGE('',*,*,#10336,.T.);
#11468 = FACE_BOUND('',#11469,.T.);
#11469 = EDGE_LOOP('',(#11470));
#11470 = ORIENTED_EDGE('',*,*,#11471,.F.);
#11471 = EDGE_CURVE('',#11472,#11472,#11474,.T.);
#11472 = VERTEX_POINT('',#11473);
#11473 = CARTESIAN_POINT('',(-17.85,-7.,3.2));
#11474 = SURFACE_CURVE('',#11475,(#11480,#11487),.PCURVE_S1.);
#11475 = CIRCLE('',#11476,0.65);
#11476 = AXIS2_PLACEMENT_3D('',#11477,#11478,#11479);
#11477 = CARTESIAN_POINT('',(-18.5,-7.,3.2));
#11478 = DIRECTION('',(0.,0.,1.));
#11479 = DIRECTION('',(1.,0.,-0.));
#11480 = PCURVE('',#10351,#11481);
#11481 = DEFINITIONAL_REPRESENTATION('',(#11482),#11486);
#11482 = CIRCLE('',#11483,0.65);
#11483 = AXIS2_PLACEMENT_2D('',#11484,#11485);
#11484 = CARTESIAN_POINT('',(0.,0.));
#11485 = DIRECTION('',(1.,0.));
#11486 = ( GEOMETRIC_REPRESENTATION_CONTEXT(2) 
PARAMETRIC_REPRESENTATION_CONTEXT() REPRESENTATION_CONTEXT('2D SPACE',''
  ) );
#11487 = PCURVE('',#11488,#11493);
#11488 = CYLINDRICAL_SURFACE('',#11489,0.65);
#11489 = AXIS2_PLACEMENT_3D('',#11490,#11491,#11492);
#11490 = CARTESIAN_POINT('',(-18.5,-7.,1.68));
#11491 = DIRECTION('',(0.,0.,1.));
#11492 = DIRECTION('',(1.,0.,-0.));
#11493 = DEFINITIONAL_REPRESENTATION('',(#11494),#11498);
#11494 = LINE('',#11495,#11496);
#11495 = CARTESIAN_POINT('',(0.,1.52));
#11496 = VECTOR('',#11497,1.);
#11497 = DIRECTION('',(1.,0.));
#11498 = ( GEOMETRIC_REPRESENTATION_CONTEXT(2) 
PARAMETRIC_REPRESENTATION_CONTEXT() REPRESENTATION_CONTEXT('2D SPACE',''
  ) );
#11499 = ADVANCED_FACE('',(#11500,#11503),#10406,.T.);
#11500 = FACE_BOUND('',#11501,.T.);
#11501 = EDGE_LOOP('',(#11502));
#11502 = ORIENTED_EDGE('',*,*,#10391,.T.);
#11503 = FACE_BOUND('',#11504,.T.);
#11504 = EDGE_LOOP('',(#11505));
#11505 = ORIENTED_EDGE('',*,*,#11506,.F.);
#11506 = EDGE_CURVE('',#11507,#11507,#11509,.T.);
#11507 = VERTEX_POINT('',#11508);
#11508 = CARTESIAN_POINT('',(15.9,-15.5,9.5));
#11509 = SURFACE_CURVE('',#11510,(#11515,#11522),.PCURVE_S1.);
#11510 = CIRCLE('',#11511,0.9);
#11511 = AXIS2_PLACEMENT_3D('',#11512,#11513,#11514);
#11512 = CARTESIAN_POINT('',(15.,-15.5,9.5));
#11513 = DIRECTION('',(0.,0.,1.));
#11514 = DIRECTION('',(1.,0.,-0.));
#11515 = PCURVE('',#10406,#11516);
#11516 = DEFINITIONAL_REPRESENTATION('',(#11517),#11521);
#11517 = CIRCLE('',#11518,0.9);
#11518 = AXIS2_PLACEMENT_2D('',#11519,#11520);
#11519 = CARTESIAN_POINT('',(0.,0.));
#11520 = DIRECTION('',(1.,0.));
#11521 = ( GEOMETRIC_REPRESENTATION_CONTEXT(2) 
PARAMETRIC_REPRESENTATION_CONTEXT() REPRESENTATION_CONTEXT('2D SPACE',''
  ) );
#11522 = PCURVE('',#11523,#11528);
#11523 = CYLINDRICAL_SURFACE('',#11524,0.9);
#11524 = AXIS2_PLACEMENT_3D('',#11525,#11526,#11527);
#11525 = CARTESIAN_POINT('',(15.,-15.5,1.8));
#11526 = DIRECTION('',(0.,0.,1.));
#11527 = DIRECTION('',(1.,0.,-0.));
#11528 = DEFINITIONAL_REPRESENTATION('',(#11529),#11533);
#11529 = LINE('',#11530,#11531);
#11530 = CARTESIAN_POINT('',(0.,7.7));
#11531 = VECTOR('',#11532,1.);
#11532 = DIRECTION('',(1.,0.));
#11533 = ( GEOMETRIC_REPRESENTATION_CONTEXT(2) 
PARAMETRIC_REPRESENTATION_CONTEXT() REPRESENTATION_CONTEXT('2D SPACE',''
  ) );
#11534 = ADVANCED_FACE('',(#11535,#11538),#10461,.T.);
#11535 = FACE_BOUND('',#11536,.T.);
#11536 = EDGE_LOOP('',(#11537));
#11537 = ORIENTED_EDGE('',*,*,#10446,.T.);
#11538 = FACE_BOUND('',#11539,.T.);
#11539 = EDGE_LOOP('',(#11540));
#11540 = ORIENTED_EDGE('',*,*,#11541,.F.);
#11541 = EDGE_CURVE('',#11542,#11542,#11544,.T.);
#11542 = VERTEX_POINT('',#11543);
#11543 = CARTESIAN_POINT('',(-17.85,7.,3.2));
#11544 = SURFACE_CURVE('',#11545,(#11550,#11557),.PCURVE_S1.);
#11545 = CIRCLE('',#11546,0.65);
#11546 = AXIS2_PLACEMENT_3D('',#11547,#11548,#11549);
#11547 = CARTESIAN_POINT('',(-18.5,7.,3.2));
#11548 = DIRECTION('',(0.,0.,1.));
#11549 = DIRECTION('',(1.,0.,-0.));
#11550 = PCURVE('',#10461,#11551);
#11551 = DEFINITIONAL_REPRESENTATION('',(#11552),#11556);
#11552 = CIRCLE('',#11553,0.65);
#11553 = AXIS2_PLACEMENT_2D('',#11554,#11555);
#11554 = CARTESIAN_POINT('',(0.,0.));
#11555 = DIRECTION('',(1.,0.));
#11556 = ( GEOMETRIC_REPRESENTATION_CONTEXT(2) 
PARAMETRIC_REPRESENTATION_CONTEXT() REPRESENTATION_CONTEXT('2D SPACE',''
  ) );
#11557 = PCURVE('',#11558,#11563);
#11558 = CYLINDRICAL_SURFACE('',#11559,0.65);
#11559 = AXIS2_PLACEMENT_3D('',#11560,#11561,#11562);
#11560 = CARTESIAN_POINT('',(-18.5,7.,1.68));
#11561 = DIRECTION('',(0.,0.,1.));
#11562 = DIRECTION('',(1.,0.,-0.));
#11563 = DEFINITIONAL_REPRESENTATION('',(#11564),#11568);
#11564 = LINE('',#11565,#11566);
#11565 = CARTESIAN_POINT('',(0.,1.52));
#11566 = VECTOR('',#11567,1.);
#11567 = DIRECTION('',(1.,0.));
#11568 = ( GEOMETRIC_REPRESENTATION_CONTEXT(2) 
PARAMETRIC_REPRESENTATION_CONTEXT() REPRESENTATION_CONTEXT('2D SPACE',''
  ) );
#11569 = ADVANCED_FACE('',(#11570,#11573),#10516,.T.);
#11570 = FACE_BOUND('',#11571,.T.);
#11571 = EDGE_LOOP('',(#11572));
#11572 = ORIENTED_EDGE('',*,*,#10501,.T.);
#11573 = FACE_BOUND('',#11574,.T.);
#11574 = EDGE_LOOP('',(#11575));
#11575 = ORIENTED_EDGE('',*,*,#11576,.F.);
#11576 = EDGE_CURVE('',#11577,#11577,#11579,.T.);
#11577 = VERTEX_POINT('',#11578);
#11578 = CARTESIAN_POINT('',(-14.1,15.5,9.5));
#11579 = SURFACE_CURVE('',#11580,(#11585,#11592),.PCURVE_S1.);
#11580 = CIRCLE('',#11581,0.9);
#11581 = AXIS2_PLACEMENT_3D('',#11582,#11583,#11584);
#11582 = CARTESIAN_POINT('',(-15.,15.5,9.5));
#11583 = DIRECTION('',(0.,0.,1.));
#11584 = DIRECTION('',(1.,0.,-0.));
#11585 = PCURVE('',#10516,#11586);
#11586 = DEFINITIONAL_REPRESENTATION('',(#11587),#11591);
#11587 = CIRCLE('',#11588,0.9);
#11588 = AXIS2_PLACEMENT_2D('',#11589,#11590);
#11589 = CARTESIAN_POINT('',(0.,0.));
#11590 = DIRECTION('',(1.,0.));
#11591 = ( GEOMETRIC_REPRESENTATION_CONTEXT(2) 
PARAMETRIC_REPRESENTATION_CONTEXT() REPRESENTATION_CONTEXT('2D SPACE',''
  ) );
#11592 = PCURVE('',#11593,#11598);
#11593 = CYLINDRICAL_SURFACE('',#11594,0.9);
#11594 = AXIS2_PLACEMENT_3D('',#11595,#11596,#11597);
#11595 = CARTESIAN_POINT('',(-15.,15.5,1.8));
#11596 = DIRECTION('',(0.,0.,1.));
#11597 = DIRECTION('',(1.,0.,-0.));
#11598 = DEFINITIONAL_REPRESENTATION('',(#11599),#11603);
#11599 = LINE('',#11600,#11601);
#11600 = CARTESIAN_POINT('',(0.,7.7));
#11601 = VECTOR('',#11602,1.);
#11602 = DIRECTION('',(1.,0.));
#11603 = ( GEOMETRIC_REPRESENTATION_CONTEXT(2) 
PARAMETRIC_REPRESENTATION_CONTEXT() REPRESENTATION_CONTEXT('2D SPACE',''
  ) );
#11604 = ADVANCED_FACE('',(#11605,#11608),#10571,.T.);
#11605 = FACE_BOUND('',#11606,.T.);
#11606 = EDGE_LOOP('',(#11607));
#11607 = ORIENTED_EDGE('',*,*,#10556,.T.);
#11608 = FACE_BOUND('',#11609,.T.);
#11609 = EDGE_LOOP('',(#11610));
#11610 = ORIENTED_EDGE('',*,*,#11611,.F.);
#11611 = EDGE_CURVE('',#11612,#11612,#11614,.T.);
#11612 = VERTEX_POINT('',#11613);
#11613 = CARTESIAN_POINT('',(15.9,15.5,9.5));
#11614 = SURFACE_CURVE('',#11615,(#11620,#11627),.PCURVE_S1.);
#11615 = CIRCLE('',#11616,0.9);
#11616 = AXIS2_PLACEMENT_3D('',#11617,#11618,#11619);
#11617 = CARTESIAN_POINT('',(15.,15.5,9.5));
#11618 = DIRECTION('',(0.,0.,1.));
#11619 = DIRECTION('',(1.,0.,-0.));
#11620 = PCURVE('',#10571,#11621);
#11621 = DEFINITIONAL_REPRESENTATION('',(#11622),#11626);
#11622 = CIRCLE('',#11623,0.9);
#11623 = AXIS2_PLACEMENT_2D('',#11624,#11625);
#11624 = CARTESIAN_POINT('',(0.,0.));
#11625 = DIRECTION('',(1.,0.));
#11626 = ( GEOMETRIC_REPRESENTATION_CONTEXT(2) 
PARAMETRIC_REPRESENTATION_CONTEXT() REPRESENTATION_CONTEXT('2D SPACE',''
  ) );
#11627 = PCURVE('',#11628,#11633);
#11628 = CYLINDRICAL_SURFACE('',#11629,0.9);
#11629 = AXIS2_PLACEMENT_3D('',#11630,#11631,#11632);
#11630 = CARTESIAN_POINT('',(15.,15.5,1.8));
#11631 = DIRECTION('',(0.,0.,1.));
#11632 = DIRECTION('',(1.,0.,-0.));
#11633 = DEFINITIONAL_REPRESENTATION('',(#11634),#11638);
#11634 = LINE('',#11635,#11636);
#11635 = CARTESIAN_POINT('',(0.,7.7));
#11636 = VECTOR('',#11637,1.);
#11637 = DIRECTION('',(1.,0.));
#11638 = ( GEOMETRIC_REPRESENTATION_CONTEXT(2) 
PARAMETRIC_REPRESENTATION_CONTEXT() REPRESENTATION_CONTEXT('2D SPACE',''
  ) );
#11639 = ADVANCED_FACE('',(#11640),#10605,.T.);
#11640 = FACE_BOUND('',#11641,.T.);
#11641 = EDGE_LOOP('',(#11642,#11643,#11644,#11645,#11646,#11647,#11648,
    #11649));
#11642 = ORIENTED_EDGE('',*,*,#10588,.F.);
#11643 = ORIENTED_EDGE('',*,*,#10966,.F.);
#11644 = ORIENTED_EDGE('',*,*,#10918,.T.);
#11645 = ORIENTED_EDGE('',*,*,#10865,.F.);
#11646 = ORIENTED_EDGE('',*,*,#10817,.T.);
#11647 = ORIENTED_EDGE('',*,*,#10764,.F.);
#11648 = ORIENTED_EDGE('',*,*,#10716,.F.);
#11649 = ORIENTED_EDGE('',*,*,#10663,.F.);
#11650 = ADVANCED_FACE('',(#11651),#11111,.F.);
#11651 = FACE_BOUND('',#11652,.F.);
#11652 = EDGE_LOOP('',(#11653,#11654,#11655,#11674));
#11653 = ORIENTED_EDGE('',*,*,#11220,.T.);
#11654 = ORIENTED_EDGE('',*,*,#11096,.F.);
#11655 = ORIENTED_EDGE('',*,*,#11656,.T.);
#11656 = EDGE_CURVE('',#11071,#11272,#11657,.T.);
#11657 = SURFACE_CURVE('',#11658,(#11662,#11668),.PCURVE_S1.);
#11658 = LINE('',#11659,#11660);
#11659 = CARTESIAN_POINT('',(2.999999999287,11.5,1.8));
#11660 = VECTOR('',#11661,1.);
#11661 = DIRECTION('',(-1.,-0.,0.));
#11662 = PCURVE('',#11111,#11663);
#11663 = DEFINITIONAL_REPRESENTATION('',(#11664),#11667);
#11664 = B_SPLINE_CURVE_WITH_KNOTS('',1,(#11665,#11666),.UNSPECIFIED.,
  .F.,.F.,(2,2),(-17.40000000071,-3.000000000713),
  .PIECEWISE_BEZIER_KNOTS.);
#11665 = CARTESIAN_POINT('',(0.15,14.4));
#11666 = CARTESIAN_POINT('',(0.15,0.));
#11667 = ( GEOMETRIC_REPRESENTATION_CONTEXT(2) 
PARAMETRIC_REPRESENTATION_CONTEXT() REPRESENTATION_CONTEXT('2D SPACE',''
  ) );
#11668 = PCURVE('',#11085,#11669);
#11669 = DEFINITIONAL_REPRESENTATION('',(#11670),#11673);
#11670 = B_SPLINE_CURVE_WITH_KNOTS('',1,(#11671,#11672),.UNSPECIFIED.,
  .F.,.F.,(2,2),(-17.40000000071,-3.000000000713),
  .PIECEWISE_BEZIER_KNOTS.);
#11671 = CARTESIAN_POINT('',(20.400000001425,11.500000016383));
#11672 = CARTESIAN_POINT('',(6.000000001425,11.500000016383));
#11673 = ( GEOMETRIC_REPRESENTATION_CONTEXT(2) 
PARAMETRIC_REPRESENTATION_CONTEXT() REPRESENTATION_CONTEXT('2D SPACE',''
  ) );
#11674 = ORIENTED_EDGE('',*,*,#11292,.T.);
#11675 = ADVANCED_FACE('',(#11676),#11085,.T.);
#11676 = FACE_BOUND('',#11677,.T.);
#11677 = EDGE_LOOP('',(#11678,#11679,#11680,#11681));
#11678 = ORIENTED_EDGE('',*,*,#11070,.T.);
#11679 = ORIENTED_EDGE('',*,*,#11656,.T.);
#11680 = ORIENTED_EDGE('',*,*,#11271,.F.);
#11681 = ORIENTED_EDGE('',*,*,#11682,.F.);
#11682 = EDGE_CURVE('',#11045,#11251,#11683,.T.);
#11683 = SURFACE_CURVE('',#11684,(#11688,#11694),.PCURVE_S1.);
#11684 = LINE('',#11685,#11686);
#11685 = CARTESIAN_POINT('',(2.999999999287,-11.5,1.8));
#11686 = VECTOR('',#11687,1.);
#11687 = DIRECTION('',(-1.,-0.,0.));
#11688 = PCURVE('',#11085,#11689);
#11689 = DEFINITIONAL_REPRESENTATION('',(#11690),#11693);
#11690 = B_SPLINE_CURVE_WITH_KNOTS('',1,(#11691,#11692),.UNSPECIFIED.,
  .F.,.F.,(2,2),(-17.40000000071,-3.000000000713),
  .PIECEWISE_BEZIER_KNOTS.);
#11691 = CARTESIAN_POINT('',(20.400000001425,-11.49999998361));
#11692 = CARTESIAN_POINT('',(6.000000001425,-11.49999998361));
#11693 = ( GEOMETRIC_REPRESENTATION_CONTEXT(2) 
PARAMETRIC_REPRESENTATION_CONTEXT() REPRESENTATION_CONTEXT('2D SPACE',''
  ) );
#11694 = PCURVE('',#11059,#11695);
#11695 = DEFINITIONAL_REPRESENTATION('',(#11696),#11699);
#11696 = B_SPLINE_CURVE_WITH_KNOTS('',1,(#11697,#11698),.UNSPECIFIED.,
  .F.,.F.,(2,2),(-17.40000000071,-3.000000000713),
  .PIECEWISE_BEZIER_KNOTS.);
#11697 = CARTESIAN_POINT('',(0.15,14.4));
#11698 = CARTESIAN_POINT('',(0.15,0.));
#11699 = ( GEOMETRIC_REPRESENTATION_CONTEXT(2) 
PARAMETRIC_REPRESENTATION_CONTEXT() REPRESENTATION_CONTEXT('2D SPACE',''
  ) );
#11700 = ADVANCED_FACE('',(#11701),#11059,.T.);
#11701 = FACE_BOUND('',#11702,.T.);
#11702 = EDGE_LOOP('',(#11703,#11704,#11705,#11706));
#11703 = ORIENTED_EDGE('',*,*,#11151,.T.);
#11704 = ORIENTED_EDGE('',*,*,#11044,.F.);
#11705 = ORIENTED_EDGE('',*,*,#11682,.T.);
#11706 = ORIENTED_EDGE('',*,*,#11250,.T.);
#11707 = ADVANCED_FACE('',(#11708),#11377,.F.);
#11708 = FACE_BOUND('',#11709,.F.);
#11709 = EDGE_LOOP('',(#11710,#11711,#11734,#11761));
#11710 = ORIENTED_EDGE('',*,*,#11360,.F.);
#11711 = ORIENTED_EDGE('',*,*,#11712,.F.);
#11712 = EDGE_CURVE('',#11713,#11361,#11715,.T.);
#11713 = VERTEX_POINT('',#11714);
#11714 = CARTESIAN_POINT('',(-1.85,7.,1.68));
#11715 = SEAM_CURVE('',#11716,(#11720,#11727),.PCURVE_S1.);
#11716 = LINE('',#11717,#11718);
#11717 = CARTESIAN_POINT('',(-1.85,7.,1.68));
#11718 = VECTOR('',#11719,1.);
#11719 = DIRECTION('',(0.,0.,1.));
#11720 = PCURVE('',#11377,#11721);
#11721 = DEFINITIONAL_REPRESENTATION('',(#11722),#11726);
#11722 = LINE('',#11723,#11724);
#11723 = CARTESIAN_POINT('',(6.28318530718,-0.));
#11724 = VECTOR('',#11725,1.);
#11725 = DIRECTION('',(0.,1.));
#11726 = ( GEOMETRIC_REPRESENTATION_CONTEXT(2) 
PARAMETRIC_REPRESENTATION_CONTEXT() REPRESENTATION_CONTEXT('2D SPACE',''
  ) );
#11727 = PCURVE('',#11377,#11728);
#11728 = DEFINITIONAL_REPRESENTATION('',(#11729),#11733);
#11729 = LINE('',#11730,#11731);
#11730 = CARTESIAN_POINT('',(0.,-0.));
#11731 = VECTOR('',#11732,1.);
#11732 = DIRECTION('',(0.,1.));
#11733 = ( GEOMETRIC_REPRESENTATION_CONTEXT(2) 
PARAMETRIC_REPRESENTATION_CONTEXT() REPRESENTATION_CONTEXT('2D SPACE',''
  ) );
#11734 = ORIENTED_EDGE('',*,*,#11735,.T.);
#11735 = EDGE_CURVE('',#11713,#11713,#11736,.T.);
#11736 = SURFACE_CURVE('',#11737,(#11742,#11749),.PCURVE_S1.);
#11737 = CIRCLE('',#11738,0.65);
#11738 = AXIS2_PLACEMENT_3D('',#11739,#11740,#11741);
#11739 = CARTESIAN_POINT('',(-2.5,7.,1.68));
#11740 = DIRECTION('',(0.,0.,1.));
#11741 = DIRECTION('',(1.,0.,-0.));
#11742 = PCURVE('',#11377,#11743);
#11743 = DEFINITIONAL_REPRESENTATION('',(#11744),#11748);
#11744 = LINE('',#11745,#11746);
#11745 = CARTESIAN_POINT('',(0.,0.));
#11746 = VECTOR('',#11747,1.);
#11747 = DIRECTION('',(1.,0.));
#11748 = ( GEOMETRIC_REPRESENTATION_CONTEXT(2) 
PARAMETRIC_REPRESENTATION_CONTEXT() REPRESENTATION_CONTEXT('2D SPACE',''
  ) );
#11749 = PCURVE('',#11750,#11755);
#11750 = PLANE('',#11751);
#11751 = AXIS2_PLACEMENT_3D('',#11752,#11753,#11754);
#11752 = CARTESIAN_POINT('',(-2.5,7.,1.68));
#11753 = DIRECTION('',(0.,0.,1.));
#11754 = DIRECTION('',(1.,0.,-0.));
#11755 = DEFINITIONAL_REPRESENTATION('',(#11756),#11760);
#11756 = CIRCLE('',#11757,0.65);
#11757 = AXIS2_PLACEMENT_2D('',#11758,#11759);
#11758 = CARTESIAN_POINT('',(0.,0.));
#11759 = DIRECTION('',(1.,0.));
#11760 = ( GEOMETRIC_REPRESENTATION_CONTEXT(2) 
PARAMETRIC_REPRESENTATION_CONTEXT() REPRESENTATION_CONTEXT('2D SPACE',''
  ) );
#11761 = ORIENTED_EDGE('',*,*,#11712,.T.);
#11762 = ADVANCED_FACE('',(#11763),#11418,.F.);
#11763 = FACE_BOUND('',#11764,.F.);
#11764 = EDGE_LOOP('',(#11765,#11766,#11789,#11816));
#11765 = ORIENTED_EDGE('',*,*,#11401,.F.);
#11766 = ORIENTED_EDGE('',*,*,#11767,.F.);
#11767 = EDGE_CURVE('',#11768,#11402,#11770,.T.);
#11768 = VERTEX_POINT('',#11769);
#11769 = CARTESIAN_POINT('',(-1.85,-7.,1.68));
#11770 = SEAM_CURVE('',#11771,(#11775,#11782),.PCURVE_S1.);
#11771 = LINE('',#11772,#11773);
#11772 = CARTESIAN_POINT('',(-1.85,-7.,1.68));
#11773 = VECTOR('',#11774,1.);
#11774 = DIRECTION('',(0.,0.,1.));
#11775 = PCURVE('',#11418,#11776);
#11776 = DEFINITIONAL_REPRESENTATION('',(#11777),#11781);
#11777 = LINE('',#11778,#11779);
#11778 = CARTESIAN_POINT('',(6.28318530718,-0.));
#11779 = VECTOR('',#11780,1.);
#11780 = DIRECTION('',(0.,1.));
#11781 = ( GEOMETRIC_REPRESENTATION_CONTEXT(2) 
PARAMETRIC_REPRESENTATION_CONTEXT() REPRESENTATION_CONTEXT('2D SPACE',''
  ) );
#11782 = PCURVE('',#11418,#11783);
#11783 = DEFINITIONAL_REPRESENTATION('',(#11784),#11788);
#11784 = LINE('',#11785,#11786);
#11785 = CARTESIAN_POINT('',(0.,-0.));
#11786 = VECTOR('',#11787,1.);
#11787 = DIRECTION('',(0.,1.));
#11788 = ( GEOMETRIC_REPRESENTATION_CONTEXT(2) 
PARAMETRIC_REPRESENTATION_CONTEXT() REPRESENTATION_CONTEXT('2D SPACE',''
  ) );
#11789 = ORIENTED_EDGE('',*,*,#11790,.T.);
#11790 = EDGE_CURVE('',#11768,#11768,#11791,.T.);
#11791 = SURFACE_CURVE('',#11792,(#11797,#11804),.PCURVE_S1.);
#11792 = CIRCLE('',#11793,0.65);
#11793 = AXIS2_PLACEMENT_3D('',#11794,#11795,#11796);
#11794 = CARTESIAN_POINT('',(-2.5,-7.,1.68));
#11795 = DIRECTION('',(0.,0.,1.));
#11796 = DIRECTION('',(1.,0.,-0.));
#11797 = PCURVE('',#11418,#11798);
#11798 = DEFINITIONAL_REPRESENTATION('',(#11799),#11803);
#11799 = LINE('',#11800,#11801);
#11800 = CARTESIAN_POINT('',(0.,0.));
#11801 = VECTOR('',#11802,1.);
#11802 = DIRECTION('',(1.,0.));
#11803 = ( GEOMETRIC_REPRESENTATION_CONTEXT(2) 
PARAMETRIC_REPRESENTATION_CONTEXT() REPRESENTATION_CONTEXT('2D SPACE',''
  ) );
#11804 = PCURVE('',#11805,#11810);
#11805 = PLANE('',#11806);
#11806 = AXIS2_PLACEMENT_3D('',#11807,#11808,#11809);
#11807 = CARTESIAN_POINT('',(-2.5,-7.,1.68));
#11808 = DIRECTION('',(0.,0.,1.));
#11809 = DIRECTION('',(1.,0.,-0.));
#11810 = DEFINITIONAL_REPRESENTATION('',(#11811),#11815);
#11811 = CIRCLE('',#11812,0.65);
#11812 = AXIS2_PLACEMENT_2D('',#11813,#11814);
#11813 = CARTESIAN_POINT('',(0.,0.));
#11814 = DIRECTION('',(1.,0.));
#11815 = ( GEOMETRIC_REPRESENTATION_CONTEXT(2) 
PARAMETRIC_REPRESENTATION_CONTEXT() REPRESENTATION_CONTEXT('2D SPACE',''
  ) );
#11816 = ORIENTED_EDGE('',*,*,#11767,.T.);
#11817 = ADVANCED_FACE('',(#11818),#11453,.F.);
#11818 = FACE_BOUND('',#11819,.F.);
#11819 = EDGE_LOOP('',(#11820,#11821,#11844,#11871));
#11820 = ORIENTED_EDGE('',*,*,#11436,.F.);
#11821 = ORIENTED_EDGE('',*,*,#11822,.F.);
#11822 = EDGE_CURVE('',#11823,#11437,#11825,.T.);
#11823 = VERTEX_POINT('',#11824);
#11824 = CARTESIAN_POINT('',(-14.1,-15.5,1.8));
#11825 = SEAM_CURVE('',#11826,(#11830,#11837),.PCURVE_S1.);
#11826 = LINE('',#11827,#11828);
#11827 = CARTESIAN_POINT('',(-14.1,-15.5,1.8));
#11828 = VECTOR('',#11829,1.);
#11829 = DIRECTION('',(0.,0.,1.));
#11830 = PCURVE('',#11453,#11831);
#11831 = DEFINITIONAL_REPRESENTATION('',(#11832),#11836);
#11832 = LINE('',#11833,#11834);
#11833 = CARTESIAN_POINT('',(6.28318530718,-0.));
#11834 = VECTOR('',#11835,1.);
#11835 = DIRECTION('',(0.,1.));
#11836 = ( GEOMETRIC_REPRESENTATION_CONTEXT(2) 
PARAMETRIC_REPRESENTATION_CONTEXT() REPRESENTATION_CONTEXT('2D SPACE',''
  ) );
#11837 = PCURVE('',#11453,#11838);
#11838 = DEFINITIONAL_REPRESENTATION('',(#11839),#11843);
#11839 = LINE('',#11840,#11841);
#11840 = CARTESIAN_POINT('',(0.,-0.));
#11841 = VECTOR('',#11842,1.);
#11842 = DIRECTION('',(0.,1.));
#11843 = ( GEOMETRIC_REPRESENTATION_CONTEXT(2) 
PARAMETRIC_REPRESENTATION_CONTEXT() REPRESENTATION_CONTEXT('2D SPACE',''
  ) );
#11844 = ORIENTED_EDGE('',*,*,#11845,.T.);
#11845 = EDGE_CURVE('',#11823,#11823,#11846,.T.);
#11846 = SURFACE_CURVE('',#11847,(#11852,#11859),.PCURVE_S1.);
#11847 = CIRCLE('',#11848,0.9);
#11848 = AXIS2_PLACEMENT_3D('',#11849,#11850,#11851);
#11849 = CARTESIAN_POINT('',(-15.,-15.5,1.8));
#11850 = DIRECTION('',(0.,0.,1.));
#11851 = DIRECTION('',(1.,0.,-0.));
#11852 = PCURVE('',#11453,#11853);
#11853 = DEFINITIONAL_REPRESENTATION('',(#11854),#11858);
#11854 = LINE('',#11855,#11856);
#11855 = CARTESIAN_POINT('',(0.,0.));
#11856 = VECTOR('',#11857,1.);
#11857 = DIRECTION('',(1.,0.));
#11858 = ( GEOMETRIC_REPRESENTATION_CONTEXT(2) 
PARAMETRIC_REPRESENTATION_CONTEXT() REPRESENTATION_CONTEXT('2D SPACE',''
  ) );
#11859 = PCURVE('',#11860,#11865);
#11860 = PLANE('',#11861);
#11861 = AXIS2_PLACEMENT_3D('',#11862,#11863,#11864);
#11862 = CARTESIAN_POINT('',(-15.,-15.5,1.8));
#11863 = DIRECTION('',(0.,0.,1.));
#11864 = DIRECTION('',(1.,0.,-0.));
#11865 = DEFINITIONAL_REPRESENTATION('',(#11866),#11870);
#11866 = CIRCLE('',#11867,0.9);
#11867 = AXIS2_PLACEMENT_2D('',#11868,#11869);
#11868 = CARTESIAN_POINT('',(0.,0.));
#11869 = DIRECTION('',(1.,0.));
#11870 = ( GEOMETRIC_REPRESENTATION_CONTEXT(2) 
PARAMETRIC_REPRESENTATION_CONTEXT() REPRESENTATION_CONTEXT('2D SPACE',''
  ) );
#11871 = ORIENTED_EDGE('',*,*,#11822,.T.);
#11872 = ADVANCED_FACE('',(#11873),#11488,.F.);
#11873 = FACE_BOUND('',#11874,.F.);
#11874 = EDGE_LOOP('',(#11875,#11876,#11899,#11926));
#11875 = ORIENTED_EDGE('',*,*,#11471,.F.);
#11876 = ORIENTED_EDGE('',*,*,#11877,.F.);
#11877 = EDGE_CURVE('',#11878,#11472,#11880,.T.);
#11878 = VERTEX_POINT('',#11879);
#11879 = CARTESIAN_POINT('',(-17.85,-7.,1.68));
#11880 = SEAM_CURVE('',#11881,(#11885,#11892),.PCURVE_S1.);
#11881 = LINE('',#11882,#11883);
#11882 = CARTESIAN_POINT('',(-17.85,-7.,1.68));
#11883 = VECTOR('',#11884,1.);
#11884 = DIRECTION('',(0.,0.,1.));
#11885 = PCURVE('',#11488,#11886);
#11886 = DEFINITIONAL_REPRESENTATION('',(#11887),#11891);
#11887 = LINE('',#11888,#11889);
#11888 = CARTESIAN_POINT('',(6.28318530718,-0.));
#11889 = VECTOR('',#11890,1.);
#11890 = DIRECTION('',(0.,1.));
#11891 = ( GEOMETRIC_REPRESENTATION_CONTEXT(2) 
PARAMETRIC_REPRESENTATION_CONTEXT() REPRESENTATION_CONTEXT('2D SPACE',''
  ) );
#11892 = PCURVE('',#11488,#11893);
#11893 = DEFINITIONAL_REPRESENTATION('',(#11894),#11898);
#11894 = LINE('',#11895,#11896);
#11895 = CARTESIAN_POINT('',(0.,-0.));
#11896 = VECTOR('',#11897,1.);
#11897 = DIRECTION('',(0.,1.));
#11898 = ( GEOMETRIC_REPRESENTATION_CONTEXT(2) 
PARAMETRIC_REPRESENTATION_CONTEXT() REPRESENTATION_CONTEXT('2D SPACE',''
  ) );
#11899 = ORIENTED_EDGE('',*,*,#11900,.T.);
#11900 = EDGE_CURVE('',#11878,#11878,#11901,.T.);
#11901 = SURFACE_CURVE('',#11902,(#11907,#11914),.PCURVE_S1.);
#11902 = CIRCLE('',#11903,0.65);
#11903 = AXIS2_PLACEMENT_3D('',#11904,#11905,#11906);
#11904 = CARTESIAN_POINT('',(-18.5,-7.,1.68));
#11905 = DIRECTION('',(0.,0.,1.));
#11906 = DIRECTION('',(1.,0.,-0.));
#11907 = PCURVE('',#11488,#11908);
#11908 = DEFINITIONAL_REPRESENTATION('',(#11909),#11913);
#11909 = LINE('',#11910,#11911);
#11910 = CARTESIAN_POINT('',(0.,0.));
#11911 = VECTOR('',#11912,1.);
#11912 = DIRECTION('',(1.,0.));
#11913 = ( GEOMETRIC_REPRESENTATION_CONTEXT(2) 
PARAMETRIC_REPRESENTATION_CONTEXT() REPRESENTATION_CONTEXT('2D SPACE',''
  ) );
#11914 = PCURVE('',#11915,#11920);
#11915 = PLANE('',#11916);
#11916 = AXIS2_PLACEMENT_3D('',#11917,#11918,#11919);
#11917 = CARTESIAN_POINT('',(-18.5,-7.,1.68));
#11918 = DIRECTION('',(0.,0.,1.));
#11919 = DIRECTION('',(1.,0.,-0.));
#11920 = DEFINITIONAL_REPRESENTATION('',(#11921),#11925);
#11921 = CIRCLE('',#11922,0.65);
#11922 = AXIS2_PLACEMENT_2D('',#11923,#11924);
#11923 = CARTESIAN_POINT('',(0.,0.));
#11924 = DIRECTION('',(1.,0.));
#11925 = ( GEOMETRIC_REPRESENTATION_CONTEXT(2) 
PARAMETRIC_REPRESENTATION_CONTEXT() REPRESENTATION_CONTEXT('2D SPACE',''
  ) );
#11926 = ORIENTED_EDGE('',*,*,#11877,.T.);
#11927 = ADVANCED_FACE('',(#11928),#11523,.F.);
#11928 = FACE_BOUND('',#11929,.F.);
#11929 = EDGE_LOOP('',(#11930,#11931,#11954,#11981));
#11930 = ORIENTED_EDGE('',*,*,#11506,.F.);
#11931 = ORIENTED_EDGE('',*,*,#11932,.F.);
#11932 = EDGE_CURVE('',#11933,#11507,#11935,.T.);
#11933 = VERTEX_POINT('',#11934);
#11934 = CARTESIAN_POINT('',(15.9,-15.5,1.8));
#11935 = SEAM_CURVE('',#11936,(#11940,#11947),.PCURVE_S1.);
#11936 = LINE('',#11937,#11938);
#11937 = CARTESIAN_POINT('',(15.9,-15.5,1.8));
#11938 = VECTOR('',#11939,1.);
#11939 = DIRECTION('',(0.,0.,1.));
#11940 = PCURVE('',#11523,#11941);
#11941 = DEFINITIONAL_REPRESENTATION('',(#11942),#11946);
#11942 = LINE('',#11943,#11944);
#11943 = CARTESIAN_POINT('',(6.28318530718,-0.));
#11944 = VECTOR('',#11945,1.);
#11945 = DIRECTION('',(0.,1.));
#11946 = ( GEOMETRIC_REPRESENTATION_CONTEXT(2) 
PARAMETRIC_REPRESENTATION_CONTEXT() REPRESENTATION_CONTEXT('2D SPACE',''
  ) );
#11947 = PCURVE('',#11523,#11948);
#11948 = DEFINITIONAL_REPRESENTATION('',(#11949),#11953);
#11949 = LINE('',#11950,#11951);
#11950 = CARTESIAN_POINT('',(0.,-0.));
#11951 = VECTOR('',#11952,1.);
#11952 = DIRECTION('',(0.,1.));
#11953 = ( GEOMETRIC_REPRESENTATION_CONTEXT(2) 
PARAMETRIC_REPRESENTATION_CONTEXT() REPRESENTATION_CONTEXT('2D SPACE',''
  ) );
#11954 = ORIENTED_EDGE('',*,*,#11955,.T.);
#11955 = EDGE_CURVE('',#11933,#11933,#11956,.T.);
#11956 = SURFACE_CURVE('',#11957,(#11962,#11969),.PCURVE_S1.);
#11957 = CIRCLE('',#11958,0.9);
#11958 = AXIS2_PLACEMENT_3D('',#11959,#11960,#11961);
#11959 = CARTESIAN_POINT('',(15.,-15.5,1.8));
#11960 = DIRECTION('',(0.,0.,1.));
#11961 = DIRECTION('',(1.,0.,-0.));
#11962 = PCURVE('',#11523,#11963);
#11963 = DEFINITIONAL_REPRESENTATION('',(#11964),#11968);
#11964 = LINE('',#11965,#11966);
#11965 = CARTESIAN_POINT('',(0.,0.));
#11966 = VECTOR('',#11967,1.);
#11967 = DIRECTION('',(1.,0.));
#11968 = ( GEOMETRIC_REPRESENTATION_CONTEXT(2) 
PARAMETRIC_REPRESENTATION_CONTEXT() REPRESENTATION_CONTEXT('2D SPACE',''
  ) );
#11969 = PCURVE('',#11970,#11975);
#11970 = PLANE('',#11971);
#11971 = AXIS2_PLACEMENT_3D('',#11972,#11973,#11974);
#11972 = CARTESIAN_POINT('',(15.,-15.5,1.8));
#11973 = DIRECTION('',(0.,0.,1.));
#11974 = DIRECTION('',(1.,0.,-0.));
#11975 = DEFINITIONAL_REPRESENTATION('',(#11976),#11980);
#11976 = CIRCLE('',#11977,0.9);
#11977 = AXIS2_PLACEMENT_2D('',#11978,#11979);
#11978 = CARTESIAN_POINT('',(0.,0.));
#11979 = DIRECTION('',(1.,0.));
#11980 = ( GEOMETRIC_REPRESENTATION_CONTEXT(2) 
PARAMETRIC_REPRESENTATION_CONTEXT() REPRESENTATION_CONTEXT('2D SPACE',''
  ) );
#11981 = ORIENTED_EDGE('',*,*,#11932,.T.);
#11982 = ADVANCED_FACE('',(#11983),#11558,.F.);
#11983 = FACE_BOUND('',#11984,.F.);
#11984 = EDGE_LOOP('',(#11985,#11986,#12009,#12036));
#11985 = ORIENTED_EDGE('',*,*,#11541,.F.);
#11986 = ORIENTED_EDGE('',*,*,#11987,.F.);
#11987 = EDGE_CURVE('',#11988,#11542,#11990,.T.);
#11988 = VERTEX_POINT('',#11989);
#11989 = CARTESIAN_POINT('',(-17.85,7.,1.68));
#11990 = SEAM_CURVE('',#11991,(#11995,#12002),.PCURVE_S1.);
#11991 = LINE('',#11992,#11993);
#11992 = CARTESIAN_POINT('',(-17.85,7.,1.68));
#11993 = VECTOR('',#11994,1.);
#11994 = DIRECTION('',(0.,0.,1.));
#11995 = PCURVE('',#11558,#11996);
#11996 = DEFINITIONAL_REPRESENTATION('',(#11997),#12001);
#11997 = LINE('',#11998,#11999);
#11998 = CARTESIAN_POINT('',(6.28318530718,-0.));
#11999 = VECTOR('',#12000,1.);
#12000 = DIRECTION('',(0.,1.));
#12001 = ( GEOMETRIC_REPRESENTATION_CONTEXT(2) 
PARAMETRIC_REPRESENTATION_CONTEXT() REPRESENTATION_CONTEXT('2D SPACE',''
  ) );
#12002 = PCURVE('',#11558,#12003);
#12003 = DEFINITIONAL_REPRESENTATION('',(#12004),#12008);
#12004 = LINE('',#12005,#12006);
#12005 = CARTESIAN_POINT('',(0.,-0.));
#12006 = VECTOR('',#12007,1.);
#12007 = DIRECTION('',(0.,1.));
#12008 = ( GEOMETRIC_REPRESENTATION_CONTEXT(2) 
PARAMETRIC_REPRESENTATION_CONTEXT() REPRESENTATION_CONTEXT('2D SPACE',''
  ) );
#12009 = ORIENTED_EDGE('',*,*,#12010,.T.);
#12010 = EDGE_CURVE('',#11988,#11988,#12011,.T.);
#12011 = SURFACE_CURVE('',#12012,(#12017,#12024),.PCURVE_S1.);
#12012 = CIRCLE('',#12013,0.65);
#12013 = AXIS2_PLACEMENT_3D('',#12014,#12015,#12016);
#12014 = CARTESIAN_POINT('',(-18.5,7.,1.68));
#12015 = DIRECTION('',(0.,0.,1.));
#12016 = DIRECTION('',(1.,0.,-0.));
#12017 = PCURVE('',#11558,#12018);
#12018 = DEFINITIONAL_REPRESENTATION('',(#12019),#12023);
#12019 = LINE('',#12020,#12021);
#12020 = CARTESIAN_POINT('',(0.,0.));
#12021 = VECTOR('',#12022,1.);
#12022 = DIRECTION('',(1.,0.));
#12023 = ( GEOMETRIC_REPRESENTATION_CONTEXT(2) 
PARAMETRIC_REPRESENTATION_CONTEXT() REPRESENTATION_CONTEXT('2D SPACE',''
  ) );
#12024 = PCURVE('',#12025,#12030);
#12025 = PLANE('',#12026);
#12026 = AXIS2_PLACEMENT_3D('',#12027,#12028,#12029);
#12027 = CARTESIAN_POINT('',(-18.5,7.,1.68));
#12028 = DIRECTION('',(0.,0.,1.));
#12029 = DIRECTION('',(1.,0.,-0.));
#12030 = DEFINITIONAL_REPRESENTATION('',(#12031),#12035);
#12031 = CIRCLE('',#12032,0.65);
#12032 = AXIS2_PLACEMENT_2D('',#12033,#12034);
#12033 = CARTESIAN_POINT('',(0.,0.));
#12034 = DIRECTION('',(1.,0.));
#12035 = ( GEOMETRIC_REPRESENTATION_CONTEXT(2) 
PARAMETRIC_REPRESENTATION_CONTEXT() REPRESENTATION_CONTEXT('2D SPACE',''
  ) );
#12036 = ORIENTED_EDGE('',*,*,#11987,.T.);
#12037 = ADVANCED_FACE('',(#12038),#11593,.F.);
#12038 = FACE_BOUND('',#12039,.F.);
#12039 = EDGE_LOOP('',(#12040,#12041,#12064,#12091));
#12040 = ORIENTED_EDGE('',*,*,#11576,.F.);
#12041 = ORIENTED_EDGE('',*,*,#12042,.F.);
#12042 = EDGE_CURVE('',#12043,#11577,#12045,.T.);
#12043 = VERTEX_POINT('',#12044);
#12044 = CARTESIAN_POINT('',(-14.1,15.5,1.8));
#12045 = SEAM_CURVE('',#12046,(#12050,#12057),.PCURVE_S1.);
#12046 = LINE('',#12047,#12048);
#12047 = CARTESIAN_POINT('',(-14.1,15.5,1.8));
#12048 = VECTOR('',#12049,1.);
#12049 = DIRECTION('',(0.,0.,1.));
#12050 = PCURVE('',#11593,#12051);
#12051 = DEFINITIONAL_REPRESENTATION('',(#12052),#12056);
#12052 = LINE('',#12053,#12054);
#12053 = CARTESIAN_POINT('',(6.28318530718,-0.));
#12054 = VECTOR('',#12055,1.);
#12055 = DIRECTION('',(0.,1.));
#12056 = ( GEOMETRIC_REPRESENTATION_CONTEXT(2) 
PARAMETRIC_REPRESENTATION_CONTEXT() REPRESENTATION_CONTEXT('2D SPACE',''
  ) );
#12057 = PCURVE('',#11593,#12058);
#12058 = DEFINITIONAL_REPRESENTATION('',(#12059),#12063);
#12059 = LINE('',#12060,#12061);
#12060 = CARTESIAN_POINT('',(0.,-0.));
#12061 = VECTOR('',#12062,1.);
#12062 = DIRECTION('',(0.,1.));
#12063 = ( GEOMETRIC_REPRESENTATION_CONTEXT(2) 
PARAMETRIC_REPRESENTATION_CONTEXT() REPRESENTATION_CONTEXT('2D SPACE',''
  ) );
#12064 = ORIENTED_EDGE('',*,*,#12065,.T.);
#12065 = EDGE_CURVE('',#12043,#12043,#12066,.T.);
#12066 = SURFACE_CURVE('',#12067,(#12072,#12079),.PCURVE_S1.);
#12067 = CIRCLE('',#12068,0.9);
#12068 = AXIS2_PLACEMENT_3D('',#12069,#12070,#12071);
#12069 = CARTESIAN_POINT('',(-15.,15.5,1.8));
#12070 = DIRECTION('',(0.,0.,1.));
#12071 = DIRECTION('',(1.,0.,-0.));
#12072 = PCURVE('',#11593,#12073);
#12073 = DEFINITIONAL_REPRESENTATION('',(#12074),#12078);
#12074 = LINE('',#12075,#12076);
#12075 = CARTESIAN_POINT('',(0.,0.));
#12076 = VECTOR('',#12077,1.);
#12077 = DIRECTION('',(1.,0.));
#12078 = ( GEOMETRIC_REPRESENTATION_CONTEXT(2) 
PARAMETRIC_REPRESENTATION_CONTEXT() REPRESENTATION_CONTEXT('2D SPACE',''
  ) );
#12079 = PCURVE('',#12080,#12085);
#12080 = PLANE('',#12081);
#12081 = AXIS2_PLACEMENT_3D('',#12082,#12083,#12084);
#12082 = CARTESIAN_POINT('',(-15.,15.5,1.8));
#12083 = DIRECTION('',(0.,0.,1.));
#12084 = DIRECTION('',(1.,0.,-0.));
#12085 = DEFINITIONAL_REPRESENTATION('',(#12086),#12090);
#12086 = CIRCLE('',#12087,0.9);
#12087 = AXIS2_PLACEMENT_2D('',#12088,#12089);
#12088 = CARTESIAN_POINT('',(0.,0.));
#12089 = DIRECTION('',(1.,0.));
#12090 = ( GEOMETRIC_REPRESENTATION_CONTEXT(2) 
PARAMETRIC_REPRESENTATION_CONTEXT() REPRESENTATION_CONTEXT('2D SPACE',''
  ) );
#12091 = ORIENTED_EDGE('',*,*,#12042,.T.);
#12092 = ADVANCED_FACE('',(#12093),#11628,.F.);
#12093 = FACE_BOUND('',#12094,.F.);
#12094 = EDGE_LOOP('',(#12095,#12096,#12119,#12146));
#12095 = ORIENTED_EDGE('',*,*,#11611,.F.);
#12096 = ORIENTED_EDGE('',*,*,#12097,.F.);
#12097 = EDGE_CURVE('',#12098,#11612,#12100,.T.);
#12098 = VERTEX_POINT('',#12099);
#12099 = CARTESIAN_POINT('',(15.9,15.5,1.8));
#12100 = SEAM_CURVE('',#12101,(#12105,#12112),.PCURVE_S1.);
#12101 = LINE('',#12102,#12103);
#12102 = CARTESIAN_POINT('',(15.9,15.5,1.8));
#12103 = VECTOR('',#12104,1.);
#12104 = DIRECTION('',(0.,0.,1.));
#12105 = PCURVE('',#11628,#12106);
#12106 = DEFINITIONAL_REPRESENTATION('',(#12107),#12111);
#12107 = LINE('',#12108,#12109);
#12108 = CARTESIAN_POINT('',(6.28318530718,-0.));
#12109 = VECTOR('',#12110,1.);
#12110 = DIRECTION('',(0.,1.));
#12111 = ( GEOMETRIC_REPRESENTATION_CONTEXT(2) 
PARAMETRIC_REPRESENTATION_CONTEXT() REPRESENTATION_CONTEXT('2D SPACE',''
  ) );
#12112 = PCURVE('',#11628,#12113);
#12113 = DEFINITIONAL_REPRESENTATION('',(#12114),#12118);
#12114 = LINE('',#12115,#12116);
#12115 = CARTESIAN_POINT('',(0.,-0.));
#12116 = VECTOR('',#12117,1.);
#12117 = DIRECTION('',(0.,1.));
#12118 = ( GEOMETRIC_REPRESENTATION_CONTEXT(2) 
PARAMETRIC_REPRESENTATION_CONTEXT() REPRESENTATION_CONTEXT('2D SPACE',''
  ) );
#12119 = ORIENTED_EDGE('',*,*,#12120,.T.);
#12120 = EDGE_CURVE('',#12098,#12098,#12121,.T.);
#12121 = SURFACE_CURVE('',#12122,(#12127,#12134),.PCURVE_S1.);
#12122 = CIRCLE('',#12123,0.9);
#12123 = AXIS2_PLACEMENT_3D('',#12124,#12125,#12126);
#12124 = CARTESIAN_POINT('',(15.,15.5,1.8));
#12125 = DIRECTION('',(0.,0.,1.));
#12126 = DIRECTION('',(1.,0.,-0.));
#12127 = PCURVE('',#11628,#12128);
#12128 = DEFINITIONAL_REPRESENTATION('',(#12129),#12133);
#12129 = LINE('',#12130,#12131);
#12130 = CARTESIAN_POINT('',(0.,0.));
#12131 = VECTOR('',#12132,1.);
#12132 = DIRECTION('',(1.,0.));
#12133 = ( GEOMETRIC_REPRESENTATION_CONTEXT(2) 
PARAMETRIC_REPRESENTATION_CONTEXT() REPRESENTATION_CONTEXT('2D SPACE',''
  ) );
#12134 = PCURVE('',#12135,#12140);
#12135 = PLANE('',#12136);
#12136 = AXIS2_PLACEMENT_3D('',#12137,#12138,#12139);
#12137 = CARTESIAN_POINT('',(15.,15.5,1.8));
#12138 = DIRECTION('',(0.,0.,1.));
#12139 = DIRECTION('',(1.,0.,-0.));
#12140 = DEFINITIONAL_REPRESENTATION('',(#12141),#12145);
#12141 = CIRCLE('',#12142,0.9);
#12142 = AXIS2_PLACEMENT_2D('',#12143,#12144);
#12143 = CARTESIAN_POINT('',(0.,0.));
#12144 = DIRECTION('',(1.,0.));
#12145 = ( GEOMETRIC_REPRESENTATION_CONTEXT(2) 
PARAMETRIC_REPRESENTATION_CONTEXT() REPRESENTATION_CONTEXT('2D SPACE',''
  ) );
#12146 = ORIENTED_EDGE('',*,*,#12097,.T.);
#12147 = ADVANCED_FACE('',(#12148),#11750,.T.);
#12148 = FACE_BOUND('',#12149,.F.);
#12149 = EDGE_LOOP('',(#12150));
#12150 = ORIENTED_EDGE('',*,*,#11735,.F.);
#12151 = ADVANCED_FACE('',(#12152),#11805,.T.);
#12152 = FACE_BOUND('',#12153,.F.);
#12153 = EDGE_LOOP('',(#12154));
#12154 = ORIENTED_EDGE('',*,*,#11790,.F.);
#12155 = ADVANCED_FACE('',(#12156),#11860,.T.);
#12156 = FACE_BOUND('',#12157,.F.);
#12157 = EDGE_LOOP('',(#12158));
#12158 = ORIENTED_EDGE('',*,*,#11845,.F.);
#12159 = ADVANCED_FACE('',(#12160),#11915,.T.);
#12160 = FACE_BOUND('',#12161,.F.);
#12161 = EDGE_LOOP('',(#12162));
#12162 = ORIENTED_EDGE('',*,*,#11900,.F.);
#12163 = ADVANCED_FACE('',(#12164),#11970,.T.);
#12164 = FACE_BOUND('',#12165,.F.);
#12165 = EDGE_LOOP('',(#12166));
#12166 = ORIENTED_EDGE('',*,*,#11955,.F.);
#12167 = ADVANCED_FACE('',(#12168),#12025,.T.);
#12168 = FACE_BOUND('',#12169,.F.);
#12169 = EDGE_LOOP('',(#12170));
#12170 = ORIENTED_EDGE('',*,*,#12010,.F.);
#12171 = ADVANCED_FACE('',(#12172),#12080,.T.);
#12172 = FACE_BOUND('',#12173,.F.);
#12173 = EDGE_LOOP('',(#12174));
#12174 = ORIENTED_EDGE('',*,*,#12065,.F.);
#12175 = ADVANCED_FACE('',(#12176),#12135,.T.);
#12176 = FACE_BOUND('',#12177,.F.);
#12177 = EDGE_LOOP('',(#12178));
#12178 = ORIENTED_EDGE('',*,*,#12120,.F.);
#12179 = ( GEOMETRIC_REPRESENTATION_CONTEXT(3) 
GLOBAL_UNCERTAINTY_ASSIGNED_CONTEXT((#12183)) 
GLOBAL_UNIT_ASSIGNED_CONTEXT((#12180,#12181,#12182)) 
REPRESENTATION_CONTEXT('Context #1',
  '3D Context with UNIT and UNCERTAINTY') );
#12180 = ( LENGTH_UNIT() NAMED_UNIT(*) SI_UNIT(.MILLI.,.METRE.) );
#12181 = ( NAMED_UNIT(*) PLANE_ANGLE_UNIT() SI_UNIT($,.RADIAN.) );
#12182 = ( NAMED_UNIT(*) SI_UNIT($,.STERADIAN.) SOLID_ANGLE_UNIT() );
#12183 = UNCERTAINTY_MEASURE_WITH_UNIT(LENGTH_MEASURE(1.E-07),#12180,
  'distance_accuracy_value','confusion accuracy');
#12184 = CONTEXT_DEPENDENT_SHAPE_REPRESENTATION(#12185,#12187);
#12185 = ( REPRESENTATION_RELATIONSHIP('','',#44,#10) 
REPRESENTATION_RELATIONSHIP_WITH_TRANSFORMATION(#12186) 
SHAPE_REPRESENTATION_RELATIONSHIP() );
#12186 = ITEM_DEFINED_TRANSFORMATION('','',#11,#15);
#12187 = PRODUCT_DEFINITION_SHAPE('Placement','Placement of an item',
  #12188);
#12188 = NEXT_ASSEMBLY_USAGE_OCCURRENCE('2','main_body_case','',#5,#39,$
  );
#12189 = PRODUCT_RELATED_PRODUCT_CATEGORY('part',$,(#41));
#12190 = SHAPE_DEFINITION_REPRESENTATION(#12191,#12197);
#12191 = PRODUCT_DEFINITION_SHAPE('','',#12192);
#12192 = PRODUCT_DEFINITION('design','',#12193,#12196);
#12193 = PRODUCT_DEFINITION_FORMATION('','',#12194);
#12194 = PRODUCT('removable_top_cover','removable_top_cover','',(#12195)
  );
#12195 = PRODUCT_CONTEXT('',#2,'mechanical');
#12196 = PRODUCT_DEFINITION_CONTEXT('part definition',#2,'design');
#12197 = ADVANCED_BREP_SHAPE_REPRESENTATION('',(#11,#12198),#17324);
#12198 = MANIFOLD_SOLID_BREP('',#12199);
#12199 = CLOSED_SHELL('',(#12200,#12320,#12408,#12487,#12566,#12644,
    #12730,#12783,#12836,#13715,#13741,#14565,#14591,#14667,#14693,
    #14719,#14797,#14823,#14849,#14898,#14925,#14980,#15007,#15034,
    #15061,#15088,#15115,#15142,#15169,#15196,#15223,#15278,#15333,
    #15360,#15436,#15486,#15536,#15585,#15634,#15684,#15734,#15761,
    #15788,#15843,#15869,#15895,#15944,#15971,#16021,#16071,#16121,
    #16197,#16251,#16305,#16354,#16403,#16457,#16511,#16538,#16588,
    #16615,#16622,#16629,#16636,#16643,#16892,#16899,#17108,#17155,
    #17182,#17209,#17236,#17263,#17290,#17317));
#12200 = ADVANCED_FACE('',(#12201),#12215,.T.);
#12201 = FACE_BOUND('',#12202,.T.);
#12202 = EDGE_LOOP('',(#12203,#12238,#12266,#12294));
#12203 = ORIENTED_EDGE('',*,*,#12204,.T.);
#12204 = EDGE_CURVE('',#12205,#12207,#12209,.T.);
#12205 = VERTEX_POINT('',#12206);
#12206 = CARTESIAN_POINT('',(-24.,-10.5,9.8));
#12207 = VERTEX_POINT('',#12208);
#12208 = CARTESIAN_POINT('',(-24.,-10.5,11.65));
#12209 = SURFACE_CURVE('',#12210,(#12214,#12226),.PCURVE_S1.);
#12210 = LINE('',#12211,#12212);
#12211 = CARTESIAN_POINT('',(-24.,-10.5,9.5));
#12212 = VECTOR('',#12213,1.);
#12213 = DIRECTION('',(0.,0.,1.));
#12214 = PCURVE('',#12215,#12220);
#12215 = PLANE('',#12216);
#12216 = AXIS2_PLACEMENT_3D('',#12217,#12218,#12219);
#12217 = CARTESIAN_POINT('',(-24.,-10.5,9.5));
#12218 = DIRECTION('',(-1.,0.,0.));
#12219 = DIRECTION('',(0.,1.,0.));
#12220 = DEFINITIONAL_REPRESENTATION('',(#12221),#12225);
#12221 = LINE('',#12222,#12223);
#12222 = CARTESIAN_POINT('',(-1.7763568394E-15,0.));
#12223 = VECTOR('',#12224,1.);
#12224 = DIRECTION('',(0.,-1.));
#12225 = ( GEOMETRIC_REPRESENTATION_CONTEXT(2) 
PARAMETRIC_REPRESENTATION_CONTEXT() REPRESENTATION_CONTEXT('2D SPACE',''
  ) );
#12226 = PCURVE('',#12227,#12232);
#12227 = CYLINDRICAL_SURFACE('',#12228,11.5);
#12228 = AXIS2_PLACEMENT_3D('',#12229,#12230,#12231);
#12229 = CARTESIAN_POINT('',(-12.5,-10.5,9.5));
#12230 = DIRECTION('',(0.,0.,-1.));
#12231 = DIRECTION('',(-1.,0.,0.));
#12232 = DEFINITIONAL_REPRESENTATION('',(#12233),#12237);
#12233 = LINE('',#12234,#12235);
#12234 = CARTESIAN_POINT('',(6.28318530718,0.));
#12235 = VECTOR('',#12236,1.);
#12236 = DIRECTION('',(0.,-1.));
#12237 = ( GEOMETRIC_REPRESENTATION_CONTEXT(2) 
PARAMETRIC_REPRESENTATION_CONTEXT() REPRESENTATION_CONTEXT('2D SPACE',''
  ) );
#12238 = ORIENTED_EDGE('',*,*,#12239,.T.);
#12239 = EDGE_CURVE('',#12207,#12240,#12242,.T.);
#12240 = VERTEX_POINT('',#12241);
#12241 = CARTESIAN_POINT('',(-24.,10.499999984226,11.65));
#12242 = SURFACE_CURVE('',#12243,(#12247,#12254),.PCURVE_S1.);
#12243 = LINE('',#12244,#12245);
#12244 = CARTESIAN_POINT('',(-24.,-10.5,11.65));
#12245 = VECTOR('',#12246,1.);
#12246 = DIRECTION('',(0.,1.,0.));
#12247 = PCURVE('',#12215,#12248);
#12248 = DEFINITIONAL_REPRESENTATION('',(#12249),#12253);
#12249 = LINE('',#12250,#12251);
#12250 = CARTESIAN_POINT('',(0.,-2.15));
#12251 = VECTOR('',#12252,1.);
#12252 = DIRECTION('',(1.,0.));
#12253 = ( GEOMETRIC_REPRESENTATION_CONTEXT(2) 
PARAMETRIC_REPRESENTATION_CONTEXT() REPRESENTATION_CONTEXT('2D SPACE',''
  ) );
#12254 = PCURVE('',#12255,#12260);
#12255 = CYLINDRICAL_SURFACE('',#12256,0.35);
#12256 = AXIS2_PLACEMENT_3D('',#12257,#12258,#12259);
#12257 = CARTESIAN_POINT('',(-23.65,-10.5,11.65));
#12258 = DIRECTION('',(0.,1.,0.));
#12259 = DIRECTION('',(-1.,0.,0.));
#12260 = DEFINITIONAL_REPRESENTATION('',(#12261),#12265);
#12261 = LINE('',#12262,#12263);
#12262 = CARTESIAN_POINT('',(0.,0.));
#12263 = VECTOR('',#12264,1.);
#12264 = DIRECTION('',(0.,1.));
#12265 = ( GEOMETRIC_REPRESENTATION_CONTEXT(2) 
PARAMETRIC_REPRESENTATION_CONTEXT() REPRESENTATION_CONTEXT('2D SPACE',''
  ) );
#12266 = ORIENTED_EDGE('',*,*,#12267,.F.);
#12267 = EDGE_CURVE('',#12268,#12240,#12270,.T.);
#12268 = VERTEX_POINT('',#12269);
#12269 = CARTESIAN_POINT('',(-24.,10.499999984226,9.8));
#12270 = SURFACE_CURVE('',#12271,(#12275,#12282),.PCURVE_S1.);
#12271 = LINE('',#12272,#12273);
#12272 = CARTESIAN_POINT('',(-24.,10.499999984226,9.5));
#12273 = VECTOR('',#12274,1.);
#12274 = DIRECTION('',(0.,0.,1.));
#12275 = PCURVE('',#12215,#12276);
#12276 = DEFINITIONAL_REPRESENTATION('',(#12277),#12281);
#12277 = LINE('',#12278,#12279);
#12278 = CARTESIAN_POINT('',(20.999999984226,0.));
#12279 = VECTOR('',#12280,1.);
#12280 = DIRECTION('',(0.,-1.));
#12281 = ( GEOMETRIC_REPRESENTATION_CONTEXT(2) 
PARAMETRIC_REPRESENTATION_CONTEXT() REPRESENTATION_CONTEXT('2D SPACE',''
  ) );
#12282 = PCURVE('',#12283,#12288);
#12283 = CYLINDRICAL_SURFACE('',#12284,11.5);
#12284 = AXIS2_PLACEMENT_3D('',#12285,#12286,#12287);
#12285 = CARTESIAN_POINT('',(-12.5,10.499999984226,9.5));
#12286 = DIRECTION('',(0.,0.,-1.));
#12287 = DIRECTION('',(-1.,0.,0.));
#12288 = DEFINITIONAL_REPRESENTATION('',(#12289),#12293);
#12289 = LINE('',#12290,#12291);
#12290 = CARTESIAN_POINT('',(0.,0.));
#12291 = VECTOR('',#12292,1.);
#12292 = DIRECTION('',(0.,-1.));
#12293 = ( GEOMETRIC_REPRESENTATION_CONTEXT(2) 
PARAMETRIC_REPRESENTATION_CONTEXT() REPRESENTATION_CONTEXT('2D SPACE',''
  ) );
#12294 = ORIENTED_EDGE('',*,*,#12295,.F.);
#12295 = EDGE_CURVE('',#12205,#12268,#12296,.T.);
#12296 = SURFACE_CURVE('',#12297,(#12301,#12308),.PCURVE_S1.);
#12297 = LINE('',#12298,#12299);
#12298 = CARTESIAN_POINT('',(-24.,-10.5,9.8));
#12299 = VECTOR('',#12300,1.);
#12300 = DIRECTION('',(0.,1.,0.));
#12301 = PCURVE('',#12215,#12302);
#12302 = DEFINITIONAL_REPRESENTATION('',(#12303),#12307);
#12303 = LINE('',#12304,#12305);
#12304 = CARTESIAN_POINT('',(0.,-0.3));
#12305 = VECTOR('',#12306,1.);
#12306 = DIRECTION('',(1.,0.));
#12307 = ( GEOMETRIC_REPRESENTATION_CONTEXT(2) 
PARAMETRIC_REPRESENTATION_CONTEXT() REPRESENTATION_CONTEXT('2D SPACE',''
  ) );
#12308 = PCURVE('',#12309,#12314);
#12309 = CYLINDRICAL_SURFACE('',#12310,0.3);
#12310 = AXIS2_PLACEMENT_3D('',#12311,#12312,#12313);
#12311 = CARTESIAN_POINT('',(-23.7,-10.5,9.8));
#12312 = DIRECTION('',(0.,1.,0.));
#12313 = DIRECTION('',(-1.,0.,0.));
#12314 = DEFINITIONAL_REPRESENTATION('',(#12315),#12319);
#12315 = LINE('',#12316,#12317);
#12316 = CARTESIAN_POINT('',(-0.,0.));
#12317 = VECTOR('',#12318,1.);
#12318 = DIRECTION('',(-0.,1.));
#12319 = ( GEOMETRIC_REPRESENTATION_CONTEXT(2) 
PARAMETRIC_REPRESENTATION_CONTEXT() REPRESENTATION_CONTEXT('2D SPACE',''
  ) );
#12320 = ADVANCED_FACE('',(#12321),#12227,.T.);
#12321 = FACE_BOUND('',#12322,.T.);
#12322 = EDGE_LOOP('',(#12323,#12353,#12380,#12381));
#12323 = ORIENTED_EDGE('',*,*,#12324,.T.);
#12324 = EDGE_CURVE('',#12325,#12327,#12329,.T.);
#12325 = VERTEX_POINT('',#12326);
#12326 = CARTESIAN_POINT('',(-12.5,-22.,9.8));
#12327 = VERTEX_POINT('',#12328);
#12328 = CARTESIAN_POINT('',(-12.5,-22.,11.65));
#12329 = SURFACE_CURVE('',#12330,(#12334,#12341),.PCURVE_S1.);
#12330 = LINE('',#12331,#12332);
#12331 = CARTESIAN_POINT('',(-12.5,-22.,9.5));
#12332 = VECTOR('',#12333,1.);
#12333 = DIRECTION('',(0.,0.,1.));
#12334 = PCURVE('',#12227,#12335);
#12335 = DEFINITIONAL_REPRESENTATION('',(#12336),#12340);
#12336 = LINE('',#12337,#12338);
#12337 = CARTESIAN_POINT('',(4.712388980385,0.));
#12338 = VECTOR('',#12339,1.);
#12339 = DIRECTION('',(0.,-1.));
#12340 = ( GEOMETRIC_REPRESENTATION_CONTEXT(2) 
PARAMETRIC_REPRESENTATION_CONTEXT() REPRESENTATION_CONTEXT('2D SPACE',''
  ) );
#12341 = PCURVE('',#12342,#12347);
#12342 = PLANE('',#12343);
#12343 = AXIS2_PLACEMENT_3D('',#12344,#12345,#12346);
#12344 = CARTESIAN_POINT('',(-12.5,-22.,9.5));
#12345 = DIRECTION('',(0.,1.,0.));
#12346 = DIRECTION('',(1.,0.,0.));
#12347 = DEFINITIONAL_REPRESENTATION('',(#12348),#12352);
#12348 = LINE('',#12349,#12350);
#12349 = CARTESIAN_POINT('',(0.,0.));
#12350 = VECTOR('',#12351,1.);
#12351 = DIRECTION('',(0.,-1.));
#12352 = ( GEOMETRIC_REPRESENTATION_CONTEXT(2) 
PARAMETRIC_REPRESENTATION_CONTEXT() REPRESENTATION_CONTEXT('2D SPACE',''
  ) );
#12353 = ORIENTED_EDGE('',*,*,#12354,.T.);
#12354 = EDGE_CURVE('',#12327,#12207,#12355,.T.);
#12355 = SURFACE_CURVE('',#12356,(#12361,#12368),.PCURVE_S1.);
#12356 = CIRCLE('',#12357,11.5);
#12357 = AXIS2_PLACEMENT_3D('',#12358,#12359,#12360);
#12358 = CARTESIAN_POINT('',(-12.5,-10.5,11.65));
#12359 = DIRECTION('',(0.,-0.,-1.));
#12360 = DIRECTION('',(1.544658121218E-16,-1.,0.));
#12361 = PCURVE('',#12227,#12362);
#12362 = DEFINITIONAL_REPRESENTATION('',(#12363),#12367);
#12363 = LINE('',#12364,#12365);
#12364 = CARTESIAN_POINT('',(4.712388980385,-2.15));
#12365 = VECTOR('',#12366,1.);
#12366 = DIRECTION('',(1.,0.));
#12367 = ( GEOMETRIC_REPRESENTATION_CONTEXT(2) 
PARAMETRIC_REPRESENTATION_CONTEXT() REPRESENTATION_CONTEXT('2D SPACE',''
  ) );
#12368 = PCURVE('',#12369,#12374);
#12369 = TOROIDAL_SURFACE('',#12370,11.15,0.35);
#12370 = AXIS2_PLACEMENT_3D('',#12371,#12372,#12373);
#12371 = CARTESIAN_POINT('',(-12.5,-10.5,11.65));
#12372 = DIRECTION('',(0.,0.,1.));
#12373 = DIRECTION('',(1.544658121218E-16,-1.,0.));
#12374 = DEFINITIONAL_REPRESENTATION('',(#12375),#12379);
#12375 = LINE('',#12376,#12377);
#12376 = CARTESIAN_POINT('',(-0.,0.));
#12377 = VECTOR('',#12378,1.);
#12378 = DIRECTION('',(-1.,0.));
#12379 = ( GEOMETRIC_REPRESENTATION_CONTEXT(2) 
PARAMETRIC_REPRESENTATION_CONTEXT() REPRESENTATION_CONTEXT('2D SPACE',''
  ) );
#12380 = ORIENTED_EDGE('',*,*,#12204,.F.);
#12381 = ORIENTED_EDGE('',*,*,#12382,.F.);
#12382 = EDGE_CURVE('',#12325,#12205,#12383,.T.);
#12383 = SURFACE_CURVE('',#12384,(#12389,#12396),.PCURVE_S1.);
#12384 = CIRCLE('',#12385,11.5);
#12385 = AXIS2_PLACEMENT_3D('',#12386,#12387,#12388);
#12386 = CARTESIAN_POINT('',(-12.5,-10.5,9.8));
#12387 = DIRECTION('',(0.,-0.,-1.));
#12388 = DIRECTION('',(1.544658121218E-16,-1.,0.));
#12389 = PCURVE('',#12227,#12390);
#12390 = DEFINITIONAL_REPRESENTATION('',(#12391),#12395);
#12391 = LINE('',#12392,#12393);
#12392 = CARTESIAN_POINT('',(4.712388980385,-0.3));
#12393 = VECTOR('',#12394,1.);
#12394 = DIRECTION('',(1.,0.));
#12395 = ( GEOMETRIC_REPRESENTATION_CONTEXT(2) 
PARAMETRIC_REPRESENTATION_CONTEXT() REPRESENTATION_CONTEXT('2D SPACE',''
  ) );
#12396 = PCURVE('',#12397,#12402);
#12397 = TOROIDAL_SURFACE('',#12398,11.2,0.3);
#12398 = AXIS2_PLACEMENT_3D('',#12399,#12400,#12401);
#12399 = CARTESIAN_POINT('',(-12.5,-10.5,9.8));
#12400 = DIRECTION('',(-0.,-0.,-1.));
#12401 = DIRECTION('',(1.544658121218E-16,-1.,0.));
#12402 = DEFINITIONAL_REPRESENTATION('',(#12403),#12407);
#12403 = LINE('',#12404,#12405);
#12404 = CARTESIAN_POINT('',(0.,0.));
#12405 = VECTOR('',#12406,1.);
#12406 = DIRECTION('',(1.,0.));
#12407 = ( GEOMETRIC_REPRESENTATION_CONTEXT(2) 
PARAMETRIC_REPRESENTATION_CONTEXT() REPRESENTATION_CONTEXT('2D SPACE',''
  ) );
#12408 = ADVANCED_FACE('',(#12409),#12309,.T.);
#12409 = FACE_BOUND('',#12410,.F.);
#12410 = EDGE_LOOP('',(#12411,#12433,#12461,#12486));
#12411 = ORIENTED_EDGE('',*,*,#12412,.T.);
#12412 = EDGE_CURVE('',#12205,#12413,#12415,.T.);
#12413 = VERTEX_POINT('',#12414);
#12414 = CARTESIAN_POINT('',(-23.7,-10.5,9.5));
#12415 = SURFACE_CURVE('',#12416,(#12421,#12427),.PCURVE_S1.);
#12416 = CIRCLE('',#12417,0.3);
#12417 = AXIS2_PLACEMENT_3D('',#12418,#12419,#12420);
#12418 = CARTESIAN_POINT('',(-23.7,-10.5,9.8));
#12419 = DIRECTION('',(-0.,-1.,-0.));
#12420 = DIRECTION('',(-1.,0.,0.));
#12421 = PCURVE('',#12309,#12422);
#12422 = DEFINITIONAL_REPRESENTATION('',(#12423),#12426);
#12423 = B_SPLINE_CURVE_WITH_KNOTS('',1,(#12424,#12425),.UNSPECIFIED.,
  .F.,.F.,(2,2),(0.,1.570796326795),.PIECEWISE_BEZIER_KNOTS.);
#12424 = CARTESIAN_POINT('',(0.,-1.7763568394E-15));
#12425 = CARTESIAN_POINT('',(-1.570796326795,-1.7763568394E-15));
#12426 = ( GEOMETRIC_REPRESENTATION_CONTEXT(2) 
PARAMETRIC_REPRESENTATION_CONTEXT() REPRESENTATION_CONTEXT('2D SPACE',''
  ) );
#12427 = PCURVE('',#12397,#12428);
#12428 = DEFINITIONAL_REPRESENTATION('',(#12429),#12432);
#12429 = B_SPLINE_CURVE_WITH_KNOTS('',1,(#12430,#12431),.UNSPECIFIED.,
  .F.,.F.,(2,2),(0.,1.570796326795),.PIECEWISE_BEZIER_KNOTS.);
#12430 = CARTESIAN_POINT('',(1.570796326795,0.));
#12431 = CARTESIAN_POINT('',(1.570796326795,1.570796326795));
#12432 = ( GEOMETRIC_REPRESENTATION_CONTEXT(2) 
PARAMETRIC_REPRESENTATION_CONTEXT() REPRESENTATION_CONTEXT('2D SPACE',''
  ) );
#12433 = ORIENTED_EDGE('',*,*,#12434,.T.);
#12434 = EDGE_CURVE('',#12413,#12435,#12437,.T.);
#12435 = VERTEX_POINT('',#12436);
#12436 = CARTESIAN_POINT('',(-23.7,10.499999984226,9.5));
#12437 = SURFACE_CURVE('',#12438,(#12442,#12449),.PCURVE_S1.);
#12438 = LINE('',#12439,#12440);
#12439 = CARTESIAN_POINT('',(-23.7,-10.5,9.5));
#12440 = VECTOR('',#12441,1.);
#12441 = DIRECTION('',(0.,1.,0.));
#12442 = PCURVE('',#12309,#12443);
#12443 = DEFINITIONAL_REPRESENTATION('',(#12444),#12448);
#12444 = LINE('',#12445,#12446);
#12445 = CARTESIAN_POINT('',(-1.570796326795,0.));
#12446 = VECTOR('',#12447,1.);
#12447 = DIRECTION('',(-0.,1.));
#12448 = ( GEOMETRIC_REPRESENTATION_CONTEXT(2) 
PARAMETRIC_REPRESENTATION_CONTEXT() REPRESENTATION_CONTEXT('2D SPACE',''
  ) );
#12449 = PCURVE('',#12450,#12455);
#12450 = PLANE('',#12451);
#12451 = AXIS2_PLACEMENT_3D('',#12452,#12453,#12454);
#12452 = CARTESIAN_POINT('',(-1.178506503405E-09,-2.412279910971E-09,9.5
    ));
#12453 = DIRECTION('',(0.,0.,1.));
#12454 = DIRECTION('',(1.,0.,-0.));
#12455 = DEFINITIONAL_REPRESENTATION('',(#12456),#12460);
#12456 = LINE('',#12457,#12458);
#12457 = CARTESIAN_POINT('',(-23.69999999882,-10.49999999758));
#12458 = VECTOR('',#12459,1.);
#12459 = DIRECTION('',(0.,1.));
#12460 = ( GEOMETRIC_REPRESENTATION_CONTEXT(2) 
PARAMETRIC_REPRESENTATION_CONTEXT() REPRESENTATION_CONTEXT('2D SPACE',''
  ) );
#12461 = ORIENTED_EDGE('',*,*,#12462,.F.);
#12462 = EDGE_CURVE('',#12268,#12435,#12463,.T.);
#12463 = SURFACE_CURVE('',#12464,(#12469,#12475),.PCURVE_S1.);
#12464 = CIRCLE('',#12465,0.3);
#12465 = AXIS2_PLACEMENT_3D('',#12466,#12467,#12468);
#12466 = CARTESIAN_POINT('',(-23.7,10.499999984226,9.8));
#12467 = DIRECTION('',(-0.,-1.,-0.));
#12468 = DIRECTION('',(-1.,0.,0.));
#12469 = PCURVE('',#12309,#12470);
#12470 = DEFINITIONAL_REPRESENTATION('',(#12471),#12474);
#12471 = B_SPLINE_CURVE_WITH_KNOTS('',1,(#12472,#12473),.UNSPECIFIED.,
  .F.,.F.,(2,2),(0.,1.570796326795),.PIECEWISE_BEZIER_KNOTS.);
#12472 = CARTESIAN_POINT('',(0.,20.999999984226));
#12473 = CARTESIAN_POINT('',(-1.570796326795,20.999999984226));
#12474 = ( GEOMETRIC_REPRESENTATION_CONTEXT(2) 
PARAMETRIC_REPRESENTATION_CONTEXT() REPRESENTATION_CONTEXT('2D SPACE',''
  ) );
#12475 = PCURVE('',#12476,#12481);
#12476 = TOROIDAL_SURFACE('',#12477,11.2,0.3);
#12477 = AXIS2_PLACEMENT_3D('',#12478,#12479,#12480);
#12478 = CARTESIAN_POINT('',(-12.5,10.499999984226,9.8));
#12479 = DIRECTION('',(-0.,-0.,-1.));
#12480 = DIRECTION('',(-1.,0.,0.));
#12481 = DEFINITIONAL_REPRESENTATION('',(#12482),#12485);
#12482 = B_SPLINE_CURVE_WITH_KNOTS('',1,(#12483,#12484),.UNSPECIFIED.,
  .F.,.F.,(2,2),(0.,1.570796326795),.PIECEWISE_BEZIER_KNOTS.);
#12483 = CARTESIAN_POINT('',(0.,0.));
#12484 = CARTESIAN_POINT('',(0.,1.570796326795));
#12485 = ( GEOMETRIC_REPRESENTATION_CONTEXT(2) 
PARAMETRIC_REPRESENTATION_CONTEXT() REPRESENTATION_CONTEXT('2D SPACE',''
  ) );
#12486 = ORIENTED_EDGE('',*,*,#12295,.F.);
#12487 = ADVANCED_FACE('',(#12488),#12255,.T.);
#12488 = FACE_BOUND('',#12489,.T.);
#12489 = EDGE_LOOP('',(#12490,#12512,#12540,#12565));
#12490 = ORIENTED_EDGE('',*,*,#12491,.T.);
#12491 = EDGE_CURVE('',#12207,#12492,#12494,.T.);
#12492 = VERTEX_POINT('',#12493);
#12493 = CARTESIAN_POINT('',(-23.65,-10.5,12.));
#12494 = SURFACE_CURVE('',#12495,(#12500,#12506),.PCURVE_S1.);
#12495 = CIRCLE('',#12496,0.35);
#12496 = AXIS2_PLACEMENT_3D('',#12497,#12498,#12499);
#12497 = CARTESIAN_POINT('',(-23.65,-10.5,11.65));
#12498 = DIRECTION('',(0.,1.,0.));
#12499 = DIRECTION('',(-1.,0.,0.));
#12500 = PCURVE('',#12255,#12501);
#12501 = DEFINITIONAL_REPRESENTATION('',(#12502),#12505);
#12502 = B_SPLINE_CURVE_WITH_KNOTS('',1,(#12503,#12504),.UNSPECIFIED.,
  .F.,.F.,(2,2),(0.,1.570796326795),.PIECEWISE_BEZIER_KNOTS.);
#12503 = CARTESIAN_POINT('',(0.,-1.7763568394E-15));
#12504 = CARTESIAN_POINT('',(1.570796326795,-1.7763568394E-15));
#12505 = ( GEOMETRIC_REPRESENTATION_CONTEXT(2) 
PARAMETRIC_REPRESENTATION_CONTEXT() REPRESENTATION_CONTEXT('2D SPACE',''
  ) );
#12506 = PCURVE('',#12369,#12507);
#12507 = DEFINITIONAL_REPRESENTATION('',(#12508),#12511);
#12508 = B_SPLINE_CURVE_WITH_KNOTS('',1,(#12509,#12510),.UNSPECIFIED.,
  .F.,.F.,(2,2),(0.,1.570796326795),.PIECEWISE_BEZIER_KNOTS.);
#12509 = CARTESIAN_POINT('',(-1.570796326795,0.));
#12510 = CARTESIAN_POINT('',(-1.570796326795,1.570796326795));
#12511 = ( GEOMETRIC_REPRESENTATION_CONTEXT(2) 
PARAMETRIC_REPRESENTATION_CONTEXT() REPRESENTATION_CONTEXT('2D SPACE',''
  ) );
#12512 = ORIENTED_EDGE('',*,*,#12513,.T.);
#12513 = EDGE_CURVE('',#12492,#12514,#12516,.T.);
#12514 = VERTEX_POINT('',#12515);
#12515 = CARTESIAN_POINT('',(-23.65,10.499999984226,12.));
#12516 = SURFACE_CURVE('',#12517,(#12521,#12528),.PCURVE_S1.);
#12517 = LINE('',#12518,#12519);
#12518 = CARTESIAN_POINT('',(-23.65,-10.5,12.));
#12519 = VECTOR('',#12520,1.);
#12520 = DIRECTION('',(0.,1.,0.));
#12521 = PCURVE('',#12255,#12522);
#12522 = DEFINITIONAL_REPRESENTATION('',(#12523),#12527);
#12523 = LINE('',#12524,#12525);
#12524 = CARTESIAN_POINT('',(1.570796326795,0.));
#12525 = VECTOR('',#12526,1.);
#12526 = DIRECTION('',(0.,1.));
#12527 = ( GEOMETRIC_REPRESENTATION_CONTEXT(2) 
PARAMETRIC_REPRESENTATION_CONTEXT() REPRESENTATION_CONTEXT('2D SPACE',''
  ) );
#12528 = PCURVE('',#12529,#12534);
#12529 = PLANE('',#12530);
#12530 = AXIS2_PLACEMENT_3D('',#12531,#12532,#12533);
#12531 = CARTESIAN_POINT('',(-1.178506503405E-09,-2.412279910971E-09,12.
    ));
#12532 = DIRECTION('',(0.,0.,1.));
#12533 = DIRECTION('',(1.,0.,-0.));
#12534 = DEFINITIONAL_REPRESENTATION('',(#12535),#12539);
#12535 = LINE('',#12536,#12537);
#12536 = CARTESIAN_POINT('',(-23.64999999882,-10.49999999758));
#12537 = VECTOR('',#12538,1.);
#12538 = DIRECTION('',(0.,1.));
#12539 = ( GEOMETRIC_REPRESENTATION_CONTEXT(2) 
PARAMETRIC_REPRESENTATION_CONTEXT() REPRESENTATION_CONTEXT('2D SPACE',''
  ) );
#12540 = ORIENTED_EDGE('',*,*,#12541,.F.);
#12541 = EDGE_CURVE('',#12240,#12514,#12542,.T.);
#12542 = SURFACE_CURVE('',#12543,(#12548,#12554),.PCURVE_S1.);
#12543 = CIRCLE('',#12544,0.35);
#12544 = AXIS2_PLACEMENT_3D('',#12545,#12546,#12547);
#12545 = CARTESIAN_POINT('',(-23.65,10.499999984226,11.65));
#12546 = DIRECTION('',(0.,1.,0.));
#12547 = DIRECTION('',(-1.,0.,0.));
#12548 = PCURVE('',#12255,#12549);
#12549 = DEFINITIONAL_REPRESENTATION('',(#12550),#12553);
#12550 = B_SPLINE_CURVE_WITH_KNOTS('',1,(#12551,#12552),.UNSPECIFIED.,
  .F.,.F.,(2,2),(0.,1.570796326795),.PIECEWISE_BEZIER_KNOTS.);
#12551 = CARTESIAN_POINT('',(0.,20.999999984226));
#12552 = CARTESIAN_POINT('',(1.570796326795,20.999999984226));
#12553 = ( GEOMETRIC_REPRESENTATION_CONTEXT(2) 
PARAMETRIC_REPRESENTATION_CONTEXT() REPRESENTATION_CONTEXT('2D SPACE',''
  ) );
#12554 = PCURVE('',#12555,#12560);
#12555 = TOROIDAL_SURFACE('',#12556,11.15,0.35);
#12556 = AXIS2_PLACEMENT_3D('',#12557,#12558,#12559);
#12557 = CARTESIAN_POINT('',(-12.5,10.499999984226,11.65));
#12558 = DIRECTION('',(0.,0.,1.));
#12559 = DIRECTION('',(-1.,0.,0.));
#12560 = DEFINITIONAL_REPRESENTATION('',(#12561),#12564);
#12561 = B_SPLINE_CURVE_WITH_KNOTS('',1,(#12562,#12563),.UNSPECIFIED.,
  .F.,.F.,(2,2),(0.,1.570796326795),.PIECEWISE_BEZIER_KNOTS.);
#12562 = CARTESIAN_POINT('',(0.,0.));
#12563 = CARTESIAN_POINT('',(0.,1.570796326795));
#12564 = ( GEOMETRIC_REPRESENTATION_CONTEXT(2) 
PARAMETRIC_REPRESENTATION_CONTEXT() REPRESENTATION_CONTEXT('2D SPACE',''
  ) );
#12565 = ORIENTED_EDGE('',*,*,#12239,.F.);
#12566 = ADVANCED_FACE('',(#12567),#12283,.T.);
#12567 = FACE_BOUND('',#12568,.T.);
#12568 = EDGE_LOOP('',(#12569,#12570,#12594,#12622));
#12569 = ORIENTED_EDGE('',*,*,#12267,.T.);
#12570 = ORIENTED_EDGE('',*,*,#12571,.T.);
#12571 = EDGE_CURVE('',#12240,#12572,#12574,.T.);
#12572 = VERTEX_POINT('',#12573);
#12573 = CARTESIAN_POINT('',(-12.5,21.999999984226,11.65));
#12574 = SURFACE_CURVE('',#12575,(#12580,#12587),.PCURVE_S1.);
#12575 = CIRCLE('',#12576,11.5);
#12576 = AXIS2_PLACEMENT_3D('',#12577,#12578,#12579);
#12577 = CARTESIAN_POINT('',(-12.5,10.499999984226,11.65));
#12578 = DIRECTION('',(-0.,0.,-1.));
#12579 = DIRECTION('',(-1.,0.,0.));
#12580 = PCURVE('',#12283,#12581);
#12581 = DEFINITIONAL_REPRESENTATION('',(#12582),#12586);
#12582 = LINE('',#12583,#12584);
#12583 = CARTESIAN_POINT('',(0.,-2.15));
#12584 = VECTOR('',#12585,1.);
#12585 = DIRECTION('',(1.,0.));
#12586 = ( GEOMETRIC_REPRESENTATION_CONTEXT(2) 
PARAMETRIC_REPRESENTATION_CONTEXT() REPRESENTATION_CONTEXT('2D SPACE',''
  ) );
#12587 = PCURVE('',#12555,#12588);
#12588 = DEFINITIONAL_REPRESENTATION('',(#12589),#12593);
#12589 = LINE('',#12590,#12591);
#12590 = CARTESIAN_POINT('',(-0.,0.));
#12591 = VECTOR('',#12592,1.);
#12592 = DIRECTION('',(-1.,0.));
#12593 = ( GEOMETRIC_REPRESENTATION_CONTEXT(2) 
PARAMETRIC_REPRESENTATION_CONTEXT() REPRESENTATION_CONTEXT('2D SPACE',''
  ) );
#12594 = ORIENTED_EDGE('',*,*,#12595,.F.);
#12595 = EDGE_CURVE('',#12596,#12572,#12598,.T.);
#12596 = VERTEX_POINT('',#12597);
#12597 = CARTESIAN_POINT('',(-12.5,21.999999984226,9.8));
#12598 = SURFACE_CURVE('',#12599,(#12603,#12610),.PCURVE_S1.);
#12599 = LINE('',#12600,#12601);
#12600 = CARTESIAN_POINT('',(-12.5,21.999999992113,9.5));
#12601 = VECTOR('',#12602,1.);
#12602 = DIRECTION('',(0.,0.,1.));
#12603 = PCURVE('',#12283,#12604);
#12604 = DEFINITIONAL_REPRESENTATION('',(#12605),#12609);
#12605 = LINE('',#12606,#12607);
#12606 = CARTESIAN_POINT('',(1.570796326795,0.));
#12607 = VECTOR('',#12608,1.);
#12608 = DIRECTION('',(0.,-1.));
#12609 = ( GEOMETRIC_REPRESENTATION_CONTEXT(2) 
PARAMETRIC_REPRESENTATION_CONTEXT() REPRESENTATION_CONTEXT('2D SPACE',''
  ) );
#12610 = PCURVE('',#12611,#12616);
#12611 = PLANE('',#12612);
#12612 = AXIS2_PLACEMENT_3D('',#12613,#12614,#12615);
#12613 = CARTESIAN_POINT('',(-12.5,22.,9.5));
#12614 = DIRECTION('',(0.,1.,0.));
#12615 = DIRECTION('',(1.,0.,0.));
#12616 = DEFINITIONAL_REPRESENTATION('',(#12617),#12621);
#12617 = LINE('',#12618,#12619);
#12618 = CARTESIAN_POINT('',(0.,0.));
#12619 = VECTOR('',#12620,1.);
#12620 = DIRECTION('',(0.,-1.));
#12621 = ( GEOMETRIC_REPRESENTATION_CONTEXT(2) 
PARAMETRIC_REPRESENTATION_CONTEXT() REPRESENTATION_CONTEXT('2D SPACE',''
  ) );
#12622 = ORIENTED_EDGE('',*,*,#12623,.F.);
#12623 = EDGE_CURVE('',#12268,#12596,#12624,.T.);
#12624 = SURFACE_CURVE('',#12625,(#12630,#12637),.PCURVE_S1.);
#12625 = CIRCLE('',#12626,11.5);
#12626 = AXIS2_PLACEMENT_3D('',#12627,#12628,#12629);
#12627 = CARTESIAN_POINT('',(-12.5,10.499999984226,9.8));
#12628 = DIRECTION('',(-0.,0.,-1.));
#12629 = DIRECTION('',(-1.,0.,0.));
#12630 = PCURVE('',#12283,#12631);
#12631 = DEFINITIONAL_REPRESENTATION('',(#12632),#12636);
#12632 = LINE('',#12633,#12634);
#12633 = CARTESIAN_POINT('',(0.,-0.3));
#12634 = VECTOR('',#12635,1.);
#12635 = DIRECTION('',(1.,0.));
#12636 = ( GEOMETRIC_REPRESENTATION_CONTEXT(2) 
PARAMETRIC_REPRESENTATION_CONTEXT() REPRESENTATION_CONTEXT('2D SPACE',''
  ) );
#12637 = PCURVE('',#12476,#12638);
#12638 = DEFINITIONAL_REPRESENTATION('',(#12639),#12643);
#12639 = LINE('',#12640,#12641);
#12640 = CARTESIAN_POINT('',(0.,0.));
#12641 = VECTOR('',#12642,1.);
#12642 = DIRECTION('',(1.,0.));
#12643 = ( GEOMETRIC_REPRESENTATION_CONTEXT(2) 
PARAMETRIC_REPRESENTATION_CONTEXT() REPRESENTATION_CONTEXT('2D SPACE',''
  ) );
#12644 = ADVANCED_FACE('',(#12645),#12342,.F.);
#12645 = FACE_BOUND('',#12646,.F.);
#12646 = EDGE_LOOP('',(#12647,#12648,#12676,#12704));
#12647 = ORIENTED_EDGE('',*,*,#12324,.T.);
#12648 = ORIENTED_EDGE('',*,*,#12649,.F.);
#12649 = EDGE_CURVE('',#12650,#12327,#12652,.T.);
#12650 = VERTEX_POINT('',#12651);
#12651 = CARTESIAN_POINT('',(12.49999998742,-22.,11.65));
#12652 = SURFACE_CURVE('',#12653,(#12657,#12664),.PCURVE_S1.);
#12653 = LINE('',#12654,#12655);
#12654 = CARTESIAN_POINT('',(12.49999998742,-22.,11.65));
#12655 = VECTOR('',#12656,1.);
#12656 = DIRECTION('',(-1.,-0.,-0.));
#12657 = PCURVE('',#12342,#12658);
#12658 = DEFINITIONAL_REPRESENTATION('',(#12659),#12663);
#12659 = LINE('',#12660,#12661);
#12660 = CARTESIAN_POINT('',(24.99999998742,-2.15));
#12661 = VECTOR('',#12662,1.);
#12662 = DIRECTION('',(-1.,0.));
#12663 = ( GEOMETRIC_REPRESENTATION_CONTEXT(2) 
PARAMETRIC_REPRESENTATION_CONTEXT() REPRESENTATION_CONTEXT('2D SPACE',''
  ) );
#12664 = PCURVE('',#12665,#12670);
#12665 = CYLINDRICAL_SURFACE('',#12666,0.35);
#12666 = AXIS2_PLACEMENT_3D('',#12667,#12668,#12669);
#12667 = CARTESIAN_POINT('',(12.49999998742,-21.65,11.65));
#12668 = DIRECTION('',(-1.,-0.,-0.));
#12669 = DIRECTION('',(0.,-1.,0.));
#12670 = DEFINITIONAL_REPRESENTATION('',(#12671),#12675);
#12671 = LINE('',#12672,#12673);
#12672 = CARTESIAN_POINT('',(0.,0.));
#12673 = VECTOR('',#12674,1.);
#12674 = DIRECTION('',(0.,1.));
#12675 = ( GEOMETRIC_REPRESENTATION_CONTEXT(2) 
PARAMETRIC_REPRESENTATION_CONTEXT() REPRESENTATION_CONTEXT('2D SPACE',''
  ) );
#12676 = ORIENTED_EDGE('',*,*,#12677,.F.);
#12677 = EDGE_CURVE('',#12678,#12650,#12680,.T.);
#12678 = VERTEX_POINT('',#12679);
#12679 = CARTESIAN_POINT('',(12.49999998742,-22.,9.8));
#12680 = SURFACE_CURVE('',#12681,(#12685,#12692),.PCURVE_S1.);
#12681 = LINE('',#12682,#12683);
#12682 = CARTESIAN_POINT('',(12.49999998742,-22.,9.5));
#12683 = VECTOR('',#12684,1.);
#12684 = DIRECTION('',(0.,0.,1.));
#12685 = PCURVE('',#12342,#12686);
#12686 = DEFINITIONAL_REPRESENTATION('',(#12687),#12691);
#12687 = LINE('',#12688,#12689);
#12688 = CARTESIAN_POINT('',(24.99999998742,0.));
#12689 = VECTOR('',#12690,1.);
#12690 = DIRECTION('',(0.,-1.));
#12691 = ( GEOMETRIC_REPRESENTATION_CONTEXT(2) 
PARAMETRIC_REPRESENTATION_CONTEXT() REPRESENTATION_CONTEXT('2D SPACE',''
  ) );
#12692 = PCURVE('',#12693,#12698);
#12693 = CYLINDRICAL_SURFACE('',#12694,11.5);
#12694 = AXIS2_PLACEMENT_3D('',#12695,#12696,#12697);
#12695 = CARTESIAN_POINT('',(12.49999998742,-10.5,9.5));
#12696 = DIRECTION('',(0.,0.,-1.));
#12697 = DIRECTION('',(-1.,0.,0.));
#12698 = DEFINITIONAL_REPRESENTATION('',(#12699),#12703);
#12699 = LINE('',#12700,#12701);
#12700 = CARTESIAN_POINT('',(4.712388980385,0.));
#12701 = VECTOR('',#12702,1.);
#12702 = DIRECTION('',(0.,-1.));
#12703 = ( GEOMETRIC_REPRESENTATION_CONTEXT(2) 
PARAMETRIC_REPRESENTATION_CONTEXT() REPRESENTATION_CONTEXT('2D SPACE',''
  ) );
#12704 = ORIENTED_EDGE('',*,*,#12705,.T.);
#12705 = EDGE_CURVE('',#12678,#12325,#12706,.T.);
#12706 = SURFACE_CURVE('',#12707,(#12711,#12718),.PCURVE_S1.);
#12707 = LINE('',#12708,#12709);
#12708 = CARTESIAN_POINT('',(12.49999998742,-22.,9.8));
#12709 = VECTOR('',#12710,1.);
#12710 = DIRECTION('',(-1.,-0.,-0.));
#12711 = PCURVE('',#12342,#12712);
#12712 = DEFINITIONAL_REPRESENTATION('',(#12713),#12717);
#12713 = LINE('',#12714,#12715);
#12714 = CARTESIAN_POINT('',(24.99999998742,-0.3));
#12715 = VECTOR('',#12716,1.);
#12716 = DIRECTION('',(-1.,0.));
#12717 = ( GEOMETRIC_REPRESENTATION_CONTEXT(2) 
PARAMETRIC_REPRESENTATION_CONTEXT() REPRESENTATION_CONTEXT('2D SPACE',''
  ) );
#12718 = PCURVE('',#12719,#12724);
#12719 = CYLINDRICAL_SURFACE('',#12720,0.3);
#12720 = AXIS2_PLACEMENT_3D('',#12721,#12722,#12723);
#12721 = CARTESIAN_POINT('',(12.49999998742,-21.7,9.8));
#12722 = DIRECTION('',(-1.,-0.,-0.));
#12723 = DIRECTION('',(0.,-1.,0.));
#12724 = DEFINITIONAL_REPRESENTATION('',(#12725),#12729);
#12725 = LINE('',#12726,#12727);
#12726 = CARTESIAN_POINT('',(-0.,0.));
#12727 = VECTOR('',#12728,1.);
#12728 = DIRECTION('',(-0.,1.));
#12729 = ( GEOMETRIC_REPRESENTATION_CONTEXT(2) 
PARAMETRIC_REPRESENTATION_CONTEXT() REPRESENTATION_CONTEXT('2D SPACE',''
  ) );
#12730 = ADVANCED_FACE('',(#12731),#12397,.T.);
#12731 = FACE_BOUND('',#12732,.T.);
#12732 = EDGE_LOOP('',(#12733,#12755,#12756,#12757));
#12733 = ORIENTED_EDGE('',*,*,#12734,.F.);
#12734 = EDGE_CURVE('',#12325,#12735,#12737,.T.);
#12735 = VERTEX_POINT('',#12736);
#12736 = CARTESIAN_POINT('',(-12.5,-21.7,9.5));
#12737 = SURFACE_CURVE('',#12738,(#12743,#12749),.PCURVE_S1.);
#12738 = CIRCLE('',#12739,0.3);
#12739 = AXIS2_PLACEMENT_3D('',#12740,#12741,#12742);
#12740 = CARTESIAN_POINT('',(-12.5,-21.7,9.8));
#12741 = DIRECTION('',(1.,0.,0.));
#12742 = DIRECTION('',(0.,-1.,0.));
#12743 = PCURVE('',#12397,#12744);
#12744 = DEFINITIONAL_REPRESENTATION('',(#12745),#12748);
#12745 = B_SPLINE_CURVE_WITH_KNOTS('',1,(#12746,#12747),.UNSPECIFIED.,
  .F.,.F.,(2,2),(0.,1.570796326795),.PIECEWISE_BEZIER_KNOTS.);
#12746 = CARTESIAN_POINT('',(0.,0.));
#12747 = CARTESIAN_POINT('',(0.,1.570796326795));
#12748 = ( GEOMETRIC_REPRESENTATION_CONTEXT(2) 
PARAMETRIC_REPRESENTATION_CONTEXT() REPRESENTATION_CONTEXT('2D SPACE',''
  ) );
#12749 = PCURVE('',#12719,#12750);
#12750 = DEFINITIONAL_REPRESENTATION('',(#12751),#12754);
#12751 = B_SPLINE_CURVE_WITH_KNOTS('',1,(#12752,#12753),.UNSPECIFIED.,
  .F.,.F.,(2,2),(0.,1.570796326795),.PIECEWISE_BEZIER_KNOTS.);
#12752 = CARTESIAN_POINT('',(0.,24.99999998742));
#12753 = CARTESIAN_POINT('',(-1.570796326795,24.99999998742));
#12754 = ( GEOMETRIC_REPRESENTATION_CONTEXT(2) 
PARAMETRIC_REPRESENTATION_CONTEXT() REPRESENTATION_CONTEXT('2D SPACE',''
  ) );
#12755 = ORIENTED_EDGE('',*,*,#12382,.T.);
#12756 = ORIENTED_EDGE('',*,*,#12412,.T.);
#12757 = ORIENTED_EDGE('',*,*,#12758,.F.);
#12758 = EDGE_CURVE('',#12735,#12413,#12759,.T.);
#12759 = SURFACE_CURVE('',#12760,(#12765,#12772),.PCURVE_S1.);
#12760 = CIRCLE('',#12761,11.2);
#12761 = AXIS2_PLACEMENT_3D('',#12762,#12763,#12764);
#12762 = CARTESIAN_POINT('',(-12.5,-10.5,9.5));
#12763 = DIRECTION('',(0.,-0.,-1.));
#12764 = DIRECTION('',(1.544658121218E-16,-1.,0.));
#12765 = PCURVE('',#12397,#12766);
#12766 = DEFINITIONAL_REPRESENTATION('',(#12767),#12771);
#12767 = LINE('',#12768,#12769);
#12768 = CARTESIAN_POINT('',(0.,1.570796326795));
#12769 = VECTOR('',#12770,1.);
#12770 = DIRECTION('',(1.,0.));
#12771 = ( GEOMETRIC_REPRESENTATION_CONTEXT(2) 
PARAMETRIC_REPRESENTATION_CONTEXT() REPRESENTATION_CONTEXT('2D SPACE',''
  ) );
#12772 = PCURVE('',#12450,#12773);
#12773 = DEFINITIONAL_REPRESENTATION('',(#12774),#12782);
#12774 = ( BOUNDED_CURVE() B_SPLINE_CURVE(2,(#12775,#12776,#12777,#12778
    ,#12779,#12780,#12781),.UNSPECIFIED.,.T.,.F.) 
B_SPLINE_CURVE_WITH_KNOTS((1,2,2,2,2,1),(-2.094395102393,0.,
    2.094395102393,4.188790204786,6.28318530718,8.377580409573),
.UNSPECIFIED.) CURVE() GEOMETRIC_REPRESENTATION_ITEM() 
RATIONAL_B_SPLINE_CURVE((1.,0.5,1.,0.5,1.,0.5,1.)) REPRESENTATION_ITEM(
  '') );
#12775 = CARTESIAN_POINT('',(-12.49999999882,-21.69999999758));
#12776 = CARTESIAN_POINT('',(-31.89896904359,-21.69999999758));
#12777 = CARTESIAN_POINT('',(-22.1994845212,-4.899999997588));
#12778 = CARTESIAN_POINT('',(-12.49999999882,11.900000002412));
#12779 = CARTESIAN_POINT('',(-2.800515476436,-4.899999997588));
#12780 = CARTESIAN_POINT('',(6.89896904595,-21.69999999758));
#12781 = CARTESIAN_POINT('',(-12.49999999882,-21.69999999758));
#12782 = ( GEOMETRIC_REPRESENTATION_CONTEXT(2) 
PARAMETRIC_REPRESENTATION_CONTEXT() REPRESENTATION_CONTEXT('2D SPACE',''
  ) );
#12783 = ADVANCED_FACE('',(#12784),#12369,.T.);
#12784 = FACE_BOUND('',#12785,.F.);
#12785 = EDGE_LOOP('',(#12786,#12808,#12809,#12810));
#12786 = ORIENTED_EDGE('',*,*,#12787,.F.);
#12787 = EDGE_CURVE('',#12327,#12788,#12790,.T.);
#12788 = VERTEX_POINT('',#12789);
#12789 = CARTESIAN_POINT('',(-12.5,-21.65,12.));
#12790 = SURFACE_CURVE('',#12791,(#12796,#12802),.PCURVE_S1.);
#12791 = CIRCLE('',#12792,0.35);
#12792 = AXIS2_PLACEMENT_3D('',#12793,#12794,#12795);
#12793 = CARTESIAN_POINT('',(-12.5,-21.65,11.65));
#12794 = DIRECTION('',(-1.,-0.,0.));
#12795 = DIRECTION('',(0.,-1.,0.));
#12796 = PCURVE('',#12369,#12797);
#12797 = DEFINITIONAL_REPRESENTATION('',(#12798),#12801);
#12798 = B_SPLINE_CURVE_WITH_KNOTS('',1,(#12799,#12800),.UNSPECIFIED.,
  .F.,.F.,(2,2),(0.,1.570796326795),.PIECEWISE_BEZIER_KNOTS.);
#12799 = CARTESIAN_POINT('',(0.,0.));
#12800 = CARTESIAN_POINT('',(0.,1.570796326795));
#12801 = ( GEOMETRIC_REPRESENTATION_CONTEXT(2) 
PARAMETRIC_REPRESENTATION_CONTEXT() REPRESENTATION_CONTEXT('2D SPACE',''
  ) );
#12802 = PCURVE('',#12665,#12803);
#12803 = DEFINITIONAL_REPRESENTATION('',(#12804),#12807);
#12804 = B_SPLINE_CURVE_WITH_KNOTS('',1,(#12805,#12806),.UNSPECIFIED.,
  .F.,.F.,(2,2),(0.,1.570796326795),.PIECEWISE_BEZIER_KNOTS.);
#12805 = CARTESIAN_POINT('',(0.,24.99999998742));
#12806 = CARTESIAN_POINT('',(1.570796326795,24.99999998742));
#12807 = ( GEOMETRIC_REPRESENTATION_CONTEXT(2) 
PARAMETRIC_REPRESENTATION_CONTEXT() REPRESENTATION_CONTEXT('2D SPACE',''
  ) );
#12808 = ORIENTED_EDGE('',*,*,#12354,.T.);
#12809 = ORIENTED_EDGE('',*,*,#12491,.T.);
#12810 = ORIENTED_EDGE('',*,*,#12811,.F.);
#12811 = EDGE_CURVE('',#12788,#12492,#12812,.T.);
#12812 = SURFACE_CURVE('',#12813,(#12818,#12825),.PCURVE_S1.);
#12813 = CIRCLE('',#12814,11.15);
#12814 = AXIS2_PLACEMENT_3D('',#12815,#12816,#12817);
#12815 = CARTESIAN_POINT('',(-12.5,-10.5,12.));
#12816 = DIRECTION('',(0.,-0.,-1.));
#12817 = DIRECTION('',(1.544658121218E-16,-1.,0.));
#12818 = PCURVE('',#12369,#12819);
#12819 = DEFINITIONAL_REPRESENTATION('',(#12820),#12824);
#12820 = LINE('',#12821,#12822);
#12821 = CARTESIAN_POINT('',(-0.,1.570796326795));
#12822 = VECTOR('',#12823,1.);
#12823 = DIRECTION('',(-1.,0.));
#12824 = ( GEOMETRIC_REPRESENTATION_CONTEXT(2) 
PARAMETRIC_REPRESENTATION_CONTEXT() REPRESENTATION_CONTEXT('2D SPACE',''
  ) );
#12825 = PCURVE('',#12529,#12826);
#12826 = DEFINITIONAL_REPRESENTATION('',(#12827),#12835);
#12827 = ( BOUNDED_CURVE() B_SPLINE_CURVE(2,(#12828,#12829,#12830,#12831
    ,#12832,#12833,#12834),.UNSPECIFIED.,.T.,.F.) 
B_SPLINE_CURVE_WITH_KNOTS((1,2,2,2,2,1),(-2.094395102393,0.,
    2.094395102393,4.188790204786,6.28318530718,8.377580409573),
.UNSPECIFIED.) CURVE() GEOMETRIC_REPRESENTATION_ITEM() 
RATIONAL_B_SPLINE_CURVE((1.,0.5,1.,0.5,1.,0.5,1.)) REPRESENTATION_ITEM(
  '') );
#12828 = CARTESIAN_POINT('',(-12.49999999882,-21.64999999758));
#12829 = CARTESIAN_POINT('',(-31.81236650321,-21.64999999758));
#12830 = CARTESIAN_POINT('',(-22.15618325101,-4.924999997588));
#12831 = CARTESIAN_POINT('',(-12.49999999882,11.800000002412));
#12832 = CARTESIAN_POINT('',(-2.843816746625,-4.924999997588));
#12833 = CARTESIAN_POINT('',(6.812366505571,-21.64999999758));
#12834 = CARTESIAN_POINT('',(-12.49999999882,-21.64999999758));
#12835 = ( GEOMETRIC_REPRESENTATION_CONTEXT(2) 
PARAMETRIC_REPRESENTATION_CONTEXT() REPRESENTATION_CONTEXT('2D SPACE',''
  ) );
#12836 = ADVANCED_FACE('',(#12837,#13012,#13043,#13074,#13105,#13136,
    #13167,#13198,#13229,#13260,#13291,#13322,#13353,#13384,#13415,
    #13653,#13684),#12450,.F.);
#12837 = FACE_BOUND('',#12838,.F.);
#12838 = EDGE_LOOP('',(#12839,#12840,#12841,#12864,#12897,#12925,#12958,
    #12986));
#12839 = ORIENTED_EDGE('',*,*,#12434,.F.);
#12840 = ORIENTED_EDGE('',*,*,#12758,.F.);
#12841 = ORIENTED_EDGE('',*,*,#12842,.F.);
#12842 = EDGE_CURVE('',#12843,#12735,#12845,.T.);
#12843 = VERTEX_POINT('',#12844);
#12844 = CARTESIAN_POINT('',(12.49999998742,-21.7,9.5));
#12845 = SURFACE_CURVE('',#12846,(#12850,#12857),.PCURVE_S1.);
#12846 = LINE('',#12847,#12848);
#12847 = CARTESIAN_POINT('',(12.49999998742,-21.7,9.5));
#12848 = VECTOR('',#12849,1.);
#12849 = DIRECTION('',(-1.,-0.,-0.));
#12850 = PCURVE('',#12450,#12851);
#12851 = DEFINITIONAL_REPRESENTATION('',(#12852),#12856);
#12852 = LINE('',#12853,#12854);
#12853 = CARTESIAN_POINT('',(12.499999988599,-21.69999999758));
#12854 = VECTOR('',#12855,1.);
#12855 = DIRECTION('',(-1.,0.));
#12856 = ( GEOMETRIC_REPRESENTATION_CONTEXT(2) 
PARAMETRIC_REPRESENTATION_CONTEXT() REPRESENTATION_CONTEXT('2D SPACE',''
  ) );
#12857 = PCURVE('',#12719,#12858);
#12858 = DEFINITIONAL_REPRESENTATION('',(#12859),#12863);
#12859 = LINE('',#12860,#12861);
#12860 = CARTESIAN_POINT('',(-1.570796326795,0.));
#12861 = VECTOR('',#12862,1.);
#12862 = DIRECTION('',(-0.,1.));
#12863 = ( GEOMETRIC_REPRESENTATION_CONTEXT(2) 
PARAMETRIC_REPRESENTATION_CONTEXT() REPRESENTATION_CONTEXT('2D SPACE',''
  ) );
#12864 = ORIENTED_EDGE('',*,*,#12865,.F.);
#12865 = EDGE_CURVE('',#12866,#12843,#12868,.T.);
#12866 = VERTEX_POINT('',#12867);
#12867 = CARTESIAN_POINT('',(23.7,-10.5,9.5));
#12868 = SURFACE_CURVE('',#12869,(#12874,#12885),.PCURVE_S1.);
#12869 = CIRCLE('',#12870,11.2);
#12870 = AXIS2_PLACEMENT_3D('',#12871,#12872,#12873);
#12871 = CARTESIAN_POINT('',(12.49999998742,-10.5,9.5));
#12872 = DIRECTION('',(0.,-0.,-1.));
#12873 = DIRECTION('',(1.,1.544658121218E-16,-0.));
#12874 = PCURVE('',#12450,#12875);
#12875 = DEFINITIONAL_REPRESENTATION('',(#12876),#12884);
#12876 = ( BOUNDED_CURVE() B_SPLINE_CURVE(2,(#12877,#12878,#12879,#12880
    ,#12881,#12882,#12883),.UNSPECIFIED.,.T.,.F.) 
B_SPLINE_CURVE_WITH_KNOTS((1,2,2,2,2,1),(-2.094395102393,0.,
    2.094395102393,4.188790204786,6.28318530718,8.377580409573),
.UNSPECIFIED.) CURVE() GEOMETRIC_REPRESENTATION_ITEM() 
RATIONAL_B_SPLINE_CURVE((1.,0.5,1.,0.5,1.,0.5,1.)) REPRESENTATION_ITEM(
  '') );
#12877 = CARTESIAN_POINT('',(23.699999988599,-10.49999999758));
#12878 = CARTESIAN_POINT('',(23.699999988599,-29.89896904235));
#12879 = CARTESIAN_POINT('',(6.899999988599,-20.19948451997));
#12880 = CARTESIAN_POINT('',(-9.900000011401,-10.49999999758));
#12881 = CARTESIAN_POINT('',(6.899999988599,-0.800515475202));
#12882 = CARTESIAN_POINT('',(23.699999988599,8.898969047184));
#12883 = CARTESIAN_POINT('',(23.699999988599,-10.49999999758));
#12884 = ( GEOMETRIC_REPRESENTATION_CONTEXT(2) 
PARAMETRIC_REPRESENTATION_CONTEXT() REPRESENTATION_CONTEXT('2D SPACE',''
  ) );
#12885 = PCURVE('',#12886,#12891);
#12886 = TOROIDAL_SURFACE('',#12887,11.2,0.3);
#12887 = AXIS2_PLACEMENT_3D('',#12888,#12889,#12890);
#12888 = CARTESIAN_POINT('',(12.49999998742,-10.5,9.8));
#12889 = DIRECTION('',(-0.,-0.,-1.));
#12890 = DIRECTION('',(1.,1.544658121218E-16,-0.));
#12891 = DEFINITIONAL_REPRESENTATION('',(#12892),#12896);
#12892 = LINE('',#12893,#12894);
#12893 = CARTESIAN_POINT('',(0.,1.570796326795));
#12894 = VECTOR('',#12895,1.);
#12895 = DIRECTION('',(1.,0.));
#12896 = ( GEOMETRIC_REPRESENTATION_CONTEXT(2) 
PARAMETRIC_REPRESENTATION_CONTEXT() REPRESENTATION_CONTEXT('2D SPACE',''
  ) );
#12897 = ORIENTED_EDGE('',*,*,#12898,.F.);
#12898 = EDGE_CURVE('',#12899,#12866,#12901,.T.);
#12899 = VERTEX_POINT('',#12900);
#12900 = CARTESIAN_POINT('',(23.7,10.499999992113,9.5));
#12901 = SURFACE_CURVE('',#12902,(#12906,#12913),.PCURVE_S1.);
#12902 = LINE('',#12903,#12904);
#12903 = CARTESIAN_POINT('',(23.7,10.499999992113,9.5));
#12904 = VECTOR('',#12905,1.);
#12905 = DIRECTION('',(-0.,-1.,-0.));
#12906 = PCURVE('',#12450,#12907);
#12907 = DEFINITIONAL_REPRESENTATION('',(#12908),#12912);
#12908 = LINE('',#12909,#12910);
#12909 = CARTESIAN_POINT('',(23.700000001179,10.499999994525));
#12910 = VECTOR('',#12911,1.);
#12911 = DIRECTION('',(0.,-1.));
#12912 = ( GEOMETRIC_REPRESENTATION_CONTEXT(2) 
PARAMETRIC_REPRESENTATION_CONTEXT() REPRESENTATION_CONTEXT('2D SPACE',''
  ) );
#12913 = PCURVE('',#12914,#12919);
#12914 = CYLINDRICAL_SURFACE('',#12915,0.3);
#12915 = AXIS2_PLACEMENT_3D('',#12916,#12917,#12918);
#12916 = CARTESIAN_POINT('',(23.7,10.499999992113,9.8));
#12917 = DIRECTION('',(-0.,-1.,-0.));
#12918 = DIRECTION('',(1.,-0.,0.));
#12919 = DEFINITIONAL_REPRESENTATION('',(#12920),#12924);
#12920 = LINE('',#12921,#12922);
#12921 = CARTESIAN_POINT('',(-1.570796326795,0.));
#12922 = VECTOR('',#12923,1.);
#12923 = DIRECTION('',(-0.,1.));
#12924 = ( GEOMETRIC_REPRESENTATION_CONTEXT(2) 
PARAMETRIC_REPRESENTATION_CONTEXT() REPRESENTATION_CONTEXT('2D SPACE',''
  ) );
#12925 = ORIENTED_EDGE('',*,*,#12926,.F.);
#12926 = EDGE_CURVE('',#12927,#12899,#12929,.T.);
#12927 = VERTEX_POINT('',#12928);
#12928 = CARTESIAN_POINT('',(12.5,21.7,9.5));
#12929 = SURFACE_CURVE('',#12930,(#12935,#12946),.PCURVE_S1.);
#12930 = CIRCLE('',#12931,11.2);
#12931 = AXIS2_PLACEMENT_3D('',#12932,#12933,#12934);
#12932 = CARTESIAN_POINT('',(12.5,10.499999992113,9.5));
#12933 = DIRECTION('',(0.,-0.,-1.));
#12934 = DIRECTION('',(0.,1.,-0.));
#12935 = PCURVE('',#12450,#12936);
#12936 = DEFINITIONAL_REPRESENTATION('',(#12937),#12945);
#12937 = ( BOUNDED_CURVE() B_SPLINE_CURVE(2,(#12938,#12939,#12940,#12941
    ,#12942,#12943,#12944),.UNSPECIFIED.,.T.,.F.) 
B_SPLINE_CURVE_WITH_KNOTS((1,2,2,2,2,1),(-2.094395102393,0.,
    2.094395102393,4.188790204786,6.28318530718,8.377580409573),
.UNSPECIFIED.) CURVE() GEOMETRIC_REPRESENTATION_ITEM() 
RATIONAL_B_SPLINE_CURVE((1.,0.5,1.,0.5,1.,0.5,1.)) REPRESENTATION_ITEM(
  '') );
#12938 = CARTESIAN_POINT('',(12.500000001179,21.699999994525));
#12939 = CARTESIAN_POINT('',(31.89896904595,21.699999994525));
#12940 = CARTESIAN_POINT('',(22.199484523564,4.899999994525));
#12941 = CARTESIAN_POINT('',(12.500000001179,-11.90000000547));
#12942 = CARTESIAN_POINT('',(2.800515478793,4.899999994525));
#12943 = CARTESIAN_POINT('',(-6.898969043593,21.699999994525));
#12944 = CARTESIAN_POINT('',(12.500000001179,21.699999994525));
#12945 = ( GEOMETRIC_REPRESENTATION_CONTEXT(2) 
PARAMETRIC_REPRESENTATION_CONTEXT() REPRESENTATION_CONTEXT('2D SPACE',''
  ) );
#12946 = PCURVE('',#12947,#12952);
#12947 = TOROIDAL_SURFACE('',#12948,11.2,0.3);
#12948 = AXIS2_PLACEMENT_3D('',#12949,#12950,#12951);
#12949 = CARTESIAN_POINT('',(12.5,10.499999992113,9.8));
#12950 = DIRECTION('',(-0.,-0.,-1.));
#12951 = DIRECTION('',(0.,1.,-0.));
#12952 = DEFINITIONAL_REPRESENTATION('',(#12953),#12957);
#12953 = LINE('',#12954,#12955);
#12954 = CARTESIAN_POINT('',(0.,1.570796326795));
#12955 = VECTOR('',#12956,1.);
#12956 = DIRECTION('',(1.,0.));
#12957 = ( GEOMETRIC_REPRESENTATION_CONTEXT(2) 
PARAMETRIC_REPRESENTATION_CONTEXT() REPRESENTATION_CONTEXT('2D SPACE',''
  ) );
#12958 = ORIENTED_EDGE('',*,*,#12959,.F.);
#12959 = EDGE_CURVE('',#12960,#12927,#12962,.T.);
#12960 = VERTEX_POINT('',#12961);
#12961 = CARTESIAN_POINT('',(-12.5,21.699999984226,9.5));
#12962 = SURFACE_CURVE('',#12963,(#12967,#12974),.PCURVE_S1.);
#12963 = LINE('',#12964,#12965);
#12964 = CARTESIAN_POINT('',(-12.5,21.7,9.5));
#12965 = VECTOR('',#12966,1.);
#12966 = DIRECTION('',(1.,0.,0.));
#12967 = PCURVE('',#12450,#12968);
#12968 = DEFINITIONAL_REPRESENTATION('',(#12969),#12973);
#12969 = LINE('',#12970,#12971);
#12970 = CARTESIAN_POINT('',(-12.49999999882,21.700000002412));
#12971 = VECTOR('',#12972,1.);
#12972 = DIRECTION('',(1.,0.));
#12973 = ( GEOMETRIC_REPRESENTATION_CONTEXT(2) 
PARAMETRIC_REPRESENTATION_CONTEXT() REPRESENTATION_CONTEXT('2D SPACE',''
  ) );
#12974 = PCURVE('',#12975,#12980);
#12975 = CYLINDRICAL_SURFACE('',#12976,0.3);
#12976 = AXIS2_PLACEMENT_3D('',#12977,#12978,#12979);
#12977 = CARTESIAN_POINT('',(-12.5,21.7,9.8));
#12978 = DIRECTION('',(1.,0.,0.));
#12979 = DIRECTION('',(-0.,1.,0.));
#12980 = DEFINITIONAL_REPRESENTATION('',(#12981),#12985);
#12981 = LINE('',#12982,#12983);
#12982 = CARTESIAN_POINT('',(-1.570796326795,0.));
#12983 = VECTOR('',#12984,1.);
#12984 = DIRECTION('',(-0.,1.));
#12985 = ( GEOMETRIC_REPRESENTATION_CONTEXT(2) 
PARAMETRIC_REPRESENTATION_CONTEXT() REPRESENTATION_CONTEXT('2D SPACE',''
  ) );
#12986 = ORIENTED_EDGE('',*,*,#12987,.F.);
#12987 = EDGE_CURVE('',#12435,#12960,#12988,.T.);
#12988 = SURFACE_CURVE('',#12989,(#12994,#13005),.PCURVE_S1.);
#12989 = CIRCLE('',#12990,11.2);
#12990 = AXIS2_PLACEMENT_3D('',#12991,#12992,#12993);
#12991 = CARTESIAN_POINT('',(-12.5,10.499999984226,9.5));
#12992 = DIRECTION('',(-0.,0.,-1.));
#12993 = DIRECTION('',(-1.,0.,0.));
#12994 = PCURVE('',#12450,#12995);
#12995 = DEFINITIONAL_REPRESENTATION('',(#12996),#13004);
#12996 = ( BOUNDED_CURVE() B_SPLINE_CURVE(2,(#12997,#12998,#12999,#13000
    ,#13001,#13002,#13003),.UNSPECIFIED.,.T.,.F.) 
B_SPLINE_CURVE_WITH_KNOTS((1,2,2,2,2,1),(-2.094395102393,0.,
    2.094395102393,4.188790204786,6.28318530718,8.377580409573),
.UNSPECIFIED.) CURVE() GEOMETRIC_REPRESENTATION_ITEM() 
RATIONAL_B_SPLINE_CURVE((1.,0.5,1.,0.5,1.,0.5,1.)) REPRESENTATION_ITEM(
  '') );
#12997 = CARTESIAN_POINT('',(-23.69999999882,10.499999986638));
#12998 = CARTESIAN_POINT('',(-23.69999999882,29.898969031409));
#12999 = CARTESIAN_POINT('',(-6.899999998821,20.199484509024));
#13000 = CARTESIAN_POINT('',(9.900000001179,10.499999986638));
#13001 = CARTESIAN_POINT('',(-6.899999998821,0.800515464252));
#13002 = CARTESIAN_POINT('',(-23.69999999882,-8.898969058133));
#13003 = CARTESIAN_POINT('',(-23.69999999882,10.499999986638));
#13004 = ( GEOMETRIC_REPRESENTATION_CONTEXT(2) 
PARAMETRIC_REPRESENTATION_CONTEXT() REPRESENTATION_CONTEXT('2D SPACE',''
  ) );
#13005 = PCURVE('',#12476,#13006);
#13006 = DEFINITIONAL_REPRESENTATION('',(#13007),#13011);
#13007 = LINE('',#13008,#13009);
#13008 = CARTESIAN_POINT('',(0.,1.570796326795));
#13009 = VECTOR('',#13010,1.);
#13010 = DIRECTION('',(1.,0.));
#13011 = ( GEOMETRIC_REPRESENTATION_CONTEXT(2) 
PARAMETRIC_REPRESENTATION_CONTEXT() REPRESENTATION_CONTEXT('2D SPACE',''
  ) );
#13012 = FACE_BOUND('',#13013,.F.);
#13013 = EDGE_LOOP('',(#13014));
#13014 = ORIENTED_EDGE('',*,*,#13015,.F.);
#13015 = EDGE_CURVE('',#13016,#13016,#13018,.T.);
#13016 = VERTEX_POINT('',#13017);
#13017 = CARTESIAN_POINT('',(-13.8,-15.5,9.5));
#13018 = SURFACE_CURVE('',#13019,(#13024,#13031),.PCURVE_S1.);
#13019 = CIRCLE('',#13020,1.2);
#13020 = AXIS2_PLACEMENT_3D('',#13021,#13022,#13023);
#13021 = CARTESIAN_POINT('',(-15.,-15.5,9.5));
#13022 = DIRECTION('',(0.,0.,1.));
#13023 = DIRECTION('',(1.,0.,-0.));
#13024 = PCURVE('',#12450,#13025);
#13025 = DEFINITIONAL_REPRESENTATION('',(#13026),#13030);
#13026 = CIRCLE('',#13027,1.2);
#13027 = AXIS2_PLACEMENT_2D('',#13028,#13029);
#13028 = CARTESIAN_POINT('',(-14.99999999882,-15.49999999758));
#13029 = DIRECTION('',(1.,0.));
#13030 = ( GEOMETRIC_REPRESENTATION_CONTEXT(2) 
PARAMETRIC_REPRESENTATION_CONTEXT() REPRESENTATION_CONTEXT('2D SPACE',''
  ) );
#13031 = PCURVE('',#13032,#13037);
#13032 = CYLINDRICAL_SURFACE('',#13033,1.2);
#13033 = AXIS2_PLACEMENT_3D('',#13034,#13035,#13036);
#13034 = CARTESIAN_POINT('',(-15.,-15.5,9.45));
#13035 = DIRECTION('',(0.,0.,1.));
#13036 = DIRECTION('',(1.,0.,-0.));
#13037 = DEFINITIONAL_REPRESENTATION('',(#13038),#13042);
#13038 = LINE('',#13039,#13040);
#13039 = CARTESIAN_POINT('',(0.,5.E-02));
#13040 = VECTOR('',#13041,1.);
#13041 = DIRECTION('',(1.,0.));
#13042 = ( GEOMETRIC_REPRESENTATION_CONTEXT(2) 
PARAMETRIC_REPRESENTATION_CONTEXT() REPRESENTATION_CONTEXT('2D SPACE',''
  ) );
#13043 = FACE_BOUND('',#13044,.F.);
#13044 = EDGE_LOOP('',(#13045));
#13045 = ORIENTED_EDGE('',*,*,#13046,.F.);
#13046 = EDGE_CURVE('',#13047,#13047,#13049,.T.);
#13047 = VERTEX_POINT('',#13048);
#13048 = CARTESIAN_POINT('',(-4.2,-16.,9.5));
#13049 = SURFACE_CURVE('',#13050,(#13055,#13062),.PCURVE_S1.);
#13050 = CIRCLE('',#13051,0.6);
#13051 = AXIS2_PLACEMENT_3D('',#13052,#13053,#13054);
#13052 = CARTESIAN_POINT('',(-4.8,-16.,9.5));
#13053 = DIRECTION('',(0.,0.,1.));
#13054 = DIRECTION('',(1.,0.,-0.));
#13055 = PCURVE('',#12450,#13056);
#13056 = DEFINITIONAL_REPRESENTATION('',(#13057),#13061);
#13057 = CIRCLE('',#13058,0.6);
#13058 = AXIS2_PLACEMENT_2D('',#13059,#13060);
#13059 = CARTESIAN_POINT('',(-4.799999998821,-15.99999999758));
#13060 = DIRECTION('',(1.,0.));
#13061 = ( GEOMETRIC_REPRESENTATION_CONTEXT(2) 
PARAMETRIC_REPRESENTATION_CONTEXT() REPRESENTATION_CONTEXT('2D SPACE',''
  ) );
#13062 = PCURVE('',#13063,#13068);
#13063 = CYLINDRICAL_SURFACE('',#13064,0.6);
#13064 = AXIS2_PLACEMENT_3D('',#13065,#13066,#13067);
#13065 = CARTESIAN_POINT('',(-4.8,-16.,9.45));
#13066 = DIRECTION('',(0.,0.,1.));
#13067 = DIRECTION('',(1.,0.,-0.));
#13068 = DEFINITIONAL_REPRESENTATION('',(#13069),#13073);
#13069 = LINE('',#13070,#13071);
#13070 = CARTESIAN_POINT('',(0.,5.E-02));
#13071 = VECTOR('',#13072,1.);
#13072 = DIRECTION('',(1.,0.));
#13073 = ( GEOMETRIC_REPRESENTATION_CONTEXT(2) 
PARAMETRIC_REPRESENTATION_CONTEXT() REPRESENTATION_CONTEXT('2D SPACE',''
  ) );
#13074 = FACE_BOUND('',#13075,.F.);
#13075 = EDGE_LOOP('',(#13076));
#13076 = ORIENTED_EDGE('',*,*,#13077,.F.);
#13077 = EDGE_CURVE('',#13078,#13078,#13080,.T.);
#13078 = VERTEX_POINT('',#13079);
#13079 = CARTESIAN_POINT('',(-3.,-18.4,9.5));
#13080 = SURFACE_CURVE('',#13081,(#13086,#13093),.PCURVE_S1.);
#13081 = CIRCLE('',#13082,0.6);
#13082 = AXIS2_PLACEMENT_3D('',#13083,#13084,#13085);
#13083 = CARTESIAN_POINT('',(-3.6,-18.4,9.5));
#13084 = DIRECTION('',(0.,0.,1.));
#13085 = DIRECTION('',(1.,0.,-0.));
#13086 = PCURVE('',#12450,#13087);
#13087 = DEFINITIONAL_REPRESENTATION('',(#13088),#13092);
#13088 = CIRCLE('',#13089,0.6);
#13089 = AXIS2_PLACEMENT_2D('',#13090,#13091);
#13090 = CARTESIAN_POINT('',(-3.599999998821,-18.39999999758));
#13091 = DIRECTION('',(1.,0.));
#13092 = ( GEOMETRIC_REPRESENTATION_CONTEXT(2) 
PARAMETRIC_REPRESENTATION_CONTEXT() REPRESENTATION_CONTEXT('2D SPACE',''
  ) );
#13093 = PCURVE('',#13094,#13099);
#13094 = CYLINDRICAL_SURFACE('',#13095,0.6);
#13095 = AXIS2_PLACEMENT_3D('',#13096,#13097,#13098);
#13096 = CARTESIAN_POINT('',(-3.6,-18.4,9.45));
#13097 = DIRECTION('',(0.,0.,1.));
#13098 = DIRECTION('',(1.,0.,-0.));
#13099 = DEFINITIONAL_REPRESENTATION('',(#13100),#13104);
#13100 = LINE('',#13101,#13102);
#13101 = CARTESIAN_POINT('',(0.,5.E-02));
#13102 = VECTOR('',#13103,1.);
#13103 = DIRECTION('',(1.,0.));
#13104 = ( GEOMETRIC_REPRESENTATION_CONTEXT(2) 
PARAMETRIC_REPRESENTATION_CONTEXT() REPRESENTATION_CONTEXT('2D SPACE',''
  ) );
#13105 = FACE_BOUND('',#13106,.F.);
#13106 = EDGE_LOOP('',(#13107));
#13107 = ORIENTED_EDGE('',*,*,#13108,.F.);
#13108 = EDGE_CURVE('',#13109,#13109,#13111,.T.);
#13109 = VERTEX_POINT('',#13110);
#13110 = CARTESIAN_POINT('',(-0.6,-18.4,9.5));
#13111 = SURFACE_CURVE('',#13112,(#13117,#13124),.PCURVE_S1.);
#13112 = CIRCLE('',#13113,0.6);
#13113 = AXIS2_PLACEMENT_3D('',#13114,#13115,#13116);
#13114 = CARTESIAN_POINT('',(-1.2,-18.4,9.5));
#13115 = DIRECTION('',(0.,0.,1.));
#13116 = DIRECTION('',(1.,0.,-0.));
#13117 = PCURVE('',#12450,#13118);
#13118 = DEFINITIONAL_REPRESENTATION('',(#13119),#13123);
#13119 = CIRCLE('',#13120,0.6);
#13120 = AXIS2_PLACEMENT_2D('',#13121,#13122);
#13121 = CARTESIAN_POINT('',(-1.199999998821,-18.39999999758));
#13122 = DIRECTION('',(1.,0.));
#13123 = ( GEOMETRIC_REPRESENTATION_CONTEXT(2) 
PARAMETRIC_REPRESENTATION_CONTEXT() REPRESENTATION_CONTEXT('2D SPACE',''
  ) );
#13124 = PCURVE('',#13125,#13130);
#13125 = CYLINDRICAL_SURFACE('',#13126,0.6);
#13126 = AXIS2_PLACEMENT_3D('',#13127,#13128,#13129);
#13127 = CARTESIAN_POINT('',(-1.2,-18.4,9.45));
#13128 = DIRECTION('',(0.,0.,1.));
#13129 = DIRECTION('',(1.,0.,-0.));
#13130 = DEFINITIONAL_REPRESENTATION('',(#13131),#13135);
#13131 = LINE('',#13132,#13133);
#13132 = CARTESIAN_POINT('',(0.,5.E-02));
#13133 = VECTOR('',#13134,1.);
#13134 = DIRECTION('',(1.,0.));
#13135 = ( GEOMETRIC_REPRESENTATION_CONTEXT(2) 
PARAMETRIC_REPRESENTATION_CONTEXT() REPRESENTATION_CONTEXT('2D SPACE',''
  ) );
#13136 = FACE_BOUND('',#13137,.F.);
#13137 = EDGE_LOOP('',(#13138));
#13138 = ORIENTED_EDGE('',*,*,#13139,.F.);
#13139 = EDGE_CURVE('',#13140,#13140,#13142,.T.);
#13140 = VERTEX_POINT('',#13141);
#13141 = CARTESIAN_POINT('',(-1.8,-16.,9.5));
#13142 = SURFACE_CURVE('',#13143,(#13148,#13155),.PCURVE_S1.);
#13143 = CIRCLE('',#13144,0.6);
#13144 = AXIS2_PLACEMENT_3D('',#13145,#13146,#13147);
#13145 = CARTESIAN_POINT('',(-2.4,-16.,9.5));
#13146 = DIRECTION('',(0.,0.,1.));
#13147 = DIRECTION('',(1.,0.,-0.));
#13148 = PCURVE('',#12450,#13149);
#13149 = DEFINITIONAL_REPRESENTATION('',(#13150),#13154);
#13150 = CIRCLE('',#13151,0.6);
#13151 = AXIS2_PLACEMENT_2D('',#13152,#13153);
#13152 = CARTESIAN_POINT('',(-2.399999998821,-15.99999999758));
#13153 = DIRECTION('',(1.,0.));
#13154 = ( GEOMETRIC_REPRESENTATION_CONTEXT(2) 
PARAMETRIC_REPRESENTATION_CONTEXT() REPRESENTATION_CONTEXT('2D SPACE',''
  ) );
#13155 = PCURVE('',#13156,#13161);
#13156 = CYLINDRICAL_SURFACE('',#13157,0.6);
#13157 = AXIS2_PLACEMENT_3D('',#13158,#13159,#13160);
#13158 = CARTESIAN_POINT('',(-2.4,-16.,9.45));
#13159 = DIRECTION('',(0.,0.,1.));
#13160 = DIRECTION('',(1.,0.,-0.));
#13161 = DEFINITIONAL_REPRESENTATION('',(#13162),#13166);
#13162 = LINE('',#13163,#13164);
#13163 = CARTESIAN_POINT('',(0.,5.E-02));
#13164 = VECTOR('',#13165,1.);
#13165 = DIRECTION('',(1.,0.));
#13166 = ( GEOMETRIC_REPRESENTATION_CONTEXT(2) 
PARAMETRIC_REPRESENTATION_CONTEXT() REPRESENTATION_CONTEXT('2D SPACE',''
  ) );
#13167 = FACE_BOUND('',#13168,.F.);
#13168 = EDGE_LOOP('',(#13169));
#13169 = ORIENTED_EDGE('',*,*,#13170,.F.);
#13170 = EDGE_CURVE('',#13171,#13171,#13173,.T.);
#13171 = VERTEX_POINT('',#13172);
#13172 = CARTESIAN_POINT('',(1.8,-18.4,9.5));
#13173 = SURFACE_CURVE('',#13174,(#13179,#13186),.PCURVE_S1.);
#13174 = CIRCLE('',#13175,0.6);
#13175 = AXIS2_PLACEMENT_3D('',#13176,#13177,#13178);
#13176 = CARTESIAN_POINT('',(1.2,-18.4,9.5));
#13177 = DIRECTION('',(0.,0.,1.));
#13178 = DIRECTION('',(1.,0.,-0.));
#13179 = PCURVE('',#12450,#13180);
#13180 = DEFINITIONAL_REPRESENTATION('',(#13181),#13185);
#13181 = CIRCLE('',#13182,0.6);
#13182 = AXIS2_PLACEMENT_2D('',#13183,#13184);
#13183 = CARTESIAN_POINT('',(1.200000001179,-18.39999999758));
#13184 = DIRECTION('',(1.,0.));
#13185 = ( GEOMETRIC_REPRESENTATION_CONTEXT(2) 
PARAMETRIC_REPRESENTATION_CONTEXT() REPRESENTATION_CONTEXT('2D SPACE',''
  ) );
#13186 = PCURVE('',#13187,#13192);
#13187 = CYLINDRICAL_SURFACE('',#13188,0.6);
#13188 = AXIS2_PLACEMENT_3D('',#13189,#13190,#13191);
#13189 = CARTESIAN_POINT('',(1.2,-18.4,9.45));
#13190 = DIRECTION('',(0.,0.,1.));
#13191 = DIRECTION('',(1.,0.,-0.));
#13192 = DEFINITIONAL_REPRESENTATION('',(#13193),#13197);
#13193 = LINE('',#13194,#13195);
#13194 = CARTESIAN_POINT('',(0.,5.E-02));
#13195 = VECTOR('',#13196,1.);
#13196 = DIRECTION('',(1.,0.));
#13197 = ( GEOMETRIC_REPRESENTATION_CONTEXT(2) 
PARAMETRIC_REPRESENTATION_CONTEXT() REPRESENTATION_CONTEXT('2D SPACE',''
  ) );
#13198 = FACE_BOUND('',#13199,.F.);
#13199 = EDGE_LOOP('',(#13200));
#13200 = ORIENTED_EDGE('',*,*,#13201,.F.);
#13201 = EDGE_CURVE('',#13202,#13202,#13204,.T.);
#13202 = VERTEX_POINT('',#13203);
#13203 = CARTESIAN_POINT('',(4.2,-18.4,9.5));
#13204 = SURFACE_CURVE('',#13205,(#13210,#13217),.PCURVE_S1.);
#13205 = CIRCLE('',#13206,0.6);
#13206 = AXIS2_PLACEMENT_3D('',#13207,#13208,#13209);
#13207 = CARTESIAN_POINT('',(3.6,-18.4,9.5));
#13208 = DIRECTION('',(0.,0.,1.));
#13209 = DIRECTION('',(1.,0.,-0.));
#13210 = PCURVE('',#12450,#13211);
#13211 = DEFINITIONAL_REPRESENTATION('',(#13212),#13216);
#13212 = CIRCLE('',#13213,0.6);
#13213 = AXIS2_PLACEMENT_2D('',#13214,#13215);
#13214 = CARTESIAN_POINT('',(3.600000001179,-18.39999999758));
#13215 = DIRECTION('',(1.,0.));
#13216 = ( GEOMETRIC_REPRESENTATION_CONTEXT(2) 
PARAMETRIC_REPRESENTATION_CONTEXT() REPRESENTATION_CONTEXT('2D SPACE',''
  ) );
#13217 = PCURVE('',#13218,#13223);
#13218 = CYLINDRICAL_SURFACE('',#13219,0.6);
#13219 = AXIS2_PLACEMENT_3D('',#13220,#13221,#13222);
#13220 = CARTESIAN_POINT('',(3.6,-18.4,9.45));
#13221 = DIRECTION('',(0.,0.,1.));
#13222 = DIRECTION('',(1.,0.,-0.));
#13223 = DEFINITIONAL_REPRESENTATION('',(#13224),#13228);
#13224 = LINE('',#13225,#13226);
#13225 = CARTESIAN_POINT('',(0.,5.E-02));
#13226 = VECTOR('',#13227,1.);
#13227 = DIRECTION('',(1.,0.));
#13228 = ( GEOMETRIC_REPRESENTATION_CONTEXT(2) 
PARAMETRIC_REPRESENTATION_CONTEXT() REPRESENTATION_CONTEXT('2D SPACE',''
  ) );
#13229 = FACE_BOUND('',#13230,.F.);
#13230 = EDGE_LOOP('',(#13231));
#13231 = ORIENTED_EDGE('',*,*,#13232,.F.);
#13232 = EDGE_CURVE('',#13233,#13233,#13235,.T.);
#13233 = VERTEX_POINT('',#13234);
#13234 = CARTESIAN_POINT('',(0.6,-16.,9.5));
#13235 = SURFACE_CURVE('',#13236,(#13241,#13248),.PCURVE_S1.);
#13236 = CIRCLE('',#13237,0.6);
#13237 = AXIS2_PLACEMENT_3D('',#13238,#13239,#13240);
#13238 = CARTESIAN_POINT('',(0.,-16.,9.5));
#13239 = DIRECTION('',(0.,0.,1.));
#13240 = DIRECTION('',(1.,0.,-0.));
#13241 = PCURVE('',#12450,#13242);
#13242 = DEFINITIONAL_REPRESENTATION('',(#13243),#13247);
#13243 = CIRCLE('',#13244,0.6);
#13244 = AXIS2_PLACEMENT_2D('',#13245,#13246);
#13245 = CARTESIAN_POINT('',(1.178506503405E-09,-15.99999999758));
#13246 = DIRECTION('',(1.,0.));
#13247 = ( GEOMETRIC_REPRESENTATION_CONTEXT(2) 
PARAMETRIC_REPRESENTATION_CONTEXT() REPRESENTATION_CONTEXT('2D SPACE',''
  ) );
#13248 = PCURVE('',#13249,#13254);
#13249 = CYLINDRICAL_SURFACE('',#13250,0.6);
#13250 = AXIS2_PLACEMENT_3D('',#13251,#13252,#13253);
#13251 = CARTESIAN_POINT('',(0.,-16.,9.45));
#13252 = DIRECTION('',(0.,0.,1.));
#13253 = DIRECTION('',(1.,0.,-0.));
#13254 = DEFINITIONAL_REPRESENTATION('',(#13255),#13259);
#13255 = LINE('',#13256,#13257);
#13256 = CARTESIAN_POINT('',(0.,5.E-02));
#13257 = VECTOR('',#13258,1.);
#13258 = DIRECTION('',(1.,0.));
#13259 = ( GEOMETRIC_REPRESENTATION_CONTEXT(2) 
PARAMETRIC_REPRESENTATION_CONTEXT() REPRESENTATION_CONTEXT('2D SPACE',''
  ) );
#13260 = FACE_BOUND('',#13261,.F.);
#13261 = EDGE_LOOP('',(#13262));
#13262 = ORIENTED_EDGE('',*,*,#13263,.F.);
#13263 = EDGE_CURVE('',#13264,#13264,#13266,.T.);
#13264 = VERTEX_POINT('',#13265);
#13265 = CARTESIAN_POINT('',(3.,-16.,9.5));
#13266 = SURFACE_CURVE('',#13267,(#13272,#13279),.PCURVE_S1.);
#13267 = CIRCLE('',#13268,0.6);
#13268 = AXIS2_PLACEMENT_3D('',#13269,#13270,#13271);
#13269 = CARTESIAN_POINT('',(2.4,-16.,9.5));
#13270 = DIRECTION('',(0.,0.,1.));
#13271 = DIRECTION('',(1.,0.,-0.));
#13272 = PCURVE('',#12450,#13273);
#13273 = DEFINITIONAL_REPRESENTATION('',(#13274),#13278);
#13274 = CIRCLE('',#13275,0.6);
#13275 = AXIS2_PLACEMENT_2D('',#13276,#13277);
#13276 = CARTESIAN_POINT('',(2.400000001179,-15.99999999758));
#13277 = DIRECTION('',(1.,0.));
#13278 = ( GEOMETRIC_REPRESENTATION_CONTEXT(2) 
PARAMETRIC_REPRESENTATION_CONTEXT() REPRESENTATION_CONTEXT('2D SPACE',''
  ) );
#13279 = PCURVE('',#13280,#13285);
#13280 = CYLINDRICAL_SURFACE('',#13281,0.6);
#13281 = AXIS2_PLACEMENT_3D('',#13282,#13283,#13284);
#13282 = CARTESIAN_POINT('',(2.4,-16.,9.45));
#13283 = DIRECTION('',(0.,0.,1.));
#13284 = DIRECTION('',(1.,0.,-0.));
#13285 = DEFINITIONAL_REPRESENTATION('',(#13286),#13290);
#13286 = LINE('',#13287,#13288);
#13287 = CARTESIAN_POINT('',(0.,5.E-02));
#13288 = VECTOR('',#13289,1.);
#13289 = DIRECTION('',(1.,0.));
#13290 = ( GEOMETRIC_REPRESENTATION_CONTEXT(2) 
PARAMETRIC_REPRESENTATION_CONTEXT() REPRESENTATION_CONTEXT('2D SPACE',''
  ) );
#13291 = FACE_BOUND('',#13292,.F.);
#13292 = EDGE_LOOP('',(#13293));
#13293 = ORIENTED_EDGE('',*,*,#13294,.F.);
#13294 = EDGE_CURVE('',#13295,#13295,#13297,.T.);
#13295 = VERTEX_POINT('',#13296);
#13296 = CARTESIAN_POINT('',(5.4,-16.,9.5));
#13297 = SURFACE_CURVE('',#13298,(#13303,#13310),.PCURVE_S1.);
#13298 = CIRCLE('',#13299,0.6);
#13299 = AXIS2_PLACEMENT_3D('',#13300,#13301,#13302);
#13300 = CARTESIAN_POINT('',(4.8,-16.,9.5));
#13301 = DIRECTION('',(0.,0.,1.));
#13302 = DIRECTION('',(1.,0.,-0.));
#13303 = PCURVE('',#12450,#13304);
#13304 = DEFINITIONAL_REPRESENTATION('',(#13305),#13309);
#13305 = CIRCLE('',#13306,0.6);
#13306 = AXIS2_PLACEMENT_2D('',#13307,#13308);
#13307 = CARTESIAN_POINT('',(4.800000001179,-15.99999999758));
#13308 = DIRECTION('',(1.,0.));
#13309 = ( GEOMETRIC_REPRESENTATION_CONTEXT(2) 
PARAMETRIC_REPRESENTATION_CONTEXT() REPRESENTATION_CONTEXT('2D SPACE',''
  ) );
#13310 = PCURVE('',#13311,#13316);
#13311 = CYLINDRICAL_SURFACE('',#13312,0.6);
#13312 = AXIS2_PLACEMENT_3D('',#13313,#13314,#13315);
#13313 = CARTESIAN_POINT('',(4.8,-16.,9.45));
#13314 = DIRECTION('',(0.,0.,1.));
#13315 = DIRECTION('',(1.,0.,-0.));
#13316 = DEFINITIONAL_REPRESENTATION('',(#13317),#13321);
#13317 = LINE('',#13318,#13319);
#13318 = CARTESIAN_POINT('',(0.,5.E-02));
#13319 = VECTOR('',#13320,1.);
#13320 = DIRECTION('',(1.,0.));
#13321 = ( GEOMETRIC_REPRESENTATION_CONTEXT(2) 
PARAMETRIC_REPRESENTATION_CONTEXT() REPRESENTATION_CONTEXT('2D SPACE',''
  ) );
#13322 = FACE_BOUND('',#13323,.F.);
#13323 = EDGE_LOOP('',(#13324));
#13324 = ORIENTED_EDGE('',*,*,#13325,.F.);
#13325 = EDGE_CURVE('',#13326,#13326,#13328,.T.);
#13326 = VERTEX_POINT('',#13327);
#13327 = CARTESIAN_POINT('',(16.2,-15.5,9.5));
#13328 = SURFACE_CURVE('',#13329,(#13334,#13341),.PCURVE_S1.);
#13329 = CIRCLE('',#13330,1.2);
#13330 = AXIS2_PLACEMENT_3D('',#13331,#13332,#13333);
#13331 = CARTESIAN_POINT('',(15.,-15.5,9.5));
#13332 = DIRECTION('',(0.,0.,1.));
#13333 = DIRECTION('',(1.,0.,-0.));
#13334 = PCURVE('',#12450,#13335);
#13335 = DEFINITIONAL_REPRESENTATION('',(#13336),#13340);
#13336 = CIRCLE('',#13337,1.2);
#13337 = AXIS2_PLACEMENT_2D('',#13338,#13339);
#13338 = CARTESIAN_POINT('',(15.000000001179,-15.49999999758));
#13339 = DIRECTION('',(1.,0.));
#13340 = ( GEOMETRIC_REPRESENTATION_CONTEXT(2) 
PARAMETRIC_REPRESENTATION_CONTEXT() REPRESENTATION_CONTEXT('2D SPACE',''
  ) );
#13341 = PCURVE('',#13342,#13347);
#13342 = CYLINDRICAL_SURFACE('',#13343,1.2);
#13343 = AXIS2_PLACEMENT_3D('',#13344,#13345,#13346);
#13344 = CARTESIAN_POINT('',(15.,-15.5,9.45));
#13345 = DIRECTION('',(0.,0.,1.));
#13346 = DIRECTION('',(1.,0.,-0.));
#13347 = DEFINITIONAL_REPRESENTATION('',(#13348),#13352);
#13348 = LINE('',#13349,#13350);
#13349 = CARTESIAN_POINT('',(0.,5.E-02));
#13350 = VECTOR('',#13351,1.);
#13351 = DIRECTION('',(1.,0.));
#13352 = ( GEOMETRIC_REPRESENTATION_CONTEXT(2) 
PARAMETRIC_REPRESENTATION_CONTEXT() REPRESENTATION_CONTEXT('2D SPACE',''
  ) );
#13353 = FACE_BOUND('',#13354,.F.);
#13354 = EDGE_LOOP('',(#13355));
#13355 = ORIENTED_EDGE('',*,*,#13356,.F.);
#13356 = EDGE_CURVE('',#13357,#13357,#13359,.T.);
#13357 = VERTEX_POINT('',#13358);
#13358 = CARTESIAN_POINT('',(-13.8,15.5,9.5));
#13359 = SURFACE_CURVE('',#13360,(#13365,#13372),.PCURVE_S1.);
#13360 = CIRCLE('',#13361,1.2);
#13361 = AXIS2_PLACEMENT_3D('',#13362,#13363,#13364);
#13362 = CARTESIAN_POINT('',(-15.,15.5,9.5));
#13363 = DIRECTION('',(0.,0.,1.));
#13364 = DIRECTION('',(1.,0.,-0.));
#13365 = PCURVE('',#12450,#13366);
#13366 = DEFINITIONAL_REPRESENTATION('',(#13367),#13371);
#13367 = CIRCLE('',#13368,1.2);
#13368 = AXIS2_PLACEMENT_2D('',#13369,#13370);
#13369 = CARTESIAN_POINT('',(-14.99999999882,15.500000002412));
#13370 = DIRECTION('',(1.,0.));
#13371 = ( GEOMETRIC_REPRESENTATION_CONTEXT(2) 
PARAMETRIC_REPRESENTATION_CONTEXT() REPRESENTATION_CONTEXT('2D SPACE',''
  ) );
#13372 = PCURVE('',#13373,#13378);
#13373 = CYLINDRICAL_SURFACE('',#13374,1.2);
#13374 = AXIS2_PLACEMENT_3D('',#13375,#13376,#13377);
#13375 = CARTESIAN_POINT('',(-15.,15.5,9.45));
#13376 = DIRECTION('',(0.,0.,1.));
#13377 = DIRECTION('',(1.,0.,-0.));
#13378 = DEFINITIONAL_REPRESENTATION('',(#13379),#13383);
#13379 = LINE('',#13380,#13381);
#13380 = CARTESIAN_POINT('',(0.,5.E-02));
#13381 = VECTOR('',#13382,1.);
#13382 = DIRECTION('',(1.,0.));
#13383 = ( GEOMETRIC_REPRESENTATION_CONTEXT(2) 
PARAMETRIC_REPRESENTATION_CONTEXT() REPRESENTATION_CONTEXT('2D SPACE',''
  ) );
#13384 = FACE_BOUND('',#13385,.F.);
#13385 = EDGE_LOOP('',(#13386));
#13386 = ORIENTED_EDGE('',*,*,#13387,.F.);
#13387 = EDGE_CURVE('',#13388,#13388,#13390,.T.);
#13388 = VERTEX_POINT('',#13389);
#13389 = CARTESIAN_POINT('',(-0.75,16.5,9.5));
#13390 = SURFACE_CURVE('',#13391,(#13396,#13403),.PCURVE_S1.);
#13391 = CIRCLE('',#13392,0.65);
#13392 = AXIS2_PLACEMENT_3D('',#13393,#13394,#13395);
#13393 = CARTESIAN_POINT('',(-1.4,16.5,9.5));
#13394 = DIRECTION('',(0.,0.,1.));
#13395 = DIRECTION('',(1.,0.,-0.));
#13396 = PCURVE('',#12450,#13397);
#13397 = DEFINITIONAL_REPRESENTATION('',(#13398),#13402);
#13398 = CIRCLE('',#13399,0.65);
#13399 = AXIS2_PLACEMENT_2D('',#13400,#13401);
#13400 = CARTESIAN_POINT('',(-1.399999998821,16.500000002412));
#13401 = DIRECTION('',(1.,0.));
#13402 = ( GEOMETRIC_REPRESENTATION_CONTEXT(2) 
PARAMETRIC_REPRESENTATION_CONTEXT() REPRESENTATION_CONTEXT('2D SPACE',''
  ) );
#13403 = PCURVE('',#13404,#13409);
#13404 = CYLINDRICAL_SURFACE('',#13405,0.65);
#13405 = AXIS2_PLACEMENT_3D('',#13406,#13407,#13408);
#13406 = CARTESIAN_POINT('',(-1.4,16.5,9.45));
#13407 = DIRECTION('',(0.,0.,1.));
#13408 = DIRECTION('',(1.,0.,-0.));
#13409 = DEFINITIONAL_REPRESENTATION('',(#13410),#13414);
#13410 = LINE('',#13411,#13412);
#13411 = CARTESIAN_POINT('',(0.,5.E-02));
#13412 = VECTOR('',#13413,1.);
#13413 = DIRECTION('',(1.,0.));
#13414 = ( GEOMETRIC_REPRESENTATION_CONTEXT(2) 
PARAMETRIC_REPRESENTATION_CONTEXT() REPRESENTATION_CONTEXT('2D SPACE',''
  ) );
#13415 = FACE_BOUND('',#13416,.F.);
#13416 = EDGE_LOOP('',(#13417,#13445,#13478,#13504,#13537,#13563,#13596,
    #13622));
#13417 = ORIENTED_EDGE('',*,*,#13418,.F.);
#13418 = EDGE_CURVE('',#13419,#13421,#13423,.T.);
#13419 = VERTEX_POINT('',#13420);
#13420 = CARTESIAN_POINT('',(-13.8,5.799999998903,9.5));
#13421 = VERTEX_POINT('',#13422);
#13422 = CARTESIAN_POINT('',(-13.8,-5.8,9.5));
#13423 = SURFACE_CURVE('',#13424,(#13428,#13434),.PCURVE_S1.);
#13424 = LINE('',#13425,#13426);
#13425 = CARTESIAN_POINT('',(-13.8,-2.900000001206,9.5));
#13426 = VECTOR('',#13427,1.);
#13427 = DIRECTION('',(0.,-1.,0.));
#13428 = PCURVE('',#12450,#13429);
#13429 = DEFINITIONAL_REPRESENTATION('',(#13430),#13433);
#13430 = B_SPLINE_CURVE_WITH_KNOTS('',1,(#13431,#13432),.UNSPECIFIED.,
  .F.,.F.,(2,2),(-8.700000000109,2.899999998794),
  .PIECEWISE_BEZIER_KNOTS.);
#13431 = CARTESIAN_POINT('',(-13.79999999882,5.800000001315));
#13432 = CARTESIAN_POINT('',(-13.79999999882,-5.799999997588));
#13433 = ( GEOMETRIC_REPRESENTATION_CONTEXT(2) 
PARAMETRIC_REPRESENTATION_CONTEXT() REPRESENTATION_CONTEXT('2D SPACE',''
  ) );
#13434 = PCURVE('',#13435,#13440);
#13435 = PLANE('',#13436);
#13436 = AXIS2_PLACEMENT_3D('',#13437,#13438,#13439);
#13437 = CARTESIAN_POINT('',(-13.8,-5.8,9.48));
#13438 = DIRECTION('',(-1.,0.,0.));
#13439 = DIRECTION('',(0.,1.,0.));
#13440 = DEFINITIONAL_REPRESENTATION('',(#13441),#13444);
#13441 = B_SPLINE_CURVE_WITH_KNOTS('',1,(#13442,#13443),.UNSPECIFIED.,
  .F.,.F.,(2,2),(-8.700000000109,2.899999998794),
  .PIECEWISE_BEZIER_KNOTS.);
#13442 = CARTESIAN_POINT('',(11.599999998903,-2.E-02));
#13443 = CARTESIAN_POINT('',(0.,-2.E-02));
#13444 = ( GEOMETRIC_REPRESENTATION_CONTEXT(2) 
PARAMETRIC_REPRESENTATION_CONTEXT() REPRESENTATION_CONTEXT('2D SPACE',''
  ) );
#13445 = ORIENTED_EDGE('',*,*,#13446,.T.);
#13446 = EDGE_CURVE('',#13419,#13447,#13449,.T.);
#13447 = VERTEX_POINT('',#13448);
#13448 = CARTESIAN_POINT('',(-9.8,9.799999999451,9.5));
#13449 = SURFACE_CURVE('',#13450,(#13455,#13466),.PCURVE_S1.);
#13450 = CIRCLE('',#13451,4.);
#13451 = AXIS2_PLACEMENT_3D('',#13452,#13453,#13454);
#13452 = CARTESIAN_POINT('',(-9.8,5.799999998903,9.5));
#13453 = DIRECTION('',(0.,0.,-1.));
#13454 = DIRECTION('',(1.,0.,0.));
#13455 = PCURVE('',#12450,#13456);
#13456 = DEFINITIONAL_REPRESENTATION('',(#13457),#13465);
#13457 = ( BOUNDED_CURVE() B_SPLINE_CURVE(2,(#13458,#13459,#13460,#13461
    ,#13462,#13463,#13464),.UNSPECIFIED.,.T.,.F.) 
B_SPLINE_CURVE_WITH_KNOTS((1,2,2,2,2,1),(-2.094395102393,0.,
    2.094395102393,4.188790204786,6.28318530718,8.377580409573),
.UNSPECIFIED.) CURVE() GEOMETRIC_REPRESENTATION_ITEM() 
RATIONAL_B_SPLINE_CURVE((1.,0.5,1.,0.5,1.,0.5,1.)) REPRESENTATION_ITEM(
  '') );
#13458 = CARTESIAN_POINT('',(-5.799999998821,5.800000001315));
#13459 = CARTESIAN_POINT('',(-5.799999998821,-1.12820322896));
#13460 = CARTESIAN_POINT('',(-11.79999999882,2.335898386177));
#13461 = CARTESIAN_POINT('',(-17.79999999882,5.800000001315));
#13462 = CARTESIAN_POINT('',(-11.79999999882,9.264101616453));
#13463 = CARTESIAN_POINT('',(-5.799999998822,12.728203231591));
#13464 = CARTESIAN_POINT('',(-5.799999998821,5.800000001315));
#13465 = ( GEOMETRIC_REPRESENTATION_CONTEXT(2) 
PARAMETRIC_REPRESENTATION_CONTEXT() REPRESENTATION_CONTEXT('2D SPACE',''
  ) );
#13466 = PCURVE('',#13467,#13472);
#13467 = CYLINDRICAL_SURFACE('',#13468,4.);
#13468 = AXIS2_PLACEMENT_3D('',#13469,#13470,#13471);
#13469 = CARTESIAN_POINT('',(-9.8,5.799999998903,9.48));
#13470 = DIRECTION('',(-0.,-0.,-1.));
#13471 = DIRECTION('',(1.,0.,0.));
#13472 = DEFINITIONAL_REPRESENTATION('',(#13473),#13477);
#13473 = LINE('',#13474,#13475);
#13474 = CARTESIAN_POINT('',(-6.28318530718,-2.E-02));
#13475 = VECTOR('',#13476,1.);
#13476 = DIRECTION('',(1.,-0.));
#13477 = ( GEOMETRIC_REPRESENTATION_CONTEXT(2) 
PARAMETRIC_REPRESENTATION_CONTEXT() REPRESENTATION_CONTEXT('2D SPACE',''
  ) );
#13478 = ORIENTED_EDGE('',*,*,#13479,.F.);
#13479 = EDGE_CURVE('',#13480,#13447,#13482,.T.);
#13480 = VERTEX_POINT('',#13481);
#13481 = CARTESIAN_POINT('',(9.8,9.799999999451,9.5));
#13482 = SURFACE_CURVE('',#13483,(#13487,#13493),.PCURVE_S1.);
#13483 = LINE('',#13484,#13485);
#13484 = CARTESIAN_POINT('',(-4.900000000589,9.8,9.5));
#13485 = VECTOR('',#13486,1.);
#13486 = DIRECTION('',(-1.,0.,0.));
#13487 = PCURVE('',#12450,#13488);
#13488 = DEFINITIONAL_REPRESENTATION('',(#13489),#13492);
#13489 = B_SPLINE_CURVE_WITH_KNOTS('',1,(#13490,#13491),.UNSPECIFIED.,
  .F.,.F.,(2,2),(-14.70000000058,4.899999999411),
  .PIECEWISE_BEZIER_KNOTS.);
#13490 = CARTESIAN_POINT('',(9.800000001179,9.800000002412));
#13491 = CARTESIAN_POINT('',(-9.799999998821,9.800000002412));
#13492 = ( GEOMETRIC_REPRESENTATION_CONTEXT(2) 
PARAMETRIC_REPRESENTATION_CONTEXT() REPRESENTATION_CONTEXT('2D SPACE',''
  ) );
#13493 = PCURVE('',#13494,#13499);
#13494 = PLANE('',#13495);
#13495 = AXIS2_PLACEMENT_3D('',#13496,#13497,#13498);
#13496 = CARTESIAN_POINT('',(-9.8,9.8,9.48));
#13497 = DIRECTION('',(0.,1.,0.));
#13498 = DIRECTION('',(1.,0.,0.));
#13499 = DEFINITIONAL_REPRESENTATION('',(#13500),#13503);
#13500 = B_SPLINE_CURVE_WITH_KNOTS('',1,(#13501,#13502),.UNSPECIFIED.,
  .F.,.F.,(2,2),(-14.70000000058,4.899999999411),
  .PIECEWISE_BEZIER_KNOTS.);
#13501 = CARTESIAN_POINT('',(19.6,-2.E-02));
#13502 = CARTESIAN_POINT('',(0.,-2.E-02));
#13503 = ( GEOMETRIC_REPRESENTATION_CONTEXT(2) 
PARAMETRIC_REPRESENTATION_CONTEXT() REPRESENTATION_CONTEXT('2D SPACE',''
  ) );
#13504 = ORIENTED_EDGE('',*,*,#13505,.T.);
#13505 = EDGE_CURVE('',#13480,#13506,#13508,.T.);
#13506 = VERTEX_POINT('',#13507);
#13507 = CARTESIAN_POINT('',(13.8,5.799999998903,9.5));
#13508 = SURFACE_CURVE('',#13509,(#13514,#13525),.PCURVE_S1.);
#13509 = CIRCLE('',#13510,4.);
#13510 = AXIS2_PLACEMENT_3D('',#13511,#13512,#13513);
#13511 = CARTESIAN_POINT('',(9.8,5.799999998903,9.5));
#13512 = DIRECTION('',(0.,0.,-1.));
#13513 = DIRECTION('',(1.,0.,0.));
#13514 = PCURVE('',#12450,#13515);
#13515 = DEFINITIONAL_REPRESENTATION('',(#13516),#13524);
#13516 = ( BOUNDED_CURVE() B_SPLINE_CURVE(2,(#13517,#13518,#13519,#13520
    ,#13521,#13522,#13523),.UNSPECIFIED.,.T.,.F.) 
B_SPLINE_CURVE_WITH_KNOTS((1,2,2,2,2,1),(-2.094395102393,0.,
    2.094395102393,4.188790204786,6.28318530718,8.377580409573),
.UNSPECIFIED.) CURVE() GEOMETRIC_REPRESENTATION_ITEM() 
RATIONAL_B_SPLINE_CURVE((1.,0.5,1.,0.5,1.,0.5,1.)) REPRESENTATION_ITEM(
  '') );
#13517 = CARTESIAN_POINT('',(13.800000001179,5.800000001315));
#13518 = CARTESIAN_POINT('',(13.800000001179,-1.12820322896));
#13519 = CARTESIAN_POINT('',(7.800000001179,2.335898386177));
#13520 = CARTESIAN_POINT('',(1.800000001179,5.800000001315));
#13521 = CARTESIAN_POINT('',(7.800000001179,9.264101616453));
#13522 = CARTESIAN_POINT('',(13.800000001178,12.728203231591));
#13523 = CARTESIAN_POINT('',(13.800000001179,5.800000001315));
#13524 = ( GEOMETRIC_REPRESENTATION_CONTEXT(2) 
PARAMETRIC_REPRESENTATION_CONTEXT() REPRESENTATION_CONTEXT('2D SPACE',''
  ) );
#13525 = PCURVE('',#13526,#13531);
#13526 = CYLINDRICAL_SURFACE('',#13527,4.);
#13527 = AXIS2_PLACEMENT_3D('',#13528,#13529,#13530);
#13528 = CARTESIAN_POINT('',(9.8,5.799999998903,9.48));
#13529 = DIRECTION('',(-0.,-0.,-1.));
#13530 = DIRECTION('',(1.,0.,0.));
#13531 = DEFINITIONAL_REPRESENTATION('',(#13532),#13536);
#13532 = LINE('',#13533,#13534);
#13533 = CARTESIAN_POINT('',(-6.28318530718,-2.E-02));
#13534 = VECTOR('',#13535,1.);
#13535 = DIRECTION('',(1.,-0.));
#13536 = ( GEOMETRIC_REPRESENTATION_CONTEXT(2) 
PARAMETRIC_REPRESENTATION_CONTEXT() REPRESENTATION_CONTEXT('2D SPACE',''
  ) );
#13537 = ORIENTED_EDGE('',*,*,#13538,.T.);
#13538 = EDGE_CURVE('',#13506,#13539,#13541,.T.);
#13539 = VERTEX_POINT('',#13540);
#13540 = CARTESIAN_POINT('',(13.8,-5.8,9.5));
#13541 = SURFACE_CURVE('',#13542,(#13546,#13552),.PCURVE_S1.);
#13542 = LINE('',#13543,#13544);
#13543 = CARTESIAN_POINT('',(13.8,-2.900000001206,9.5));
#13544 = VECTOR('',#13545,1.);
#13545 = DIRECTION('',(0.,-1.,0.));
#13546 = PCURVE('',#12450,#13547);
#13547 = DEFINITIONAL_REPRESENTATION('',(#13548),#13551);
#13548 = B_SPLINE_CURVE_WITH_KNOTS('',1,(#13549,#13550),.UNSPECIFIED.,
  .F.,.F.,(2,2),(-8.700000000109,2.899999998794),
  .PIECEWISE_BEZIER_KNOTS.);
#13549 = CARTESIAN_POINT('',(13.800000001179,5.800000001315));
#13550 = CARTESIAN_POINT('',(13.800000001179,-5.799999997588));
#13551 = ( GEOMETRIC_REPRESENTATION_CONTEXT(2) 
PARAMETRIC_REPRESENTATION_CONTEXT() REPRESENTATION_CONTEXT('2D SPACE',''
  ) );
#13552 = PCURVE('',#13553,#13558);
#13553 = PLANE('',#13554);
#13554 = AXIS2_PLACEMENT_3D('',#13555,#13556,#13557);
#13555 = CARTESIAN_POINT('',(13.8,-5.8,9.48));
#13556 = DIRECTION('',(-1.,0.,0.));
#13557 = DIRECTION('',(0.,1.,0.));
#13558 = DEFINITIONAL_REPRESENTATION('',(#13559),#13562);
#13559 = B_SPLINE_CURVE_WITH_KNOTS('',1,(#13560,#13561),.UNSPECIFIED.,
  .F.,.F.,(2,2),(-8.700000000109,2.899999998794),
  .PIECEWISE_BEZIER_KNOTS.);
#13560 = CARTESIAN_POINT('',(11.599999998903,-2.E-02));
#13561 = CARTESIAN_POINT('',(-8.881784197001E-16,-2.E-02));
#13562 = ( GEOMETRIC_REPRESENTATION_CONTEXT(2) 
PARAMETRIC_REPRESENTATION_CONTEXT() REPRESENTATION_CONTEXT('2D SPACE',''
  ) );
#13563 = ORIENTED_EDGE('',*,*,#13564,.T.);
#13564 = EDGE_CURVE('',#13539,#13565,#13567,.T.);
#13565 = VERTEX_POINT('',#13566);
#13566 = CARTESIAN_POINT('',(9.8,-9.8,9.5));
#13567 = SURFACE_CURVE('',#13568,(#13573,#13584),.PCURVE_S1.);
#13568 = CIRCLE('',#13569,4.);
#13569 = AXIS2_PLACEMENT_3D('',#13570,#13571,#13572);
#13570 = CARTESIAN_POINT('',(9.8,-5.8,9.5));
#13571 = DIRECTION('',(0.,0.,-1.));
#13572 = DIRECTION('',(1.,0.,0.));
#13573 = PCURVE('',#12450,#13574);
#13574 = DEFINITIONAL_REPRESENTATION('',(#13575),#13583);
#13575 = ( BOUNDED_CURVE() B_SPLINE_CURVE(2,(#13576,#13577,#13578,#13579
    ,#13580,#13581,#13582),.UNSPECIFIED.,.T.,.F.) 
B_SPLINE_CURVE_WITH_KNOTS((1,2,2,2,2,1),(-2.094395102393,0.,
    2.094395102393,4.188790204786,6.28318530718,8.377580409573),
.UNSPECIFIED.) CURVE() GEOMETRIC_REPRESENTATION_ITEM() 
RATIONAL_B_SPLINE_CURVE((1.,0.5,1.,0.5,1.,0.5,1.)) REPRESENTATION_ITEM(
  '') );
#13576 = CARTESIAN_POINT('',(13.800000001179,-5.799999997588));
#13577 = CARTESIAN_POINT('',(13.800000001179,-12.72820322786));
#13578 = CARTESIAN_POINT('',(7.800000001179,-9.264101612725));
#13579 = CARTESIAN_POINT('',(1.800000001179,-5.799999997588));
#13580 = CARTESIAN_POINT('',(7.800000001179,-2.33589838245));
#13581 = CARTESIAN_POINT('',(13.800000001178,1.128203232688));
#13582 = CARTESIAN_POINT('',(13.800000001179,-5.799999997588));
#13583 = ( GEOMETRIC_REPRESENTATION_CONTEXT(2) 
PARAMETRIC_REPRESENTATION_CONTEXT() REPRESENTATION_CONTEXT('2D SPACE',''
  ) );
#13584 = PCURVE('',#13585,#13590);
#13585 = CYLINDRICAL_SURFACE('',#13586,4.);
#13586 = AXIS2_PLACEMENT_3D('',#13587,#13588,#13589);
#13587 = CARTESIAN_POINT('',(9.8,-5.8,9.48));
#13588 = DIRECTION('',(-0.,-0.,-1.));
#13589 = DIRECTION('',(1.,0.,0.));
#13590 = DEFINITIONAL_REPRESENTATION('',(#13591),#13595);
#13591 = LINE('',#13592,#13593);
#13592 = CARTESIAN_POINT('',(-6.28318530718,-2.E-02));
#13593 = VECTOR('',#13594,1.);
#13594 = DIRECTION('',(1.,-0.));
#13595 = ( GEOMETRIC_REPRESENTATION_CONTEXT(2) 
PARAMETRIC_REPRESENTATION_CONTEXT() REPRESENTATION_CONTEXT('2D SPACE',''
  ) );
#13596 = ORIENTED_EDGE('',*,*,#13597,.T.);
#13597 = EDGE_CURVE('',#13565,#13598,#13600,.T.);
#13598 = VERTEX_POINT('',#13599);
#13599 = CARTESIAN_POINT('',(-9.8,-9.8,9.5));
#13600 = SURFACE_CURVE('',#13601,(#13605,#13611),.PCURVE_S1.);
#13601 = LINE('',#13602,#13603);
#13602 = CARTESIAN_POINT('',(-4.900000000589,-9.8,9.5));
#13603 = VECTOR('',#13604,1.);
#13604 = DIRECTION('',(-1.,0.,0.));
#13605 = PCURVE('',#12450,#13606);
#13606 = DEFINITIONAL_REPRESENTATION('',(#13607),#13610);
#13607 = B_SPLINE_CURVE_WITH_KNOTS('',1,(#13608,#13609),.UNSPECIFIED.,
  .F.,.F.,(2,2),(-14.70000000058,4.899999999411),
  .PIECEWISE_BEZIER_KNOTS.);
#13608 = CARTESIAN_POINT('',(9.800000001179,-9.799999997588));
#13609 = CARTESIAN_POINT('',(-9.799999998821,-9.799999997588));
#13610 = ( GEOMETRIC_REPRESENTATION_CONTEXT(2) 
PARAMETRIC_REPRESENTATION_CONTEXT() REPRESENTATION_CONTEXT('2D SPACE',''
  ) );
#13611 = PCURVE('',#13612,#13617);
#13612 = PLANE('',#13613);
#13613 = AXIS2_PLACEMENT_3D('',#13614,#13615,#13616);
#13614 = CARTESIAN_POINT('',(-9.8,-9.8,9.48));
#13615 = DIRECTION('',(0.,1.,0.));
#13616 = DIRECTION('',(1.,0.,0.));
#13617 = DEFINITIONAL_REPRESENTATION('',(#13618),#13621);
#13618 = B_SPLINE_CURVE_WITH_KNOTS('',1,(#13619,#13620),.UNSPECIFIED.,
  .F.,.F.,(2,2),(-14.70000000058,4.899999999411),
  .PIECEWISE_BEZIER_KNOTS.);
#13619 = CARTESIAN_POINT('',(19.6,-2.E-02));
#13620 = CARTESIAN_POINT('',(0.,-2.E-02));
#13621 = ( GEOMETRIC_REPRESENTATION_CONTEXT(2) 
PARAMETRIC_REPRESENTATION_CONTEXT() REPRESENTATION_CONTEXT('2D SPACE',''
  ) );
#13622 = ORIENTED_EDGE('',*,*,#13623,.T.);
#13623 = EDGE_CURVE('',#13598,#13421,#13624,.T.);
#13624 = SURFACE_CURVE('',#13625,(#13630,#13641),.PCURVE_S1.);
#13625 = CIRCLE('',#13626,4.);
#13626 = AXIS2_PLACEMENT_3D('',#13627,#13628,#13629);
#13627 = CARTESIAN_POINT('',(-9.8,-5.8,9.5));
#13628 = DIRECTION('',(0.,0.,-1.));
#13629 = DIRECTION('',(1.,0.,0.));
#13630 = PCURVE('',#12450,#13631);
#13631 = DEFINITIONAL_REPRESENTATION('',(#13632),#13640);
#13632 = ( BOUNDED_CURVE() B_SPLINE_CURVE(2,(#13633,#13634,#13635,#13636
    ,#13637,#13638,#13639),.UNSPECIFIED.,.T.,.F.) 
B_SPLINE_CURVE_WITH_KNOTS((1,2,2,2,2,1),(-2.094395102393,0.,
    2.094395102393,4.188790204786,6.28318530718,8.377580409573),
.UNSPECIFIED.) CURVE() GEOMETRIC_REPRESENTATION_ITEM() 
RATIONAL_B_SPLINE_CURVE((1.,0.5,1.,0.5,1.,0.5,1.)) REPRESENTATION_ITEM(
  '') );
#13633 = CARTESIAN_POINT('',(-5.799999998821,-5.799999997588));
#13634 = CARTESIAN_POINT('',(-5.799999998821,-12.72820322786));
#13635 = CARTESIAN_POINT('',(-11.79999999882,-9.264101612725));
#13636 = CARTESIAN_POINT('',(-17.79999999882,-5.799999997588));
#13637 = CARTESIAN_POINT('',(-11.79999999882,-2.33589838245));
#13638 = CARTESIAN_POINT('',(-5.799999998822,1.128203232688));
#13639 = CARTESIAN_POINT('',(-5.799999998821,-5.799999997588));
#13640 = ( GEOMETRIC_REPRESENTATION_CONTEXT(2) 
PARAMETRIC_REPRESENTATION_CONTEXT() REPRESENTATION_CONTEXT('2D SPACE',''
  ) );
#13641 = PCURVE('',#13642,#13647);
#13642 = CYLINDRICAL_SURFACE('',#13643,4.);
#13643 = AXIS2_PLACEMENT_3D('',#13644,#13645,#13646);
#13644 = CARTESIAN_POINT('',(-9.8,-5.8,9.48));
#13645 = DIRECTION('',(-0.,-0.,-1.));
#13646 = DIRECTION('',(1.,0.,0.));
#13647 = DEFINITIONAL_REPRESENTATION('',(#13648),#13652);
#13648 = LINE('',#13649,#13650);
#13649 = CARTESIAN_POINT('',(-6.28318530718,-2.E-02));
#13650 = VECTOR('',#13651,1.);
#13651 = DIRECTION('',(1.,-0.));
#13652 = ( GEOMETRIC_REPRESENTATION_CONTEXT(2) 
PARAMETRIC_REPRESENTATION_CONTEXT() REPRESENTATION_CONTEXT('2D SPACE',''
  ) );
#13653 = FACE_BOUND('',#13654,.F.);
#13654 = EDGE_LOOP('',(#13655));
#13655 = ORIENTED_EDGE('',*,*,#13656,.F.);
#13656 = EDGE_CURVE('',#13657,#13657,#13659,.T.);
#13657 = VERTEX_POINT('',#13658);
#13658 = CARTESIAN_POINT('',(2.05,16.5,9.5));
#13659 = SURFACE_CURVE('',#13660,(#13665,#13672),.PCURVE_S1.);
#13660 = CIRCLE('',#13661,0.65);
#13661 = AXIS2_PLACEMENT_3D('',#13662,#13663,#13664);
#13662 = CARTESIAN_POINT('',(1.4,16.5,9.5));
#13663 = DIRECTION('',(0.,0.,1.));
#13664 = DIRECTION('',(1.,0.,-0.));
#13665 = PCURVE('',#12450,#13666);
#13666 = DEFINITIONAL_REPRESENTATION('',(#13667),#13671);
#13667 = CIRCLE('',#13668,0.65);
#13668 = AXIS2_PLACEMENT_2D('',#13669,#13670);
#13669 = CARTESIAN_POINT('',(1.400000001179,16.500000002412));
#13670 = DIRECTION('',(1.,0.));
#13671 = ( GEOMETRIC_REPRESENTATION_CONTEXT(2) 
PARAMETRIC_REPRESENTATION_CONTEXT() REPRESENTATION_CONTEXT('2D SPACE',''
  ) );
#13672 = PCURVE('',#13673,#13678);
#13673 = CYLINDRICAL_SURFACE('',#13674,0.65);
#13674 = AXIS2_PLACEMENT_3D('',#13675,#13676,#13677);
#13675 = CARTESIAN_POINT('',(1.4,16.5,9.45));
#13676 = DIRECTION('',(0.,0.,1.));
#13677 = DIRECTION('',(1.,0.,-0.));
#13678 = DEFINITIONAL_REPRESENTATION('',(#13679),#13683);
#13679 = LINE('',#13680,#13681);
#13680 = CARTESIAN_POINT('',(0.,5.E-02));
#13681 = VECTOR('',#13682,1.);
#13682 = DIRECTION('',(1.,0.));
#13683 = ( GEOMETRIC_REPRESENTATION_CONTEXT(2) 
PARAMETRIC_REPRESENTATION_CONTEXT() REPRESENTATION_CONTEXT('2D SPACE',''
  ) );
#13684 = FACE_BOUND('',#13685,.F.);
#13685 = EDGE_LOOP('',(#13686));
#13686 = ORIENTED_EDGE('',*,*,#13687,.F.);
#13687 = EDGE_CURVE('',#13688,#13688,#13690,.T.);
#13688 = VERTEX_POINT('',#13689);
#13689 = CARTESIAN_POINT('',(16.2,15.5,9.5));
#13690 = SURFACE_CURVE('',#13691,(#13696,#13703),.PCURVE_S1.);
#13691 = CIRCLE('',#13692,1.2);
#13692 = AXIS2_PLACEMENT_3D('',#13693,#13694,#13695);
#13693 = CARTESIAN_POINT('',(15.,15.5,9.5));
#13694 = DIRECTION('',(0.,0.,1.));
#13695 = DIRECTION('',(1.,0.,-0.));
#13696 = PCURVE('',#12450,#13697);
#13697 = DEFINITIONAL_REPRESENTATION('',(#13698),#13702);
#13698 = CIRCLE('',#13699,1.2);
#13699 = AXIS2_PLACEMENT_2D('',#13700,#13701);
#13700 = CARTESIAN_POINT('',(15.000000001179,15.500000002412));
#13701 = DIRECTION('',(1.,0.));
#13702 = ( GEOMETRIC_REPRESENTATION_CONTEXT(2) 
PARAMETRIC_REPRESENTATION_CONTEXT() REPRESENTATION_CONTEXT('2D SPACE',''
  ) );
#13703 = PCURVE('',#13704,#13709);
#13704 = CYLINDRICAL_SURFACE('',#13705,1.2);
#13705 = AXIS2_PLACEMENT_3D('',#13706,#13707,#13708);
#13706 = CARTESIAN_POINT('',(15.,15.5,9.45));
#13707 = DIRECTION('',(0.,0.,1.));
#13708 = DIRECTION('',(1.,0.,-0.));
#13709 = DEFINITIONAL_REPRESENTATION('',(#13710),#13714);
#13710 = LINE('',#13711,#13712);
#13711 = CARTESIAN_POINT('',(0.,5.E-02));
#13712 = VECTOR('',#13713,1.);
#13713 = DIRECTION('',(1.,0.));
#13714 = ( GEOMETRIC_REPRESENTATION_CONTEXT(2) 
PARAMETRIC_REPRESENTATION_CONTEXT() REPRESENTATION_CONTEXT('2D SPACE',''
  ) );
#13715 = ADVANCED_FACE('',(#13716),#12476,.T.);
#13716 = FACE_BOUND('',#13717,.T.);
#13717 = EDGE_LOOP('',(#13718,#13719,#13720,#13740));
#13718 = ORIENTED_EDGE('',*,*,#12462,.F.);
#13719 = ORIENTED_EDGE('',*,*,#12623,.T.);
#13720 = ORIENTED_EDGE('',*,*,#13721,.T.);
#13721 = EDGE_CURVE('',#12596,#12960,#13722,.T.);
#13722 = SURFACE_CURVE('',#13723,(#13728,#13734),.PCURVE_S1.);
#13723 = CIRCLE('',#13724,0.3);
#13724 = AXIS2_PLACEMENT_3D('',#13725,#13726,#13727);
#13725 = CARTESIAN_POINT('',(-12.5,21.699999984226,9.8));
#13726 = DIRECTION('',(-1.,-6.123233995737E-17,0.));
#13727 = DIRECTION('',(-6.123233995737E-17,1.,0.));
#13728 = PCURVE('',#12476,#13729);
#13729 = DEFINITIONAL_REPRESENTATION('',(#13730),#13733);
#13730 = B_SPLINE_CURVE_WITH_KNOTS('',1,(#13731,#13732),.UNSPECIFIED.,
  .F.,.F.,(2,2),(0.,1.570796326795),.PIECEWISE_BEZIER_KNOTS.);
#13731 = CARTESIAN_POINT('',(1.570796326795,0.));
#13732 = CARTESIAN_POINT('',(1.570796326795,1.570796326795));
#13733 = ( GEOMETRIC_REPRESENTATION_CONTEXT(2) 
PARAMETRIC_REPRESENTATION_CONTEXT() REPRESENTATION_CONTEXT('2D SPACE',''
  ) );
#13734 = PCURVE('',#12975,#13735);
#13735 = DEFINITIONAL_REPRESENTATION('',(#13736),#13739);
#13736 = B_SPLINE_CURVE_WITH_KNOTS('',1,(#13737,#13738),.UNSPECIFIED.,
  .F.,.F.,(2,2),(0.,1.570796326795),.PIECEWISE_BEZIER_KNOTS.);
#13737 = CARTESIAN_POINT('',(0.,0.));
#13738 = CARTESIAN_POINT('',(-1.570796326795,0.));
#13739 = ( GEOMETRIC_REPRESENTATION_CONTEXT(2) 
PARAMETRIC_REPRESENTATION_CONTEXT() REPRESENTATION_CONTEXT('2D SPACE',''
  ) );
#13740 = ORIENTED_EDGE('',*,*,#12987,.F.);
#13741 = ADVANCED_FACE('',(#13742,#13917,#13948,#13974,#14000,#14026,
    #14052,#14078,#14104,#14130,#14156,#14182,#14213,#14244,#14270,
    #14508,#14534),#12529,.T.);
#13742 = FACE_BOUND('',#13743,.T.);
#13743 = EDGE_LOOP('',(#13744,#13745,#13746,#13769,#13802,#13830,#13863,
    #13891));
#13744 = ORIENTED_EDGE('',*,*,#12513,.F.);
#13745 = ORIENTED_EDGE('',*,*,#12811,.F.);
#13746 = ORIENTED_EDGE('',*,*,#13747,.F.);
#13747 = EDGE_CURVE('',#13748,#12788,#13750,.T.);
#13748 = VERTEX_POINT('',#13749);
#13749 = CARTESIAN_POINT('',(12.49999998742,-21.65,12.));
#13750 = SURFACE_CURVE('',#13751,(#13755,#13762),.PCURVE_S1.);
#13751 = LINE('',#13752,#13753);
#13752 = CARTESIAN_POINT('',(12.49999998742,-21.65,12.));
#13753 = VECTOR('',#13754,1.);
#13754 = DIRECTION('',(-1.,-0.,-0.));
#13755 = PCURVE('',#12529,#13756);
#13756 = DEFINITIONAL_REPRESENTATION('',(#13757),#13761);
#13757 = LINE('',#13758,#13759);
#13758 = CARTESIAN_POINT('',(12.499999988599,-21.64999999758));
#13759 = VECTOR('',#13760,1.);
#13760 = DIRECTION('',(-1.,0.));
#13761 = ( GEOMETRIC_REPRESENTATION_CONTEXT(2) 
PARAMETRIC_REPRESENTATION_CONTEXT() REPRESENTATION_CONTEXT('2D SPACE',''
  ) );
#13762 = PCURVE('',#12665,#13763);
#13763 = DEFINITIONAL_REPRESENTATION('',(#13764),#13768);
#13764 = LINE('',#13765,#13766);
#13765 = CARTESIAN_POINT('',(1.570796326795,0.));
#13766 = VECTOR('',#13767,1.);
#13767 = DIRECTION('',(0.,1.));
#13768 = ( GEOMETRIC_REPRESENTATION_CONTEXT(2) 
PARAMETRIC_REPRESENTATION_CONTEXT() REPRESENTATION_CONTEXT('2D SPACE',''
  ) );
#13769 = ORIENTED_EDGE('',*,*,#13770,.F.);
#13770 = EDGE_CURVE('',#13771,#13748,#13773,.T.);
#13771 = VERTEX_POINT('',#13772);
#13772 = CARTESIAN_POINT('',(23.65,-10.5,12.));
#13773 = SURFACE_CURVE('',#13774,(#13779,#13790),.PCURVE_S1.);
#13774 = CIRCLE('',#13775,11.15);
#13775 = AXIS2_PLACEMENT_3D('',#13776,#13777,#13778);
#13776 = CARTESIAN_POINT('',(12.49999998742,-10.5,12.));
#13777 = DIRECTION('',(0.,-0.,-1.));
#13778 = DIRECTION('',(1.,1.544658121218E-16,-0.));
#13779 = PCURVE('',#12529,#13780);
#13780 = DEFINITIONAL_REPRESENTATION('',(#13781),#13789);
#13781 = ( BOUNDED_CURVE() B_SPLINE_CURVE(2,(#13782,#13783,#13784,#13785
    ,#13786,#13787,#13788),.UNSPECIFIED.,.T.,.F.) 
B_SPLINE_CURVE_WITH_KNOTS((1,2,2,2,2,1),(-2.094395102393,0.,
    2.094395102393,4.188790204786,6.28318530718,8.377580409573),
.UNSPECIFIED.) CURVE() GEOMETRIC_REPRESENTATION_ITEM() 
RATIONAL_B_SPLINE_CURVE((1.,0.5,1.,0.5,1.,0.5,1.)) REPRESENTATION_ITEM(
  '') );
#13782 = CARTESIAN_POINT('',(23.649999988599,-10.49999999758));
#13783 = CARTESIAN_POINT('',(23.649999988599,-29.81236650198));
#13784 = CARTESIAN_POINT('',(6.924999988599,-20.15618324978));
#13785 = CARTESIAN_POINT('',(-9.800000011401,-10.49999999758));
#13786 = CARTESIAN_POINT('',(6.924999988599,-0.843816745391));
#13787 = CARTESIAN_POINT('',(23.649999988599,8.812366506805));
#13788 = CARTESIAN_POINT('',(23.649999988599,-10.49999999758));
#13789 = ( GEOMETRIC_REPRESENTATION_CONTEXT(2) 
PARAMETRIC_REPRESENTATION_CONTEXT() REPRESENTATION_CONTEXT('2D SPACE',''
  ) );
#13790 = PCURVE('',#13791,#13796);
#13791 = TOROIDAL_SURFACE('',#13792,11.15,0.35);
#13792 = AXIS2_PLACEMENT_3D('',#13793,#13794,#13795);
#13793 = CARTESIAN_POINT('',(12.49999998742,-10.5,11.65));
#13794 = DIRECTION('',(0.,0.,1.));
#13795 = DIRECTION('',(1.,1.544658121218E-16,-0.));
#13796 = DEFINITIONAL_REPRESENTATION('',(#13797),#13801);
#13797 = LINE('',#13798,#13799);
#13798 = CARTESIAN_POINT('',(-0.,1.570796326795));
#13799 = VECTOR('',#13800,1.);
#13800 = DIRECTION('',(-1.,0.));
#13801 = ( GEOMETRIC_REPRESENTATION_CONTEXT(2) 
PARAMETRIC_REPRESENTATION_CONTEXT() REPRESENTATION_CONTEXT('2D SPACE',''
  ) );
#13802 = ORIENTED_EDGE('',*,*,#13803,.F.);
#13803 = EDGE_CURVE('',#13804,#13771,#13806,.T.);
#13804 = VERTEX_POINT('',#13805);
#13805 = CARTESIAN_POINT('',(23.65,10.499999992113,12.));
#13806 = SURFACE_CURVE('',#13807,(#13811,#13818),.PCURVE_S1.);
#13807 = LINE('',#13808,#13809);
#13808 = CARTESIAN_POINT('',(23.65,10.499999992113,12.));
#13809 = VECTOR('',#13810,1.);
#13810 = DIRECTION('',(-0.,-1.,-0.));
#13811 = PCURVE('',#12529,#13812);
#13812 = DEFINITIONAL_REPRESENTATION('',(#13813),#13817);
#13813 = LINE('',#13814,#13815);
#13814 = CARTESIAN_POINT('',(23.650000001179,10.499999994525));
#13815 = VECTOR('',#13816,1.);
#13816 = DIRECTION('',(0.,-1.));
#13817 = ( GEOMETRIC_REPRESENTATION_CONTEXT(2) 
PARAMETRIC_REPRESENTATION_CONTEXT() REPRESENTATION_CONTEXT('2D SPACE',''
  ) );
#13818 = PCURVE('',#13819,#13824);
#13819 = CYLINDRICAL_SURFACE('',#13820,0.35);
#13820 = AXIS2_PLACEMENT_3D('',#13821,#13822,#13823);
#13821 = CARTESIAN_POINT('',(23.65,10.499999992113,11.65));
#13822 = DIRECTION('',(-0.,-1.,-0.));
#13823 = DIRECTION('',(1.,-0.,0.));
#13824 = DEFINITIONAL_REPRESENTATION('',(#13825),#13829);
#13825 = LINE('',#13826,#13827);
#13826 = CARTESIAN_POINT('',(1.570796326795,0.));
#13827 = VECTOR('',#13828,1.);
#13828 = DIRECTION('',(0.,1.));
#13829 = ( GEOMETRIC_REPRESENTATION_CONTEXT(2) 
PARAMETRIC_REPRESENTATION_CONTEXT() REPRESENTATION_CONTEXT('2D SPACE',''
  ) );
#13830 = ORIENTED_EDGE('',*,*,#13831,.F.);
#13831 = EDGE_CURVE('',#13832,#13804,#13834,.T.);
#13832 = VERTEX_POINT('',#13833);
#13833 = CARTESIAN_POINT('',(12.5,21.65,12.));
#13834 = SURFACE_CURVE('',#13835,(#13840,#13851),.PCURVE_S1.);
#13835 = CIRCLE('',#13836,11.15);
#13836 = AXIS2_PLACEMENT_3D('',#13837,#13838,#13839);
#13837 = CARTESIAN_POINT('',(12.5,10.499999992113,12.));
#13838 = DIRECTION('',(0.,-0.,-1.));
#13839 = DIRECTION('',(0.,1.,-0.));
#13840 = PCURVE('',#12529,#13841);
#13841 = DEFINITIONAL_REPRESENTATION('',(#13842),#13850);
#13842 = ( BOUNDED_CURVE() B_SPLINE_CURVE(2,(#13843,#13844,#13845,#13846
    ,#13847,#13848,#13849),.UNSPECIFIED.,.T.,.F.) 
B_SPLINE_CURVE_WITH_KNOTS((1,2,2,2,2,1),(-2.094395102393,0.,
    2.094395102393,4.188790204786,6.28318530718,8.377580409573),
.UNSPECIFIED.) CURVE() GEOMETRIC_REPRESENTATION_ITEM() 
RATIONAL_B_SPLINE_CURVE((1.,0.5,1.,0.5,1.,0.5,1.)) REPRESENTATION_ITEM(
  '') );
#13843 = CARTESIAN_POINT('',(12.500000001179,21.649999994525));
#13844 = CARTESIAN_POINT('',(31.812366505571,21.649999994525));
#13845 = CARTESIAN_POINT('',(22.156183253375,4.924999994525));
#13846 = CARTESIAN_POINT('',(12.500000001179,-11.80000000547));
#13847 = CARTESIAN_POINT('',(2.843816748982,4.924999994525));
#13848 = CARTESIAN_POINT('',(-6.812366503214,21.649999994525));
#13849 = CARTESIAN_POINT('',(12.500000001179,21.649999994525));
#13850 = ( GEOMETRIC_REPRESENTATION_CONTEXT(2) 
PARAMETRIC_REPRESENTATION_CONTEXT() REPRESENTATION_CONTEXT('2D SPACE',''
  ) );
#13851 = PCURVE('',#13852,#13857);
#13852 = TOROIDAL_SURFACE('',#13853,11.15,0.35);
#13853 = AXIS2_PLACEMENT_3D('',#13854,#13855,#13856);
#13854 = CARTESIAN_POINT('',(12.5,10.499999992113,11.65));
#13855 = DIRECTION('',(0.,0.,1.));
#13856 = DIRECTION('',(0.,1.,-0.));
#13857 = DEFINITIONAL_REPRESENTATION('',(#13858),#13862);
#13858 = LINE('',#13859,#13860);
#13859 = CARTESIAN_POINT('',(-0.,1.570796326795));
#13860 = VECTOR('',#13861,1.);
#13861 = DIRECTION('',(-1.,0.));
#13862 = ( GEOMETRIC_REPRESENTATION_CONTEXT(2) 
PARAMETRIC_REPRESENTATION_CONTEXT() REPRESENTATION_CONTEXT('2D SPACE',''
  ) );
#13863 = ORIENTED_EDGE('',*,*,#13864,.F.);
#13864 = EDGE_CURVE('',#13865,#13832,#13867,.T.);
#13865 = VERTEX_POINT('',#13866);
#13866 = CARTESIAN_POINT('',(-12.5,21.649999984226,12.));
#13867 = SURFACE_CURVE('',#13868,(#13872,#13879),.PCURVE_S1.);
#13868 = LINE('',#13869,#13870);
#13869 = CARTESIAN_POINT('',(-12.5,21.65,12.));
#13870 = VECTOR('',#13871,1.);
#13871 = DIRECTION('',(1.,0.,0.));
#13872 = PCURVE('',#12529,#13873);
#13873 = DEFINITIONAL_REPRESENTATION('',(#13874),#13878);
#13874 = LINE('',#13875,#13876);
#13875 = CARTESIAN_POINT('',(-12.49999999882,21.650000002412));
#13876 = VECTOR('',#13877,1.);
#13877 = DIRECTION('',(1.,0.));
#13878 = ( GEOMETRIC_REPRESENTATION_CONTEXT(2) 
PARAMETRIC_REPRESENTATION_CONTEXT() REPRESENTATION_CONTEXT('2D SPACE',''
  ) );
#13879 = PCURVE('',#13880,#13885);
#13880 = CYLINDRICAL_SURFACE('',#13881,0.35);
#13881 = AXIS2_PLACEMENT_3D('',#13882,#13883,#13884);
#13882 = CARTESIAN_POINT('',(-12.5,21.65,11.65));
#13883 = DIRECTION('',(1.,0.,0.));
#13884 = DIRECTION('',(-0.,1.,0.));
#13885 = DEFINITIONAL_REPRESENTATION('',(#13886),#13890);
#13886 = LINE('',#13887,#13888);
#13887 = CARTESIAN_POINT('',(1.570796326795,0.));
#13888 = VECTOR('',#13889,1.);
#13889 = DIRECTION('',(0.,1.));
#13890 = ( GEOMETRIC_REPRESENTATION_CONTEXT(2) 
PARAMETRIC_REPRESENTATION_CONTEXT() REPRESENTATION_CONTEXT('2D SPACE',''
  ) );
#13891 = ORIENTED_EDGE('',*,*,#13892,.F.);
#13892 = EDGE_CURVE('',#12514,#13865,#13893,.T.);
#13893 = SURFACE_CURVE('',#13894,(#13899,#13910),.PCURVE_S1.);
#13894 = CIRCLE('',#13895,11.15);
#13895 = AXIS2_PLACEMENT_3D('',#13896,#13897,#13898);
#13896 = CARTESIAN_POINT('',(-12.5,10.499999984226,12.));
#13897 = DIRECTION('',(-0.,0.,-1.));
#13898 = DIRECTION('',(-1.,0.,0.));
#13899 = PCURVE('',#12529,#13900);
#13900 = DEFINITIONAL_REPRESENTATION('',(#13901),#13909);
#13901 = ( BOUNDED_CURVE() B_SPLINE_CURVE(2,(#13902,#13903,#13904,#13905
    ,#13906,#13907,#13908),.UNSPECIFIED.,.T.,.F.) 
B_SPLINE_CURVE_WITH_KNOTS((1,2,2,2,2,1),(-2.094395102393,0.,
    2.094395102393,4.188790204786,6.28318530718,8.377580409573),
.UNSPECIFIED.) CURVE() GEOMETRIC_REPRESENTATION_ITEM() 
RATIONAL_B_SPLINE_CURVE((1.,0.5,1.,0.5,1.,0.5,1.)) REPRESENTATION_ITEM(
  '') );
#13902 = CARTESIAN_POINT('',(-23.64999999882,10.499999986638));
#13903 = CARTESIAN_POINT('',(-23.64999999882,29.812366491031));
#13904 = CARTESIAN_POINT('',(-6.924999998821,20.156183238835));
#13905 = CARTESIAN_POINT('',(9.800000001179,10.499999986638));
#13906 = CARTESIAN_POINT('',(-6.924999998821,0.843816734442));
#13907 = CARTESIAN_POINT('',(-23.64999999882,-8.812366517755));
#13908 = CARTESIAN_POINT('',(-23.64999999882,10.499999986638));
#13909 = ( GEOMETRIC_REPRESENTATION_CONTEXT(2) 
PARAMETRIC_REPRESENTATION_CONTEXT() REPRESENTATION_CONTEXT('2D SPACE',''
  ) );
#13910 = PCURVE('',#12555,#13911);
#13911 = DEFINITIONAL_REPRESENTATION('',(#13912),#13916);
#13912 = LINE('',#13913,#13914);
#13913 = CARTESIAN_POINT('',(-0.,1.570796326795));
#13914 = VECTOR('',#13915,1.);
#13915 = DIRECTION('',(-1.,0.));
#13916 = ( GEOMETRIC_REPRESENTATION_CONTEXT(2) 
PARAMETRIC_REPRESENTATION_CONTEXT() REPRESENTATION_CONTEXT('2D SPACE',''
  ) );
#13917 = FACE_BOUND('',#13918,.T.);
#13918 = EDGE_LOOP('',(#13919));
#13919 = ORIENTED_EDGE('',*,*,#13920,.F.);
#13920 = EDGE_CURVE('',#13921,#13921,#13923,.T.);
#13921 = VERTEX_POINT('',#13922);
#13922 = CARTESIAN_POINT('',(-13.1,-15.5,12.));
#13923 = SURFACE_CURVE('',#13924,(#13929,#13936),.PCURVE_S1.);
#13924 = CIRCLE('',#13925,1.9);
#13925 = AXIS2_PLACEMENT_3D('',#13926,#13927,#13928);
#13926 = CARTESIAN_POINT('',(-15.,-15.5,12.));
#13927 = DIRECTION('',(0.,0.,1.));
#13928 = DIRECTION('',(1.,0.,-0.));
#13929 = PCURVE('',#12529,#13930);
#13930 = DEFINITIONAL_REPRESENTATION('',(#13931),#13935);
#13931 = CIRCLE('',#13932,1.9);
#13932 = AXIS2_PLACEMENT_2D('',#13933,#13934);
#13933 = CARTESIAN_POINT('',(-14.99999999882,-15.49999999758));
#13934 = DIRECTION('',(1.,0.));
#13935 = ( GEOMETRIC_REPRESENTATION_CONTEXT(2) 
PARAMETRIC_REPRESENTATION_CONTEXT() REPRESENTATION_CONTEXT('2D SPACE',''
  ) );
#13936 = PCURVE('',#13937,#13942);
#13937 = CYLINDRICAL_SURFACE('',#13938,1.9);
#13938 = AXIS2_PLACEMENT_3D('',#13939,#13940,#13941);
#13939 = CARTESIAN_POINT('',(-15.,-15.5,11.3));
#13940 = DIRECTION('',(0.,0.,1.));
#13941 = DIRECTION('',(1.,0.,-0.));
#13942 = DEFINITIONAL_REPRESENTATION('',(#13943),#13947);
#13943 = LINE('',#13944,#13945);
#13944 = CARTESIAN_POINT('',(0.,0.7));
#13945 = VECTOR('',#13946,1.);
#13946 = DIRECTION('',(1.,0.));
#13947 = ( GEOMETRIC_REPRESENTATION_CONTEXT(2) 
PARAMETRIC_REPRESENTATION_CONTEXT() REPRESENTATION_CONTEXT('2D SPACE',''
  ) );
#13948 = FACE_BOUND('',#13949,.T.);
#13949 = EDGE_LOOP('',(#13950));
#13950 = ORIENTED_EDGE('',*,*,#13951,.F.);
#13951 = EDGE_CURVE('',#13952,#13952,#13954,.T.);
#13952 = VERTEX_POINT('',#13953);
#13953 = CARTESIAN_POINT('',(-4.2,-16.,12.));
#13954 = SURFACE_CURVE('',#13955,(#13960,#13967),.PCURVE_S1.);
#13955 = CIRCLE('',#13956,0.6);
#13956 = AXIS2_PLACEMENT_3D('',#13957,#13958,#13959);
#13957 = CARTESIAN_POINT('',(-4.8,-16.,12.));
#13958 = DIRECTION('',(0.,0.,1.));
#13959 = DIRECTION('',(1.,0.,-0.));
#13960 = PCURVE('',#12529,#13961);
#13961 = DEFINITIONAL_REPRESENTATION('',(#13962),#13966);
#13962 = CIRCLE('',#13963,0.6);
#13963 = AXIS2_PLACEMENT_2D('',#13964,#13965);
#13964 = CARTESIAN_POINT('',(-4.799999998821,-15.99999999758));
#13965 = DIRECTION('',(1.,0.));
#13966 = ( GEOMETRIC_REPRESENTATION_CONTEXT(2) 
PARAMETRIC_REPRESENTATION_CONTEXT() REPRESENTATION_CONTEXT('2D SPACE',''
  ) );
#13967 = PCURVE('',#13063,#13968);
#13968 = DEFINITIONAL_REPRESENTATION('',(#13969),#13973);
#13969 = LINE('',#13970,#13971);
#13970 = CARTESIAN_POINT('',(0.,2.55));
#13971 = VECTOR('',#13972,1.);
#13972 = DIRECTION('',(1.,0.));
#13973 = ( GEOMETRIC_REPRESENTATION_CONTEXT(2) 
PARAMETRIC_REPRESENTATION_CONTEXT() REPRESENTATION_CONTEXT('2D SPACE',''
  ) );
#13974 = FACE_BOUND('',#13975,.T.);
#13975 = EDGE_LOOP('',(#13976));
#13976 = ORIENTED_EDGE('',*,*,#13977,.F.);
#13977 = EDGE_CURVE('',#13978,#13978,#13980,.T.);
#13978 = VERTEX_POINT('',#13979);
#13979 = CARTESIAN_POINT('',(-3.,-18.4,12.));
#13980 = SURFACE_CURVE('',#13981,(#13986,#13993),.PCURVE_S1.);
#13981 = CIRCLE('',#13982,0.6);
#13982 = AXIS2_PLACEMENT_3D('',#13983,#13984,#13985);
#13983 = CARTESIAN_POINT('',(-3.6,-18.4,12.));
#13984 = DIRECTION('',(0.,0.,1.));
#13985 = DIRECTION('',(1.,0.,-0.));
#13986 = PCURVE('',#12529,#13987);
#13987 = DEFINITIONAL_REPRESENTATION('',(#13988),#13992);
#13988 = CIRCLE('',#13989,0.6);
#13989 = AXIS2_PLACEMENT_2D('',#13990,#13991);
#13990 = CARTESIAN_POINT('',(-3.599999998821,-18.39999999758));
#13991 = DIRECTION('',(1.,0.));
#13992 = ( GEOMETRIC_REPRESENTATION_CONTEXT(2) 
PARAMETRIC_REPRESENTATION_CONTEXT() REPRESENTATION_CONTEXT('2D SPACE',''
  ) );
#13993 = PCURVE('',#13094,#13994);
#13994 = DEFINITIONAL_REPRESENTATION('',(#13995),#13999);
#13995 = LINE('',#13996,#13997);
#13996 = CARTESIAN_POINT('',(0.,2.55));
#13997 = VECTOR('',#13998,1.);
#13998 = DIRECTION('',(1.,0.));
#13999 = ( GEOMETRIC_REPRESENTATION_CONTEXT(2) 
PARAMETRIC_REPRESENTATION_CONTEXT() REPRESENTATION_CONTEXT('2D SPACE',''
  ) );
#14000 = FACE_BOUND('',#14001,.T.);
#14001 = EDGE_LOOP('',(#14002));
#14002 = ORIENTED_EDGE('',*,*,#14003,.F.);
#14003 = EDGE_CURVE('',#14004,#14004,#14006,.T.);
#14004 = VERTEX_POINT('',#14005);
#14005 = CARTESIAN_POINT('',(-0.6,-18.4,12.));
#14006 = SURFACE_CURVE('',#14007,(#14012,#14019),.PCURVE_S1.);
#14007 = CIRCLE('',#14008,0.6);
#14008 = AXIS2_PLACEMENT_3D('',#14009,#14010,#14011);
#14009 = CARTESIAN_POINT('',(-1.2,-18.4,12.));
#14010 = DIRECTION('',(0.,0.,1.));
#14011 = DIRECTION('',(1.,0.,-0.));
#14012 = PCURVE('',#12529,#14013);
#14013 = DEFINITIONAL_REPRESENTATION('',(#14014),#14018);
#14014 = CIRCLE('',#14015,0.6);
#14015 = AXIS2_PLACEMENT_2D('',#14016,#14017);
#14016 = CARTESIAN_POINT('',(-1.199999998821,-18.39999999758));
#14017 = DIRECTION('',(1.,0.));
#14018 = ( GEOMETRIC_REPRESENTATION_CONTEXT(2) 
PARAMETRIC_REPRESENTATION_CONTEXT() REPRESENTATION_CONTEXT('2D SPACE',''
  ) );
#14019 = PCURVE('',#13125,#14020);
#14020 = DEFINITIONAL_REPRESENTATION('',(#14021),#14025);
#14021 = LINE('',#14022,#14023);
#14022 = CARTESIAN_POINT('',(0.,2.55));
#14023 = VECTOR('',#14024,1.);
#14024 = DIRECTION('',(1.,0.));
#14025 = ( GEOMETRIC_REPRESENTATION_CONTEXT(2) 
PARAMETRIC_REPRESENTATION_CONTEXT() REPRESENTATION_CONTEXT('2D SPACE',''
  ) );
#14026 = FACE_BOUND('',#14027,.T.);
#14027 = EDGE_LOOP('',(#14028));
#14028 = ORIENTED_EDGE('',*,*,#14029,.F.);
#14029 = EDGE_CURVE('',#14030,#14030,#14032,.T.);
#14030 = VERTEX_POINT('',#14031);
#14031 = CARTESIAN_POINT('',(-1.8,-16.,12.));
#14032 = SURFACE_CURVE('',#14033,(#14038,#14045),.PCURVE_S1.);
#14033 = CIRCLE('',#14034,0.6);
#14034 = AXIS2_PLACEMENT_3D('',#14035,#14036,#14037);
#14035 = CARTESIAN_POINT('',(-2.4,-16.,12.));
#14036 = DIRECTION('',(0.,0.,1.));
#14037 = DIRECTION('',(1.,0.,-0.));
#14038 = PCURVE('',#12529,#14039);
#14039 = DEFINITIONAL_REPRESENTATION('',(#14040),#14044);
#14040 = CIRCLE('',#14041,0.6);
#14041 = AXIS2_PLACEMENT_2D('',#14042,#14043);
#14042 = CARTESIAN_POINT('',(-2.399999998821,-15.99999999758));
#14043 = DIRECTION('',(1.,0.));
#14044 = ( GEOMETRIC_REPRESENTATION_CONTEXT(2) 
PARAMETRIC_REPRESENTATION_CONTEXT() REPRESENTATION_CONTEXT('2D SPACE',''
  ) );
#14045 = PCURVE('',#13156,#14046);
#14046 = DEFINITIONAL_REPRESENTATION('',(#14047),#14051);
#14047 = LINE('',#14048,#14049);
#14048 = CARTESIAN_POINT('',(0.,2.55));
#14049 = VECTOR('',#14050,1.);
#14050 = DIRECTION('',(1.,0.));
#14051 = ( GEOMETRIC_REPRESENTATION_CONTEXT(2) 
PARAMETRIC_REPRESENTATION_CONTEXT() REPRESENTATION_CONTEXT('2D SPACE',''
  ) );
#14052 = FACE_BOUND('',#14053,.T.);
#14053 = EDGE_LOOP('',(#14054));
#14054 = ORIENTED_EDGE('',*,*,#14055,.F.);
#14055 = EDGE_CURVE('',#14056,#14056,#14058,.T.);
#14056 = VERTEX_POINT('',#14057);
#14057 = CARTESIAN_POINT('',(1.8,-18.4,12.));
#14058 = SURFACE_CURVE('',#14059,(#14064,#14071),.PCURVE_S1.);
#14059 = CIRCLE('',#14060,0.6);
#14060 = AXIS2_PLACEMENT_3D('',#14061,#14062,#14063);
#14061 = CARTESIAN_POINT('',(1.2,-18.4,12.));
#14062 = DIRECTION('',(0.,0.,1.));
#14063 = DIRECTION('',(1.,0.,-0.));
#14064 = PCURVE('',#12529,#14065);
#14065 = DEFINITIONAL_REPRESENTATION('',(#14066),#14070);
#14066 = CIRCLE('',#14067,0.6);
#14067 = AXIS2_PLACEMENT_2D('',#14068,#14069);
#14068 = CARTESIAN_POINT('',(1.200000001179,-18.39999999758));
#14069 = DIRECTION('',(1.,0.));
#14070 = ( GEOMETRIC_REPRESENTATION_CONTEXT(2) 
PARAMETRIC_REPRESENTATION_CONTEXT() REPRESENTATION_CONTEXT('2D SPACE',''
  ) );
#14071 = PCURVE('',#13187,#14072);
#14072 = DEFINITIONAL_REPRESENTATION('',(#14073),#14077);
#14073 = LINE('',#14074,#14075);
#14074 = CARTESIAN_POINT('',(0.,2.55));
#14075 = VECTOR('',#14076,1.);
#14076 = DIRECTION('',(1.,0.));
#14077 = ( GEOMETRIC_REPRESENTATION_CONTEXT(2) 
PARAMETRIC_REPRESENTATION_CONTEXT() REPRESENTATION_CONTEXT('2D SPACE',''
  ) );
#14078 = FACE_BOUND('',#14079,.T.);
#14079 = EDGE_LOOP('',(#14080));
#14080 = ORIENTED_EDGE('',*,*,#14081,.F.);
#14081 = EDGE_CURVE('',#14082,#14082,#14084,.T.);
#14082 = VERTEX_POINT('',#14083);
#14083 = CARTESIAN_POINT('',(4.2,-18.4,12.));
#14084 = SURFACE_CURVE('',#14085,(#14090,#14097),.PCURVE_S1.);
#14085 = CIRCLE('',#14086,0.6);
#14086 = AXIS2_PLACEMENT_3D('',#14087,#14088,#14089);
#14087 = CARTESIAN_POINT('',(3.6,-18.4,12.));
#14088 = DIRECTION('',(0.,0.,1.));
#14089 = DIRECTION('',(1.,0.,-0.));
#14090 = PCURVE('',#12529,#14091);
#14091 = DEFINITIONAL_REPRESENTATION('',(#14092),#14096);
#14092 = CIRCLE('',#14093,0.6);
#14093 = AXIS2_PLACEMENT_2D('',#14094,#14095);
#14094 = CARTESIAN_POINT('',(3.600000001179,-18.39999999758));
#14095 = DIRECTION('',(1.,0.));
#14096 = ( GEOMETRIC_REPRESENTATION_CONTEXT(2) 
PARAMETRIC_REPRESENTATION_CONTEXT() REPRESENTATION_CONTEXT('2D SPACE',''
  ) );
#14097 = PCURVE('',#13218,#14098);
#14098 = DEFINITIONAL_REPRESENTATION('',(#14099),#14103);
#14099 = LINE('',#14100,#14101);
#14100 = CARTESIAN_POINT('',(0.,2.55));
#14101 = VECTOR('',#14102,1.);
#14102 = DIRECTION('',(1.,0.));
#14103 = ( GEOMETRIC_REPRESENTATION_CONTEXT(2) 
PARAMETRIC_REPRESENTATION_CONTEXT() REPRESENTATION_CONTEXT('2D SPACE',''
  ) );
#14104 = FACE_BOUND('',#14105,.T.);
#14105 = EDGE_LOOP('',(#14106));
#14106 = ORIENTED_EDGE('',*,*,#14107,.F.);
#14107 = EDGE_CURVE('',#14108,#14108,#14110,.T.);
#14108 = VERTEX_POINT('',#14109);
#14109 = CARTESIAN_POINT('',(0.6,-16.,12.));
#14110 = SURFACE_CURVE('',#14111,(#14116,#14123),.PCURVE_S1.);
#14111 = CIRCLE('',#14112,0.6);
#14112 = AXIS2_PLACEMENT_3D('',#14113,#14114,#14115);
#14113 = CARTESIAN_POINT('',(0.,-16.,12.));
#14114 = DIRECTION('',(0.,0.,1.));
#14115 = DIRECTION('',(1.,0.,-0.));
#14116 = PCURVE('',#12529,#14117);
#14117 = DEFINITIONAL_REPRESENTATION('',(#14118),#14122);
#14118 = CIRCLE('',#14119,0.6);
#14119 = AXIS2_PLACEMENT_2D('',#14120,#14121);
#14120 = CARTESIAN_POINT('',(1.178506503405E-09,-15.99999999758));
#14121 = DIRECTION('',(1.,0.));
#14122 = ( GEOMETRIC_REPRESENTATION_CONTEXT(2) 
PARAMETRIC_REPRESENTATION_CONTEXT() REPRESENTATION_CONTEXT('2D SPACE',''
  ) );
#14123 = PCURVE('',#13249,#14124);
#14124 = DEFINITIONAL_REPRESENTATION('',(#14125),#14129);
#14125 = LINE('',#14126,#14127);
#14126 = CARTESIAN_POINT('',(0.,2.55));
#14127 = VECTOR('',#14128,1.);
#14128 = DIRECTION('',(1.,0.));
#14129 = ( GEOMETRIC_REPRESENTATION_CONTEXT(2) 
PARAMETRIC_REPRESENTATION_CONTEXT() REPRESENTATION_CONTEXT('2D SPACE',''
  ) );
#14130 = FACE_BOUND('',#14131,.T.);
#14131 = EDGE_LOOP('',(#14132));
#14132 = ORIENTED_EDGE('',*,*,#14133,.F.);
#14133 = EDGE_CURVE('',#14134,#14134,#14136,.T.);
#14134 = VERTEX_POINT('',#14135);
#14135 = CARTESIAN_POINT('',(3.,-16.,12.));
#14136 = SURFACE_CURVE('',#14137,(#14142,#14149),.PCURVE_S1.);
#14137 = CIRCLE('',#14138,0.6);
#14138 = AXIS2_PLACEMENT_3D('',#14139,#14140,#14141);
#14139 = CARTESIAN_POINT('',(2.4,-16.,12.));
#14140 = DIRECTION('',(0.,0.,1.));
#14141 = DIRECTION('',(1.,0.,-0.));
#14142 = PCURVE('',#12529,#14143);
#14143 = DEFINITIONAL_REPRESENTATION('',(#14144),#14148);
#14144 = CIRCLE('',#14145,0.6);
#14145 = AXIS2_PLACEMENT_2D('',#14146,#14147);
#14146 = CARTESIAN_POINT('',(2.400000001179,-15.99999999758));
#14147 = DIRECTION('',(1.,0.));
#14148 = ( GEOMETRIC_REPRESENTATION_CONTEXT(2) 
PARAMETRIC_REPRESENTATION_CONTEXT() REPRESENTATION_CONTEXT('2D SPACE',''
  ) );
#14149 = PCURVE('',#13280,#14150);
#14150 = DEFINITIONAL_REPRESENTATION('',(#14151),#14155);
#14151 = LINE('',#14152,#14153);
#14152 = CARTESIAN_POINT('',(0.,2.55));
#14153 = VECTOR('',#14154,1.);
#14154 = DIRECTION('',(1.,0.));
#14155 = ( GEOMETRIC_REPRESENTATION_CONTEXT(2) 
PARAMETRIC_REPRESENTATION_CONTEXT() REPRESENTATION_CONTEXT('2D SPACE',''
  ) );
#14156 = FACE_BOUND('',#14157,.T.);
#14157 = EDGE_LOOP('',(#14158));
#14158 = ORIENTED_EDGE('',*,*,#14159,.F.);
#14159 = EDGE_CURVE('',#14160,#14160,#14162,.T.);
#14160 = VERTEX_POINT('',#14161);
#14161 = CARTESIAN_POINT('',(5.4,-16.,12.));
#14162 = SURFACE_CURVE('',#14163,(#14168,#14175),.PCURVE_S1.);
#14163 = CIRCLE('',#14164,0.6);
#14164 = AXIS2_PLACEMENT_3D('',#14165,#14166,#14167);
#14165 = CARTESIAN_POINT('',(4.8,-16.,12.));
#14166 = DIRECTION('',(0.,0.,1.));
#14167 = DIRECTION('',(1.,0.,-0.));
#14168 = PCURVE('',#12529,#14169);
#14169 = DEFINITIONAL_REPRESENTATION('',(#14170),#14174);
#14170 = CIRCLE('',#14171,0.6);
#14171 = AXIS2_PLACEMENT_2D('',#14172,#14173);
#14172 = CARTESIAN_POINT('',(4.800000001179,-15.99999999758));
#14173 = DIRECTION('',(1.,0.));
#14174 = ( GEOMETRIC_REPRESENTATION_CONTEXT(2) 
PARAMETRIC_REPRESENTATION_CONTEXT() REPRESENTATION_CONTEXT('2D SPACE',''
  ) );
#14175 = PCURVE('',#13311,#14176);
#14176 = DEFINITIONAL_REPRESENTATION('',(#14177),#14181);
#14177 = LINE('',#14178,#14179);
#14178 = CARTESIAN_POINT('',(0.,2.55));
#14179 = VECTOR('',#14180,1.);
#14180 = DIRECTION('',(1.,0.));
#14181 = ( GEOMETRIC_REPRESENTATION_CONTEXT(2) 
PARAMETRIC_REPRESENTATION_CONTEXT() REPRESENTATION_CONTEXT('2D SPACE',''
  ) );
#14182 = FACE_BOUND('',#14183,.T.);
#14183 = EDGE_LOOP('',(#14184));
#14184 = ORIENTED_EDGE('',*,*,#14185,.F.);
#14185 = EDGE_CURVE('',#14186,#14186,#14188,.T.);
#14186 = VERTEX_POINT('',#14187);
#14187 = CARTESIAN_POINT('',(16.9,-15.5,12.));
#14188 = SURFACE_CURVE('',#14189,(#14194,#14201),.PCURVE_S1.);
#14189 = CIRCLE('',#14190,1.9);
#14190 = AXIS2_PLACEMENT_3D('',#14191,#14192,#14193);
#14191 = CARTESIAN_POINT('',(15.,-15.5,12.));
#14192 = DIRECTION('',(0.,0.,1.));
#14193 = DIRECTION('',(1.,0.,-0.));
#14194 = PCURVE('',#12529,#14195);
#14195 = DEFINITIONAL_REPRESENTATION('',(#14196),#14200);
#14196 = CIRCLE('',#14197,1.9);
#14197 = AXIS2_PLACEMENT_2D('',#14198,#14199);
#14198 = CARTESIAN_POINT('',(15.000000001179,-15.49999999758));
#14199 = DIRECTION('',(1.,0.));
#14200 = ( GEOMETRIC_REPRESENTATION_CONTEXT(2) 
PARAMETRIC_REPRESENTATION_CONTEXT() REPRESENTATION_CONTEXT('2D SPACE',''
  ) );
#14201 = PCURVE('',#14202,#14207);
#14202 = CYLINDRICAL_SURFACE('',#14203,1.9);
#14203 = AXIS2_PLACEMENT_3D('',#14204,#14205,#14206);
#14204 = CARTESIAN_POINT('',(15.,-15.5,11.3));
#14205 = DIRECTION('',(0.,0.,1.));
#14206 = DIRECTION('',(1.,0.,-0.));
#14207 = DEFINITIONAL_REPRESENTATION('',(#14208),#14212);
#14208 = LINE('',#14209,#14210);
#14209 = CARTESIAN_POINT('',(0.,0.7));
#14210 = VECTOR('',#14211,1.);
#14211 = DIRECTION('',(1.,0.));
#14212 = ( GEOMETRIC_REPRESENTATION_CONTEXT(2) 
PARAMETRIC_REPRESENTATION_CONTEXT() REPRESENTATION_CONTEXT('2D SPACE',''
  ) );
#14213 = FACE_BOUND('',#14214,.T.);
#14214 = EDGE_LOOP('',(#14215));
#14215 = ORIENTED_EDGE('',*,*,#14216,.F.);
#14216 = EDGE_CURVE('',#14217,#14217,#14219,.T.);
#14217 = VERTEX_POINT('',#14218);
#14218 = CARTESIAN_POINT('',(-13.1,15.5,12.));
#14219 = SURFACE_CURVE('',#14220,(#14225,#14232),.PCURVE_S1.);
#14220 = CIRCLE('',#14221,1.9);
#14221 = AXIS2_PLACEMENT_3D('',#14222,#14223,#14224);
#14222 = CARTESIAN_POINT('',(-15.,15.5,12.));
#14223 = DIRECTION('',(0.,0.,1.));
#14224 = DIRECTION('',(1.,0.,-0.));
#14225 = PCURVE('',#12529,#14226);
#14226 = DEFINITIONAL_REPRESENTATION('',(#14227),#14231);
#14227 = CIRCLE('',#14228,1.9);
#14228 = AXIS2_PLACEMENT_2D('',#14229,#14230);
#14229 = CARTESIAN_POINT('',(-14.99999999882,15.500000002412));
#14230 = DIRECTION('',(1.,0.));
#14231 = ( GEOMETRIC_REPRESENTATION_CONTEXT(2) 
PARAMETRIC_REPRESENTATION_CONTEXT() REPRESENTATION_CONTEXT('2D SPACE',''
  ) );
#14232 = PCURVE('',#14233,#14238);
#14233 = CYLINDRICAL_SURFACE('',#14234,1.9);
#14234 = AXIS2_PLACEMENT_3D('',#14235,#14236,#14237);
#14235 = CARTESIAN_POINT('',(-15.,15.5,11.3));
#14236 = DIRECTION('',(0.,0.,1.));
#14237 = DIRECTION('',(1.,0.,-0.));
#14238 = DEFINITIONAL_REPRESENTATION('',(#14239),#14243);
#14239 = LINE('',#14240,#14241);
#14240 = CARTESIAN_POINT('',(0.,0.7));
#14241 = VECTOR('',#14242,1.);
#14242 = DIRECTION('',(1.,0.));
#14243 = ( GEOMETRIC_REPRESENTATION_CONTEXT(2) 
PARAMETRIC_REPRESENTATION_CONTEXT() REPRESENTATION_CONTEXT('2D SPACE',''
  ) );
#14244 = FACE_BOUND('',#14245,.T.);
#14245 = EDGE_LOOP('',(#14246));
#14246 = ORIENTED_EDGE('',*,*,#14247,.F.);
#14247 = EDGE_CURVE('',#14248,#14248,#14250,.T.);
#14248 = VERTEX_POINT('',#14249);
#14249 = CARTESIAN_POINT('',(-0.75,16.5,12.));
#14250 = SURFACE_CURVE('',#14251,(#14256,#14263),.PCURVE_S1.);
#14251 = CIRCLE('',#14252,0.65);
#14252 = AXIS2_PLACEMENT_3D('',#14253,#14254,#14255);
#14253 = CARTESIAN_POINT('',(-1.4,16.5,12.));
#14254 = DIRECTION('',(0.,0.,1.));
#14255 = DIRECTION('',(1.,0.,-0.));
#14256 = PCURVE('',#12529,#14257);
#14257 = DEFINITIONAL_REPRESENTATION('',(#14258),#14262);
#14258 = CIRCLE('',#14259,0.65);
#14259 = AXIS2_PLACEMENT_2D('',#14260,#14261);
#14260 = CARTESIAN_POINT('',(-1.399999998821,16.500000002412));
#14261 = DIRECTION('',(1.,0.));
#14262 = ( GEOMETRIC_REPRESENTATION_CONTEXT(2) 
PARAMETRIC_REPRESENTATION_CONTEXT() REPRESENTATION_CONTEXT('2D SPACE',''
  ) );
#14263 = PCURVE('',#13404,#14264);
#14264 = DEFINITIONAL_REPRESENTATION('',(#14265),#14269);
#14265 = LINE('',#14266,#14267);
#14266 = CARTESIAN_POINT('',(0.,2.55));
#14267 = VECTOR('',#14268,1.);
#14268 = DIRECTION('',(1.,0.));
#14269 = ( GEOMETRIC_REPRESENTATION_CONTEXT(2) 
PARAMETRIC_REPRESENTATION_CONTEXT() REPRESENTATION_CONTEXT('2D SPACE',''
  ) );
#14270 = FACE_BOUND('',#14271,.T.);
#14271 = EDGE_LOOP('',(#14272,#14300,#14333,#14359,#14392,#14418,#14451,
    #14477));
#14272 = ORIENTED_EDGE('',*,*,#14273,.F.);
#14273 = EDGE_CURVE('',#14274,#14276,#14278,.T.);
#14274 = VERTEX_POINT('',#14275);
#14275 = CARTESIAN_POINT('',(-11.7,3.899999985662,12.));
#14276 = VERTEX_POINT('',#14277);
#14277 = CARTESIAN_POINT('',(-11.7,-3.9,12.));
#14278 = SURFACE_CURVE('',#14279,(#14283,#14289),.PCURVE_S1.);
#14279 = LINE('',#14280,#14281);
#14280 = CARTESIAN_POINT('',(-11.7,-1.950000001206,12.));
#14281 = VECTOR('',#14282,1.);
#14282 = DIRECTION('',(0.,-1.,0.));
#14283 = PCURVE('',#12529,#14284);
#14284 = DEFINITIONAL_REPRESENTATION('',(#14285),#14288);
#14285 = B_SPLINE_CURVE_WITH_KNOTS('',1,(#14286,#14287),.UNSPECIFIED.,
  .F.,.F.,(2,2),(-5.849999986868,1.949999998794),
  .PIECEWISE_BEZIER_KNOTS.);
#14286 = CARTESIAN_POINT('',(-11.69999999882,3.899999988074));
#14287 = CARTESIAN_POINT('',(-11.69999999882,-3.899999997588));
#14288 = ( GEOMETRIC_REPRESENTATION_CONTEXT(2) 
PARAMETRIC_REPRESENTATION_CONTEXT() REPRESENTATION_CONTEXT('2D SPACE',''
  ) );
#14289 = PCURVE('',#14290,#14295);
#14290 = PLANE('',#14291);
#14291 = AXIS2_PLACEMENT_3D('',#14292,#14293,#14294);
#14292 = CARTESIAN_POINT('',(-11.7,-3.9,11.18));
#14293 = DIRECTION('',(-1.,0.,0.));
#14294 = DIRECTION('',(0.,1.,0.));
#14295 = DEFINITIONAL_REPRESENTATION('',(#14296),#14299);
#14296 = B_SPLINE_CURVE_WITH_KNOTS('',1,(#14297,#14298),.UNSPECIFIED.,
  .F.,.F.,(2,2),(-5.849999986868,1.949999998794),
  .PIECEWISE_BEZIER_KNOTS.);
#14297 = CARTESIAN_POINT('',(7.799999985662,-0.82));
#14298 = CARTESIAN_POINT('',(-4.440892098501E-16,-0.82));
#14299 = ( GEOMETRIC_REPRESENTATION_CONTEXT(2) 
PARAMETRIC_REPRESENTATION_CONTEXT() REPRESENTATION_CONTEXT('2D SPACE',''
  ) );
#14300 = ORIENTED_EDGE('',*,*,#14301,.T.);
#14301 = EDGE_CURVE('',#14274,#14302,#14304,.T.);
#14302 = VERTEX_POINT('',#14303);
#14303 = CARTESIAN_POINT('',(-7.9,7.699999992831,12.));
#14304 = SURFACE_CURVE('',#14305,(#14310,#14321),.PCURVE_S1.);
#14305 = CIRCLE('',#14306,3.8);
#14306 = AXIS2_PLACEMENT_3D('',#14307,#14308,#14309);
#14307 = CARTESIAN_POINT('',(-7.9,3.899999985662,12.));
#14308 = DIRECTION('',(0.,0.,-1.));
#14309 = DIRECTION('',(-1.,0.,0.));
#14310 = PCURVE('',#12529,#14311);
#14311 = DEFINITIONAL_REPRESENTATION('',(#14312),#14320);
#14312 = ( BOUNDED_CURVE() B_SPLINE_CURVE(2,(#14313,#14314,#14315,#14316
    ,#14317,#14318,#14319),.UNSPECIFIED.,.T.,.F.) 
B_SPLINE_CURVE_WITH_KNOTS((1,2,2,2,2,1),(-2.094395102393,0.,
    2.094395102393,4.188790204786,6.28318530718,8.377580409573),
.UNSPECIFIED.) CURVE() GEOMETRIC_REPRESENTATION_ITEM() 
RATIONAL_B_SPLINE_CURVE((1.,0.5,1.,0.5,1.,0.5,1.)) REPRESENTATION_ITEM(
  '') );
#14313 = CARTESIAN_POINT('',(-11.69999999882,3.899999988074));
#14314 = CARTESIAN_POINT('',(-11.69999999882,10.481793056836));
#14315 = CARTESIAN_POINT('',(-5.999999998821,7.190896522455));
#14316 = CARTESIAN_POINT('',(-0.299999998821,3.899999988074));
#14317 = CARTESIAN_POINT('',(-5.999999998821,0.609103453693));
#14318 = CARTESIAN_POINT('',(-11.69999999882,-2.681793080688));
#14319 = CARTESIAN_POINT('',(-11.69999999882,3.899999988074));
#14320 = ( GEOMETRIC_REPRESENTATION_CONTEXT(2) 
PARAMETRIC_REPRESENTATION_CONTEXT() REPRESENTATION_CONTEXT('2D SPACE',''
  ) );
#14321 = PCURVE('',#14322,#14327);
#14322 = CYLINDRICAL_SURFACE('',#14323,3.8);
#14323 = AXIS2_PLACEMENT_3D('',#14324,#14325,#14326);
#14324 = CARTESIAN_POINT('',(-7.9,3.899999985662,11.18));
#14325 = DIRECTION('',(0.,0.,-1.));
#14326 = DIRECTION('',(-1.,0.,0.));
#14327 = DEFINITIONAL_REPRESENTATION('',(#14328),#14332);
#14328 = LINE('',#14329,#14330);
#14329 = CARTESIAN_POINT('',(0.,-0.82));
#14330 = VECTOR('',#14331,1.);
#14331 = DIRECTION('',(1.,0.));
#14332 = ( GEOMETRIC_REPRESENTATION_CONTEXT(2) 
PARAMETRIC_REPRESENTATION_CONTEXT() REPRESENTATION_CONTEXT('2D SPACE',''
  ) );
#14333 = ORIENTED_EDGE('',*,*,#14334,.F.);
#14334 = EDGE_CURVE('',#14335,#14302,#14337,.T.);
#14335 = VERTEX_POINT('',#14336);
#14336 = CARTESIAN_POINT('',(7.9,7.699999992831,12.));
#14337 = SURFACE_CURVE('',#14338,(#14342,#14348),.PCURVE_S1.);
#14338 = LINE('',#14339,#14340);
#14339 = CARTESIAN_POINT('',(-3.950000000589,7.7,12.));
#14340 = VECTOR('',#14341,1.);
#14341 = DIRECTION('',(-1.,0.,0.));
#14342 = PCURVE('',#12529,#14343);
#14343 = DEFINITIONAL_REPRESENTATION('',(#14344),#14347);
#14344 = B_SPLINE_CURVE_WITH_KNOTS('',1,(#14345,#14346),.UNSPECIFIED.,
  .F.,.F.,(2,2),(-11.85000000058,3.949999999411),
  .PIECEWISE_BEZIER_KNOTS.);
#14345 = CARTESIAN_POINT('',(7.900000001179,7.700000002412));
#14346 = CARTESIAN_POINT('',(-7.899999998821,7.700000002412));
#14347 = ( GEOMETRIC_REPRESENTATION_CONTEXT(2) 
PARAMETRIC_REPRESENTATION_CONTEXT() REPRESENTATION_CONTEXT('2D SPACE',''
  ) );
#14348 = PCURVE('',#14349,#14354);
#14349 = PLANE('',#14350);
#14350 = AXIS2_PLACEMENT_3D('',#14351,#14352,#14353);
#14351 = CARTESIAN_POINT('',(-7.9,7.7,11.18));
#14352 = DIRECTION('',(0.,1.,0.));
#14353 = DIRECTION('',(1.,0.,0.));
#14354 = DEFINITIONAL_REPRESENTATION('',(#14355),#14358);
#14355 = B_SPLINE_CURVE_WITH_KNOTS('',1,(#14356,#14357),.UNSPECIFIED.,
  .F.,.F.,(2,2),(-11.85000000058,3.949999999411),
  .PIECEWISE_BEZIER_KNOTS.);
#14356 = CARTESIAN_POINT('',(15.8,-0.82));
#14357 = CARTESIAN_POINT('',(0.,-0.82));
#14358 = ( GEOMETRIC_REPRESENTATION_CONTEXT(2) 
PARAMETRIC_REPRESENTATION_CONTEXT() REPRESENTATION_CONTEXT('2D SPACE',''
  ) );
#14359 = ORIENTED_EDGE('',*,*,#14360,.T.);
#14360 = EDGE_CURVE('',#14335,#14361,#14363,.T.);
#14361 = VERTEX_POINT('',#14362);
#14362 = CARTESIAN_POINT('',(11.7,3.899999985662,12.));
#14363 = SURFACE_CURVE('',#14364,(#14369,#14380),.PCURVE_S1.);
#14364 = CIRCLE('',#14365,3.8);
#14365 = AXIS2_PLACEMENT_3D('',#14366,#14367,#14368);
#14366 = CARTESIAN_POINT('',(7.9,3.899999985662,12.));
#14367 = DIRECTION('',(0.,0.,-1.));
#14368 = DIRECTION('',(-1.,0.,0.));
#14369 = PCURVE('',#12529,#14370);
#14370 = DEFINITIONAL_REPRESENTATION('',(#14371),#14379);
#14371 = ( BOUNDED_CURVE() B_SPLINE_CURVE(2,(#14372,#14373,#14374,#14375
    ,#14376,#14377,#14378),.UNSPECIFIED.,.T.,.F.) 
B_SPLINE_CURVE_WITH_KNOTS((1,2,2,2,2,1),(-2.094395102393,0.,
    2.094395102393,4.188790204786,6.28318530718,8.377580409573),
.UNSPECIFIED.) CURVE() GEOMETRIC_REPRESENTATION_ITEM() 
RATIONAL_B_SPLINE_CURVE((1.,0.5,1.,0.5,1.,0.5,1.)) REPRESENTATION_ITEM(
  '') );
#14372 = CARTESIAN_POINT('',(4.100000001179,3.899999988074));
#14373 = CARTESIAN_POINT('',(4.100000001179,10.481793056836));
#14374 = CARTESIAN_POINT('',(9.800000001179,7.190896522455));
#14375 = CARTESIAN_POINT('',(15.500000001179,3.899999988074));
#14376 = CARTESIAN_POINT('',(9.800000001179,0.609103453693));
#14377 = CARTESIAN_POINT('',(4.100000001179,-2.681793080688));
#14378 = CARTESIAN_POINT('',(4.100000001179,3.899999988074));
#14379 = ( GEOMETRIC_REPRESENTATION_CONTEXT(2) 
PARAMETRIC_REPRESENTATION_CONTEXT() REPRESENTATION_CONTEXT('2D SPACE',''
  ) );
#14380 = PCURVE('',#14381,#14386);
#14381 = CYLINDRICAL_SURFACE('',#14382,3.8);
#14382 = AXIS2_PLACEMENT_3D('',#14383,#14384,#14385);
#14383 = CARTESIAN_POINT('',(7.9,3.899999985662,11.18));
#14384 = DIRECTION('',(0.,0.,-1.));
#14385 = DIRECTION('',(-1.,0.,0.));
#14386 = DEFINITIONAL_REPRESENTATION('',(#14387),#14391);
#14387 = LINE('',#14388,#14389);
#14388 = CARTESIAN_POINT('',(0.,-0.82));
#14389 = VECTOR('',#14390,1.);
#14390 = DIRECTION('',(1.,0.));
#14391 = ( GEOMETRIC_REPRESENTATION_CONTEXT(2) 
PARAMETRIC_REPRESENTATION_CONTEXT() REPRESENTATION_CONTEXT('2D SPACE',''
  ) );
#14392 = ORIENTED_EDGE('',*,*,#14393,.T.);
#14393 = EDGE_CURVE('',#14361,#14394,#14396,.T.);
#14394 = VERTEX_POINT('',#14395);
#14395 = CARTESIAN_POINT('',(11.7,-3.9,12.));
#14396 = SURFACE_CURVE('',#14397,(#14401,#14407),.PCURVE_S1.);
#14397 = LINE('',#14398,#14399);
#14398 = CARTESIAN_POINT('',(11.7,-1.950000001206,12.));
#14399 = VECTOR('',#14400,1.);
#14400 = DIRECTION('',(0.,-1.,0.));
#14401 = PCURVE('',#12529,#14402);
#14402 = DEFINITIONAL_REPRESENTATION('',(#14403),#14406);
#14403 = B_SPLINE_CURVE_WITH_KNOTS('',1,(#14404,#14405),.UNSPECIFIED.,
  .F.,.F.,(2,2),(-5.849999986868,1.949999998794),
  .PIECEWISE_BEZIER_KNOTS.);
#14404 = CARTESIAN_POINT('',(11.700000001179,3.899999988074));
#14405 = CARTESIAN_POINT('',(11.700000001179,-3.899999997588));
#14406 = ( GEOMETRIC_REPRESENTATION_CONTEXT(2) 
PARAMETRIC_REPRESENTATION_CONTEXT() REPRESENTATION_CONTEXT('2D SPACE',''
  ) );
#14407 = PCURVE('',#14408,#14413);
#14408 = PLANE('',#14409);
#14409 = AXIS2_PLACEMENT_3D('',#14410,#14411,#14412);
#14410 = CARTESIAN_POINT('',(11.7,-3.9,11.18));
#14411 = DIRECTION('',(-1.,0.,0.));
#14412 = DIRECTION('',(0.,1.,0.));
#14413 = DEFINITIONAL_REPRESENTATION('',(#14414),#14417);
#14414 = B_SPLINE_CURVE_WITH_KNOTS('',1,(#14415,#14416),.UNSPECIFIED.,
  .F.,.F.,(2,2),(-5.849999986868,1.949999998794),
  .PIECEWISE_BEZIER_KNOTS.);
#14415 = CARTESIAN_POINT('',(7.799999985662,-0.82));
#14416 = CARTESIAN_POINT('',(0.,-0.82));
#14417 = ( GEOMETRIC_REPRESENTATION_CONTEXT(2) 
PARAMETRIC_REPRESENTATION_CONTEXT() REPRESENTATION_CONTEXT('2D SPACE',''
  ) );
#14418 = ORIENTED_EDGE('',*,*,#14419,.T.);
#14419 = EDGE_CURVE('',#14394,#14420,#14422,.T.);
#14420 = VERTEX_POINT('',#14421);
#14421 = CARTESIAN_POINT('',(7.9,-7.7,12.));
#14422 = SURFACE_CURVE('',#14423,(#14428,#14439),.PCURVE_S1.);
#14423 = CIRCLE('',#14424,3.8);
#14424 = AXIS2_PLACEMENT_3D('',#14425,#14426,#14427);
#14425 = CARTESIAN_POINT('',(7.9,-3.9,12.));
#14426 = DIRECTION('',(0.,0.,-1.));
#14427 = DIRECTION('',(-1.,0.,0.));
#14428 = PCURVE('',#12529,#14429);
#14429 = DEFINITIONAL_REPRESENTATION('',(#14430),#14438);
#14430 = ( BOUNDED_CURVE() B_SPLINE_CURVE(2,(#14431,#14432,#14433,#14434
    ,#14435,#14436,#14437),.UNSPECIFIED.,.T.,.F.) 
B_SPLINE_CURVE_WITH_KNOTS((1,2,2,2,2,1),(-2.094395102393,0.,
    2.094395102393,4.188790204786,6.28318530718,8.377580409573),
.UNSPECIFIED.) CURVE() GEOMETRIC_REPRESENTATION_ITEM() 
RATIONAL_B_SPLINE_CURVE((1.,0.5,1.,0.5,1.,0.5,1.)) REPRESENTATION_ITEM(
  '') );
#14431 = CARTESIAN_POINT('',(4.100000001179,-3.899999997588));
#14432 = CARTESIAN_POINT('',(4.100000001179,2.681793071174));
#14433 = CARTESIAN_POINT('',(9.800000001179,-0.609103463207));
#14434 = CARTESIAN_POINT('',(15.500000001179,-3.899999997588));
#14435 = CARTESIAN_POINT('',(9.800000001179,-7.190896531969));
#14436 = CARTESIAN_POINT('',(4.100000001179,-10.48179306634));
#14437 = CARTESIAN_POINT('',(4.100000001179,-3.899999997588));
#14438 = ( GEOMETRIC_REPRESENTATION_CONTEXT(2) 
PARAMETRIC_REPRESENTATION_CONTEXT() REPRESENTATION_CONTEXT('2D SPACE',''
  ) );
#14439 = PCURVE('',#14440,#14445);
#14440 = CYLINDRICAL_SURFACE('',#14441,3.8);
#14441 = AXIS2_PLACEMENT_3D('',#14442,#14443,#14444);
#14442 = CARTESIAN_POINT('',(7.9,-3.9,11.18));
#14443 = DIRECTION('',(0.,0.,-1.));
#14444 = DIRECTION('',(-1.,0.,0.));
#14445 = DEFINITIONAL_REPRESENTATION('',(#14446),#14450);
#14446 = LINE('',#14447,#14448);
#14447 = CARTESIAN_POINT('',(0.,-0.82));
#14448 = VECTOR('',#14449,1.);
#14449 = DIRECTION('',(1.,0.));
#14450 = ( GEOMETRIC_REPRESENTATION_CONTEXT(2) 
PARAMETRIC_REPRESENTATION_CONTEXT() REPRESENTATION_CONTEXT('2D SPACE',''
  ) );
#14451 = ORIENTED_EDGE('',*,*,#14452,.T.);
#14452 = EDGE_CURVE('',#14420,#14453,#14455,.T.);
#14453 = VERTEX_POINT('',#14454);
#14454 = CARTESIAN_POINT('',(-7.9,-7.7,12.));
#14455 = SURFACE_CURVE('',#14456,(#14460,#14466),.PCURVE_S1.);
#14456 = LINE('',#14457,#14458);
#14457 = CARTESIAN_POINT('',(-3.950000000589,-7.7,12.));
#14458 = VECTOR('',#14459,1.);
#14459 = DIRECTION('',(-1.,0.,0.));
#14460 = PCURVE('',#12529,#14461);
#14461 = DEFINITIONAL_REPRESENTATION('',(#14462),#14465);
#14462 = B_SPLINE_CURVE_WITH_KNOTS('',1,(#14463,#14464),.UNSPECIFIED.,
  .F.,.F.,(2,2),(-11.85000000058,3.949999999411),
  .PIECEWISE_BEZIER_KNOTS.);
#14463 = CARTESIAN_POINT('',(7.900000001179,-7.699999997588));
#14464 = CARTESIAN_POINT('',(-7.899999998821,-7.699999997588));
#14465 = ( GEOMETRIC_REPRESENTATION_CONTEXT(2) 
PARAMETRIC_REPRESENTATION_CONTEXT() REPRESENTATION_CONTEXT('2D SPACE',''
  ) );
#14466 = PCURVE('',#14467,#14472);
#14467 = PLANE('',#14468);
#14468 = AXIS2_PLACEMENT_3D('',#14469,#14470,#14471);
#14469 = CARTESIAN_POINT('',(-7.9,-7.7,11.18));
#14470 = DIRECTION('',(0.,1.,0.));
#14471 = DIRECTION('',(1.,0.,0.));
#14472 = DEFINITIONAL_REPRESENTATION('',(#14473),#14476);
#14473 = B_SPLINE_CURVE_WITH_KNOTS('',1,(#14474,#14475),.UNSPECIFIED.,
  .F.,.F.,(2,2),(-11.85000000058,3.949999999411),
  .PIECEWISE_BEZIER_KNOTS.);
#14474 = CARTESIAN_POINT('',(15.8,-0.82));
#14475 = CARTESIAN_POINT('',(0.,-0.82));
#14476 = ( GEOMETRIC_REPRESENTATION_CONTEXT(2) 
PARAMETRIC_REPRESENTATION_CONTEXT() REPRESENTATION_CONTEXT('2D SPACE',''
  ) );
#14477 = ORIENTED_EDGE('',*,*,#14478,.T.);
#14478 = EDGE_CURVE('',#14453,#14276,#14479,.T.);
#14479 = SURFACE_CURVE('',#14480,(#14485,#14496),.PCURVE_S1.);
#14480 = CIRCLE('',#14481,3.8);
#14481 = AXIS2_PLACEMENT_3D('',#14482,#14483,#14484);
#14482 = CARTESIAN_POINT('',(-7.9,-3.9,12.));
#14483 = DIRECTION('',(0.,0.,-1.));
#14484 = DIRECTION('',(-1.,0.,0.));
#14485 = PCURVE('',#12529,#14486);
#14486 = DEFINITIONAL_REPRESENTATION('',(#14487),#14495);
#14487 = ( BOUNDED_CURVE() B_SPLINE_CURVE(2,(#14488,#14489,#14490,#14491
    ,#14492,#14493,#14494),.UNSPECIFIED.,.T.,.F.) 
B_SPLINE_CURVE_WITH_KNOTS((1,2,2,2,2,1),(-2.094395102393,0.,
    2.094395102393,4.188790204786,6.28318530718,8.377580409573),
.UNSPECIFIED.) CURVE() GEOMETRIC_REPRESENTATION_ITEM() 
RATIONAL_B_SPLINE_CURVE((1.,0.5,1.,0.5,1.,0.5,1.)) REPRESENTATION_ITEM(
  '') );
#14488 = CARTESIAN_POINT('',(-11.69999999882,-3.899999997588));
#14489 = CARTESIAN_POINT('',(-11.69999999882,2.681793071174));
#14490 = CARTESIAN_POINT('',(-5.999999998821,-0.609103463207));
#14491 = CARTESIAN_POINT('',(-0.299999998821,-3.899999997588));
#14492 = CARTESIAN_POINT('',(-5.999999998821,-7.190896531969));
#14493 = CARTESIAN_POINT('',(-11.69999999882,-10.48179306634));
#14494 = CARTESIAN_POINT('',(-11.69999999882,-3.899999997588));
#14495 = ( GEOMETRIC_REPRESENTATION_CONTEXT(2) 
PARAMETRIC_REPRESENTATION_CONTEXT() REPRESENTATION_CONTEXT('2D SPACE',''
  ) );
#14496 = PCURVE('',#14497,#14502);
#14497 = CYLINDRICAL_SURFACE('',#14498,3.8);
#14498 = AXIS2_PLACEMENT_3D('',#14499,#14500,#14501);
#14499 = CARTESIAN_POINT('',(-7.9,-3.9,11.18));
#14500 = DIRECTION('',(0.,0.,-1.));
#14501 = DIRECTION('',(-1.,0.,0.));
#14502 = DEFINITIONAL_REPRESENTATION('',(#14503),#14507);
#14503 = LINE('',#14504,#14505);
#14504 = CARTESIAN_POINT('',(0.,-0.82));
#14505 = VECTOR('',#14506,1.);
#14506 = DIRECTION('',(1.,0.));
#14507 = ( GEOMETRIC_REPRESENTATION_CONTEXT(2) 
PARAMETRIC_REPRESENTATION_CONTEXT() REPRESENTATION_CONTEXT('2D SPACE',''
  ) );
#14508 = FACE_BOUND('',#14509,.T.);
#14509 = EDGE_LOOP('',(#14510));
#14510 = ORIENTED_EDGE('',*,*,#14511,.F.);
#14511 = EDGE_CURVE('',#14512,#14512,#14514,.T.);
#14512 = VERTEX_POINT('',#14513);
#14513 = CARTESIAN_POINT('',(2.05,16.5,12.));
#14514 = SURFACE_CURVE('',#14515,(#14520,#14527),.PCURVE_S1.);
#14515 = CIRCLE('',#14516,0.65);
#14516 = AXIS2_PLACEMENT_3D('',#14517,#14518,#14519);
#14517 = CARTESIAN_POINT('',(1.4,16.5,12.));
#14518 = DIRECTION('',(0.,0.,1.));
#14519 = DIRECTION('',(1.,0.,-0.));
#14520 = PCURVE('',#12529,#14521);
#14521 = DEFINITIONAL_REPRESENTATION('',(#14522),#14526);
#14522 = CIRCLE('',#14523,0.65);
#14523 = AXIS2_PLACEMENT_2D('',#14524,#14525);
#14524 = CARTESIAN_POINT('',(1.400000001179,16.500000002412));
#14525 = DIRECTION('',(1.,0.));
#14526 = ( GEOMETRIC_REPRESENTATION_CONTEXT(2) 
PARAMETRIC_REPRESENTATION_CONTEXT() REPRESENTATION_CONTEXT('2D SPACE',''
  ) );
#14527 = PCURVE('',#13673,#14528);
#14528 = DEFINITIONAL_REPRESENTATION('',(#14529),#14533);
#14529 = LINE('',#14530,#14531);
#14530 = CARTESIAN_POINT('',(0.,2.55));
#14531 = VECTOR('',#14532,1.);
#14532 = DIRECTION('',(1.,0.));
#14533 = ( GEOMETRIC_REPRESENTATION_CONTEXT(2) 
PARAMETRIC_REPRESENTATION_CONTEXT() REPRESENTATION_CONTEXT('2D SPACE',''
  ) );
#14534 = FACE_BOUND('',#14535,.T.);
#14535 = EDGE_LOOP('',(#14536));
#14536 = ORIENTED_EDGE('',*,*,#14537,.F.);
#14537 = EDGE_CURVE('',#14538,#14538,#14540,.T.);
#14538 = VERTEX_POINT('',#14539);
#14539 = CARTESIAN_POINT('',(16.9,15.5,12.));
#14540 = SURFACE_CURVE('',#14541,(#14546,#14553),.PCURVE_S1.);
#14541 = CIRCLE('',#14542,1.9);
#14542 = AXIS2_PLACEMENT_3D('',#14543,#14544,#14545);
#14543 = CARTESIAN_POINT('',(15.,15.5,12.));
#14544 = DIRECTION('',(0.,0.,1.));
#14545 = DIRECTION('',(1.,0.,-0.));
#14546 = PCURVE('',#12529,#14547);
#14547 = DEFINITIONAL_REPRESENTATION('',(#14548),#14552);
#14548 = CIRCLE('',#14549,1.9);
#14549 = AXIS2_PLACEMENT_2D('',#14550,#14551);
#14550 = CARTESIAN_POINT('',(15.000000001179,15.500000002412));
#14551 = DIRECTION('',(1.,0.));
#14552 = ( GEOMETRIC_REPRESENTATION_CONTEXT(2) 
PARAMETRIC_REPRESENTATION_CONTEXT() REPRESENTATION_CONTEXT('2D SPACE',''
  ) );
#14553 = PCURVE('',#14554,#14559);
#14554 = CYLINDRICAL_SURFACE('',#14555,1.9);
#14555 = AXIS2_PLACEMENT_3D('',#14556,#14557,#14558);
#14556 = CARTESIAN_POINT('',(15.,15.5,11.3));
#14557 = DIRECTION('',(0.,0.,1.));
#14558 = DIRECTION('',(1.,0.,-0.));
#14559 = DEFINITIONAL_REPRESENTATION('',(#14560),#14564);
#14560 = LINE('',#14561,#14562);
#14561 = CARTESIAN_POINT('',(0.,0.7));
#14562 = VECTOR('',#14563,1.);
#14563 = DIRECTION('',(1.,0.));
#14564 = ( GEOMETRIC_REPRESENTATION_CONTEXT(2) 
PARAMETRIC_REPRESENTATION_CONTEXT() REPRESENTATION_CONTEXT('2D SPACE',''
  ) );
#14565 = ADVANCED_FACE('',(#14566),#12555,.T.);
#14566 = FACE_BOUND('',#14567,.F.);
#14567 = EDGE_LOOP('',(#14568,#14569,#14570,#14590));
#14568 = ORIENTED_EDGE('',*,*,#12541,.F.);
#14569 = ORIENTED_EDGE('',*,*,#12571,.T.);
#14570 = ORIENTED_EDGE('',*,*,#14571,.T.);
#14571 = EDGE_CURVE('',#12572,#13865,#14572,.T.);
#14572 = SURFACE_CURVE('',#14573,(#14578,#14584),.PCURVE_S1.);
#14573 = CIRCLE('',#14574,0.35);
#14574 = AXIS2_PLACEMENT_3D('',#14575,#14576,#14577);
#14575 = CARTESIAN_POINT('',(-12.5,21.649999984226,11.65));
#14576 = DIRECTION('',(1.,6.123233995737E-17,-0.));
#14577 = DIRECTION('',(-6.123233995737E-17,1.,0.));
#14578 = PCURVE('',#12555,#14579);
#14579 = DEFINITIONAL_REPRESENTATION('',(#14580),#14583);
#14580 = B_SPLINE_CURVE_WITH_KNOTS('',1,(#14581,#14582),.UNSPECIFIED.,
  .F.,.F.,(2,2),(0.,1.570796326795),.PIECEWISE_BEZIER_KNOTS.);
#14581 = CARTESIAN_POINT('',(-1.570796326795,0.));
#14582 = CARTESIAN_POINT('',(-1.570796326795,1.570796326795));
#14583 = ( GEOMETRIC_REPRESENTATION_CONTEXT(2) 
PARAMETRIC_REPRESENTATION_CONTEXT() REPRESENTATION_CONTEXT('2D SPACE',''
  ) );
#14584 = PCURVE('',#13880,#14585);
#14585 = DEFINITIONAL_REPRESENTATION('',(#14586),#14589);
#14586 = B_SPLINE_CURVE_WITH_KNOTS('',1,(#14587,#14588),.UNSPECIFIED.,
  .F.,.F.,(2,2),(0.,1.570796326795),.PIECEWISE_BEZIER_KNOTS.);
#14587 = CARTESIAN_POINT('',(0.,0.));
#14588 = CARTESIAN_POINT('',(1.570796326795,0.));
#14589 = ( GEOMETRIC_REPRESENTATION_CONTEXT(2) 
PARAMETRIC_REPRESENTATION_CONTEXT() REPRESENTATION_CONTEXT('2D SPACE',''
  ) );
#14590 = ORIENTED_EDGE('',*,*,#13892,.F.);
#14591 = ADVANCED_FACE('',(#14592),#12611,.T.);
#14592 = FACE_BOUND('',#14593,.T.);
#14593 = EDGE_LOOP('',(#14594,#14595,#14618,#14646));
#14594 = ORIENTED_EDGE('',*,*,#12595,.T.);
#14595 = ORIENTED_EDGE('',*,*,#14596,.T.);
#14596 = EDGE_CURVE('',#12572,#14597,#14599,.T.);
#14597 = VERTEX_POINT('',#14598);
#14598 = CARTESIAN_POINT('',(12.5,22.,11.65));
#14599 = SURFACE_CURVE('',#14600,(#14604,#14611),.PCURVE_S1.);
#14600 = LINE('',#14601,#14602);
#14601 = CARTESIAN_POINT('',(-12.5,22.,11.65));
#14602 = VECTOR('',#14603,1.);
#14603 = DIRECTION('',(1.,0.,0.));
#14604 = PCURVE('',#12611,#14605);
#14605 = DEFINITIONAL_REPRESENTATION('',(#14606),#14610);
#14606 = LINE('',#14607,#14608);
#14607 = CARTESIAN_POINT('',(0.,-2.15));
#14608 = VECTOR('',#14609,1.);
#14609 = DIRECTION('',(1.,0.));
#14610 = ( GEOMETRIC_REPRESENTATION_CONTEXT(2) 
PARAMETRIC_REPRESENTATION_CONTEXT() REPRESENTATION_CONTEXT('2D SPACE',''
  ) );
#14611 = PCURVE('',#13880,#14612);
#14612 = DEFINITIONAL_REPRESENTATION('',(#14613),#14617);
#14613 = LINE('',#14614,#14615);
#14614 = CARTESIAN_POINT('',(0.,0.));
#14615 = VECTOR('',#14616,1.);
#14616 = DIRECTION('',(0.,1.));
#14617 = ( GEOMETRIC_REPRESENTATION_CONTEXT(2) 
PARAMETRIC_REPRESENTATION_CONTEXT() REPRESENTATION_CONTEXT('2D SPACE',''
  ) );
#14618 = ORIENTED_EDGE('',*,*,#14619,.F.);
#14619 = EDGE_CURVE('',#14620,#14597,#14622,.T.);
#14620 = VERTEX_POINT('',#14621);
#14621 = CARTESIAN_POINT('',(12.5,22.,9.8));
#14622 = SURFACE_CURVE('',#14623,(#14627,#14634),.PCURVE_S1.);
#14623 = LINE('',#14624,#14625);
#14624 = CARTESIAN_POINT('',(12.5,21.999999996056,9.5));
#14625 = VECTOR('',#14626,1.);
#14626 = DIRECTION('',(0.,0.,1.));
#14627 = PCURVE('',#12611,#14628);
#14628 = DEFINITIONAL_REPRESENTATION('',(#14629),#14633);
#14629 = LINE('',#14630,#14631);
#14630 = CARTESIAN_POINT('',(25.,0.));
#14631 = VECTOR('',#14632,1.);
#14632 = DIRECTION('',(0.,-1.));
#14633 = ( GEOMETRIC_REPRESENTATION_CONTEXT(2) 
PARAMETRIC_REPRESENTATION_CONTEXT() REPRESENTATION_CONTEXT('2D SPACE',''
  ) );
#14634 = PCURVE('',#14635,#14640);
#14635 = CYLINDRICAL_SURFACE('',#14636,11.5);
#14636 = AXIS2_PLACEMENT_3D('',#14637,#14638,#14639);
#14637 = CARTESIAN_POINT('',(12.5,10.499999992113,9.5));
#14638 = DIRECTION('',(0.,0.,-1.));
#14639 = DIRECTION('',(-1.,0.,0.));
#14640 = DEFINITIONAL_REPRESENTATION('',(#14641),#14645);
#14641 = LINE('',#14642,#14643);
#14642 = CARTESIAN_POINT('',(1.570796326795,0.));
#14643 = VECTOR('',#14644,1.);
#14644 = DIRECTION('',(0.,-1.));
#14645 = ( GEOMETRIC_REPRESENTATION_CONTEXT(2) 
PARAMETRIC_REPRESENTATION_CONTEXT() REPRESENTATION_CONTEXT('2D SPACE',''
  ) );
#14646 = ORIENTED_EDGE('',*,*,#14647,.F.);
#14647 = EDGE_CURVE('',#12596,#14620,#14648,.T.);
#14648 = SURFACE_CURVE('',#14649,(#14653,#14660),.PCURVE_S1.);
#14649 = LINE('',#14650,#14651);
#14650 = CARTESIAN_POINT('',(-12.5,22.,9.8));
#14651 = VECTOR('',#14652,1.);
#14652 = DIRECTION('',(1.,0.,0.));
#14653 = PCURVE('',#12611,#14654);
#14654 = DEFINITIONAL_REPRESENTATION('',(#14655),#14659);
#14655 = LINE('',#14656,#14657);
#14656 = CARTESIAN_POINT('',(0.,-0.3));
#14657 = VECTOR('',#14658,1.);
#14658 = DIRECTION('',(1.,0.));
#14659 = ( GEOMETRIC_REPRESENTATION_CONTEXT(2) 
PARAMETRIC_REPRESENTATION_CONTEXT() REPRESENTATION_CONTEXT('2D SPACE',''
  ) );
#14660 = PCURVE('',#12975,#14661);
#14661 = DEFINITIONAL_REPRESENTATION('',(#14662),#14666);
#14662 = LINE('',#14663,#14664);
#14663 = CARTESIAN_POINT('',(-0.,0.));
#14664 = VECTOR('',#14665,1.);
#14665 = DIRECTION('',(-0.,1.));
#14666 = ( GEOMETRIC_REPRESENTATION_CONTEXT(2) 
PARAMETRIC_REPRESENTATION_CONTEXT() REPRESENTATION_CONTEXT('2D SPACE',''
  ) );
#14667 = ADVANCED_FACE('',(#14668),#12719,.T.);
#14668 = FACE_BOUND('',#14669,.F.);
#14669 = EDGE_LOOP('',(#14670,#14690,#14691,#14692));
#14670 = ORIENTED_EDGE('',*,*,#14671,.T.);
#14671 = EDGE_CURVE('',#12678,#12843,#14672,.T.);
#14672 = SURFACE_CURVE('',#14673,(#14678,#14684),.PCURVE_S1.);
#14673 = CIRCLE('',#14674,0.3);
#14674 = AXIS2_PLACEMENT_3D('',#14675,#14676,#14677);
#14675 = CARTESIAN_POINT('',(12.49999998742,-21.7,9.8));
#14676 = DIRECTION('',(1.,2.156981520791E-16,0.));
#14677 = DIRECTION('',(2.156981520791E-16,-1.,0.));
#14678 = PCURVE('',#12719,#14679);
#14679 = DEFINITIONAL_REPRESENTATION('',(#14680),#14683);
#14680 = B_SPLINE_CURVE_WITH_KNOTS('',1,(#14681,#14682),.UNSPECIFIED.,
  .F.,.F.,(2,2),(0.,1.570796326795),.PIECEWISE_BEZIER_KNOTS.);
#14681 = CARTESIAN_POINT('',(0.,0.));
#14682 = CARTESIAN_POINT('',(-1.570796326795,0.));
#14683 = ( GEOMETRIC_REPRESENTATION_CONTEXT(2) 
PARAMETRIC_REPRESENTATION_CONTEXT() REPRESENTATION_CONTEXT('2D SPACE',''
  ) );
#14684 = PCURVE('',#12886,#14685);
#14685 = DEFINITIONAL_REPRESENTATION('',(#14686),#14689);
#14686 = B_SPLINE_CURVE_WITH_KNOTS('',1,(#14687,#14688),.UNSPECIFIED.,
  .F.,.F.,(2,2),(0.,1.570796326795),.PIECEWISE_BEZIER_KNOTS.);
#14687 = CARTESIAN_POINT('',(1.570796326795,0.));
#14688 = CARTESIAN_POINT('',(1.570796326795,1.570796326795));
#14689 = ( GEOMETRIC_REPRESENTATION_CONTEXT(2) 
PARAMETRIC_REPRESENTATION_CONTEXT() REPRESENTATION_CONTEXT('2D SPACE',''
  ) );
#14690 = ORIENTED_EDGE('',*,*,#12842,.T.);
#14691 = ORIENTED_EDGE('',*,*,#12734,.F.);
#14692 = ORIENTED_EDGE('',*,*,#12705,.F.);
#14693 = ADVANCED_FACE('',(#14694),#12665,.T.);
#14694 = FACE_BOUND('',#14695,.T.);
#14695 = EDGE_LOOP('',(#14696,#14716,#14717,#14718));
#14696 = ORIENTED_EDGE('',*,*,#14697,.T.);
#14697 = EDGE_CURVE('',#12650,#13748,#14698,.T.);
#14698 = SURFACE_CURVE('',#14699,(#14704,#14710),.PCURVE_S1.);
#14699 = CIRCLE('',#14700,0.35);
#14700 = AXIS2_PLACEMENT_3D('',#14701,#14702,#14703);
#14701 = CARTESIAN_POINT('',(12.49999998742,-21.65,11.65));
#14702 = DIRECTION('',(-1.,-2.156981520791E-16,0.));
#14703 = DIRECTION('',(2.156981520791E-16,-1.,-0.));
#14704 = PCURVE('',#12665,#14705);
#14705 = DEFINITIONAL_REPRESENTATION('',(#14706),#14709);
#14706 = B_SPLINE_CURVE_WITH_KNOTS('',1,(#14707,#14708),.UNSPECIFIED.,
  .F.,.F.,(2,2),(0.,1.570796326795),.PIECEWISE_BEZIER_KNOTS.);
#14707 = CARTESIAN_POINT('',(0.,0.));
#14708 = CARTESIAN_POINT('',(1.570796326795,0.));
#14709 = ( GEOMETRIC_REPRESENTATION_CONTEXT(2) 
PARAMETRIC_REPRESENTATION_CONTEXT() REPRESENTATION_CONTEXT('2D SPACE',''
  ) );
#14710 = PCURVE('',#13791,#14711);
#14711 = DEFINITIONAL_REPRESENTATION('',(#14712),#14715);
#14712 = B_SPLINE_CURVE_WITH_KNOTS('',1,(#14713,#14714),.UNSPECIFIED.,
  .F.,.F.,(2,2),(0.,1.570796326795),.PIECEWISE_BEZIER_KNOTS.);
#14713 = CARTESIAN_POINT('',(-1.570796326795,0.));
#14714 = CARTESIAN_POINT('',(-1.570796326795,1.570796326795));
#14715 = ( GEOMETRIC_REPRESENTATION_CONTEXT(2) 
PARAMETRIC_REPRESENTATION_CONTEXT() REPRESENTATION_CONTEXT('2D SPACE',''
  ) );
#14716 = ORIENTED_EDGE('',*,*,#13747,.T.);
#14717 = ORIENTED_EDGE('',*,*,#12787,.F.);
#14718 = ORIENTED_EDGE('',*,*,#12649,.F.);
#14719 = ADVANCED_FACE('',(#14720),#12693,.T.);
#14720 = FACE_BOUND('',#14721,.T.);
#14721 = EDGE_LOOP('',(#14722,#14752,#14774,#14775));
#14722 = ORIENTED_EDGE('',*,*,#14723,.T.);
#14723 = EDGE_CURVE('',#14724,#14726,#14728,.T.);
#14724 = VERTEX_POINT('',#14725);
#14725 = CARTESIAN_POINT('',(24.,-10.5,9.8));
#14726 = VERTEX_POINT('',#14727);
#14727 = CARTESIAN_POINT('',(24.,-10.5,11.65));
#14728 = SURFACE_CURVE('',#14729,(#14733,#14740),.PCURVE_S1.);
#14729 = LINE('',#14730,#14731);
#14730 = CARTESIAN_POINT('',(23.99999999371,-10.5,9.5));
#14731 = VECTOR('',#14732,1.);
#14732 = DIRECTION('',(0.,0.,1.));
#14733 = PCURVE('',#12693,#14734);
#14734 = DEFINITIONAL_REPRESENTATION('',(#14735),#14739);
#14735 = LINE('',#14736,#14737);
#14736 = CARTESIAN_POINT('',(3.14159265359,0.));
#14737 = VECTOR('',#14738,1.);
#14738 = DIRECTION('',(0.,-1.));
#14739 = ( GEOMETRIC_REPRESENTATION_CONTEXT(2) 
PARAMETRIC_REPRESENTATION_CONTEXT() REPRESENTATION_CONTEXT('2D SPACE',''
  ) );
#14740 = PCURVE('',#14741,#14746);
#14741 = PLANE('',#14742);
#14742 = AXIS2_PLACEMENT_3D('',#14743,#14744,#14745);
#14743 = CARTESIAN_POINT('',(24.,-10.5,9.5));
#14744 = DIRECTION('',(-1.,0.,0.));
#14745 = DIRECTION('',(0.,1.,0.));
#14746 = DEFINITIONAL_REPRESENTATION('',(#14747),#14751);
#14747 = LINE('',#14748,#14749);
#14748 = CARTESIAN_POINT('',(0.,0.));
#14749 = VECTOR('',#14750,1.);
#14750 = DIRECTION('',(0.,-1.));
#14751 = ( GEOMETRIC_REPRESENTATION_CONTEXT(2) 
PARAMETRIC_REPRESENTATION_CONTEXT() REPRESENTATION_CONTEXT('2D SPACE',''
  ) );
#14752 = ORIENTED_EDGE('',*,*,#14753,.T.);
#14753 = EDGE_CURVE('',#14726,#12650,#14754,.T.);
#14754 = SURFACE_CURVE('',#14755,(#14760,#14767),.PCURVE_S1.);
#14755 = CIRCLE('',#14756,11.5);
#14756 = AXIS2_PLACEMENT_3D('',#14757,#14758,#14759);
#14757 = CARTESIAN_POINT('',(12.49999998742,-10.5,11.65));
#14758 = DIRECTION('',(0.,-0.,-1.));
#14759 = DIRECTION('',(1.,1.544658121218E-16,-0.));
#14760 = PCURVE('',#12693,#14761);
#14761 = DEFINITIONAL_REPRESENTATION('',(#14762),#14766);
#14762 = LINE('',#14763,#14764);
#14763 = CARTESIAN_POINT('',(3.14159265359,-2.15));
#14764 = VECTOR('',#14765,1.);
#14765 = DIRECTION('',(1.,0.));
#14766 = ( GEOMETRIC_REPRESENTATION_CONTEXT(2) 
PARAMETRIC_REPRESENTATION_CONTEXT() REPRESENTATION_CONTEXT('2D SPACE',''
  ) );
#14767 = PCURVE('',#13791,#14768);
#14768 = DEFINITIONAL_REPRESENTATION('',(#14769),#14773);
#14769 = LINE('',#14770,#14771);
#14770 = CARTESIAN_POINT('',(-0.,0.));
#14771 = VECTOR('',#14772,1.);
#14772 = DIRECTION('',(-1.,0.));
#14773 = ( GEOMETRIC_REPRESENTATION_CONTEXT(2) 
PARAMETRIC_REPRESENTATION_CONTEXT() REPRESENTATION_CONTEXT('2D SPACE',''
  ) );
#14774 = ORIENTED_EDGE('',*,*,#12677,.F.);
#14775 = ORIENTED_EDGE('',*,*,#14776,.F.);
#14776 = EDGE_CURVE('',#14724,#12678,#14777,.T.);
#14777 = SURFACE_CURVE('',#14778,(#14783,#14790),.PCURVE_S1.);
#14778 = CIRCLE('',#14779,11.5);
#14779 = AXIS2_PLACEMENT_3D('',#14780,#14781,#14782);
#14780 = CARTESIAN_POINT('',(12.49999998742,-10.5,9.8));
#14781 = DIRECTION('',(0.,-0.,-1.));
#14782 = DIRECTION('',(1.,1.544658121218E-16,-0.));
#14783 = PCURVE('',#12693,#14784);
#14784 = DEFINITIONAL_REPRESENTATION('',(#14785),#14789);
#14785 = LINE('',#14786,#14787);
#14786 = CARTESIAN_POINT('',(3.14159265359,-0.3));
#14787 = VECTOR('',#14788,1.);
#14788 = DIRECTION('',(1.,0.));
#14789 = ( GEOMETRIC_REPRESENTATION_CONTEXT(2) 
PARAMETRIC_REPRESENTATION_CONTEXT() REPRESENTATION_CONTEXT('2D SPACE',''
  ) );
#14790 = PCURVE('',#12886,#14791);
#14791 = DEFINITIONAL_REPRESENTATION('',(#14792),#14796);
#14792 = LINE('',#14793,#14794);
#14793 = CARTESIAN_POINT('',(0.,0.));
#14794 = VECTOR('',#14795,1.);
#14795 = DIRECTION('',(1.,0.));
#14796 = ( GEOMETRIC_REPRESENTATION_CONTEXT(2) 
PARAMETRIC_REPRESENTATION_CONTEXT() REPRESENTATION_CONTEXT('2D SPACE',''
  ) );
#14797 = ADVANCED_FACE('',(#14798),#12975,.T.);
#14798 = FACE_BOUND('',#14799,.F.);
#14799 = EDGE_LOOP('',(#14800,#14801,#14802,#14822));
#14800 = ORIENTED_EDGE('',*,*,#13721,.T.);
#14801 = ORIENTED_EDGE('',*,*,#12959,.T.);
#14802 = ORIENTED_EDGE('',*,*,#14803,.F.);
#14803 = EDGE_CURVE('',#14620,#12927,#14804,.T.);
#14804 = SURFACE_CURVE('',#14805,(#14810,#14816),.PCURVE_S1.);
#14805 = CIRCLE('',#14806,0.3);
#14806 = AXIS2_PLACEMENT_3D('',#14807,#14808,#14809);
#14807 = CARTESIAN_POINT('',(12.5,21.7,9.8));
#14808 = DIRECTION('',(-1.,0.,-0.));
#14809 = DIRECTION('',(-0.,1.,0.));
#14810 = PCURVE('',#12975,#14811);
#14811 = DEFINITIONAL_REPRESENTATION('',(#14812),#14815);
#14812 = B_SPLINE_CURVE_WITH_KNOTS('',1,(#14813,#14814),.UNSPECIFIED.,
  .F.,.F.,(2,2),(0.,1.570796326795),.PIECEWISE_BEZIER_KNOTS.);
#14813 = CARTESIAN_POINT('',(0.,25.));
#14814 = CARTESIAN_POINT('',(-1.570796326795,25.));
#14815 = ( GEOMETRIC_REPRESENTATION_CONTEXT(2) 
PARAMETRIC_REPRESENTATION_CONTEXT() REPRESENTATION_CONTEXT('2D SPACE',''
  ) );
#14816 = PCURVE('',#12947,#14817);
#14817 = DEFINITIONAL_REPRESENTATION('',(#14818),#14821);
#14818 = B_SPLINE_CURVE_WITH_KNOTS('',1,(#14819,#14820),.UNSPECIFIED.,
  .F.,.F.,(2,2),(0.,1.570796326795),.PIECEWISE_BEZIER_KNOTS.);
#14819 = CARTESIAN_POINT('',(0.,0.));
#14820 = CARTESIAN_POINT('',(0.,1.570796326795));
#14821 = ( GEOMETRIC_REPRESENTATION_CONTEXT(2) 
PARAMETRIC_REPRESENTATION_CONTEXT() REPRESENTATION_CONTEXT('2D SPACE',''
  ) );
#14822 = ORIENTED_EDGE('',*,*,#14647,.F.);
#14823 = ADVANCED_FACE('',(#14824),#12886,.T.);
#14824 = FACE_BOUND('',#14825,.T.);
#14825 = EDGE_LOOP('',(#14826,#14846,#14847,#14848));
#14826 = ORIENTED_EDGE('',*,*,#14827,.F.);
#14827 = EDGE_CURVE('',#14724,#12866,#14828,.T.);
#14828 = SURFACE_CURVE('',#14829,(#14834,#14840),.PCURVE_S1.);
#14829 = CIRCLE('',#14830,0.3);
#14830 = AXIS2_PLACEMENT_3D('',#14831,#14832,#14833);
#14831 = CARTESIAN_POINT('',(23.7,-10.5,9.8));
#14832 = DIRECTION('',(0.,1.,0.));
#14833 = DIRECTION('',(1.,-0.,0.));
#14834 = PCURVE('',#12886,#14835);
#14835 = DEFINITIONAL_REPRESENTATION('',(#14836),#14839);
#14836 = B_SPLINE_CURVE_WITH_KNOTS('',1,(#14837,#14838),.UNSPECIFIED.,
  .F.,.F.,(2,2),(0.,1.570796326795),.PIECEWISE_BEZIER_KNOTS.);
#14837 = CARTESIAN_POINT('',(0.,0.));
#14838 = CARTESIAN_POINT('',(0.,1.570796326795));
#14839 = ( GEOMETRIC_REPRESENTATION_CONTEXT(2) 
PARAMETRIC_REPRESENTATION_CONTEXT() REPRESENTATION_CONTEXT('2D SPACE',''
  ) );
#14840 = PCURVE('',#12914,#14841);
#14841 = DEFINITIONAL_REPRESENTATION('',(#14842),#14845);
#14842 = B_SPLINE_CURVE_WITH_KNOTS('',1,(#14843,#14844),.UNSPECIFIED.,
  .F.,.F.,(2,2),(0.,1.570796326795),.PIECEWISE_BEZIER_KNOTS.);
#14843 = CARTESIAN_POINT('',(0.,20.999999992113));
#14844 = CARTESIAN_POINT('',(-1.570796326795,20.999999992113));
#14845 = ( GEOMETRIC_REPRESENTATION_CONTEXT(2) 
PARAMETRIC_REPRESENTATION_CONTEXT() REPRESENTATION_CONTEXT('2D SPACE',''
  ) );
#14846 = ORIENTED_EDGE('',*,*,#14776,.T.);
#14847 = ORIENTED_EDGE('',*,*,#14671,.T.);
#14848 = ORIENTED_EDGE('',*,*,#12865,.F.);
#14849 = ADVANCED_FACE('',(#14850),#12947,.T.);
#14850 = FACE_BOUND('',#14851,.T.);
#14851 = EDGE_LOOP('',(#14852,#14853,#14877,#14897));
#14852 = ORIENTED_EDGE('',*,*,#14803,.F.);
#14853 = ORIENTED_EDGE('',*,*,#14854,.T.);
#14854 = EDGE_CURVE('',#14620,#14855,#14857,.T.);
#14855 = VERTEX_POINT('',#14856);
#14856 = CARTESIAN_POINT('',(24.,10.499999992113,9.8));
#14857 = SURFACE_CURVE('',#14858,(#14863,#14870),.PCURVE_S1.);
#14858 = CIRCLE('',#14859,11.5);
#14859 = AXIS2_PLACEMENT_3D('',#14860,#14861,#14862);
#14860 = CARTESIAN_POINT('',(12.5,10.499999992113,9.8));
#14861 = DIRECTION('',(0.,-0.,-1.));
#14862 = DIRECTION('',(0.,1.,-0.));
#14863 = PCURVE('',#12947,#14864);
#14864 = DEFINITIONAL_REPRESENTATION('',(#14865),#14869);
#14865 = LINE('',#14866,#14867);
#14866 = CARTESIAN_POINT('',(0.,0.));
#14867 = VECTOR('',#14868,1.);
#14868 = DIRECTION('',(1.,0.));
#14869 = ( GEOMETRIC_REPRESENTATION_CONTEXT(2) 
PARAMETRIC_REPRESENTATION_CONTEXT() REPRESENTATION_CONTEXT('2D SPACE',''
  ) );
#14870 = PCURVE('',#14635,#14871);
#14871 = DEFINITIONAL_REPRESENTATION('',(#14872),#14876);
#14872 = LINE('',#14873,#14874);
#14873 = CARTESIAN_POINT('',(1.570796326795,-0.3));
#14874 = VECTOR('',#14875,1.);
#14875 = DIRECTION('',(1.,0.));
#14876 = ( GEOMETRIC_REPRESENTATION_CONTEXT(2) 
PARAMETRIC_REPRESENTATION_CONTEXT() REPRESENTATION_CONTEXT('2D SPACE',''
  ) );
#14877 = ORIENTED_EDGE('',*,*,#14878,.T.);
#14878 = EDGE_CURVE('',#14855,#12899,#14879,.T.);
#14879 = SURFACE_CURVE('',#14880,(#14885,#14891),.PCURVE_S1.);
#14880 = CIRCLE('',#14881,0.3);
#14881 = AXIS2_PLACEMENT_3D('',#14882,#14883,#14884);
#14882 = CARTESIAN_POINT('',(23.7,10.499999992113,9.8));
#14883 = DIRECTION('',(-6.123233995737E-17,1.,0.));
#14884 = DIRECTION('',(1.,6.123233995737E-17,0.));
#14885 = PCURVE('',#12947,#14886);
#14886 = DEFINITIONAL_REPRESENTATION('',(#14887),#14890);
#14887 = B_SPLINE_CURVE_WITH_KNOTS('',1,(#14888,#14889),.UNSPECIFIED.,
  .F.,.F.,(2,2),(0.,1.570796326795),.PIECEWISE_BEZIER_KNOTS.);
#14888 = CARTESIAN_POINT('',(1.570796326795,0.));
#14889 = CARTESIAN_POINT('',(1.570796326795,1.570796326795));
#14890 = ( GEOMETRIC_REPRESENTATION_CONTEXT(2) 
PARAMETRIC_REPRESENTATION_CONTEXT() REPRESENTATION_CONTEXT('2D SPACE',''
  ) );
#14891 = PCURVE('',#12914,#14892);
#14892 = DEFINITIONAL_REPRESENTATION('',(#14893),#14896);
#14893 = B_SPLINE_CURVE_WITH_KNOTS('',1,(#14894,#14895),.UNSPECIFIED.,
  .F.,.F.,(2,2),(0.,1.570796326795),.PIECEWISE_BEZIER_KNOTS.);
#14894 = CARTESIAN_POINT('',(0.,-3.552713678801E-15));
#14895 = CARTESIAN_POINT('',(-1.570796326795,-3.552713678801E-15));
#14896 = ( GEOMETRIC_REPRESENTATION_CONTEXT(2) 
PARAMETRIC_REPRESENTATION_CONTEXT() REPRESENTATION_CONTEXT('2D SPACE',''
  ) );
#14897 = ORIENTED_EDGE('',*,*,#12926,.F.);
#14898 = ADVANCED_FACE('',(#14899),#12914,.T.);
#14899 = FACE_BOUND('',#14900,.F.);
#14900 = EDGE_LOOP('',(#14901,#14902,#14903,#14904));
#14901 = ORIENTED_EDGE('',*,*,#14878,.T.);
#14902 = ORIENTED_EDGE('',*,*,#12898,.T.);
#14903 = ORIENTED_EDGE('',*,*,#14827,.F.);
#14904 = ORIENTED_EDGE('',*,*,#14905,.F.);
#14905 = EDGE_CURVE('',#14855,#14724,#14906,.T.);
#14906 = SURFACE_CURVE('',#14907,(#14911,#14918),.PCURVE_S1.);
#14907 = LINE('',#14908,#14909);
#14908 = CARTESIAN_POINT('',(24.,10.499999992113,9.8));
#14909 = VECTOR('',#14910,1.);
#14910 = DIRECTION('',(-0.,-1.,-0.));
#14911 = PCURVE('',#12914,#14912);
#14912 = DEFINITIONAL_REPRESENTATION('',(#14913),#14917);
#14913 = LINE('',#14914,#14915);
#14914 = CARTESIAN_POINT('',(-0.,0.));
#14915 = VECTOR('',#14916,1.);
#14916 = DIRECTION('',(-0.,1.));
#14917 = ( GEOMETRIC_REPRESENTATION_CONTEXT(2) 
PARAMETRIC_REPRESENTATION_CONTEXT() REPRESENTATION_CONTEXT('2D SPACE',''
  ) );
#14918 = PCURVE('',#14741,#14919);
#14919 = DEFINITIONAL_REPRESENTATION('',(#14920),#14924);
#14920 = LINE('',#14921,#14922);
#14921 = CARTESIAN_POINT('',(20.999999992113,-0.3));
#14922 = VECTOR('',#14923,1.);
#14923 = DIRECTION('',(-1.,0.));
#14924 = ( GEOMETRIC_REPRESENTATION_CONTEXT(2) 
PARAMETRIC_REPRESENTATION_CONTEXT() REPRESENTATION_CONTEXT('2D SPACE',''
  ) );
#14925 = ADVANCED_FACE('',(#14926),#13032,.F.);
#14926 = FACE_BOUND('',#14927,.F.);
#14927 = EDGE_LOOP('',(#14928,#14957,#14978,#14979));
#14928 = ORIENTED_EDGE('',*,*,#14929,.F.);
#14929 = EDGE_CURVE('',#14930,#14930,#14932,.T.);
#14930 = VERTEX_POINT('',#14931);
#14931 = CARTESIAN_POINT('',(-13.8,-15.5,11.3));
#14932 = SURFACE_CURVE('',#14933,(#14938,#14945),.PCURVE_S1.);
#14933 = CIRCLE('',#14934,1.2);
#14934 = AXIS2_PLACEMENT_3D('',#14935,#14936,#14937);
#14935 = CARTESIAN_POINT('',(-15.,-15.5,11.3));
#14936 = DIRECTION('',(0.,0.,1.));
#14937 = DIRECTION('',(1.,0.,-0.));
#14938 = PCURVE('',#13032,#14939);
#14939 = DEFINITIONAL_REPRESENTATION('',(#14940),#14944);
#14940 = LINE('',#14941,#14942);
#14941 = CARTESIAN_POINT('',(0.,1.85));
#14942 = VECTOR('',#14943,1.);
#14943 = DIRECTION('',(1.,0.));
#14944 = ( GEOMETRIC_REPRESENTATION_CONTEXT(2) 
PARAMETRIC_REPRESENTATION_CONTEXT() REPRESENTATION_CONTEXT('2D SPACE',''
  ) );
#14945 = PCURVE('',#14946,#14951);
#14946 = PLANE('',#14947);
#14947 = AXIS2_PLACEMENT_3D('',#14948,#14949,#14950);
#14948 = CARTESIAN_POINT('',(-15.,-15.5,11.3));
#14949 = DIRECTION('',(0.,0.,1.));
#14950 = DIRECTION('',(1.,0.,-0.));
#14951 = DEFINITIONAL_REPRESENTATION('',(#14952),#14956);
#14952 = CIRCLE('',#14953,1.2);
#14953 = AXIS2_PLACEMENT_2D('',#14954,#14955);
#14954 = CARTESIAN_POINT('',(0.,0.));
#14955 = DIRECTION('',(1.,0.));
#14956 = ( GEOMETRIC_REPRESENTATION_CONTEXT(2) 
PARAMETRIC_REPRESENTATION_CONTEXT() REPRESENTATION_CONTEXT('2D SPACE',''
  ) );
#14957 = ORIENTED_EDGE('',*,*,#14958,.F.);
#14958 = EDGE_CURVE('',#13016,#14930,#14959,.T.);
#14959 = SEAM_CURVE('',#14960,(#14964,#14971),.PCURVE_S1.);
#14960 = LINE('',#14961,#14962);
#14961 = CARTESIAN_POINT('',(-13.8,-15.5,9.45));
#14962 = VECTOR('',#14963,1.);
#14963 = DIRECTION('',(0.,0.,1.));
#14964 = PCURVE('',#13032,#14965);
#14965 = DEFINITIONAL_REPRESENTATION('',(#14966),#14970);
#14966 = LINE('',#14967,#14968);
#14967 = CARTESIAN_POINT('',(6.28318530718,-0.));
#14968 = VECTOR('',#14969,1.);
#14969 = DIRECTION('',(0.,1.));
#14970 = ( GEOMETRIC_REPRESENTATION_CONTEXT(2) 
PARAMETRIC_REPRESENTATION_CONTEXT() REPRESENTATION_CONTEXT('2D SPACE',''
  ) );
#14971 = PCURVE('',#13032,#14972);
#14972 = DEFINITIONAL_REPRESENTATION('',(#14973),#14977);
#14973 = LINE('',#14974,#14975);
#14974 = CARTESIAN_POINT('',(0.,-0.));
#14975 = VECTOR('',#14976,1.);
#14976 = DIRECTION('',(0.,1.));
#14977 = ( GEOMETRIC_REPRESENTATION_CONTEXT(2) 
PARAMETRIC_REPRESENTATION_CONTEXT() REPRESENTATION_CONTEXT('2D SPACE',''
  ) );
#14978 = ORIENTED_EDGE('',*,*,#13015,.T.);
#14979 = ORIENTED_EDGE('',*,*,#14958,.T.);
#14980 = ADVANCED_FACE('',(#14981),#13063,.F.);
#14981 = FACE_BOUND('',#14982,.F.);
#14982 = EDGE_LOOP('',(#14983,#14984,#15005,#15006));
#14983 = ORIENTED_EDGE('',*,*,#13951,.F.);
#14984 = ORIENTED_EDGE('',*,*,#14985,.F.);
#14985 = EDGE_CURVE('',#13047,#13952,#14986,.T.);
#14986 = SEAM_CURVE('',#14987,(#14991,#14998),.PCURVE_S1.);
#14987 = LINE('',#14988,#14989);
#14988 = CARTESIAN_POINT('',(-4.2,-16.,9.45));
#14989 = VECTOR('',#14990,1.);
#14990 = DIRECTION('',(0.,0.,1.));
#14991 = PCURVE('',#13063,#14992);
#14992 = DEFINITIONAL_REPRESENTATION('',(#14993),#14997);
#14993 = LINE('',#14994,#14995);
#14994 = CARTESIAN_POINT('',(6.28318530718,-0.));
#14995 = VECTOR('',#14996,1.);
#14996 = DIRECTION('',(0.,1.));
#14997 = ( GEOMETRIC_REPRESENTATION_CONTEXT(2) 
PARAMETRIC_REPRESENTATION_CONTEXT() REPRESENTATION_CONTEXT('2D SPACE',''
  ) );
#14998 = PCURVE('',#13063,#14999);
#14999 = DEFINITIONAL_REPRESENTATION('',(#15000),#15004);
#15000 = LINE('',#15001,#15002);
#15001 = CARTESIAN_POINT('',(0.,-0.));
#15002 = VECTOR('',#15003,1.);
#15003 = DIRECTION('',(0.,1.));
#15004 = ( GEOMETRIC_REPRESENTATION_CONTEXT(2) 
PARAMETRIC_REPRESENTATION_CONTEXT() REPRESENTATION_CONTEXT('2D SPACE',''
  ) );
#15005 = ORIENTED_EDGE('',*,*,#13046,.T.);
#15006 = ORIENTED_EDGE('',*,*,#14985,.T.);
#15007 = ADVANCED_FACE('',(#15008),#13094,.F.);
#15008 = FACE_BOUND('',#15009,.F.);
#15009 = EDGE_LOOP('',(#15010,#15011,#15032,#15033));
#15010 = ORIENTED_EDGE('',*,*,#13977,.F.);
#15011 = ORIENTED_EDGE('',*,*,#15012,.F.);
#15012 = EDGE_CURVE('',#13078,#13978,#15013,.T.);
#15013 = SEAM_CURVE('',#15014,(#15018,#15025),.PCURVE_S1.);
#15014 = LINE('',#15015,#15016);
#15015 = CARTESIAN_POINT('',(-3.,-18.4,9.45));
#15016 = VECTOR('',#15017,1.);
#15017 = DIRECTION('',(0.,0.,1.));
#15018 = PCURVE('',#13094,#15019);
#15019 = DEFINITIONAL_REPRESENTATION('',(#15020),#15024);
#15020 = LINE('',#15021,#15022);
#15021 = CARTESIAN_POINT('',(6.28318530718,-0.));
#15022 = VECTOR('',#15023,1.);
#15023 = DIRECTION('',(0.,1.));
#15024 = ( GEOMETRIC_REPRESENTATION_CONTEXT(2) 
PARAMETRIC_REPRESENTATION_CONTEXT() REPRESENTATION_CONTEXT('2D SPACE',''
  ) );
#15025 = PCURVE('',#13094,#15026);
#15026 = DEFINITIONAL_REPRESENTATION('',(#15027),#15031);
#15027 = LINE('',#15028,#15029);
#15028 = CARTESIAN_POINT('',(0.,-0.));
#15029 = VECTOR('',#15030,1.);
#15030 = DIRECTION('',(0.,1.));
#15031 = ( GEOMETRIC_REPRESENTATION_CONTEXT(2) 
PARAMETRIC_REPRESENTATION_CONTEXT() REPRESENTATION_CONTEXT('2D SPACE',''
  ) );
#15032 = ORIENTED_EDGE('',*,*,#13077,.T.);
#15033 = ORIENTED_EDGE('',*,*,#15012,.T.);
#15034 = ADVANCED_FACE('',(#15035),#13125,.F.);
#15035 = FACE_BOUND('',#15036,.F.);
#15036 = EDGE_LOOP('',(#15037,#15038,#15059,#15060));
#15037 = ORIENTED_EDGE('',*,*,#14003,.F.);
#15038 = ORIENTED_EDGE('',*,*,#15039,.F.);
#15039 = EDGE_CURVE('',#13109,#14004,#15040,.T.);
#15040 = SEAM_CURVE('',#15041,(#15045,#15052),.PCURVE_S1.);
#15041 = LINE('',#15042,#15043);
#15042 = CARTESIAN_POINT('',(-0.6,-18.4,9.45));
#15043 = VECTOR('',#15044,1.);
#15044 = DIRECTION('',(0.,0.,1.));
#15045 = PCURVE('',#13125,#15046);
#15046 = DEFINITIONAL_REPRESENTATION('',(#15047),#15051);
#15047 = LINE('',#15048,#15049);
#15048 = CARTESIAN_POINT('',(6.28318530718,-0.));
#15049 = VECTOR('',#15050,1.);
#15050 = DIRECTION('',(0.,1.));
#15051 = ( GEOMETRIC_REPRESENTATION_CONTEXT(2) 
PARAMETRIC_REPRESENTATION_CONTEXT() REPRESENTATION_CONTEXT('2D SPACE',''
  ) );
#15052 = PCURVE('',#13125,#15053);
#15053 = DEFINITIONAL_REPRESENTATION('',(#15054),#15058);
#15054 = LINE('',#15055,#15056);
#15055 = CARTESIAN_POINT('',(0.,-0.));
#15056 = VECTOR('',#15057,1.);
#15057 = DIRECTION('',(0.,1.));
#15058 = ( GEOMETRIC_REPRESENTATION_CONTEXT(2) 
PARAMETRIC_REPRESENTATION_CONTEXT() REPRESENTATION_CONTEXT('2D SPACE',''
  ) );
#15059 = ORIENTED_EDGE('',*,*,#13108,.T.);
#15060 = ORIENTED_EDGE('',*,*,#15039,.T.);
#15061 = ADVANCED_FACE('',(#15062),#13156,.F.);
#15062 = FACE_BOUND('',#15063,.F.);
#15063 = EDGE_LOOP('',(#15064,#15065,#15086,#15087));
#15064 = ORIENTED_EDGE('',*,*,#14029,.F.);
#15065 = ORIENTED_EDGE('',*,*,#15066,.F.);
#15066 = EDGE_CURVE('',#13140,#14030,#15067,.T.);
#15067 = SEAM_CURVE('',#15068,(#15072,#15079),.PCURVE_S1.);
#15068 = LINE('',#15069,#15070);
#15069 = CARTESIAN_POINT('',(-1.8,-16.,9.45));
#15070 = VECTOR('',#15071,1.);
#15071 = DIRECTION('',(0.,0.,1.));
#15072 = PCURVE('',#13156,#15073);
#15073 = DEFINITIONAL_REPRESENTATION('',(#15074),#15078);
#15074 = LINE('',#15075,#15076);
#15075 = CARTESIAN_POINT('',(6.28318530718,-0.));
#15076 = VECTOR('',#15077,1.);
#15077 = DIRECTION('',(0.,1.));
#15078 = ( GEOMETRIC_REPRESENTATION_CONTEXT(2) 
PARAMETRIC_REPRESENTATION_CONTEXT() REPRESENTATION_CONTEXT('2D SPACE',''
  ) );
#15079 = PCURVE('',#13156,#15080);
#15080 = DEFINITIONAL_REPRESENTATION('',(#15081),#15085);
#15081 = LINE('',#15082,#15083);
#15082 = CARTESIAN_POINT('',(0.,-0.));
#15083 = VECTOR('',#15084,1.);
#15084 = DIRECTION('',(0.,1.));
#15085 = ( GEOMETRIC_REPRESENTATION_CONTEXT(2) 
PARAMETRIC_REPRESENTATION_CONTEXT() REPRESENTATION_CONTEXT('2D SPACE',''
  ) );
#15086 = ORIENTED_EDGE('',*,*,#13139,.T.);
#15087 = ORIENTED_EDGE('',*,*,#15066,.T.);
#15088 = ADVANCED_FACE('',(#15089),#13187,.F.);
#15089 = FACE_BOUND('',#15090,.F.);
#15090 = EDGE_LOOP('',(#15091,#15092,#15113,#15114));
#15091 = ORIENTED_EDGE('',*,*,#14055,.F.);
#15092 = ORIENTED_EDGE('',*,*,#15093,.F.);
#15093 = EDGE_CURVE('',#13171,#14056,#15094,.T.);
#15094 = SEAM_CURVE('',#15095,(#15099,#15106),.PCURVE_S1.);
#15095 = LINE('',#15096,#15097);
#15096 = CARTESIAN_POINT('',(1.8,-18.4,9.45));
#15097 = VECTOR('',#15098,1.);
#15098 = DIRECTION('',(0.,0.,1.));
#15099 = PCURVE('',#13187,#15100);
#15100 = DEFINITIONAL_REPRESENTATION('',(#15101),#15105);
#15101 = LINE('',#15102,#15103);
#15102 = CARTESIAN_POINT('',(6.28318530718,-0.));
#15103 = VECTOR('',#15104,1.);
#15104 = DIRECTION('',(0.,1.));
#15105 = ( GEOMETRIC_REPRESENTATION_CONTEXT(2) 
PARAMETRIC_REPRESENTATION_CONTEXT() REPRESENTATION_CONTEXT('2D SPACE',''
  ) );
#15106 = PCURVE('',#13187,#15107);
#15107 = DEFINITIONAL_REPRESENTATION('',(#15108),#15112);
#15108 = LINE('',#15109,#15110);
#15109 = CARTESIAN_POINT('',(0.,-0.));
#15110 = VECTOR('',#15111,1.);
#15111 = DIRECTION('',(0.,1.));
#15112 = ( GEOMETRIC_REPRESENTATION_CONTEXT(2) 
PARAMETRIC_REPRESENTATION_CONTEXT() REPRESENTATION_CONTEXT('2D SPACE',''
  ) );
#15113 = ORIENTED_EDGE('',*,*,#13170,.T.);
#15114 = ORIENTED_EDGE('',*,*,#15093,.T.);
#15115 = ADVANCED_FACE('',(#15116),#13218,.F.);
#15116 = FACE_BOUND('',#15117,.F.);
#15117 = EDGE_LOOP('',(#15118,#15119,#15140,#15141));
#15118 = ORIENTED_EDGE('',*,*,#14081,.F.);
#15119 = ORIENTED_EDGE('',*,*,#15120,.F.);
#15120 = EDGE_CURVE('',#13202,#14082,#15121,.T.);
#15121 = SEAM_CURVE('',#15122,(#15126,#15133),.PCURVE_S1.);
#15122 = LINE('',#15123,#15124);
#15123 = CARTESIAN_POINT('',(4.2,-18.4,9.45));
#15124 = VECTOR('',#15125,1.);
#15125 = DIRECTION('',(0.,0.,1.));
#15126 = PCURVE('',#13218,#15127);
#15127 = DEFINITIONAL_REPRESENTATION('',(#15128),#15132);
#15128 = LINE('',#15129,#15130);
#15129 = CARTESIAN_POINT('',(6.28318530718,-0.));
#15130 = VECTOR('',#15131,1.);
#15131 = DIRECTION('',(0.,1.));
#15132 = ( GEOMETRIC_REPRESENTATION_CONTEXT(2) 
PARAMETRIC_REPRESENTATION_CONTEXT() REPRESENTATION_CONTEXT('2D SPACE',''
  ) );
#15133 = PCURVE('',#13218,#15134);
#15134 = DEFINITIONAL_REPRESENTATION('',(#15135),#15139);
#15135 = LINE('',#15136,#15137);
#15136 = CARTESIAN_POINT('',(0.,-0.));
#15137 = VECTOR('',#15138,1.);
#15138 = DIRECTION('',(0.,1.));
#15139 = ( GEOMETRIC_REPRESENTATION_CONTEXT(2) 
PARAMETRIC_REPRESENTATION_CONTEXT() REPRESENTATION_CONTEXT('2D SPACE',''
  ) );
#15140 = ORIENTED_EDGE('',*,*,#13201,.T.);
#15141 = ORIENTED_EDGE('',*,*,#15120,.T.);
#15142 = ADVANCED_FACE('',(#15143),#13249,.F.);
#15143 = FACE_BOUND('',#15144,.F.);
#15144 = EDGE_LOOP('',(#15145,#15146,#15167,#15168));
#15145 = ORIENTED_EDGE('',*,*,#14107,.F.);
#15146 = ORIENTED_EDGE('',*,*,#15147,.F.);
#15147 = EDGE_CURVE('',#13233,#14108,#15148,.T.);
#15148 = SEAM_CURVE('',#15149,(#15153,#15160),.PCURVE_S1.);
#15149 = LINE('',#15150,#15151);
#15150 = CARTESIAN_POINT('',(0.6,-16.,9.45));
#15151 = VECTOR('',#15152,1.);
#15152 = DIRECTION('',(0.,0.,1.));
#15153 = PCURVE('',#13249,#15154);
#15154 = DEFINITIONAL_REPRESENTATION('',(#15155),#15159);
#15155 = LINE('',#15156,#15157);
#15156 = CARTESIAN_POINT('',(6.28318530718,-0.));
#15157 = VECTOR('',#15158,1.);
#15158 = DIRECTION('',(0.,1.));
#15159 = ( GEOMETRIC_REPRESENTATION_CONTEXT(2) 
PARAMETRIC_REPRESENTATION_CONTEXT() REPRESENTATION_CONTEXT('2D SPACE',''
  ) );
#15160 = PCURVE('',#13249,#15161);
#15161 = DEFINITIONAL_REPRESENTATION('',(#15162),#15166);
#15162 = LINE('',#15163,#15164);
#15163 = CARTESIAN_POINT('',(0.,-0.));
#15164 = VECTOR('',#15165,1.);
#15165 = DIRECTION('',(0.,1.));
#15166 = ( GEOMETRIC_REPRESENTATION_CONTEXT(2) 
PARAMETRIC_REPRESENTATION_CONTEXT() REPRESENTATION_CONTEXT('2D SPACE',''
  ) );
#15167 = ORIENTED_EDGE('',*,*,#13232,.T.);
#15168 = ORIENTED_EDGE('',*,*,#15147,.T.);
#15169 = ADVANCED_FACE('',(#15170),#13280,.F.);
#15170 = FACE_BOUND('',#15171,.F.);
#15171 = EDGE_LOOP('',(#15172,#15173,#15194,#15195));
#15172 = ORIENTED_EDGE('',*,*,#14133,.F.);
#15173 = ORIENTED_EDGE('',*,*,#15174,.F.);
#15174 = EDGE_CURVE('',#13264,#14134,#15175,.T.);
#15175 = SEAM_CURVE('',#15176,(#15180,#15187),.PCURVE_S1.);
#15176 = LINE('',#15177,#15178);
#15177 = CARTESIAN_POINT('',(3.,-16.,9.45));
#15178 = VECTOR('',#15179,1.);
#15179 = DIRECTION('',(0.,0.,1.));
#15180 = PCURVE('',#13280,#15181);
#15181 = DEFINITIONAL_REPRESENTATION('',(#15182),#15186);
#15182 = LINE('',#15183,#15184);
#15183 = CARTESIAN_POINT('',(6.28318530718,-0.));
#15184 = VECTOR('',#15185,1.);
#15185 = DIRECTION('',(0.,1.));
#15186 = ( GEOMETRIC_REPRESENTATION_CONTEXT(2) 
PARAMETRIC_REPRESENTATION_CONTEXT() REPRESENTATION_CONTEXT('2D SPACE',''
  ) );
#15187 = PCURVE('',#13280,#15188);
#15188 = DEFINITIONAL_REPRESENTATION('',(#15189),#15193);
#15189 = LINE('',#15190,#15191);
#15190 = CARTESIAN_POINT('',(0.,-0.));
#15191 = VECTOR('',#15192,1.);
#15192 = DIRECTION('',(0.,1.));
#15193 = ( GEOMETRIC_REPRESENTATION_CONTEXT(2) 
PARAMETRIC_REPRESENTATION_CONTEXT() REPRESENTATION_CONTEXT('2D SPACE',''
  ) );
#15194 = ORIENTED_EDGE('',*,*,#13263,.T.);
#15195 = ORIENTED_EDGE('',*,*,#15174,.T.);
#15196 = ADVANCED_FACE('',(#15197),#13311,.F.);
#15197 = FACE_BOUND('',#15198,.F.);
#15198 = EDGE_LOOP('',(#15199,#15200,#15221,#15222));
#15199 = ORIENTED_EDGE('',*,*,#14159,.F.);
#15200 = ORIENTED_EDGE('',*,*,#15201,.F.);
#15201 = EDGE_CURVE('',#13295,#14160,#15202,.T.);
#15202 = SEAM_CURVE('',#15203,(#15207,#15214),.PCURVE_S1.);
#15203 = LINE('',#15204,#15205);
#15204 = CARTESIAN_POINT('',(5.4,-16.,9.45));
#15205 = VECTOR('',#15206,1.);
#15206 = DIRECTION('',(0.,0.,1.));
#15207 = PCURVE('',#13311,#15208);
#15208 = DEFINITIONAL_REPRESENTATION('',(#15209),#15213);
#15209 = LINE('',#15210,#15211);
#15210 = CARTESIAN_POINT('',(6.28318530718,-0.));
#15211 = VECTOR('',#15212,1.);
#15212 = DIRECTION('',(0.,1.));
#15213 = ( GEOMETRIC_REPRESENTATION_CONTEXT(2) 
PARAMETRIC_REPRESENTATION_CONTEXT() REPRESENTATION_CONTEXT('2D SPACE',''
  ) );
#15214 = PCURVE('',#13311,#15215);
#15215 = DEFINITIONAL_REPRESENTATION('',(#15216),#15220);
#15216 = LINE('',#15217,#15218);
#15217 = CARTESIAN_POINT('',(0.,-0.));
#15218 = VECTOR('',#15219,1.);
#15219 = DIRECTION('',(0.,1.));
#15220 = ( GEOMETRIC_REPRESENTATION_CONTEXT(2) 
PARAMETRIC_REPRESENTATION_CONTEXT() REPRESENTATION_CONTEXT('2D SPACE',''
  ) );
#15221 = ORIENTED_EDGE('',*,*,#13294,.T.);
#15222 = ORIENTED_EDGE('',*,*,#15201,.T.);
#15223 = ADVANCED_FACE('',(#15224),#13342,.F.);
#15224 = FACE_BOUND('',#15225,.F.);
#15225 = EDGE_LOOP('',(#15226,#15255,#15276,#15277));
#15226 = ORIENTED_EDGE('',*,*,#15227,.F.);
#15227 = EDGE_CURVE('',#15228,#15228,#15230,.T.);
#15228 = VERTEX_POINT('',#15229);
#15229 = CARTESIAN_POINT('',(16.2,-15.5,11.3));
#15230 = SURFACE_CURVE('',#15231,(#15236,#15243),.PCURVE_S1.);
#15231 = CIRCLE('',#15232,1.2);
#15232 = AXIS2_PLACEMENT_3D('',#15233,#15234,#15235);
#15233 = CARTESIAN_POINT('',(15.,-15.5,11.3));
#15234 = DIRECTION('',(0.,0.,1.));
#15235 = DIRECTION('',(1.,0.,-0.));
#15236 = PCURVE('',#13342,#15237);
#15237 = DEFINITIONAL_REPRESENTATION('',(#15238),#15242);
#15238 = LINE('',#15239,#15240);
#15239 = CARTESIAN_POINT('',(0.,1.85));
#15240 = VECTOR('',#15241,1.);
#15241 = DIRECTION('',(1.,0.));
#15242 = ( GEOMETRIC_REPRESENTATION_CONTEXT(2) 
PARAMETRIC_REPRESENTATION_CONTEXT() REPRESENTATION_CONTEXT('2D SPACE',''
  ) );
#15243 = PCURVE('',#15244,#15249);
#15244 = PLANE('',#15245);
#15245 = AXIS2_PLACEMENT_3D('',#15246,#15247,#15248);
#15246 = CARTESIAN_POINT('',(15.,-15.5,11.3));
#15247 = DIRECTION('',(0.,0.,1.));
#15248 = DIRECTION('',(1.,0.,-0.));
#15249 = DEFINITIONAL_REPRESENTATION('',(#15250),#15254);
#15250 = CIRCLE('',#15251,1.2);
#15251 = AXIS2_PLACEMENT_2D('',#15252,#15253);
#15252 = CARTESIAN_POINT('',(0.,0.));
#15253 = DIRECTION('',(1.,0.));
#15254 = ( GEOMETRIC_REPRESENTATION_CONTEXT(2) 
PARAMETRIC_REPRESENTATION_CONTEXT() REPRESENTATION_CONTEXT('2D SPACE',''
  ) );
#15255 = ORIENTED_EDGE('',*,*,#15256,.F.);
#15256 = EDGE_CURVE('',#13326,#15228,#15257,.T.);
#15257 = SEAM_CURVE('',#15258,(#15262,#15269),.PCURVE_S1.);
#15258 = LINE('',#15259,#15260);
#15259 = CARTESIAN_POINT('',(16.2,-15.5,9.45));
#15260 = VECTOR('',#15261,1.);
#15261 = DIRECTION('',(0.,0.,1.));
#15262 = PCURVE('',#13342,#15263);
#15263 = DEFINITIONAL_REPRESENTATION('',(#15264),#15268);
#15264 = LINE('',#15265,#15266);
#15265 = CARTESIAN_POINT('',(6.28318530718,-0.));
#15266 = VECTOR('',#15267,1.);
#15267 = DIRECTION('',(0.,1.));
#15268 = ( GEOMETRIC_REPRESENTATION_CONTEXT(2) 
PARAMETRIC_REPRESENTATION_CONTEXT() REPRESENTATION_CONTEXT('2D SPACE',''
  ) );
#15269 = PCURVE('',#13342,#15270);
#15270 = DEFINITIONAL_REPRESENTATION('',(#15271),#15275);
#15271 = LINE('',#15272,#15273);
#15272 = CARTESIAN_POINT('',(0.,-0.));
#15273 = VECTOR('',#15274,1.);
#15274 = DIRECTION('',(0.,1.));
#15275 = ( GEOMETRIC_REPRESENTATION_CONTEXT(2) 
PARAMETRIC_REPRESENTATION_CONTEXT() REPRESENTATION_CONTEXT('2D SPACE',''
  ) );
#15276 = ORIENTED_EDGE('',*,*,#13325,.T.);
#15277 = ORIENTED_EDGE('',*,*,#15256,.T.);
#15278 = ADVANCED_FACE('',(#15279),#13373,.F.);
#15279 = FACE_BOUND('',#15280,.F.);
#15280 = EDGE_LOOP('',(#15281,#15310,#15331,#15332));
#15281 = ORIENTED_EDGE('',*,*,#15282,.F.);
#15282 = EDGE_CURVE('',#15283,#15283,#15285,.T.);
#15283 = VERTEX_POINT('',#15284);
#15284 = CARTESIAN_POINT('',(-13.8,15.5,11.3));
#15285 = SURFACE_CURVE('',#15286,(#15291,#15298),.PCURVE_S1.);
#15286 = CIRCLE('',#15287,1.2);
#15287 = AXIS2_PLACEMENT_3D('',#15288,#15289,#15290);
#15288 = CARTESIAN_POINT('',(-15.,15.5,11.3));
#15289 = DIRECTION('',(0.,0.,1.));
#15290 = DIRECTION('',(1.,0.,-0.));
#15291 = PCURVE('',#13373,#15292);
#15292 = DEFINITIONAL_REPRESENTATION('',(#15293),#15297);
#15293 = LINE('',#15294,#15295);
#15294 = CARTESIAN_POINT('',(0.,1.85));
#15295 = VECTOR('',#15296,1.);
#15296 = DIRECTION('',(1.,0.));
#15297 = ( GEOMETRIC_REPRESENTATION_CONTEXT(2) 
PARAMETRIC_REPRESENTATION_CONTEXT() REPRESENTATION_CONTEXT('2D SPACE',''
  ) );
#15298 = PCURVE('',#15299,#15304);
#15299 = PLANE('',#15300);
#15300 = AXIS2_PLACEMENT_3D('',#15301,#15302,#15303);
#15301 = CARTESIAN_POINT('',(-15.,15.5,11.3));
#15302 = DIRECTION('',(0.,0.,1.));
#15303 = DIRECTION('',(1.,0.,-0.));
#15304 = DEFINITIONAL_REPRESENTATION('',(#15305),#15309);
#15305 = CIRCLE('',#15306,1.2);
#15306 = AXIS2_PLACEMENT_2D('',#15307,#15308);
#15307 = CARTESIAN_POINT('',(0.,0.));
#15308 = DIRECTION('',(1.,0.));
#15309 = ( GEOMETRIC_REPRESENTATION_CONTEXT(2) 
PARAMETRIC_REPRESENTATION_CONTEXT() REPRESENTATION_CONTEXT('2D SPACE',''
  ) );
#15310 = ORIENTED_EDGE('',*,*,#15311,.F.);
#15311 = EDGE_CURVE('',#13357,#15283,#15312,.T.);
#15312 = SEAM_CURVE('',#15313,(#15317,#15324),.PCURVE_S1.);
#15313 = LINE('',#15314,#15315);
#15314 = CARTESIAN_POINT('',(-13.8,15.5,9.45));
#15315 = VECTOR('',#15316,1.);
#15316 = DIRECTION('',(0.,0.,1.));
#15317 = PCURVE('',#13373,#15318);
#15318 = DEFINITIONAL_REPRESENTATION('',(#15319),#15323);
#15319 = LINE('',#15320,#15321);
#15320 = CARTESIAN_POINT('',(6.28318530718,-0.));
#15321 = VECTOR('',#15322,1.);
#15322 = DIRECTION('',(0.,1.));
#15323 = ( GEOMETRIC_REPRESENTATION_CONTEXT(2) 
PARAMETRIC_REPRESENTATION_CONTEXT() REPRESENTATION_CONTEXT('2D SPACE',''
  ) );
#15324 = PCURVE('',#13373,#15325);
#15325 = DEFINITIONAL_REPRESENTATION('',(#15326),#15330);
#15326 = LINE('',#15327,#15328);
#15327 = CARTESIAN_POINT('',(0.,-0.));
#15328 = VECTOR('',#15329,1.);
#15329 = DIRECTION('',(0.,1.));
#15330 = ( GEOMETRIC_REPRESENTATION_CONTEXT(2) 
PARAMETRIC_REPRESENTATION_CONTEXT() REPRESENTATION_CONTEXT('2D SPACE',''
  ) );
#15331 = ORIENTED_EDGE('',*,*,#13356,.T.);
#15332 = ORIENTED_EDGE('',*,*,#15311,.T.);
#15333 = ADVANCED_FACE('',(#15334),#13404,.F.);
#15334 = FACE_BOUND('',#15335,.F.);
#15335 = EDGE_LOOP('',(#15336,#15337,#15358,#15359));
#15336 = ORIENTED_EDGE('',*,*,#14247,.F.);
#15337 = ORIENTED_EDGE('',*,*,#15338,.F.);
#15338 = EDGE_CURVE('',#13388,#14248,#15339,.T.);
#15339 = SEAM_CURVE('',#15340,(#15344,#15351),.PCURVE_S1.);
#15340 = LINE('',#15341,#15342);
#15341 = CARTESIAN_POINT('',(-0.75,16.5,9.45));
#15342 = VECTOR('',#15343,1.);
#15343 = DIRECTION('',(0.,0.,1.));
#15344 = PCURVE('',#13404,#15345);
#15345 = DEFINITIONAL_REPRESENTATION('',(#15346),#15350);
#15346 = LINE('',#15347,#15348);
#15347 = CARTESIAN_POINT('',(6.28318530718,-0.));
#15348 = VECTOR('',#15349,1.);
#15349 = DIRECTION('',(0.,1.));
#15350 = ( GEOMETRIC_REPRESENTATION_CONTEXT(2) 
PARAMETRIC_REPRESENTATION_CONTEXT() REPRESENTATION_CONTEXT('2D SPACE',''
  ) );
#15351 = PCURVE('',#13404,#15352);
#15352 = DEFINITIONAL_REPRESENTATION('',(#15353),#15357);
#15353 = LINE('',#15354,#15355);
#15354 = CARTESIAN_POINT('',(0.,-0.));
#15355 = VECTOR('',#15356,1.);
#15356 = DIRECTION('',(0.,1.));
#15357 = ( GEOMETRIC_REPRESENTATION_CONTEXT(2) 
PARAMETRIC_REPRESENTATION_CONTEXT() REPRESENTATION_CONTEXT('2D SPACE',''
  ) );
#15358 = ORIENTED_EDGE('',*,*,#13387,.T.);
#15359 = ORIENTED_EDGE('',*,*,#15338,.T.);
#15360 = ADVANCED_FACE('',(#15361),#13435,.F.);
#15361 = FACE_BOUND('',#15362,.F.);
#15362 = EDGE_LOOP('',(#15363,#15364,#15387,#15415));
#15363 = ORIENTED_EDGE('',*,*,#13418,.T.);
#15364 = ORIENTED_EDGE('',*,*,#15365,.T.);
#15365 = EDGE_CURVE('',#13421,#15366,#15368,.T.);
#15366 = VERTEX_POINT('',#15367);
#15367 = CARTESIAN_POINT('',(-13.8,-5.8,10.3));
#15368 = SURFACE_CURVE('',#15369,(#15373,#15380),.PCURVE_S1.);
#15369 = LINE('',#15370,#15371);
#15370 = CARTESIAN_POINT('',(-13.8,-5.8,9.48));
#15371 = VECTOR('',#15372,1.);
#15372 = DIRECTION('',(0.,0.,1.));
#15373 = PCURVE('',#13435,#15374);
#15374 = DEFINITIONAL_REPRESENTATION('',(#15375),#15379);
#15375 = LINE('',#15376,#15377);
#15376 = CARTESIAN_POINT('',(0.,0.));
#15377 = VECTOR('',#15378,1.);
#15378 = DIRECTION('',(0.,-1.));
#15379 = ( GEOMETRIC_REPRESENTATION_CONTEXT(2) 
PARAMETRIC_REPRESENTATION_CONTEXT() REPRESENTATION_CONTEXT('2D SPACE',''
  ) );
#15380 = PCURVE('',#13642,#15381);
#15381 = DEFINITIONAL_REPRESENTATION('',(#15382),#15386);
#15382 = LINE('',#15383,#15384);
#15383 = CARTESIAN_POINT('',(-3.14159265359,0.));
#15384 = VECTOR('',#15385,1.);
#15385 = DIRECTION('',(-0.,-1.));
#15386 = ( GEOMETRIC_REPRESENTATION_CONTEXT(2) 
PARAMETRIC_REPRESENTATION_CONTEXT() REPRESENTATION_CONTEXT('2D SPACE',''
  ) );
#15387 = ORIENTED_EDGE('',*,*,#15388,.T.);
#15388 = EDGE_CURVE('',#15366,#15389,#15391,.T.);
#15389 = VERTEX_POINT('',#15390);
#15390 = CARTESIAN_POINT('',(-13.8,5.799999998903,10.3));
#15391 = SURFACE_CURVE('',#15392,(#15396,#15403),.PCURVE_S1.);
#15392 = LINE('',#15393,#15394);
#15393 = CARTESIAN_POINT('',(-13.8,1.06581410364E-14,10.3));
#15394 = VECTOR('',#15395,1.);
#15395 = DIRECTION('',(0.,1.,0.));
#15396 = PCURVE('',#13435,#15397);
#15397 = DEFINITIONAL_REPRESENTATION('',(#15398),#15402);
#15398 = LINE('',#15399,#15400);
#15399 = CARTESIAN_POINT('',(5.8,-0.82));
#15400 = VECTOR('',#15401,1.);
#15401 = DIRECTION('',(1.,0.));
#15402 = ( GEOMETRIC_REPRESENTATION_CONTEXT(2) 
PARAMETRIC_REPRESENTATION_CONTEXT() REPRESENTATION_CONTEXT('2D SPACE',''
  ) );
#15403 = PCURVE('',#15404,#15409);
#15404 = PLANE('',#15405);
#15405 = AXIS2_PLACEMENT_3D('',#15406,#15407,#15408);
#15406 = CARTESIAN_POINT('',(-9.772885202051E-16,-3.021087221987E-10,
    10.3));
#15407 = DIRECTION('',(0.,0.,1.));
#15408 = DIRECTION('',(1.,0.,-0.));
#15409 = DEFINITIONAL_REPRESENTATION('',(#15410),#15414);
#15410 = LINE('',#15411,#15412);
#15411 = CARTESIAN_POINT('',(-13.8,3.021193803398E-10));
#15412 = VECTOR('',#15413,1.);
#15413 = DIRECTION('',(0.,1.));
#15414 = ( GEOMETRIC_REPRESENTATION_CONTEXT(2) 
PARAMETRIC_REPRESENTATION_CONTEXT() REPRESENTATION_CONTEXT('2D SPACE',''
  ) );
#15415 = ORIENTED_EDGE('',*,*,#15416,.F.);
#15416 = EDGE_CURVE('',#13419,#15389,#15417,.T.);
#15417 = SURFACE_CURVE('',#15418,(#15422,#15429),.PCURVE_S1.);
#15418 = LINE('',#15419,#15420);
#15419 = CARTESIAN_POINT('',(-13.8,5.799999998903,9.48));
#15420 = VECTOR('',#15421,1.);
#15421 = DIRECTION('',(0.,0.,1.));
#15422 = PCURVE('',#13435,#15423);
#15423 = DEFINITIONAL_REPRESENTATION('',(#15424),#15428);
#15424 = LINE('',#15425,#15426);
#15425 = CARTESIAN_POINT('',(11.599999998903,0.));
#15426 = VECTOR('',#15427,1.);
#15427 = DIRECTION('',(0.,-1.));
#15428 = ( GEOMETRIC_REPRESENTATION_CONTEXT(2) 
PARAMETRIC_REPRESENTATION_CONTEXT() REPRESENTATION_CONTEXT('2D SPACE',''
  ) );
#15429 = PCURVE('',#13467,#15430);
#15430 = DEFINITIONAL_REPRESENTATION('',(#15431),#15435);
#15431 = LINE('',#15432,#15433);
#15432 = CARTESIAN_POINT('',(-3.14159265359,0.));
#15433 = VECTOR('',#15434,1.);
#15434 = DIRECTION('',(-0.,-1.));
#15435 = ( GEOMETRIC_REPRESENTATION_CONTEXT(2) 
PARAMETRIC_REPRESENTATION_CONTEXT() REPRESENTATION_CONTEXT('2D SPACE',''
  ) );
#15436 = ADVANCED_FACE('',(#15437),#13467,.F.);
#15437 = FACE_BOUND('',#15438,.T.);
#15438 = EDGE_LOOP('',(#15439,#15440,#15463,#15485));
#15439 = ORIENTED_EDGE('',*,*,#13446,.T.);
#15440 = ORIENTED_EDGE('',*,*,#15441,.T.);
#15441 = EDGE_CURVE('',#13447,#15442,#15444,.T.);
#15442 = VERTEX_POINT('',#15443);
#15443 = CARTESIAN_POINT('',(-9.8,9.799999999451,10.3));
#15444 = SURFACE_CURVE('',#15445,(#15449,#15456),.PCURVE_S1.);
#15445 = LINE('',#15446,#15447);
#15446 = CARTESIAN_POINT('',(-9.8,9.799999999451,9.48));
#15447 = VECTOR('',#15448,1.);
#15448 = DIRECTION('',(0.,0.,1.));
#15449 = PCURVE('',#13467,#15450);
#15450 = DEFINITIONAL_REPRESENTATION('',(#15451),#15455);
#15451 = LINE('',#15452,#15453);
#15452 = CARTESIAN_POINT('',(-1.570796326795,0.));
#15453 = VECTOR('',#15454,1.);
#15454 = DIRECTION('',(-0.,-1.));
#15455 = ( GEOMETRIC_REPRESENTATION_CONTEXT(2) 
PARAMETRIC_REPRESENTATION_CONTEXT() REPRESENTATION_CONTEXT('2D SPACE',''
  ) );
#15456 = PCURVE('',#13494,#15457);
#15457 = DEFINITIONAL_REPRESENTATION('',(#15458),#15462);
#15458 = LINE('',#15459,#15460);
#15459 = CARTESIAN_POINT('',(0.,0.));
#15460 = VECTOR('',#15461,1.);
#15461 = DIRECTION('',(0.,-1.));
#15462 = ( GEOMETRIC_REPRESENTATION_CONTEXT(2) 
PARAMETRIC_REPRESENTATION_CONTEXT() REPRESENTATION_CONTEXT('2D SPACE',''
  ) );
#15463 = ORIENTED_EDGE('',*,*,#15464,.T.);
#15464 = EDGE_CURVE('',#15442,#15389,#15465,.T.);
#15465 = SURFACE_CURVE('',#15466,(#15471,#15478),.PCURVE_S1.);
#15466 = CIRCLE('',#15467,4.);
#15467 = AXIS2_PLACEMENT_3D('',#15468,#15469,#15470);
#15468 = CARTESIAN_POINT('',(-9.8,5.799999998903,10.3));
#15469 = DIRECTION('',(0.,0.,1.));
#15470 = DIRECTION('',(1.,0.,0.));
#15471 = PCURVE('',#13467,#15472);
#15472 = DEFINITIONAL_REPRESENTATION('',(#15473),#15477);
#15473 = LINE('',#15474,#15475);
#15474 = CARTESIAN_POINT('',(-0.,-0.82));
#15475 = VECTOR('',#15476,1.);
#15476 = DIRECTION('',(-1.,0.));
#15477 = ( GEOMETRIC_REPRESENTATION_CONTEXT(2) 
PARAMETRIC_REPRESENTATION_CONTEXT() REPRESENTATION_CONTEXT('2D SPACE',''
  ) );
#15478 = PCURVE('',#15404,#15479);
#15479 = DEFINITIONAL_REPRESENTATION('',(#15480),#15484);
#15480 = CIRCLE('',#15481,4.);
#15481 = AXIS2_PLACEMENT_2D('',#15482,#15483);
#15482 = CARTESIAN_POINT('',(-9.8,5.799999999205));
#15483 = DIRECTION('',(1.,0.));
#15484 = ( GEOMETRIC_REPRESENTATION_CONTEXT(2) 
PARAMETRIC_REPRESENTATION_CONTEXT() REPRESENTATION_CONTEXT('2D SPACE',''
  ) );
#15485 = ORIENTED_EDGE('',*,*,#15416,.F.);
#15486 = ADVANCED_FACE('',(#15487),#13642,.F.);
#15487 = FACE_BOUND('',#15488,.T.);
#15488 = EDGE_LOOP('',(#15489,#15490,#15491,#15515));
#15489 = ORIENTED_EDGE('',*,*,#13623,.T.);
#15490 = ORIENTED_EDGE('',*,*,#15365,.T.);
#15491 = ORIENTED_EDGE('',*,*,#15492,.T.);
#15492 = EDGE_CURVE('',#15366,#15493,#15495,.T.);
#15493 = VERTEX_POINT('',#15494);
#15494 = CARTESIAN_POINT('',(-9.8,-9.8,10.3));
#15495 = SURFACE_CURVE('',#15496,(#15501,#15508),.PCURVE_S1.);
#15496 = CIRCLE('',#15497,4.);
#15497 = AXIS2_PLACEMENT_3D('',#15498,#15499,#15500);
#15498 = CARTESIAN_POINT('',(-9.8,-5.8,10.3));
#15499 = DIRECTION('',(0.,0.,1.));
#15500 = DIRECTION('',(1.,0.,0.));
#15501 = PCURVE('',#13642,#15502);
#15502 = DEFINITIONAL_REPRESENTATION('',(#15503),#15507);
#15503 = LINE('',#15504,#15505);
#15504 = CARTESIAN_POINT('',(-0.,-0.82));
#15505 = VECTOR('',#15506,1.);
#15506 = DIRECTION('',(-1.,0.));
#15507 = ( GEOMETRIC_REPRESENTATION_CONTEXT(2) 
PARAMETRIC_REPRESENTATION_CONTEXT() REPRESENTATION_CONTEXT('2D SPACE',''
  ) );
#15508 = PCURVE('',#15404,#15509);
#15509 = DEFINITIONAL_REPRESENTATION('',(#15510),#15514);
#15510 = CIRCLE('',#15511,4.);
#15511 = AXIS2_PLACEMENT_2D('',#15512,#15513);
#15512 = CARTESIAN_POINT('',(-9.8,-5.799999999698));
#15513 = DIRECTION('',(1.,0.));
#15514 = ( GEOMETRIC_REPRESENTATION_CONTEXT(2) 
PARAMETRIC_REPRESENTATION_CONTEXT() REPRESENTATION_CONTEXT('2D SPACE',''
  ) );
#15515 = ORIENTED_EDGE('',*,*,#15516,.F.);
#15516 = EDGE_CURVE('',#13598,#15493,#15517,.T.);
#15517 = SURFACE_CURVE('',#15518,(#15522,#15529),.PCURVE_S1.);
#15518 = LINE('',#15519,#15520);
#15519 = CARTESIAN_POINT('',(-9.8,-9.8,9.48));
#15520 = VECTOR('',#15521,1.);
#15521 = DIRECTION('',(0.,0.,1.));
#15522 = PCURVE('',#13642,#15523);
#15523 = DEFINITIONAL_REPRESENTATION('',(#15524),#15528);
#15524 = LINE('',#15525,#15526);
#15525 = CARTESIAN_POINT('',(-4.712388980385,0.));
#15526 = VECTOR('',#15527,1.);
#15527 = DIRECTION('',(-0.,-1.));
#15528 = ( GEOMETRIC_REPRESENTATION_CONTEXT(2) 
PARAMETRIC_REPRESENTATION_CONTEXT() REPRESENTATION_CONTEXT('2D SPACE',''
  ) );
#15529 = PCURVE('',#13612,#15530);
#15530 = DEFINITIONAL_REPRESENTATION('',(#15531),#15535);
#15531 = LINE('',#15532,#15533);
#15532 = CARTESIAN_POINT('',(0.,0.));
#15533 = VECTOR('',#15534,1.);
#15534 = DIRECTION('',(0.,-1.));
#15535 = ( GEOMETRIC_REPRESENTATION_CONTEXT(2) 
PARAMETRIC_REPRESENTATION_CONTEXT() REPRESENTATION_CONTEXT('2D SPACE',''
  ) );
#15536 = ADVANCED_FACE('',(#15537),#13494,.F.);
#15537 = FACE_BOUND('',#15538,.F.);
#15538 = EDGE_LOOP('',(#15539,#15540,#15541,#15564));
#15539 = ORIENTED_EDGE('',*,*,#13479,.T.);
#15540 = ORIENTED_EDGE('',*,*,#15441,.T.);
#15541 = ORIENTED_EDGE('',*,*,#15542,.T.);
#15542 = EDGE_CURVE('',#15442,#15543,#15545,.T.);
#15543 = VERTEX_POINT('',#15544);
#15544 = CARTESIAN_POINT('',(9.8,9.799999999451,10.3));
#15545 = SURFACE_CURVE('',#15546,(#15550,#15557),.PCURVE_S1.);
#15546 = LINE('',#15547,#15548);
#15547 = CARTESIAN_POINT('',(0.,9.8,10.3));
#15548 = VECTOR('',#15549,1.);
#15549 = DIRECTION('',(1.,0.,0.));
#15550 = PCURVE('',#13494,#15551);
#15551 = DEFINITIONAL_REPRESENTATION('',(#15552),#15556);
#15552 = LINE('',#15553,#15554);
#15553 = CARTESIAN_POINT('',(9.8,-0.82));
#15554 = VECTOR('',#15555,1.);
#15555 = DIRECTION('',(1.,0.));
#15556 = ( GEOMETRIC_REPRESENTATION_CONTEXT(2) 
PARAMETRIC_REPRESENTATION_CONTEXT() REPRESENTATION_CONTEXT('2D SPACE',''
  ) );
#15557 = PCURVE('',#15404,#15558);
#15558 = DEFINITIONAL_REPRESENTATION('',(#15559),#15563);
#15559 = LINE('',#15560,#15561);
#15560 = CARTESIAN_POINT('',(9.772885202051E-16,9.800000000302));
#15561 = VECTOR('',#15562,1.);
#15562 = DIRECTION('',(1.,0.));
#15563 = ( GEOMETRIC_REPRESENTATION_CONTEXT(2) 
PARAMETRIC_REPRESENTATION_CONTEXT() REPRESENTATION_CONTEXT('2D SPACE',''
  ) );
#15564 = ORIENTED_EDGE('',*,*,#15565,.F.);
#15565 = EDGE_CURVE('',#13480,#15543,#15566,.T.);
#15566 = SURFACE_CURVE('',#15567,(#15571,#15578),.PCURVE_S1.);
#15567 = LINE('',#15568,#15569);
#15568 = CARTESIAN_POINT('',(9.8,9.799999999451,9.48));
#15569 = VECTOR('',#15570,1.);
#15570 = DIRECTION('',(0.,0.,1.));
#15571 = PCURVE('',#13494,#15572);
#15572 = DEFINITIONAL_REPRESENTATION('',(#15573),#15577);
#15573 = LINE('',#15574,#15575);
#15574 = CARTESIAN_POINT('',(19.6,0.));
#15575 = VECTOR('',#15576,1.);
#15576 = DIRECTION('',(0.,-1.));
#15577 = ( GEOMETRIC_REPRESENTATION_CONTEXT(2) 
PARAMETRIC_REPRESENTATION_CONTEXT() REPRESENTATION_CONTEXT('2D SPACE',''
  ) );
#15578 = PCURVE('',#13526,#15579);
#15579 = DEFINITIONAL_REPRESENTATION('',(#15580),#15584);
#15580 = LINE('',#15581,#15582);
#15581 = CARTESIAN_POINT('',(-1.570796326795,0.));
#15582 = VECTOR('',#15583,1.);
#15583 = DIRECTION('',(-0.,-1.));
#15584 = ( GEOMETRIC_REPRESENTATION_CONTEXT(2) 
PARAMETRIC_REPRESENTATION_CONTEXT() REPRESENTATION_CONTEXT('2D SPACE',''
  ) );
#15585 = ADVANCED_FACE('',(#15586),#13612,.T.);
#15586 = FACE_BOUND('',#15587,.T.);
#15587 = EDGE_LOOP('',(#15588,#15589,#15590,#15613));
#15588 = ORIENTED_EDGE('',*,*,#13597,.T.);
#15589 = ORIENTED_EDGE('',*,*,#15516,.T.);
#15590 = ORIENTED_EDGE('',*,*,#15591,.T.);
#15591 = EDGE_CURVE('',#15493,#15592,#15594,.T.);
#15592 = VERTEX_POINT('',#15593);
#15593 = CARTESIAN_POINT('',(9.8,-9.8,10.3));
#15594 = SURFACE_CURVE('',#15595,(#15599,#15606),.PCURVE_S1.);
#15595 = LINE('',#15596,#15597);
#15596 = CARTESIAN_POINT('',(0.,-9.8,10.3));
#15597 = VECTOR('',#15598,1.);
#15598 = DIRECTION('',(1.,0.,0.));
#15599 = PCURVE('',#13612,#15600);
#15600 = DEFINITIONAL_REPRESENTATION('',(#15601),#15605);
#15601 = LINE('',#15602,#15603);
#15602 = CARTESIAN_POINT('',(9.8,-0.82));
#15603 = VECTOR('',#15604,1.);
#15604 = DIRECTION('',(1.,0.));
#15605 = ( GEOMETRIC_REPRESENTATION_CONTEXT(2) 
PARAMETRIC_REPRESENTATION_CONTEXT() REPRESENTATION_CONTEXT('2D SPACE',''
  ) );
#15606 = PCURVE('',#15404,#15607);
#15607 = DEFINITIONAL_REPRESENTATION('',(#15608),#15612);
#15608 = LINE('',#15609,#15610);
#15609 = CARTESIAN_POINT('',(9.772885202051E-16,-9.799999999698));
#15610 = VECTOR('',#15611,1.);
#15611 = DIRECTION('',(1.,0.));
#15612 = ( GEOMETRIC_REPRESENTATION_CONTEXT(2) 
PARAMETRIC_REPRESENTATION_CONTEXT() REPRESENTATION_CONTEXT('2D SPACE',''
  ) );
#15613 = ORIENTED_EDGE('',*,*,#15614,.F.);
#15614 = EDGE_CURVE('',#13565,#15592,#15615,.T.);
#15615 = SURFACE_CURVE('',#15616,(#15620,#15627),.PCURVE_S1.);
#15616 = LINE('',#15617,#15618);
#15617 = CARTESIAN_POINT('',(9.8,-9.8,9.48));
#15618 = VECTOR('',#15619,1.);
#15619 = DIRECTION('',(0.,0.,1.));
#15620 = PCURVE('',#13612,#15621);
#15621 = DEFINITIONAL_REPRESENTATION('',(#15622),#15626);
#15622 = LINE('',#15623,#15624);
#15623 = CARTESIAN_POINT('',(19.6,0.));
#15624 = VECTOR('',#15625,1.);
#15625 = DIRECTION('',(0.,-1.));
#15626 = ( GEOMETRIC_REPRESENTATION_CONTEXT(2) 
PARAMETRIC_REPRESENTATION_CONTEXT() REPRESENTATION_CONTEXT('2D SPACE',''
  ) );
#15627 = PCURVE('',#13585,#15628);
#15628 = DEFINITIONAL_REPRESENTATION('',(#15629),#15633);
#15629 = LINE('',#15630,#15631);
#15630 = CARTESIAN_POINT('',(-4.712388980385,0.));
#15631 = VECTOR('',#15632,1.);
#15632 = DIRECTION('',(-0.,-1.));
#15633 = ( GEOMETRIC_REPRESENTATION_CONTEXT(2) 
PARAMETRIC_REPRESENTATION_CONTEXT() REPRESENTATION_CONTEXT('2D SPACE',''
  ) );
#15634 = ADVANCED_FACE('',(#15635),#13526,.F.);
#15635 = FACE_BOUND('',#15636,.T.);
#15636 = EDGE_LOOP('',(#15637,#15638,#15661,#15683));
#15637 = ORIENTED_EDGE('',*,*,#13505,.T.);
#15638 = ORIENTED_EDGE('',*,*,#15639,.T.);
#15639 = EDGE_CURVE('',#13506,#15640,#15642,.T.);
#15640 = VERTEX_POINT('',#15641);
#15641 = CARTESIAN_POINT('',(13.8,5.799999998903,10.3));
#15642 = SURFACE_CURVE('',#15643,(#15647,#15654),.PCURVE_S1.);
#15643 = LINE('',#15644,#15645);
#15644 = CARTESIAN_POINT('',(13.8,5.799999998903,9.48));
#15645 = VECTOR('',#15646,1.);
#15646 = DIRECTION('',(0.,0.,1.));
#15647 = PCURVE('',#13526,#15648);
#15648 = DEFINITIONAL_REPRESENTATION('',(#15649),#15653);
#15649 = LINE('',#15650,#15651);
#15650 = CARTESIAN_POINT('',(-0.,0.));
#15651 = VECTOR('',#15652,1.);
#15652 = DIRECTION('',(-0.,-1.));
#15653 = ( GEOMETRIC_REPRESENTATION_CONTEXT(2) 
PARAMETRIC_REPRESENTATION_CONTEXT() REPRESENTATION_CONTEXT('2D SPACE',''
  ) );
#15654 = PCURVE('',#13553,#15655);
#15655 = DEFINITIONAL_REPRESENTATION('',(#15656),#15660);
#15656 = LINE('',#15657,#15658);
#15657 = CARTESIAN_POINT('',(11.599999998903,0.));
#15658 = VECTOR('',#15659,1.);
#15659 = DIRECTION('',(0.,-1.));
#15660 = ( GEOMETRIC_REPRESENTATION_CONTEXT(2) 
PARAMETRIC_REPRESENTATION_CONTEXT() REPRESENTATION_CONTEXT('2D SPACE',''
  ) );
#15661 = ORIENTED_EDGE('',*,*,#15662,.T.);
#15662 = EDGE_CURVE('',#15640,#15543,#15663,.T.);
#15663 = SURFACE_CURVE('',#15664,(#15669,#15676),.PCURVE_S1.);
#15664 = CIRCLE('',#15665,4.);
#15665 = AXIS2_PLACEMENT_3D('',#15666,#15667,#15668);
#15666 = CARTESIAN_POINT('',(9.8,5.799999998903,10.3));
#15667 = DIRECTION('',(0.,0.,1.));
#15668 = DIRECTION('',(1.,0.,0.));
#15669 = PCURVE('',#13526,#15670);
#15670 = DEFINITIONAL_REPRESENTATION('',(#15671),#15675);
#15671 = LINE('',#15672,#15673);
#15672 = CARTESIAN_POINT('',(-0.,-0.82));
#15673 = VECTOR('',#15674,1.);
#15674 = DIRECTION('',(-1.,0.));
#15675 = ( GEOMETRIC_REPRESENTATION_CONTEXT(2) 
PARAMETRIC_REPRESENTATION_CONTEXT() REPRESENTATION_CONTEXT('2D SPACE',''
  ) );
#15676 = PCURVE('',#15404,#15677);
#15677 = DEFINITIONAL_REPRESENTATION('',(#15678),#15682);
#15678 = CIRCLE('',#15679,4.);
#15679 = AXIS2_PLACEMENT_2D('',#15680,#15681);
#15680 = CARTESIAN_POINT('',(9.8,5.799999999205));
#15681 = DIRECTION('',(1.,0.));
#15682 = ( GEOMETRIC_REPRESENTATION_CONTEXT(2) 
PARAMETRIC_REPRESENTATION_CONTEXT() REPRESENTATION_CONTEXT('2D SPACE',''
  ) );
#15683 = ORIENTED_EDGE('',*,*,#15565,.F.);
#15684 = ADVANCED_FACE('',(#15685),#13585,.F.);
#15685 = FACE_BOUND('',#15686,.T.);
#15686 = EDGE_LOOP('',(#15687,#15688,#15689,#15713));
#15687 = ORIENTED_EDGE('',*,*,#13564,.T.);
#15688 = ORIENTED_EDGE('',*,*,#15614,.T.);
#15689 = ORIENTED_EDGE('',*,*,#15690,.T.);
#15690 = EDGE_CURVE('',#15592,#15691,#15693,.T.);
#15691 = VERTEX_POINT('',#15692);
#15692 = CARTESIAN_POINT('',(13.8,-5.8,10.3));
#15693 = SURFACE_CURVE('',#15694,(#15699,#15706),.PCURVE_S1.);
#15694 = CIRCLE('',#15695,4.);
#15695 = AXIS2_PLACEMENT_3D('',#15696,#15697,#15698);
#15696 = CARTESIAN_POINT('',(9.8,-5.8,10.3));
#15697 = DIRECTION('',(0.,0.,1.));
#15698 = DIRECTION('',(1.,0.,0.));
#15699 = PCURVE('',#13585,#15700);
#15700 = DEFINITIONAL_REPRESENTATION('',(#15701),#15705);
#15701 = LINE('',#15702,#15703);
#15702 = CARTESIAN_POINT('',(-0.,-0.82));
#15703 = VECTOR('',#15704,1.);
#15704 = DIRECTION('',(-1.,0.));
#15705 = ( GEOMETRIC_REPRESENTATION_CONTEXT(2) 
PARAMETRIC_REPRESENTATION_CONTEXT() REPRESENTATION_CONTEXT('2D SPACE',''
  ) );
#15706 = PCURVE('',#15404,#15707);
#15707 = DEFINITIONAL_REPRESENTATION('',(#15708),#15712);
#15708 = CIRCLE('',#15709,4.);
#15709 = AXIS2_PLACEMENT_2D('',#15710,#15711);
#15710 = CARTESIAN_POINT('',(9.8,-5.799999999698));
#15711 = DIRECTION('',(1.,0.));
#15712 = ( GEOMETRIC_REPRESENTATION_CONTEXT(2) 
PARAMETRIC_REPRESENTATION_CONTEXT() REPRESENTATION_CONTEXT('2D SPACE',''
  ) );
#15713 = ORIENTED_EDGE('',*,*,#15714,.F.);
#15714 = EDGE_CURVE('',#13539,#15691,#15715,.T.);
#15715 = SURFACE_CURVE('',#15716,(#15720,#15727),.PCURVE_S1.);
#15716 = LINE('',#15717,#15718);
#15717 = CARTESIAN_POINT('',(13.8,-5.8,9.48));
#15718 = VECTOR('',#15719,1.);
#15719 = DIRECTION('',(0.,0.,1.));
#15720 = PCURVE('',#13585,#15721);
#15721 = DEFINITIONAL_REPRESENTATION('',(#15722),#15726);
#15722 = LINE('',#15723,#15724);
#15723 = CARTESIAN_POINT('',(-6.28318530718,0.));
#15724 = VECTOR('',#15725,1.);
#15725 = DIRECTION('',(-0.,-1.));
#15726 = ( GEOMETRIC_REPRESENTATION_CONTEXT(2) 
PARAMETRIC_REPRESENTATION_CONTEXT() REPRESENTATION_CONTEXT('2D SPACE',''
  ) );
#15727 = PCURVE('',#13553,#15728);
#15728 = DEFINITIONAL_REPRESENTATION('',(#15729),#15733);
#15729 = LINE('',#15730,#15731);
#15730 = CARTESIAN_POINT('',(-8.881784197001E-16,0.));
#15731 = VECTOR('',#15732,1.);
#15732 = DIRECTION('',(0.,-1.));
#15733 = ( GEOMETRIC_REPRESENTATION_CONTEXT(2) 
PARAMETRIC_REPRESENTATION_CONTEXT() REPRESENTATION_CONTEXT('2D SPACE',''
  ) );
#15734 = ADVANCED_FACE('',(#15735),#13553,.T.);
#15735 = FACE_BOUND('',#15736,.T.);
#15736 = EDGE_LOOP('',(#15737,#15738,#15739,#15760));
#15737 = ORIENTED_EDGE('',*,*,#13538,.T.);
#15738 = ORIENTED_EDGE('',*,*,#15714,.T.);
#15739 = ORIENTED_EDGE('',*,*,#15740,.T.);
#15740 = EDGE_CURVE('',#15691,#15640,#15741,.T.);
#15741 = SURFACE_CURVE('',#15742,(#15746,#15753),.PCURVE_S1.);
#15742 = LINE('',#15743,#15744);
#15743 = CARTESIAN_POINT('',(13.8,1.06581410364E-14,10.3));
#15744 = VECTOR('',#15745,1.);
#15745 = DIRECTION('',(0.,1.,0.));
#15746 = PCURVE('',#13553,#15747);
#15747 = DEFINITIONAL_REPRESENTATION('',(#15748),#15752);
#15748 = LINE('',#15749,#15750);
#15749 = CARTESIAN_POINT('',(5.8,-0.82));
#15750 = VECTOR('',#15751,1.);
#15751 = DIRECTION('',(1.,0.));
#15752 = ( GEOMETRIC_REPRESENTATION_CONTEXT(2) 
PARAMETRIC_REPRESENTATION_CONTEXT() REPRESENTATION_CONTEXT('2D SPACE',''
  ) );
#15753 = PCURVE('',#15404,#15754);
#15754 = DEFINITIONAL_REPRESENTATION('',(#15755),#15759);
#15755 = LINE('',#15756,#15757);
#15756 = CARTESIAN_POINT('',(13.8,3.021193803398E-10));
#15757 = VECTOR('',#15758,1.);
#15758 = DIRECTION('',(0.,1.));
#15759 = ( GEOMETRIC_REPRESENTATION_CONTEXT(2) 
PARAMETRIC_REPRESENTATION_CONTEXT() REPRESENTATION_CONTEXT('2D SPACE',''
  ) );
#15760 = ORIENTED_EDGE('',*,*,#15639,.F.);
#15761 = ADVANCED_FACE('',(#15762),#13673,.F.);
#15762 = FACE_BOUND('',#15763,.F.);
#15763 = EDGE_LOOP('',(#15764,#15765,#15786,#15787));
#15764 = ORIENTED_EDGE('',*,*,#14511,.F.);
#15765 = ORIENTED_EDGE('',*,*,#15766,.F.);
#15766 = EDGE_CURVE('',#13657,#14512,#15767,.T.);
#15767 = SEAM_CURVE('',#15768,(#15772,#15779),.PCURVE_S1.);
#15768 = LINE('',#15769,#15770);
#15769 = CARTESIAN_POINT('',(2.05,16.5,9.45));
#15770 = VECTOR('',#15771,1.);
#15771 = DIRECTION('',(0.,0.,1.));
#15772 = PCURVE('',#13673,#15773);
#15773 = DEFINITIONAL_REPRESENTATION('',(#15774),#15778);
#15774 = LINE('',#15775,#15776);
#15775 = CARTESIAN_POINT('',(6.28318530718,-0.));
#15776 = VECTOR('',#15777,1.);
#15777 = DIRECTION('',(0.,1.));
#15778 = ( GEOMETRIC_REPRESENTATION_CONTEXT(2) 
PARAMETRIC_REPRESENTATION_CONTEXT() REPRESENTATION_CONTEXT('2D SPACE',''
  ) );
#15779 = PCURVE('',#13673,#15780);
#15780 = DEFINITIONAL_REPRESENTATION('',(#15781),#15785);
#15781 = LINE('',#15782,#15783);
#15782 = CARTESIAN_POINT('',(0.,-0.));
#15783 = VECTOR('',#15784,1.);
#15784 = DIRECTION('',(0.,1.));
#15785 = ( GEOMETRIC_REPRESENTATION_CONTEXT(2) 
PARAMETRIC_REPRESENTATION_CONTEXT() REPRESENTATION_CONTEXT('2D SPACE',''
  ) );
#15786 = ORIENTED_EDGE('',*,*,#13656,.T.);
#15787 = ORIENTED_EDGE('',*,*,#15766,.T.);
#15788 = ADVANCED_FACE('',(#15789),#13704,.F.);
#15789 = FACE_BOUND('',#15790,.F.);
#15790 = EDGE_LOOP('',(#15791,#15820,#15841,#15842));
#15791 = ORIENTED_EDGE('',*,*,#15792,.F.);
#15792 = EDGE_CURVE('',#15793,#15793,#15795,.T.);
#15793 = VERTEX_POINT('',#15794);
#15794 = CARTESIAN_POINT('',(16.2,15.5,11.3));
#15795 = SURFACE_CURVE('',#15796,(#15801,#15808),.PCURVE_S1.);
#15796 = CIRCLE('',#15797,1.2);
#15797 = AXIS2_PLACEMENT_3D('',#15798,#15799,#15800);
#15798 = CARTESIAN_POINT('',(15.,15.5,11.3));
#15799 = DIRECTION('',(0.,0.,1.));
#15800 = DIRECTION('',(1.,0.,-0.));
#15801 = PCURVE('',#13704,#15802);
#15802 = DEFINITIONAL_REPRESENTATION('',(#15803),#15807);
#15803 = LINE('',#15804,#15805);
#15804 = CARTESIAN_POINT('',(0.,1.85));
#15805 = VECTOR('',#15806,1.);
#15806 = DIRECTION('',(1.,0.));
#15807 = ( GEOMETRIC_REPRESENTATION_CONTEXT(2) 
PARAMETRIC_REPRESENTATION_CONTEXT() REPRESENTATION_CONTEXT('2D SPACE',''
  ) );
#15808 = PCURVE('',#15809,#15814);
#15809 = PLANE('',#15810);
#15810 = AXIS2_PLACEMENT_3D('',#15811,#15812,#15813);
#15811 = CARTESIAN_POINT('',(15.,15.5,11.3));
#15812 = DIRECTION('',(0.,0.,1.));
#15813 = DIRECTION('',(1.,0.,-0.));
#15814 = DEFINITIONAL_REPRESENTATION('',(#15815),#15819);
#15815 = CIRCLE('',#15816,1.2);
#15816 = AXIS2_PLACEMENT_2D('',#15817,#15818);
#15817 = CARTESIAN_POINT('',(0.,0.));
#15818 = DIRECTION('',(1.,0.));
#15819 = ( GEOMETRIC_REPRESENTATION_CONTEXT(2) 
PARAMETRIC_REPRESENTATION_CONTEXT() REPRESENTATION_CONTEXT('2D SPACE',''
  ) );
#15820 = ORIENTED_EDGE('',*,*,#15821,.F.);
#15821 = EDGE_CURVE('',#13688,#15793,#15822,.T.);
#15822 = SEAM_CURVE('',#15823,(#15827,#15834),.PCURVE_S1.);
#15823 = LINE('',#15824,#15825);
#15824 = CARTESIAN_POINT('',(16.2,15.5,9.45));
#15825 = VECTOR('',#15826,1.);
#15826 = DIRECTION('',(0.,0.,1.));
#15827 = PCURVE('',#13704,#15828);
#15828 = DEFINITIONAL_REPRESENTATION('',(#15829),#15833);
#15829 = LINE('',#15830,#15831);
#15830 = CARTESIAN_POINT('',(6.28318530718,-0.));
#15831 = VECTOR('',#15832,1.);
#15832 = DIRECTION('',(0.,1.));
#15833 = ( GEOMETRIC_REPRESENTATION_CONTEXT(2) 
PARAMETRIC_REPRESENTATION_CONTEXT() REPRESENTATION_CONTEXT('2D SPACE',''
  ) );
#15834 = PCURVE('',#13704,#15835);
#15835 = DEFINITIONAL_REPRESENTATION('',(#15836),#15840);
#15836 = LINE('',#15837,#15838);
#15837 = CARTESIAN_POINT('',(0.,-0.));
#15838 = VECTOR('',#15839,1.);
#15839 = DIRECTION('',(0.,1.));
#15840 = ( GEOMETRIC_REPRESENTATION_CONTEXT(2) 
PARAMETRIC_REPRESENTATION_CONTEXT() REPRESENTATION_CONTEXT('2D SPACE',''
  ) );
#15841 = ORIENTED_EDGE('',*,*,#13687,.T.);
#15842 = ORIENTED_EDGE('',*,*,#15821,.T.);
#15843 = ADVANCED_FACE('',(#15844),#13880,.T.);
#15844 = FACE_BOUND('',#15845,.T.);
#15845 = EDGE_LOOP('',(#15846,#15847,#15848,#15868));
#15846 = ORIENTED_EDGE('',*,*,#14571,.T.);
#15847 = ORIENTED_EDGE('',*,*,#13864,.T.);
#15848 = ORIENTED_EDGE('',*,*,#15849,.F.);
#15849 = EDGE_CURVE('',#14597,#13832,#15850,.T.);
#15850 = SURFACE_CURVE('',#15851,(#15856,#15862),.PCURVE_S1.);
#15851 = CIRCLE('',#15852,0.35);
#15852 = AXIS2_PLACEMENT_3D('',#15853,#15854,#15855);
#15853 = CARTESIAN_POINT('',(12.5,21.65,11.65));
#15854 = DIRECTION('',(1.,0.,0.));
#15855 = DIRECTION('',(-0.,1.,0.));
#15856 = PCURVE('',#13880,#15857);
#15857 = DEFINITIONAL_REPRESENTATION('',(#15858),#15861);
#15858 = B_SPLINE_CURVE_WITH_KNOTS('',1,(#15859,#15860),.UNSPECIFIED.,
  .F.,.F.,(2,2),(0.,1.570796326795),.PIECEWISE_BEZIER_KNOTS.);
#15859 = CARTESIAN_POINT('',(0.,25.));
#15860 = CARTESIAN_POINT('',(1.570796326795,25.));
#15861 = ( GEOMETRIC_REPRESENTATION_CONTEXT(2) 
PARAMETRIC_REPRESENTATION_CONTEXT() REPRESENTATION_CONTEXT('2D SPACE',''
  ) );
#15862 = PCURVE('',#13852,#15863);
#15863 = DEFINITIONAL_REPRESENTATION('',(#15864),#15867);
#15864 = B_SPLINE_CURVE_WITH_KNOTS('',1,(#15865,#15866),.UNSPECIFIED.,
  .F.,.F.,(2,2),(0.,1.570796326795),.PIECEWISE_BEZIER_KNOTS.);
#15865 = CARTESIAN_POINT('',(0.,0.));
#15866 = CARTESIAN_POINT('',(0.,1.570796326795));
#15867 = ( GEOMETRIC_REPRESENTATION_CONTEXT(2) 
PARAMETRIC_REPRESENTATION_CONTEXT() REPRESENTATION_CONTEXT('2D SPACE',''
  ) );
#15868 = ORIENTED_EDGE('',*,*,#14596,.F.);
#15869 = ADVANCED_FACE('',(#15870),#13791,.T.);
#15870 = FACE_BOUND('',#15871,.F.);
#15871 = EDGE_LOOP('',(#15872,#15892,#15893,#15894));
#15872 = ORIENTED_EDGE('',*,*,#15873,.F.);
#15873 = EDGE_CURVE('',#14726,#13771,#15874,.T.);
#15874 = SURFACE_CURVE('',#15875,(#15880,#15886),.PCURVE_S1.);
#15875 = CIRCLE('',#15876,0.35);
#15876 = AXIS2_PLACEMENT_3D('',#15877,#15878,#15879);
#15877 = CARTESIAN_POINT('',(23.65,-10.5,11.65));
#15878 = DIRECTION('',(-0.,-1.,0.));
#15879 = DIRECTION('',(1.,-0.,0.));
#15880 = PCURVE('',#13791,#15881);
#15881 = DEFINITIONAL_REPRESENTATION('',(#15882),#15885);
#15882 = B_SPLINE_CURVE_WITH_KNOTS('',1,(#15883,#15884),.UNSPECIFIED.,
  .F.,.F.,(2,2),(0.,1.570796326795),.PIECEWISE_BEZIER_KNOTS.);
#15883 = CARTESIAN_POINT('',(0.,0.));
#15884 = CARTESIAN_POINT('',(0.,1.570796326795));
#15885 = ( GEOMETRIC_REPRESENTATION_CONTEXT(2) 
PARAMETRIC_REPRESENTATION_CONTEXT() REPRESENTATION_CONTEXT('2D SPACE',''
  ) );
#15886 = PCURVE('',#13819,#15887);
#15887 = DEFINITIONAL_REPRESENTATION('',(#15888),#15891);
#15888 = B_SPLINE_CURVE_WITH_KNOTS('',1,(#15889,#15890),.UNSPECIFIED.,
  .F.,.F.,(2,2),(0.,1.570796326795),.PIECEWISE_BEZIER_KNOTS.);
#15889 = CARTESIAN_POINT('',(0.,20.999999992113));
#15890 = CARTESIAN_POINT('',(1.570796326795,20.999999992113));
#15891 = ( GEOMETRIC_REPRESENTATION_CONTEXT(2) 
PARAMETRIC_REPRESENTATION_CONTEXT() REPRESENTATION_CONTEXT('2D SPACE',''
  ) );
#15892 = ORIENTED_EDGE('',*,*,#14753,.T.);
#15893 = ORIENTED_EDGE('',*,*,#14697,.T.);
#15894 = ORIENTED_EDGE('',*,*,#13770,.F.);
#15895 = ADVANCED_FACE('',(#15896),#13852,.T.);
#15896 = FACE_BOUND('',#15897,.F.);
#15897 = EDGE_LOOP('',(#15898,#15899,#15923,#15943));
#15898 = ORIENTED_EDGE('',*,*,#15849,.F.);
#15899 = ORIENTED_EDGE('',*,*,#15900,.T.);
#15900 = EDGE_CURVE('',#14597,#15901,#15903,.T.);
#15901 = VERTEX_POINT('',#15902);
#15902 = CARTESIAN_POINT('',(24.,10.499999992113,11.65));
#15903 = SURFACE_CURVE('',#15904,(#15909,#15916),.PCURVE_S1.);
#15904 = CIRCLE('',#15905,11.5);
#15905 = AXIS2_PLACEMENT_3D('',#15906,#15907,#15908);
#15906 = CARTESIAN_POINT('',(12.5,10.499999992113,11.65));
#15907 = DIRECTION('',(0.,-0.,-1.));
#15908 = DIRECTION('',(0.,1.,-0.));
#15909 = PCURVE('',#13852,#15910);
#15910 = DEFINITIONAL_REPRESENTATION('',(#15911),#15915);
#15911 = LINE('',#15912,#15913);
#15912 = CARTESIAN_POINT('',(-0.,0.));
#15913 = VECTOR('',#15914,1.);
#15914 = DIRECTION('',(-1.,0.));
#15915 = ( GEOMETRIC_REPRESENTATION_CONTEXT(2) 
PARAMETRIC_REPRESENTATION_CONTEXT() REPRESENTATION_CONTEXT('2D SPACE',''
  ) );
#15916 = PCURVE('',#14635,#15917);
#15917 = DEFINITIONAL_REPRESENTATION('',(#15918),#15922);
#15918 = LINE('',#15919,#15920);
#15919 = CARTESIAN_POINT('',(1.570796326795,-2.15));
#15920 = VECTOR('',#15921,1.);
#15921 = DIRECTION('',(1.,0.));
#15922 = ( GEOMETRIC_REPRESENTATION_CONTEXT(2) 
PARAMETRIC_REPRESENTATION_CONTEXT() REPRESENTATION_CONTEXT('2D SPACE',''
  ) );
#15923 = ORIENTED_EDGE('',*,*,#15924,.T.);
#15924 = EDGE_CURVE('',#15901,#13804,#15925,.T.);
#15925 = SURFACE_CURVE('',#15926,(#15931,#15937),.PCURVE_S1.);
#15926 = CIRCLE('',#15927,0.35);
#15927 = AXIS2_PLACEMENT_3D('',#15928,#15929,#15930);
#15928 = CARTESIAN_POINT('',(23.65,10.499999992113,11.65));
#15929 = DIRECTION('',(6.123233995737E-17,-1.,0.));
#15930 = DIRECTION('',(1.,6.123233995737E-17,0.));
#15931 = PCURVE('',#13852,#15932);
#15932 = DEFINITIONAL_REPRESENTATION('',(#15933),#15936);
#15933 = B_SPLINE_CURVE_WITH_KNOTS('',1,(#15934,#15935),.UNSPECIFIED.,
  .F.,.F.,(2,2),(0.,1.570796326795),.PIECEWISE_BEZIER_KNOTS.);
#15934 = CARTESIAN_POINT('',(-1.570796326795,0.));
#15935 = CARTESIAN_POINT('',(-1.570796326795,1.570796326795));
#15936 = ( GEOMETRIC_REPRESENTATION_CONTEXT(2) 
PARAMETRIC_REPRESENTATION_CONTEXT() REPRESENTATION_CONTEXT('2D SPACE',''
  ) );
#15937 = PCURVE('',#13819,#15938);
#15938 = DEFINITIONAL_REPRESENTATION('',(#15939),#15942);
#15939 = B_SPLINE_CURVE_WITH_KNOTS('',1,(#15940,#15941),.UNSPECIFIED.,
  .F.,.F.,(2,2),(0.,1.570796326795),.PIECEWISE_BEZIER_KNOTS.);
#15940 = CARTESIAN_POINT('',(0.,-3.552713678801E-15));
#15941 = CARTESIAN_POINT('',(1.570796326795,-3.552713678801E-15));
#15942 = ( GEOMETRIC_REPRESENTATION_CONTEXT(2) 
PARAMETRIC_REPRESENTATION_CONTEXT() REPRESENTATION_CONTEXT('2D SPACE',''
  ) );
#15943 = ORIENTED_EDGE('',*,*,#13831,.F.);
#15944 = ADVANCED_FACE('',(#15945),#13819,.T.);
#15945 = FACE_BOUND('',#15946,.T.);
#15946 = EDGE_LOOP('',(#15947,#15948,#15949,#15950));
#15947 = ORIENTED_EDGE('',*,*,#15924,.T.);
#15948 = ORIENTED_EDGE('',*,*,#13803,.T.);
#15949 = ORIENTED_EDGE('',*,*,#15873,.F.);
#15950 = ORIENTED_EDGE('',*,*,#15951,.F.);
#15951 = EDGE_CURVE('',#15901,#14726,#15952,.T.);
#15952 = SURFACE_CURVE('',#15953,(#15957,#15964),.PCURVE_S1.);
#15953 = LINE('',#15954,#15955);
#15954 = CARTESIAN_POINT('',(24.,10.499999992113,11.65));
#15955 = VECTOR('',#15956,1.);
#15956 = DIRECTION('',(-0.,-1.,-0.));
#15957 = PCURVE('',#13819,#15958);
#15958 = DEFINITIONAL_REPRESENTATION('',(#15959),#15963);
#15959 = LINE('',#15960,#15961);
#15960 = CARTESIAN_POINT('',(0.,0.));
#15961 = VECTOR('',#15962,1.);
#15962 = DIRECTION('',(0.,1.));
#15963 = ( GEOMETRIC_REPRESENTATION_CONTEXT(2) 
PARAMETRIC_REPRESENTATION_CONTEXT() REPRESENTATION_CONTEXT('2D SPACE',''
  ) );
#15964 = PCURVE('',#14741,#15965);
#15965 = DEFINITIONAL_REPRESENTATION('',(#15966),#15970);
#15966 = LINE('',#15967,#15968);
#15967 = CARTESIAN_POINT('',(20.999999992113,-2.15));
#15968 = VECTOR('',#15969,1.);
#15969 = DIRECTION('',(-1.,0.));
#15970 = ( GEOMETRIC_REPRESENTATION_CONTEXT(2) 
PARAMETRIC_REPRESENTATION_CONTEXT() REPRESENTATION_CONTEXT('2D SPACE',''
  ) );
#15971 = ADVANCED_FACE('',(#15972),#13937,.F.);
#15972 = FACE_BOUND('',#15973,.F.);
#15973 = EDGE_LOOP('',(#15974,#15975,#15998,#16020));
#15974 = ORIENTED_EDGE('',*,*,#13920,.F.);
#15975 = ORIENTED_EDGE('',*,*,#15976,.F.);
#15976 = EDGE_CURVE('',#15977,#13921,#15979,.T.);
#15977 = VERTEX_POINT('',#15978);
#15978 = CARTESIAN_POINT('',(-13.1,-15.5,11.3));
#15979 = SEAM_CURVE('',#15980,(#15984,#15991),.PCURVE_S1.);
#15980 = LINE('',#15981,#15982);
#15981 = CARTESIAN_POINT('',(-13.1,-15.5,11.3));
#15982 = VECTOR('',#15983,1.);
#15983 = DIRECTION('',(0.,0.,1.));
#15984 = PCURVE('',#13937,#15985);
#15985 = DEFINITIONAL_REPRESENTATION('',(#15986),#15990);
#15986 = LINE('',#15987,#15988);
#15987 = CARTESIAN_POINT('',(6.28318530718,-0.));
#15988 = VECTOR('',#15989,1.);
#15989 = DIRECTION('',(0.,1.));
#15990 = ( GEOMETRIC_REPRESENTATION_CONTEXT(2) 
PARAMETRIC_REPRESENTATION_CONTEXT() REPRESENTATION_CONTEXT('2D SPACE',''
  ) );
#15991 = PCURVE('',#13937,#15992);
#15992 = DEFINITIONAL_REPRESENTATION('',(#15993),#15997);
#15993 = LINE('',#15994,#15995);
#15994 = CARTESIAN_POINT('',(0.,-0.));
#15995 = VECTOR('',#15996,1.);
#15996 = DIRECTION('',(0.,1.));
#15997 = ( GEOMETRIC_REPRESENTATION_CONTEXT(2) 
PARAMETRIC_REPRESENTATION_CONTEXT() REPRESENTATION_CONTEXT('2D SPACE',''
  ) );
#15998 = ORIENTED_EDGE('',*,*,#15999,.T.);
#15999 = EDGE_CURVE('',#15977,#15977,#16000,.T.);
#16000 = SURFACE_CURVE('',#16001,(#16006,#16013),.PCURVE_S1.);
#16001 = CIRCLE('',#16002,1.9);
#16002 = AXIS2_PLACEMENT_3D('',#16003,#16004,#16005);
#16003 = CARTESIAN_POINT('',(-15.,-15.5,11.3));
#16004 = DIRECTION('',(0.,0.,1.));
#16005 = DIRECTION('',(1.,0.,-0.));
#16006 = PCURVE('',#13937,#16007);
#16007 = DEFINITIONAL_REPRESENTATION('',(#16008),#16012);
#16008 = LINE('',#16009,#16010);
#16009 = CARTESIAN_POINT('',(0.,0.));
#16010 = VECTOR('',#16011,1.);
#16011 = DIRECTION('',(1.,0.));
#16012 = ( GEOMETRIC_REPRESENTATION_CONTEXT(2) 
PARAMETRIC_REPRESENTATION_CONTEXT() REPRESENTATION_CONTEXT('2D SPACE',''
  ) );
#16013 = PCURVE('',#14946,#16014);
#16014 = DEFINITIONAL_REPRESENTATION('',(#16015),#16019);
#16015 = CIRCLE('',#16016,1.9);
#16016 = AXIS2_PLACEMENT_2D('',#16017,#16018);
#16017 = CARTESIAN_POINT('',(0.,0.));
#16018 = DIRECTION('',(1.,0.));
#16019 = ( GEOMETRIC_REPRESENTATION_CONTEXT(2) 
PARAMETRIC_REPRESENTATION_CONTEXT() REPRESENTATION_CONTEXT('2D SPACE',''
  ) );
#16020 = ORIENTED_EDGE('',*,*,#15976,.T.);
#16021 = ADVANCED_FACE('',(#16022),#14202,.F.);
#16022 = FACE_BOUND('',#16023,.F.);
#16023 = EDGE_LOOP('',(#16024,#16025,#16048,#16070));
#16024 = ORIENTED_EDGE('',*,*,#14185,.F.);
#16025 = ORIENTED_EDGE('',*,*,#16026,.F.);
#16026 = EDGE_CURVE('',#16027,#14186,#16029,.T.);
#16027 = VERTEX_POINT('',#16028);
#16028 = CARTESIAN_POINT('',(16.9,-15.5,11.3));
#16029 = SEAM_CURVE('',#16030,(#16034,#16041),.PCURVE_S1.);
#16030 = LINE('',#16031,#16032);
#16031 = CARTESIAN_POINT('',(16.9,-15.5,11.3));
#16032 = VECTOR('',#16033,1.);
#16033 = DIRECTION('',(0.,0.,1.));
#16034 = PCURVE('',#14202,#16035);
#16035 = DEFINITIONAL_REPRESENTATION('',(#16036),#16040);
#16036 = LINE('',#16037,#16038);
#16037 = CARTESIAN_POINT('',(6.28318530718,-0.));
#16038 = VECTOR('',#16039,1.);
#16039 = DIRECTION('',(0.,1.));
#16040 = ( GEOMETRIC_REPRESENTATION_CONTEXT(2) 
PARAMETRIC_REPRESENTATION_CONTEXT() REPRESENTATION_CONTEXT('2D SPACE',''
  ) );
#16041 = PCURVE('',#14202,#16042);
#16042 = DEFINITIONAL_REPRESENTATION('',(#16043),#16047);
#16043 = LINE('',#16044,#16045);
#16044 = CARTESIAN_POINT('',(0.,-0.));
#16045 = VECTOR('',#16046,1.);
#16046 = DIRECTION('',(0.,1.));
#16047 = ( GEOMETRIC_REPRESENTATION_CONTEXT(2) 
PARAMETRIC_REPRESENTATION_CONTEXT() REPRESENTATION_CONTEXT('2D SPACE',''
  ) );
#16048 = ORIENTED_EDGE('',*,*,#16049,.T.);
#16049 = EDGE_CURVE('',#16027,#16027,#16050,.T.);
#16050 = SURFACE_CURVE('',#16051,(#16056,#16063),.PCURVE_S1.);
#16051 = CIRCLE('',#16052,1.9);
#16052 = AXIS2_PLACEMENT_3D('',#16053,#16054,#16055);
#16053 = CARTESIAN_POINT('',(15.,-15.5,11.3));
#16054 = DIRECTION('',(0.,0.,1.));
#16055 = DIRECTION('',(1.,0.,-0.));
#16056 = PCURVE('',#14202,#16057);
#16057 = DEFINITIONAL_REPRESENTATION('',(#16058),#16062);
#16058 = LINE('',#16059,#16060);
#16059 = CARTESIAN_POINT('',(0.,0.));
#16060 = VECTOR('',#16061,1.);
#16061 = DIRECTION('',(1.,0.));
#16062 = ( GEOMETRIC_REPRESENTATION_CONTEXT(2) 
PARAMETRIC_REPRESENTATION_CONTEXT() REPRESENTATION_CONTEXT('2D SPACE',''
  ) );
#16063 = PCURVE('',#15244,#16064);
#16064 = DEFINITIONAL_REPRESENTATION('',(#16065),#16069);
#16065 = CIRCLE('',#16066,1.9);
#16066 = AXIS2_PLACEMENT_2D('',#16067,#16068);
#16067 = CARTESIAN_POINT('',(0.,0.));
#16068 = DIRECTION('',(1.,0.));
#16069 = ( GEOMETRIC_REPRESENTATION_CONTEXT(2) 
PARAMETRIC_REPRESENTATION_CONTEXT() REPRESENTATION_CONTEXT('2D SPACE',''
  ) );
#16070 = ORIENTED_EDGE('',*,*,#16026,.T.);
#16071 = ADVANCED_FACE('',(#16072),#14233,.F.);
#16072 = FACE_BOUND('',#16073,.F.);
#16073 = EDGE_LOOP('',(#16074,#16075,#16098,#16120));
#16074 = ORIENTED_EDGE('',*,*,#14216,.F.);
#16075 = ORIENTED_EDGE('',*,*,#16076,.F.);
#16076 = EDGE_CURVE('',#16077,#14217,#16079,.T.);
#16077 = VERTEX_POINT('',#16078);
#16078 = CARTESIAN_POINT('',(-13.1,15.5,11.3));
#16079 = SEAM_CURVE('',#16080,(#16084,#16091),.PCURVE_S1.);
#16080 = LINE('',#16081,#16082);
#16081 = CARTESIAN_POINT('',(-13.1,15.5,11.3));
#16082 = VECTOR('',#16083,1.);
#16083 = DIRECTION('',(0.,0.,1.));
#16084 = PCURVE('',#14233,#16085);
#16085 = DEFINITIONAL_REPRESENTATION('',(#16086),#16090);
#16086 = LINE('',#16087,#16088);
#16087 = CARTESIAN_POINT('',(6.28318530718,-0.));
#16088 = VECTOR('',#16089,1.);
#16089 = DIRECTION('',(0.,1.));
#16090 = ( GEOMETRIC_REPRESENTATION_CONTEXT(2) 
PARAMETRIC_REPRESENTATION_CONTEXT() REPRESENTATION_CONTEXT('2D SPACE',''
  ) );
#16091 = PCURVE('',#14233,#16092);
#16092 = DEFINITIONAL_REPRESENTATION('',(#16093),#16097);
#16093 = LINE('',#16094,#16095);
#16094 = CARTESIAN_POINT('',(0.,-0.));
#16095 = VECTOR('',#16096,1.);
#16096 = DIRECTION('',(0.,1.));
#16097 = ( GEOMETRIC_REPRESENTATION_CONTEXT(2) 
PARAMETRIC_REPRESENTATION_CONTEXT() REPRESENTATION_CONTEXT('2D SPACE',''
  ) );
#16098 = ORIENTED_EDGE('',*,*,#16099,.T.);
#16099 = EDGE_CURVE('',#16077,#16077,#16100,.T.);
#16100 = SURFACE_CURVE('',#16101,(#16106,#16113),.PCURVE_S1.);
#16101 = CIRCLE('',#16102,1.9);
#16102 = AXIS2_PLACEMENT_3D('',#16103,#16104,#16105);
#16103 = CARTESIAN_POINT('',(-15.,15.5,11.3));
#16104 = DIRECTION('',(0.,0.,1.));
#16105 = DIRECTION('',(1.,0.,-0.));
#16106 = PCURVE('',#14233,#16107);
#16107 = DEFINITIONAL_REPRESENTATION('',(#16108),#16112);
#16108 = LINE('',#16109,#16110);
#16109 = CARTESIAN_POINT('',(0.,0.));
#16110 = VECTOR('',#16111,1.);
#16111 = DIRECTION('',(1.,0.));
#16112 = ( GEOMETRIC_REPRESENTATION_CONTEXT(2) 
PARAMETRIC_REPRESENTATION_CONTEXT() REPRESENTATION_CONTEXT('2D SPACE',''
  ) );
#16113 = PCURVE('',#15299,#16114);
#16114 = DEFINITIONAL_REPRESENTATION('',(#16115),#16119);
#16115 = CIRCLE('',#16116,1.9);
#16116 = AXIS2_PLACEMENT_2D('',#16117,#16118);
#16117 = CARTESIAN_POINT('',(0.,0.));
#16118 = DIRECTION('',(1.,0.));
#16119 = ( GEOMETRIC_REPRESENTATION_CONTEXT(2) 
PARAMETRIC_REPRESENTATION_CONTEXT() REPRESENTATION_CONTEXT('2D SPACE',''
  ) );
#16120 = ORIENTED_EDGE('',*,*,#16076,.T.);
#16121 = ADVANCED_FACE('',(#16122),#14290,.F.);
#16122 = FACE_BOUND('',#16123,.F.);
#16123 = EDGE_LOOP('',(#16124,#16154,#16175,#16176));
#16124 = ORIENTED_EDGE('',*,*,#16125,.F.);
#16125 = EDGE_CURVE('',#16126,#16128,#16130,.T.);
#16126 = VERTEX_POINT('',#16127);
#16127 = CARTESIAN_POINT('',(-11.7,-3.9,11.18));
#16128 = VERTEX_POINT('',#16129);
#16129 = CARTESIAN_POINT('',(-11.7,3.899999985662,11.18));
#16130 = SURFACE_CURVE('',#16131,(#16135,#16142),.PCURVE_S1.);
#16131 = LINE('',#16132,#16133);
#16132 = CARTESIAN_POINT('',(-11.7,3.10862446895E-15,11.18));
#16133 = VECTOR('',#16134,1.);
#16134 = DIRECTION('',(0.,1.,0.));
#16135 = PCURVE('',#14290,#16136);
#16136 = DEFINITIONAL_REPRESENTATION('',(#16137),#16141);
#16137 = LINE('',#16138,#16139);
#16138 = CARTESIAN_POINT('',(3.9,0.));
#16139 = VECTOR('',#16140,1.);
#16140 = DIRECTION('',(1.,0.));
#16141 = ( GEOMETRIC_REPRESENTATION_CONTEXT(2) 
PARAMETRIC_REPRESENTATION_CONTEXT() REPRESENTATION_CONTEXT('2D SPACE',''
  ) );
#16142 = PCURVE('',#16143,#16148);
#16143 = PLANE('',#16144);
#16144 = AXIS2_PLACEMENT_3D('',#16145,#16146,#16147);
#16145 = CARTESIAN_POINT('',(6.27206581224E-17,-3.969519154043E-09,11.18
    ));
#16146 = DIRECTION('',(0.,0.,1.));
#16147 = DIRECTION('',(1.,0.,-0.));
#16148 = DEFINITIONAL_REPRESENTATION('',(#16149),#16153);
#16149 = LINE('',#16150,#16151);
#16150 = CARTESIAN_POINT('',(-11.7,3.969522262667E-09));
#16151 = VECTOR('',#16152,1.);
#16152 = DIRECTION('',(0.,1.));
#16153 = ( GEOMETRIC_REPRESENTATION_CONTEXT(2) 
PARAMETRIC_REPRESENTATION_CONTEXT() REPRESENTATION_CONTEXT('2D SPACE',''
  ) );
#16154 = ORIENTED_EDGE('',*,*,#16155,.T.);
#16155 = EDGE_CURVE('',#16126,#14276,#16156,.T.);
#16156 = SURFACE_CURVE('',#16157,(#16161,#16168),.PCURVE_S1.);
#16157 = LINE('',#16158,#16159);
#16158 = CARTESIAN_POINT('',(-11.7,-3.9,11.18));
#16159 = VECTOR('',#16160,1.);
#16160 = DIRECTION('',(0.,0.,1.));
#16161 = PCURVE('',#14290,#16162);
#16162 = DEFINITIONAL_REPRESENTATION('',(#16163),#16167);
#16163 = LINE('',#16164,#16165);
#16164 = CARTESIAN_POINT('',(-4.440892098501E-16,0.));
#16165 = VECTOR('',#16166,1.);
#16166 = DIRECTION('',(0.,-1.));
#16167 = ( GEOMETRIC_REPRESENTATION_CONTEXT(2) 
PARAMETRIC_REPRESENTATION_CONTEXT() REPRESENTATION_CONTEXT('2D SPACE',''
  ) );
#16168 = PCURVE('',#14497,#16169);
#16169 = DEFINITIONAL_REPRESENTATION('',(#16170),#16174);
#16170 = LINE('',#16171,#16172);
#16171 = CARTESIAN_POINT('',(6.28318530718,0.));
#16172 = VECTOR('',#16173,1.);
#16173 = DIRECTION('',(0.,-1.));
#16174 = ( GEOMETRIC_REPRESENTATION_CONTEXT(2) 
PARAMETRIC_REPRESENTATION_CONTEXT() REPRESENTATION_CONTEXT('2D SPACE',''
  ) );
#16175 = ORIENTED_EDGE('',*,*,#14273,.F.);
#16176 = ORIENTED_EDGE('',*,*,#16177,.F.);
#16177 = EDGE_CURVE('',#16128,#14274,#16178,.T.);
#16178 = SURFACE_CURVE('',#16179,(#16183,#16190),.PCURVE_S1.);
#16179 = LINE('',#16180,#16181);
#16180 = CARTESIAN_POINT('',(-11.7,3.899999985662,11.18));
#16181 = VECTOR('',#16182,1.);
#16182 = DIRECTION('',(0.,0.,1.));
#16183 = PCURVE('',#14290,#16184);
#16184 = DEFINITIONAL_REPRESENTATION('',(#16185),#16189);
#16185 = LINE('',#16186,#16187);
#16186 = CARTESIAN_POINT('',(7.799999985662,0.));
#16187 = VECTOR('',#16188,1.);
#16188 = DIRECTION('',(0.,-1.));
#16189 = ( GEOMETRIC_REPRESENTATION_CONTEXT(2) 
PARAMETRIC_REPRESENTATION_CONTEXT() REPRESENTATION_CONTEXT('2D SPACE',''
  ) );
#16190 = PCURVE('',#14322,#16191);
#16191 = DEFINITIONAL_REPRESENTATION('',(#16192),#16196);
#16192 = LINE('',#16193,#16194);
#16193 = CARTESIAN_POINT('',(0.,0.));
#16194 = VECTOR('',#16195,1.);
#16195 = DIRECTION('',(0.,-1.));
#16196 = ( GEOMETRIC_REPRESENTATION_CONTEXT(2) 
PARAMETRIC_REPRESENTATION_CONTEXT() REPRESENTATION_CONTEXT('2D SPACE',''
  ) );
#16197 = ADVANCED_FACE('',(#16198),#14322,.F.);
#16198 = FACE_BOUND('',#16199,.F.);
#16199 = EDGE_LOOP('',(#16200,#16228,#16229,#16230));
#16200 = ORIENTED_EDGE('',*,*,#16201,.F.);
#16201 = EDGE_CURVE('',#16128,#16202,#16204,.T.);
#16202 = VERTEX_POINT('',#16203);
#16203 = CARTESIAN_POINT('',(-7.9,7.699999992831,11.18));
#16204 = SURFACE_CURVE('',#16205,(#16210,#16217),.PCURVE_S1.);
#16205 = CIRCLE('',#16206,3.8);
#16206 = AXIS2_PLACEMENT_3D('',#16207,#16208,#16209);
#16207 = CARTESIAN_POINT('',(-7.9,3.899999985662,11.18));
#16208 = DIRECTION('',(0.,0.,-1.));
#16209 = DIRECTION('',(-1.,0.,0.));
#16210 = PCURVE('',#14322,#16211);
#16211 = DEFINITIONAL_REPRESENTATION('',(#16212),#16216);
#16212 = LINE('',#16213,#16214);
#16213 = CARTESIAN_POINT('',(0.,0.));
#16214 = VECTOR('',#16215,1.);
#16215 = DIRECTION('',(1.,0.));
#16216 = ( GEOMETRIC_REPRESENTATION_CONTEXT(2) 
PARAMETRIC_REPRESENTATION_CONTEXT() REPRESENTATION_CONTEXT('2D SPACE',''
  ) );
#16217 = PCURVE('',#16143,#16218);
#16218 = DEFINITIONAL_REPRESENTATION('',(#16219),#16227);
#16219 = ( BOUNDED_CURVE() B_SPLINE_CURVE(2,(#16220,#16221,#16222,#16223
    ,#16224,#16225,#16226),.UNSPECIFIED.,.T.,.F.) 
B_SPLINE_CURVE_WITH_KNOTS((1,2,2,2,2,1),(-2.094395102393,0.,
    2.094395102393,4.188790204786,6.28318530718,8.377580409573),
.UNSPECIFIED.) CURVE() GEOMETRIC_REPRESENTATION_ITEM() 
RATIONAL_B_SPLINE_CURVE((1.,0.5,1.,0.5,1.,0.5,1.)) REPRESENTATION_ITEM(
  '') );
#16220 = CARTESIAN_POINT('',(-11.7,3.899999989631));
#16221 = CARTESIAN_POINT('',(-11.7,10.481793058393));
#16222 = CARTESIAN_POINT('',(-6.,7.190896524012));
#16223 = CARTESIAN_POINT('',(-0.3,3.899999989631));
#16224 = CARTESIAN_POINT('',(-6.,0.60910345525));
#16225 = CARTESIAN_POINT('',(-11.7,-2.68179307913));
#16226 = CARTESIAN_POINT('',(-11.7,3.899999989631));
#16227 = ( GEOMETRIC_REPRESENTATION_CONTEXT(2) 
PARAMETRIC_REPRESENTATION_CONTEXT() REPRESENTATION_CONTEXT('2D SPACE',''
  ) );
#16228 = ORIENTED_EDGE('',*,*,#16177,.T.);
#16229 = ORIENTED_EDGE('',*,*,#14301,.T.);
#16230 = ORIENTED_EDGE('',*,*,#16231,.F.);
#16231 = EDGE_CURVE('',#16202,#14302,#16232,.T.);
#16232 = SURFACE_CURVE('',#16233,(#16237,#16244),.PCURVE_S1.);
#16233 = LINE('',#16234,#16235);
#16234 = CARTESIAN_POINT('',(-7.9,7.699999992831,11.18));
#16235 = VECTOR('',#16236,1.);
#16236 = DIRECTION('',(0.,0.,1.));
#16237 = PCURVE('',#14322,#16238);
#16238 = DEFINITIONAL_REPRESENTATION('',(#16239),#16243);
#16239 = LINE('',#16240,#16241);
#16240 = CARTESIAN_POINT('',(1.570796326795,0.));
#16241 = VECTOR('',#16242,1.);
#16242 = DIRECTION('',(0.,-1.));
#16243 = ( GEOMETRIC_REPRESENTATION_CONTEXT(2) 
PARAMETRIC_REPRESENTATION_CONTEXT() REPRESENTATION_CONTEXT('2D SPACE',''
  ) );
#16244 = PCURVE('',#14349,#16245);
#16245 = DEFINITIONAL_REPRESENTATION('',(#16246),#16250);
#16246 = LINE('',#16247,#16248);
#16247 = CARTESIAN_POINT('',(0.,0.));
#16248 = VECTOR('',#16249,1.);
#16249 = DIRECTION('',(0.,-1.));
#16250 = ( GEOMETRIC_REPRESENTATION_CONTEXT(2) 
PARAMETRIC_REPRESENTATION_CONTEXT() REPRESENTATION_CONTEXT('2D SPACE',''
  ) );
#16251 = ADVANCED_FACE('',(#16252),#14497,.F.);
#16252 = FACE_BOUND('',#16253,.F.);
#16253 = EDGE_LOOP('',(#16254,#16282,#16303,#16304));
#16254 = ORIENTED_EDGE('',*,*,#16255,.F.);
#16255 = EDGE_CURVE('',#16256,#16126,#16258,.T.);
#16256 = VERTEX_POINT('',#16257);
#16257 = CARTESIAN_POINT('',(-7.9,-7.7,11.18));
#16258 = SURFACE_CURVE('',#16259,(#16264,#16271),.PCURVE_S1.);
#16259 = CIRCLE('',#16260,3.8);
#16260 = AXIS2_PLACEMENT_3D('',#16261,#16262,#16263);
#16261 = CARTESIAN_POINT('',(-7.9,-3.9,11.18));
#16262 = DIRECTION('',(0.,0.,-1.));
#16263 = DIRECTION('',(-1.,0.,0.));
#16264 = PCURVE('',#14497,#16265);
#16265 = DEFINITIONAL_REPRESENTATION('',(#16266),#16270);
#16266 = LINE('',#16267,#16268);
#16267 = CARTESIAN_POINT('',(0.,0.));
#16268 = VECTOR('',#16269,1.);
#16269 = DIRECTION('',(1.,0.));
#16270 = ( GEOMETRIC_REPRESENTATION_CONTEXT(2) 
PARAMETRIC_REPRESENTATION_CONTEXT() REPRESENTATION_CONTEXT('2D SPACE',''
  ) );
#16271 = PCURVE('',#16143,#16272);
#16272 = DEFINITIONAL_REPRESENTATION('',(#16273),#16281);
#16273 = ( BOUNDED_CURVE() B_SPLINE_CURVE(2,(#16274,#16275,#16276,#16277
    ,#16278,#16279,#16280),.UNSPECIFIED.,.T.,.F.) 
B_SPLINE_CURVE_WITH_KNOTS((1,2,2,2,2,1),(-2.094395102393,0.,
    2.094395102393,4.188790204786,6.28318530718,8.377580409573),
.UNSPECIFIED.) CURVE() GEOMETRIC_REPRESENTATION_ITEM() 
RATIONAL_B_SPLINE_CURVE((1.,0.5,1.,0.5,1.,0.5,1.)) REPRESENTATION_ITEM(
  '') );
#16274 = CARTESIAN_POINT('',(-11.7,-3.89999999603));
#16275 = CARTESIAN_POINT('',(-11.7,2.681793072731));
#16276 = CARTESIAN_POINT('',(-6.,-0.60910346165));
#16277 = CARTESIAN_POINT('',(-0.3,-3.89999999603));
#16278 = CARTESIAN_POINT('',(-6.,-7.190896530411));
#16279 = CARTESIAN_POINT('',(-11.7,-10.48179306479));
#16280 = CARTESIAN_POINT('',(-11.7,-3.89999999603));
#16281 = ( GEOMETRIC_REPRESENTATION_CONTEXT(2) 
PARAMETRIC_REPRESENTATION_CONTEXT() REPRESENTATION_CONTEXT('2D SPACE',''
  ) );
#16282 = ORIENTED_EDGE('',*,*,#16283,.T.);
#16283 = EDGE_CURVE('',#16256,#14453,#16284,.T.);
#16284 = SURFACE_CURVE('',#16285,(#16289,#16296),.PCURVE_S1.);
#16285 = LINE('',#16286,#16287);
#16286 = CARTESIAN_POINT('',(-7.9,-7.7,11.18));
#16287 = VECTOR('',#16288,1.);
#16288 = DIRECTION('',(0.,0.,1.));
#16289 = PCURVE('',#14497,#16290);
#16290 = DEFINITIONAL_REPRESENTATION('',(#16291),#16295);
#16291 = LINE('',#16292,#16293);
#16292 = CARTESIAN_POINT('',(4.712388980385,0.));
#16293 = VECTOR('',#16294,1.);
#16294 = DIRECTION('',(0.,-1.));
#16295 = ( GEOMETRIC_REPRESENTATION_CONTEXT(2) 
PARAMETRIC_REPRESENTATION_CONTEXT() REPRESENTATION_CONTEXT('2D SPACE',''
  ) );
#16296 = PCURVE('',#14467,#16297);
#16297 = DEFINITIONAL_REPRESENTATION('',(#16298),#16302);
#16298 = LINE('',#16299,#16300);
#16299 = CARTESIAN_POINT('',(0.,0.));
#16300 = VECTOR('',#16301,1.);
#16301 = DIRECTION('',(0.,-1.));
#16302 = ( GEOMETRIC_REPRESENTATION_CONTEXT(2) 
PARAMETRIC_REPRESENTATION_CONTEXT() REPRESENTATION_CONTEXT('2D SPACE',''
  ) );
#16303 = ORIENTED_EDGE('',*,*,#14478,.T.);
#16304 = ORIENTED_EDGE('',*,*,#16155,.F.);
#16305 = ADVANCED_FACE('',(#16306),#14349,.F.);
#16306 = FACE_BOUND('',#16307,.F.);
#16307 = EDGE_LOOP('',(#16308,#16331,#16332,#16333));
#16308 = ORIENTED_EDGE('',*,*,#16309,.F.);
#16309 = EDGE_CURVE('',#16202,#16310,#16312,.T.);
#16310 = VERTEX_POINT('',#16311);
#16311 = CARTESIAN_POINT('',(7.9,7.699999992831,11.18));
#16312 = SURFACE_CURVE('',#16313,(#16317,#16324),.PCURVE_S1.);
#16313 = LINE('',#16314,#16315);
#16314 = CARTESIAN_POINT('',(0.,7.7,11.18));
#16315 = VECTOR('',#16316,1.);
#16316 = DIRECTION('',(1.,0.,0.));
#16317 = PCURVE('',#14349,#16318);
#16318 = DEFINITIONAL_REPRESENTATION('',(#16319),#16323);
#16319 = LINE('',#16320,#16321);
#16320 = CARTESIAN_POINT('',(7.9,0.));
#16321 = VECTOR('',#16322,1.);
#16322 = DIRECTION('',(1.,0.));
#16323 = ( GEOMETRIC_REPRESENTATION_CONTEXT(2) 
PARAMETRIC_REPRESENTATION_CONTEXT() REPRESENTATION_CONTEXT('2D SPACE',''
  ) );
#16324 = PCURVE('',#16143,#16325);
#16325 = DEFINITIONAL_REPRESENTATION('',(#16326),#16330);
#16326 = LINE('',#16327,#16328);
#16327 = CARTESIAN_POINT('',(-6.27206581224E-17,7.70000000397));
#16328 = VECTOR('',#16329,1.);
#16329 = DIRECTION('',(1.,0.));
#16330 = ( GEOMETRIC_REPRESENTATION_CONTEXT(2) 
PARAMETRIC_REPRESENTATION_CONTEXT() REPRESENTATION_CONTEXT('2D SPACE',''
  ) );
#16331 = ORIENTED_EDGE('',*,*,#16231,.T.);
#16332 = ORIENTED_EDGE('',*,*,#14334,.F.);
#16333 = ORIENTED_EDGE('',*,*,#16334,.F.);
#16334 = EDGE_CURVE('',#16310,#14335,#16335,.T.);
#16335 = SURFACE_CURVE('',#16336,(#16340,#16347),.PCURVE_S1.);
#16336 = LINE('',#16337,#16338);
#16337 = CARTESIAN_POINT('',(7.9,7.699999992831,11.18));
#16338 = VECTOR('',#16339,1.);
#16339 = DIRECTION('',(0.,0.,1.));
#16340 = PCURVE('',#14349,#16341);
#16341 = DEFINITIONAL_REPRESENTATION('',(#16342),#16346);
#16342 = LINE('',#16343,#16344);
#16343 = CARTESIAN_POINT('',(15.8,0.));
#16344 = VECTOR('',#16345,1.);
#16345 = DIRECTION('',(0.,-1.));
#16346 = ( GEOMETRIC_REPRESENTATION_CONTEXT(2) 
PARAMETRIC_REPRESENTATION_CONTEXT() REPRESENTATION_CONTEXT('2D SPACE',''
  ) );
#16347 = PCURVE('',#14381,#16348);
#16348 = DEFINITIONAL_REPRESENTATION('',(#16349),#16353);
#16349 = LINE('',#16350,#16351);
#16350 = CARTESIAN_POINT('',(1.570796326795,0.));
#16351 = VECTOR('',#16352,1.);
#16352 = DIRECTION('',(0.,-1.));
#16353 = ( GEOMETRIC_REPRESENTATION_CONTEXT(2) 
PARAMETRIC_REPRESENTATION_CONTEXT() REPRESENTATION_CONTEXT('2D SPACE',''
  ) );
#16354 = ADVANCED_FACE('',(#16355),#14467,.T.);
#16355 = FACE_BOUND('',#16356,.T.);
#16356 = EDGE_LOOP('',(#16357,#16380,#16381,#16382));
#16357 = ORIENTED_EDGE('',*,*,#16358,.F.);
#16358 = EDGE_CURVE('',#16256,#16359,#16361,.T.);
#16359 = VERTEX_POINT('',#16360);
#16360 = CARTESIAN_POINT('',(7.9,-7.7,11.18));
#16361 = SURFACE_CURVE('',#16362,(#16366,#16373),.PCURVE_S1.);
#16362 = LINE('',#16363,#16364);
#16363 = CARTESIAN_POINT('',(0.,-7.7,11.18));
#16364 = VECTOR('',#16365,1.);
#16365 = DIRECTION('',(1.,0.,0.));
#16366 = PCURVE('',#14467,#16367);
#16367 = DEFINITIONAL_REPRESENTATION('',(#16368),#16372);
#16368 = LINE('',#16369,#16370);
#16369 = CARTESIAN_POINT('',(7.9,0.));
#16370 = VECTOR('',#16371,1.);
#16371 = DIRECTION('',(1.,0.));
#16372 = ( GEOMETRIC_REPRESENTATION_CONTEXT(2) 
PARAMETRIC_REPRESENTATION_CONTEXT() REPRESENTATION_CONTEXT('2D SPACE',''
  ) );
#16373 = PCURVE('',#16143,#16374);
#16374 = DEFINITIONAL_REPRESENTATION('',(#16375),#16379);
#16375 = LINE('',#16376,#16377);
#16376 = CARTESIAN_POINT('',(-6.27206581224E-17,-7.69999999603));
#16377 = VECTOR('',#16378,1.);
#16378 = DIRECTION('',(1.,0.));
#16379 = ( GEOMETRIC_REPRESENTATION_CONTEXT(2) 
PARAMETRIC_REPRESENTATION_CONTEXT() REPRESENTATION_CONTEXT('2D SPACE',''
  ) );
#16380 = ORIENTED_EDGE('',*,*,#16283,.T.);
#16381 = ORIENTED_EDGE('',*,*,#14452,.F.);
#16382 = ORIENTED_EDGE('',*,*,#16383,.F.);
#16383 = EDGE_CURVE('',#16359,#14420,#16384,.T.);
#16384 = SURFACE_CURVE('',#16385,(#16389,#16396),.PCURVE_S1.);
#16385 = LINE('',#16386,#16387);
#16386 = CARTESIAN_POINT('',(7.9,-7.7,11.18));
#16387 = VECTOR('',#16388,1.);
#16388 = DIRECTION('',(0.,0.,1.));
#16389 = PCURVE('',#14467,#16390);
#16390 = DEFINITIONAL_REPRESENTATION('',(#16391),#16395);
#16391 = LINE('',#16392,#16393);
#16392 = CARTESIAN_POINT('',(15.8,0.));
#16393 = VECTOR('',#16394,1.);
#16394 = DIRECTION('',(0.,-1.));
#16395 = ( GEOMETRIC_REPRESENTATION_CONTEXT(2) 
PARAMETRIC_REPRESENTATION_CONTEXT() REPRESENTATION_CONTEXT('2D SPACE',''
  ) );
#16396 = PCURVE('',#14440,#16397);
#16397 = DEFINITIONAL_REPRESENTATION('',(#16398),#16402);
#16398 = LINE('',#16399,#16400);
#16399 = CARTESIAN_POINT('',(4.712388980385,0.));
#16400 = VECTOR('',#16401,1.);
#16401 = DIRECTION('',(0.,-1.));
#16402 = ( GEOMETRIC_REPRESENTATION_CONTEXT(2) 
PARAMETRIC_REPRESENTATION_CONTEXT() REPRESENTATION_CONTEXT('2D SPACE',''
  ) );
#16403 = ADVANCED_FACE('',(#16404),#14381,.F.);
#16404 = FACE_BOUND('',#16405,.F.);
#16405 = EDGE_LOOP('',(#16406,#16434,#16435,#16436));
#16406 = ORIENTED_EDGE('',*,*,#16407,.F.);
#16407 = EDGE_CURVE('',#16310,#16408,#16410,.T.);
#16408 = VERTEX_POINT('',#16409);
#16409 = CARTESIAN_POINT('',(11.7,3.899999985662,11.18));
#16410 = SURFACE_CURVE('',#16411,(#16416,#16423),.PCURVE_S1.);
#16411 = CIRCLE('',#16412,3.8);
#16412 = AXIS2_PLACEMENT_3D('',#16413,#16414,#16415);
#16413 = CARTESIAN_POINT('',(7.9,3.899999985662,11.18));
#16414 = DIRECTION('',(0.,0.,-1.));
#16415 = DIRECTION('',(-1.,0.,0.));
#16416 = PCURVE('',#14381,#16417);
#16417 = DEFINITIONAL_REPRESENTATION('',(#16418),#16422);
#16418 = LINE('',#16419,#16420);
#16419 = CARTESIAN_POINT('',(0.,0.));
#16420 = VECTOR('',#16421,1.);
#16421 = DIRECTION('',(1.,0.));
#16422 = ( GEOMETRIC_REPRESENTATION_CONTEXT(2) 
PARAMETRIC_REPRESENTATION_CONTEXT() REPRESENTATION_CONTEXT('2D SPACE',''
  ) );
#16423 = PCURVE('',#16143,#16424);
#16424 = DEFINITIONAL_REPRESENTATION('',(#16425),#16433);
#16425 = ( BOUNDED_CURVE() B_SPLINE_CURVE(2,(#16426,#16427,#16428,#16429
    ,#16430,#16431,#16432),.UNSPECIFIED.,.T.,.F.) 
B_SPLINE_CURVE_WITH_KNOTS((1,2,2,2,2,1),(-2.094395102393,0.,
    2.094395102393,4.188790204786,6.28318530718,8.377580409573),
.UNSPECIFIED.) CURVE() GEOMETRIC_REPRESENTATION_ITEM() 
RATIONAL_B_SPLINE_CURVE((1.,0.5,1.,0.5,1.,0.5,1.)) REPRESENTATION_ITEM(
  '') );
#16426 = CARTESIAN_POINT('',(4.1,3.899999989631));
#16427 = CARTESIAN_POINT('',(4.1,10.481793058393));
#16428 = CARTESIAN_POINT('',(9.8,7.190896524012));
#16429 = CARTESIAN_POINT('',(15.5,3.899999989631));
#16430 = CARTESIAN_POINT('',(9.8,0.60910345525));
#16431 = CARTESIAN_POINT('',(4.1,-2.68179307913));
#16432 = CARTESIAN_POINT('',(4.1,3.899999989631));
#16433 = ( GEOMETRIC_REPRESENTATION_CONTEXT(2) 
PARAMETRIC_REPRESENTATION_CONTEXT() REPRESENTATION_CONTEXT('2D SPACE',''
  ) );
#16434 = ORIENTED_EDGE('',*,*,#16334,.T.);
#16435 = ORIENTED_EDGE('',*,*,#14360,.T.);
#16436 = ORIENTED_EDGE('',*,*,#16437,.F.);
#16437 = EDGE_CURVE('',#16408,#14361,#16438,.T.);
#16438 = SURFACE_CURVE('',#16439,(#16443,#16450),.PCURVE_S1.);
#16439 = LINE('',#16440,#16441);
#16440 = CARTESIAN_POINT('',(11.7,3.899999985662,11.18));
#16441 = VECTOR('',#16442,1.);
#16442 = DIRECTION('',(0.,0.,1.));
#16443 = PCURVE('',#14381,#16444);
#16444 = DEFINITIONAL_REPRESENTATION('',(#16445),#16449);
#16445 = LINE('',#16446,#16447);
#16446 = CARTESIAN_POINT('',(3.14159265359,0.));
#16447 = VECTOR('',#16448,1.);
#16448 = DIRECTION('',(0.,-1.));
#16449 = ( GEOMETRIC_REPRESENTATION_CONTEXT(2) 
PARAMETRIC_REPRESENTATION_CONTEXT() REPRESENTATION_CONTEXT('2D SPACE',''
  ) );
#16450 = PCURVE('',#14408,#16451);
#16451 = DEFINITIONAL_REPRESENTATION('',(#16452),#16456);
#16452 = LINE('',#16453,#16454);
#16453 = CARTESIAN_POINT('',(7.799999985662,0.));
#16454 = VECTOR('',#16455,1.);
#16455 = DIRECTION('',(0.,-1.));
#16456 = ( GEOMETRIC_REPRESENTATION_CONTEXT(2) 
PARAMETRIC_REPRESENTATION_CONTEXT() REPRESENTATION_CONTEXT('2D SPACE',''
  ) );
#16457 = ADVANCED_FACE('',(#16458),#14440,.F.);
#16458 = FACE_BOUND('',#16459,.F.);
#16459 = EDGE_LOOP('',(#16460,#16488,#16509,#16510));
#16460 = ORIENTED_EDGE('',*,*,#16461,.F.);
#16461 = EDGE_CURVE('',#16462,#16359,#16464,.T.);
#16462 = VERTEX_POINT('',#16463);
#16463 = CARTESIAN_POINT('',(11.7,-3.9,11.18));
#16464 = SURFACE_CURVE('',#16465,(#16470,#16477),.PCURVE_S1.);
#16465 = CIRCLE('',#16466,3.8);
#16466 = AXIS2_PLACEMENT_3D('',#16467,#16468,#16469);
#16467 = CARTESIAN_POINT('',(7.9,-3.9,11.18));
#16468 = DIRECTION('',(0.,0.,-1.));
#16469 = DIRECTION('',(-1.,0.,0.));
#16470 = PCURVE('',#14440,#16471);
#16471 = DEFINITIONAL_REPRESENTATION('',(#16472),#16476);
#16472 = LINE('',#16473,#16474);
#16473 = CARTESIAN_POINT('',(0.,0.));
#16474 = VECTOR('',#16475,1.);
#16475 = DIRECTION('',(1.,0.));
#16476 = ( GEOMETRIC_REPRESENTATION_CONTEXT(2) 
PARAMETRIC_REPRESENTATION_CONTEXT() REPRESENTATION_CONTEXT('2D SPACE',''
  ) );
#16477 = PCURVE('',#16143,#16478);
#16478 = DEFINITIONAL_REPRESENTATION('',(#16479),#16487);
#16479 = ( BOUNDED_CURVE() B_SPLINE_CURVE(2,(#16480,#16481,#16482,#16483
    ,#16484,#16485,#16486),.UNSPECIFIED.,.T.,.F.) 
B_SPLINE_CURVE_WITH_KNOTS((1,2,2,2,2,1),(-2.094395102393,0.,
    2.094395102393,4.188790204786,6.28318530718,8.377580409573),
.UNSPECIFIED.) CURVE() GEOMETRIC_REPRESENTATION_ITEM() 
RATIONAL_B_SPLINE_CURVE((1.,0.5,1.,0.5,1.,0.5,1.)) REPRESENTATION_ITEM(
  '') );
#16480 = CARTESIAN_POINT('',(4.1,-3.89999999603));
#16481 = CARTESIAN_POINT('',(4.1,2.681793072731));
#16482 = CARTESIAN_POINT('',(9.8,-0.60910346165));
#16483 = CARTESIAN_POINT('',(15.5,-3.89999999603));
#16484 = CARTESIAN_POINT('',(9.8,-7.190896530411));
#16485 = CARTESIAN_POINT('',(4.1,-10.48179306479));
#16486 = CARTESIAN_POINT('',(4.1,-3.89999999603));
#16487 = ( GEOMETRIC_REPRESENTATION_CONTEXT(2) 
PARAMETRIC_REPRESENTATION_CONTEXT() REPRESENTATION_CONTEXT('2D SPACE',''
  ) );
#16488 = ORIENTED_EDGE('',*,*,#16489,.T.);
#16489 = EDGE_CURVE('',#16462,#14394,#16490,.T.);
#16490 = SURFACE_CURVE('',#16491,(#16495,#16502),.PCURVE_S1.);
#16491 = LINE('',#16492,#16493);
#16492 = CARTESIAN_POINT('',(11.7,-3.9,11.18));
#16493 = VECTOR('',#16494,1.);
#16494 = DIRECTION('',(0.,0.,1.));
#16495 = PCURVE('',#14440,#16496);
#16496 = DEFINITIONAL_REPRESENTATION('',(#16497),#16501);
#16497 = LINE('',#16498,#16499);
#16498 = CARTESIAN_POINT('',(3.14159265359,0.));
#16499 = VECTOR('',#16500,1.);
#16500 = DIRECTION('',(0.,-1.));
#16501 = ( GEOMETRIC_REPRESENTATION_CONTEXT(2) 
PARAMETRIC_REPRESENTATION_CONTEXT() REPRESENTATION_CONTEXT('2D SPACE',''
  ) );
#16502 = PCURVE('',#14408,#16503);
#16503 = DEFINITIONAL_REPRESENTATION('',(#16504),#16508);
#16504 = LINE('',#16505,#16506);
#16505 = CARTESIAN_POINT('',(0.,0.));
#16506 = VECTOR('',#16507,1.);
#16507 = DIRECTION('',(0.,-1.));
#16508 = ( GEOMETRIC_REPRESENTATION_CONTEXT(2) 
PARAMETRIC_REPRESENTATION_CONTEXT() REPRESENTATION_CONTEXT('2D SPACE',''
  ) );
#16509 = ORIENTED_EDGE('',*,*,#14419,.T.);
#16510 = ORIENTED_EDGE('',*,*,#16383,.F.);
#16511 = ADVANCED_FACE('',(#16512),#14408,.T.);
#16512 = FACE_BOUND('',#16513,.T.);
#16513 = EDGE_LOOP('',(#16514,#16535,#16536,#16537));
#16514 = ORIENTED_EDGE('',*,*,#16515,.F.);
#16515 = EDGE_CURVE('',#16462,#16408,#16516,.T.);
#16516 = SURFACE_CURVE('',#16517,(#16521,#16528),.PCURVE_S1.);
#16517 = LINE('',#16518,#16519);
#16518 = CARTESIAN_POINT('',(11.7,3.10862446895E-15,11.18));
#16519 = VECTOR('',#16520,1.);
#16520 = DIRECTION('',(0.,1.,0.));
#16521 = PCURVE('',#14408,#16522);
#16522 = DEFINITIONAL_REPRESENTATION('',(#16523),#16527);
#16523 = LINE('',#16524,#16525);
#16524 = CARTESIAN_POINT('',(3.9,0.));
#16525 = VECTOR('',#16526,1.);
#16526 = DIRECTION('',(1.,0.));
#16527 = ( GEOMETRIC_REPRESENTATION_CONTEXT(2) 
PARAMETRIC_REPRESENTATION_CONTEXT() REPRESENTATION_CONTEXT('2D SPACE',''
  ) );
#16528 = PCURVE('',#16143,#16529);
#16529 = DEFINITIONAL_REPRESENTATION('',(#16530),#16534);
#16530 = LINE('',#16531,#16532);
#16531 = CARTESIAN_POINT('',(11.7,3.969522262667E-09));
#16532 = VECTOR('',#16533,1.);
#16533 = DIRECTION('',(0.,1.));
#16534 = ( GEOMETRIC_REPRESENTATION_CONTEXT(2) 
PARAMETRIC_REPRESENTATION_CONTEXT() REPRESENTATION_CONTEXT('2D SPACE',''
  ) );
#16535 = ORIENTED_EDGE('',*,*,#16489,.T.);
#16536 = ORIENTED_EDGE('',*,*,#14393,.F.);
#16537 = ORIENTED_EDGE('',*,*,#16437,.F.);
#16538 = ADVANCED_FACE('',(#16539),#14554,.F.);
#16539 = FACE_BOUND('',#16540,.F.);
#16540 = EDGE_LOOP('',(#16541,#16542,#16565,#16587));
#16541 = ORIENTED_EDGE('',*,*,#14537,.F.);
#16542 = ORIENTED_EDGE('',*,*,#16543,.F.);
#16543 = EDGE_CURVE('',#16544,#14538,#16546,.T.);
#16544 = VERTEX_POINT('',#16545);
#16545 = CARTESIAN_POINT('',(16.9,15.5,11.3));
#16546 = SEAM_CURVE('',#16547,(#16551,#16558),.PCURVE_S1.);
#16547 = LINE('',#16548,#16549);
#16548 = CARTESIAN_POINT('',(16.9,15.5,11.3));
#16549 = VECTOR('',#16550,1.);
#16550 = DIRECTION('',(0.,0.,1.));
#16551 = PCURVE('',#14554,#16552);
#16552 = DEFINITIONAL_REPRESENTATION('',(#16553),#16557);
#16553 = LINE('',#16554,#16555);
#16554 = CARTESIAN_POINT('',(6.28318530718,-0.));
#16555 = VECTOR('',#16556,1.);
#16556 = DIRECTION('',(0.,1.));
#16557 = ( GEOMETRIC_REPRESENTATION_CONTEXT(2) 
PARAMETRIC_REPRESENTATION_CONTEXT() REPRESENTATION_CONTEXT('2D SPACE',''
  ) );
#16558 = PCURVE('',#14554,#16559);
#16559 = DEFINITIONAL_REPRESENTATION('',(#16560),#16564);
#16560 = LINE('',#16561,#16562);
#16561 = CARTESIAN_POINT('',(0.,-0.));
#16562 = VECTOR('',#16563,1.);
#16563 = DIRECTION('',(0.,1.));
#16564 = ( GEOMETRIC_REPRESENTATION_CONTEXT(2) 
PARAMETRIC_REPRESENTATION_CONTEXT() REPRESENTATION_CONTEXT('2D SPACE',''
  ) );
#16565 = ORIENTED_EDGE('',*,*,#16566,.T.);
#16566 = EDGE_CURVE('',#16544,#16544,#16567,.T.);
#16567 = SURFACE_CURVE('',#16568,(#16573,#16580),.PCURVE_S1.);
#16568 = CIRCLE('',#16569,1.9);
#16569 = AXIS2_PLACEMENT_3D('',#16570,#16571,#16572);
#16570 = CARTESIAN_POINT('',(15.,15.5,11.3));
#16571 = DIRECTION('',(0.,0.,1.));
#16572 = DIRECTION('',(1.,0.,-0.));
#16573 = PCURVE('',#14554,#16574);
#16574 = DEFINITIONAL_REPRESENTATION('',(#16575),#16579);
#16575 = LINE('',#16576,#16577);
#16576 = CARTESIAN_POINT('',(0.,0.));
#16577 = VECTOR('',#16578,1.);
#16578 = DIRECTION('',(1.,0.));
#16579 = ( GEOMETRIC_REPRESENTATION_CONTEXT(2) 
PARAMETRIC_REPRESENTATION_CONTEXT() REPRESENTATION_CONTEXT('2D SPACE',''
  ) );
#16580 = PCURVE('',#15809,#16581);
#16581 = DEFINITIONAL_REPRESENTATION('',(#16582),#16586);
#16582 = CIRCLE('',#16583,1.9);
#16583 = AXIS2_PLACEMENT_2D('',#16584,#16585);
#16584 = CARTESIAN_POINT('',(0.,0.));
#16585 = DIRECTION('',(1.,0.));
#16586 = ( GEOMETRIC_REPRESENTATION_CONTEXT(2) 
PARAMETRIC_REPRESENTATION_CONTEXT() REPRESENTATION_CONTEXT('2D SPACE',''
  ) );
#16587 = ORIENTED_EDGE('',*,*,#16543,.T.);
#16588 = ADVANCED_FACE('',(#16589),#14635,.T.);
#16589 = FACE_BOUND('',#16590,.T.);
#16590 = EDGE_LOOP('',(#16591,#16592,#16593,#16614));
#16591 = ORIENTED_EDGE('',*,*,#14619,.T.);
#16592 = ORIENTED_EDGE('',*,*,#15900,.T.);
#16593 = ORIENTED_EDGE('',*,*,#16594,.F.);
#16594 = EDGE_CURVE('',#14855,#15901,#16595,.T.);
#16595 = SURFACE_CURVE('',#16596,(#16600,#16607),.PCURVE_S1.);
#16596 = LINE('',#16597,#16598);
#16597 = CARTESIAN_POINT('',(24.,10.499999992113,9.5));
#16598 = VECTOR('',#16599,1.);
#16599 = DIRECTION('',(0.,0.,1.));
#16600 = PCURVE('',#14635,#16601);
#16601 = DEFINITIONAL_REPRESENTATION('',(#16602),#16606);
#16602 = LINE('',#16603,#16604);
#16603 = CARTESIAN_POINT('',(3.14159265359,0.));
#16604 = VECTOR('',#16605,1.);
#16605 = DIRECTION('',(0.,-1.));
#16606 = ( GEOMETRIC_REPRESENTATION_CONTEXT(2) 
PARAMETRIC_REPRESENTATION_CONTEXT() REPRESENTATION_CONTEXT('2D SPACE',''
  ) );
#16607 = PCURVE('',#14741,#16608);
#16608 = DEFINITIONAL_REPRESENTATION('',(#16609),#16613);
#16609 = LINE('',#16610,#16611);
#16610 = CARTESIAN_POINT('',(20.999999992113,0.));
#16611 = VECTOR('',#16612,1.);
#16612 = DIRECTION('',(0.,-1.));
#16613 = ( GEOMETRIC_REPRESENTATION_CONTEXT(2) 
PARAMETRIC_REPRESENTATION_CONTEXT() REPRESENTATION_CONTEXT('2D SPACE',''
  ) );
#16614 = ORIENTED_EDGE('',*,*,#14854,.F.);
#16615 = ADVANCED_FACE('',(#16616),#14741,.F.);
#16616 = FACE_BOUND('',#16617,.F.);
#16617 = EDGE_LOOP('',(#16618,#16619,#16620,#16621));
#16618 = ORIENTED_EDGE('',*,*,#14723,.T.);
#16619 = ORIENTED_EDGE('',*,*,#15951,.F.);
#16620 = ORIENTED_EDGE('',*,*,#16594,.F.);
#16621 = ORIENTED_EDGE('',*,*,#14905,.T.);
#16622 = ADVANCED_FACE('',(#16623,#16626),#14946,.T.);
#16623 = FACE_BOUND('',#16624,.T.);
#16624 = EDGE_LOOP('',(#16625));
#16625 = ORIENTED_EDGE('',*,*,#15999,.T.);
#16626 = FACE_BOUND('',#16627,.T.);
#16627 = EDGE_LOOP('',(#16628));
#16628 = ORIENTED_EDGE('',*,*,#14929,.F.);
#16629 = ADVANCED_FACE('',(#16630,#16633),#15244,.T.);
#16630 = FACE_BOUND('',#16631,.T.);
#16631 = EDGE_LOOP('',(#16632));
#16632 = ORIENTED_EDGE('',*,*,#16049,.T.);
#16633 = FACE_BOUND('',#16634,.T.);
#16634 = EDGE_LOOP('',(#16635));
#16635 = ORIENTED_EDGE('',*,*,#15227,.F.);
#16636 = ADVANCED_FACE('',(#16637,#16640),#15299,.T.);
#16637 = FACE_BOUND('',#16638,.T.);
#16638 = EDGE_LOOP('',(#16639));
#16639 = ORIENTED_EDGE('',*,*,#16099,.T.);
#16640 = FACE_BOUND('',#16641,.T.);
#16641 = EDGE_LOOP('',(#16642));
#16642 = ORIENTED_EDGE('',*,*,#15282,.F.);
#16643 = ADVANCED_FACE('',(#16644,#16654),#15404,.F.);
#16644 = FACE_BOUND('',#16645,.F.);
#16645 = EDGE_LOOP('',(#16646,#16647,#16648,#16649,#16650,#16651,#16652,
    #16653));
#16646 = ORIENTED_EDGE('',*,*,#15388,.F.);
#16647 = ORIENTED_EDGE('',*,*,#15492,.T.);
#16648 = ORIENTED_EDGE('',*,*,#15591,.T.);
#16649 = ORIENTED_EDGE('',*,*,#15690,.T.);
#16650 = ORIENTED_EDGE('',*,*,#15740,.T.);
#16651 = ORIENTED_EDGE('',*,*,#15662,.T.);
#16652 = ORIENTED_EDGE('',*,*,#15542,.F.);
#16653 = ORIENTED_EDGE('',*,*,#15464,.T.);
#16654 = FACE_BOUND('',#16655,.F.);
#16655 = EDGE_LOOP('',(#16656,#16684,#16717,#16743,#16776,#16802,#16835,
    #16861));
#16656 = ORIENTED_EDGE('',*,*,#16657,.F.);
#16657 = EDGE_CURVE('',#16658,#16660,#16662,.T.);
#16658 = VERTEX_POINT('',#16659);
#16659 = CARTESIAN_POINT('',(-10.25,3.149999997151,10.3));
#16660 = VERTEX_POINT('',#16661);
#16661 = CARTESIAN_POINT('',(-10.25,-3.15,10.3));
#16662 = SURFACE_CURVE('',#16663,(#16667,#16673),.PCURVE_S1.);
#16663 = LINE('',#16664,#16665);
#16664 = CARTESIAN_POINT('',(-10.25,-1.575000000151,10.3));
#16665 = VECTOR('',#16666,1.);
#16666 = DIRECTION('',(0.,-1.,0.));
#16667 = PCURVE('',#15404,#16668);
#16668 = DEFINITIONAL_REPRESENTATION('',(#16669),#16672);
#16669 = B_SPLINE_CURVE_WITH_KNOTS('',1,(#16670,#16671),.UNSPECIFIED.,
  .F.,.F.,(2,2),(-4.724999997303,1.574999999849),
  .PIECEWISE_BEZIER_KNOTS.);
#16670 = CARTESIAN_POINT('',(-10.25,3.149999997454));
#16671 = CARTESIAN_POINT('',(-10.25,-3.149999999698));
#16672 = ( GEOMETRIC_REPRESENTATION_CONTEXT(2) 
PARAMETRIC_REPRESENTATION_CONTEXT() REPRESENTATION_CONTEXT('2D SPACE',''
  ) );
#16673 = PCURVE('',#16674,#16679);
#16674 = PLANE('',#16675);
#16675 = AXIS2_PLACEMENT_3D('',#16676,#16677,#16678);
#16676 = CARTESIAN_POINT('',(-10.25,-3.15,10.28));
#16677 = DIRECTION('',(-1.,0.,0.));
#16678 = DIRECTION('',(0.,1.,0.));
#16679 = DEFINITIONAL_REPRESENTATION('',(#16680),#16683);
#16680 = B_SPLINE_CURVE_WITH_KNOTS('',1,(#16681,#16682),.UNSPECIFIED.,
  .F.,.F.,(2,2),(-4.724999997303,1.574999999849),
  .PIECEWISE_BEZIER_KNOTS.);
#16681 = CARTESIAN_POINT('',(6.299999997151,-2.E-02));
#16682 = CARTESIAN_POINT('',(0.,-2.E-02));
#16683 = ( GEOMETRIC_REPRESENTATION_CONTEXT(2) 
PARAMETRIC_REPRESENTATION_CONTEXT() REPRESENTATION_CONTEXT('2D SPACE',''
  ) );
#16684 = ORIENTED_EDGE('',*,*,#16685,.T.);
#16685 = EDGE_CURVE('',#16658,#16686,#16688,.T.);
#16686 = VERTEX_POINT('',#16687);
#16687 = CARTESIAN_POINT('',(-7.15,6.249999998576,10.3));
#16688 = SURFACE_CURVE('',#16689,(#16694,#16705),.PCURVE_S1.);
#16689 = CIRCLE('',#16690,3.1);
#16690 = AXIS2_PLACEMENT_3D('',#16691,#16692,#16693);
#16691 = CARTESIAN_POINT('',(-7.15,3.149999997151,10.3));
#16692 = DIRECTION('',(0.,0.,-1.));
#16693 = DIRECTION('',(1.,0.,0.));
#16694 = PCURVE('',#15404,#16695);
#16695 = DEFINITIONAL_REPRESENTATION('',(#16696),#16704);
#16696 = ( BOUNDED_CURVE() B_SPLINE_CURVE(2,(#16697,#16698,#16699,#16700
    ,#16701,#16702,#16703),.UNSPECIFIED.,.T.,.F.) 
B_SPLINE_CURVE_WITH_KNOTS((1,2,2,2,2,1),(-2.094395102393,0.,
    2.094395102393,4.188790204786,6.28318530718,8.377580409573),
.UNSPECIFIED.) CURVE() GEOMETRIC_REPRESENTATION_ITEM() 
RATIONAL_B_SPLINE_CURVE((1.,0.5,1.,0.5,1.,0.5,1.)) REPRESENTATION_ITEM(
  '') );
#16697 = CARTESIAN_POINT('',(-4.05,3.149999997454));
#16698 = CARTESIAN_POINT('',(-4.05,-2.21935750601));
#16699 = CARTESIAN_POINT('',(-8.7,0.465321245722));
#16700 = CARTESIAN_POINT('',(-13.35,3.149999997454));
#16701 = CARTESIAN_POINT('',(-8.7,5.834678749185));
#16702 = CARTESIAN_POINT('',(-4.05,8.519357500917));
#16703 = CARTESIAN_POINT('',(-4.05,3.149999997454));
#16704 = ( GEOMETRIC_REPRESENTATION_CONTEXT(2) 
PARAMETRIC_REPRESENTATION_CONTEXT() REPRESENTATION_CONTEXT('2D SPACE',''
  ) );
#16705 = PCURVE('',#16706,#16711);
#16706 = CYLINDRICAL_SURFACE('',#16707,3.1);
#16707 = AXIS2_PLACEMENT_3D('',#16708,#16709,#16710);
#16708 = CARTESIAN_POINT('',(-7.15,3.149999997151,10.28));
#16709 = DIRECTION('',(-0.,-0.,-1.));
#16710 = DIRECTION('',(1.,0.,0.));
#16711 = DEFINITIONAL_REPRESENTATION('',(#16712),#16716);
#16712 = LINE('',#16713,#16714);
#16713 = CARTESIAN_POINT('',(-6.28318530718,-2.E-02));
#16714 = VECTOR('',#16715,1.);
#16715 = DIRECTION('',(1.,-0.));
#16716 = ( GEOMETRIC_REPRESENTATION_CONTEXT(2) 
PARAMETRIC_REPRESENTATION_CONTEXT() REPRESENTATION_CONTEXT('2D SPACE',''
  ) );
#16717 = ORIENTED_EDGE('',*,*,#16718,.F.);
#16718 = EDGE_CURVE('',#16719,#16686,#16721,.T.);
#16719 = VERTEX_POINT('',#16720);
#16720 = CARTESIAN_POINT('',(7.15,6.249999998576,10.3));
#16721 = SURFACE_CURVE('',#16722,(#16726,#16732),.PCURVE_S1.);
#16722 = LINE('',#16723,#16724);
#16723 = CARTESIAN_POINT('',(-3.575,6.25,10.3));
#16724 = VECTOR('',#16725,1.);
#16725 = DIRECTION('',(-1.,0.,0.));
#16726 = PCURVE('',#15404,#16727);
#16727 = DEFINITIONAL_REPRESENTATION('',(#16728),#16731);
#16728 = B_SPLINE_CURVE_WITH_KNOTS('',1,(#16729,#16730),.UNSPECIFIED.,
  .F.,.F.,(2,2),(-10.725,3.575),.PIECEWISE_BEZIER_KNOTS.);
#16729 = CARTESIAN_POINT('',(7.15,6.250000000302));
#16730 = CARTESIAN_POINT('',(-7.15,6.250000000302));
#16731 = ( GEOMETRIC_REPRESENTATION_CONTEXT(2) 
PARAMETRIC_REPRESENTATION_CONTEXT() REPRESENTATION_CONTEXT('2D SPACE',''
  ) );
#16732 = PCURVE('',#16733,#16738);
#16733 = PLANE('',#16734);
#16734 = AXIS2_PLACEMENT_3D('',#16735,#16736,#16737);
#16735 = CARTESIAN_POINT('',(-7.15,6.25,10.28));
#16736 = DIRECTION('',(0.,1.,0.));
#16737 = DIRECTION('',(1.,0.,0.));
#16738 = DEFINITIONAL_REPRESENTATION('',(#16739),#16742);
#16739 = B_SPLINE_CURVE_WITH_KNOTS('',1,(#16740,#16741),.UNSPECIFIED.,
  .F.,.F.,(2,2),(-10.725,3.575),.PIECEWISE_BEZIER_KNOTS.);
#16740 = CARTESIAN_POINT('',(14.3,-2.E-02));
#16741 = CARTESIAN_POINT('',(0.,-2.E-02));
#16742 = ( GEOMETRIC_REPRESENTATION_CONTEXT(2) 
PARAMETRIC_REPRESENTATION_CONTEXT() REPRESENTATION_CONTEXT('2D SPACE',''
  ) );
#16743 = ORIENTED_EDGE('',*,*,#16744,.T.);
#16744 = EDGE_CURVE('',#16719,#16745,#16747,.T.);
#16745 = VERTEX_POINT('',#16746);
#16746 = CARTESIAN_POINT('',(10.25,3.149999997151,10.3));
#16747 = SURFACE_CURVE('',#16748,(#16753,#16764),.PCURVE_S1.);
#16748 = CIRCLE('',#16749,3.1);
#16749 = AXIS2_PLACEMENT_3D('',#16750,#16751,#16752);
#16750 = CARTESIAN_POINT('',(7.15,3.149999997151,10.3));
#16751 = DIRECTION('',(0.,0.,-1.));
#16752 = DIRECTION('',(1.,0.,0.));
#16753 = PCURVE('',#15404,#16754);
#16754 = DEFINITIONAL_REPRESENTATION('',(#16755),#16763);
#16755 = ( BOUNDED_CURVE() B_SPLINE_CURVE(2,(#16756,#16757,#16758,#16759
    ,#16760,#16761,#16762),.UNSPECIFIED.,.T.,.F.) 
B_SPLINE_CURVE_WITH_KNOTS((1,2,2,2,2,1),(-2.094395102393,0.,
    2.094395102393,4.188790204786,6.28318530718,8.377580409573),
.UNSPECIFIED.) CURVE() GEOMETRIC_REPRESENTATION_ITEM() 
RATIONAL_B_SPLINE_CURVE((1.,0.5,1.,0.5,1.,0.5,1.)) REPRESENTATION_ITEM(
  '') );
#16756 = CARTESIAN_POINT('',(10.25,3.149999997454));
#16757 = CARTESIAN_POINT('',(10.25,-2.21935750601));
#16758 = CARTESIAN_POINT('',(5.6,0.465321245722));
#16759 = CARTESIAN_POINT('',(0.95,3.149999997454));
#16760 = CARTESIAN_POINT('',(5.6,5.834678749185));
#16761 = CARTESIAN_POINT('',(10.25,8.519357500917));
#16762 = CARTESIAN_POINT('',(10.25,3.149999997454));
#16763 = ( GEOMETRIC_REPRESENTATION_CONTEXT(2) 
PARAMETRIC_REPRESENTATION_CONTEXT() REPRESENTATION_CONTEXT('2D SPACE',''
  ) );
#16764 = PCURVE('',#16765,#16770);
#16765 = CYLINDRICAL_SURFACE('',#16766,3.1);
#16766 = AXIS2_PLACEMENT_3D('',#16767,#16768,#16769);
#16767 = CARTESIAN_POINT('',(7.15,3.149999997151,10.28));
#16768 = DIRECTION('',(-0.,-0.,-1.));
#16769 = DIRECTION('',(1.,0.,0.));
#16770 = DEFINITIONAL_REPRESENTATION('',(#16771),#16775);
#16771 = LINE('',#16772,#16773);
#16772 = CARTESIAN_POINT('',(-6.28318530718,-2.E-02));
#16773 = VECTOR('',#16774,1.);
#16774 = DIRECTION('',(1.,-0.));
#16775 = ( GEOMETRIC_REPRESENTATION_CONTEXT(2) 
PARAMETRIC_REPRESENTATION_CONTEXT() REPRESENTATION_CONTEXT('2D SPACE',''
  ) );
#16776 = ORIENTED_EDGE('',*,*,#16777,.T.);
#16777 = EDGE_CURVE('',#16745,#16778,#16780,.T.);
#16778 = VERTEX_POINT('',#16779);
#16779 = CARTESIAN_POINT('',(10.25,-3.15,10.3));
#16780 = SURFACE_CURVE('',#16781,(#16785,#16791),.PCURVE_S1.);
#16781 = LINE('',#16782,#16783);
#16782 = CARTESIAN_POINT('',(10.25,-1.575000000151,10.3));
#16783 = VECTOR('',#16784,1.);
#16784 = DIRECTION('',(0.,-1.,0.));
#16785 = PCURVE('',#15404,#16786);
#16786 = DEFINITIONAL_REPRESENTATION('',(#16787),#16790);
#16787 = B_SPLINE_CURVE_WITH_KNOTS('',1,(#16788,#16789),.UNSPECIFIED.,
  .F.,.F.,(2,2),(-4.724999997303,1.574999999849),
  .PIECEWISE_BEZIER_KNOTS.);
#16788 = CARTESIAN_POINT('',(10.25,3.149999997454));
#16789 = CARTESIAN_POINT('',(10.25,-3.149999999698));
#16790 = ( GEOMETRIC_REPRESENTATION_CONTEXT(2) 
PARAMETRIC_REPRESENTATION_CONTEXT() REPRESENTATION_CONTEXT('2D SPACE',''
  ) );
#16791 = PCURVE('',#16792,#16797);
#16792 = PLANE('',#16793);
#16793 = AXIS2_PLACEMENT_3D('',#16794,#16795,#16796);
#16794 = CARTESIAN_POINT('',(10.25,-3.15,10.28));
#16795 = DIRECTION('',(-1.,0.,0.));
#16796 = DIRECTION('',(0.,1.,0.));
#16797 = DEFINITIONAL_REPRESENTATION('',(#16798),#16801);
#16798 = B_SPLINE_CURVE_WITH_KNOTS('',1,(#16799,#16800),.UNSPECIFIED.,
  .F.,.F.,(2,2),(-4.724999997303,1.574999999849),
  .PIECEWISE_BEZIER_KNOTS.);
#16799 = CARTESIAN_POINT('',(6.299999997151,-2.E-02));
#16800 = CARTESIAN_POINT('',(-4.440892098501E-16,-2.E-02));
#16801 = ( GEOMETRIC_REPRESENTATION_CONTEXT(2) 
PARAMETRIC_REPRESENTATION_CONTEXT() REPRESENTATION_CONTEXT('2D SPACE',''
  ) );
#16802 = ORIENTED_EDGE('',*,*,#16803,.T.);
#16803 = EDGE_CURVE('',#16778,#16804,#16806,.T.);
#16804 = VERTEX_POINT('',#16805);
#16805 = CARTESIAN_POINT('',(7.15,-6.25,10.3));
#16806 = SURFACE_CURVE('',#16807,(#16812,#16823),.PCURVE_S1.);
#16807 = CIRCLE('',#16808,3.1);
#16808 = AXIS2_PLACEMENT_3D('',#16809,#16810,#16811);
#16809 = CARTESIAN_POINT('',(7.15,-3.15,10.3));
#16810 = DIRECTION('',(0.,0.,-1.));
#16811 = DIRECTION('',(1.,0.,0.));
#16812 = PCURVE('',#15404,#16813);
#16813 = DEFINITIONAL_REPRESENTATION('',(#16814),#16822);
#16814 = ( BOUNDED_CURVE() B_SPLINE_CURVE(2,(#16815,#16816,#16817,#16818
    ,#16819,#16820,#16821),.UNSPECIFIED.,.T.,.F.) 
B_SPLINE_CURVE_WITH_KNOTS((1,2,2,2,2,1),(-2.094395102393,0.,
    2.094395102393,4.188790204786,6.28318530718,8.377580409573),
.UNSPECIFIED.) CURVE() GEOMETRIC_REPRESENTATION_ITEM() 
RATIONAL_B_SPLINE_CURVE((1.,0.5,1.,0.5,1.,0.5,1.)) REPRESENTATION_ITEM(
  '') );
#16815 = CARTESIAN_POINT('',(10.25,-3.149999999698));
#16816 = CARTESIAN_POINT('',(10.25,-8.519357503161));
#16817 = CARTESIAN_POINT('',(5.6,-5.83467875143));
#16818 = CARTESIAN_POINT('',(0.95,-3.149999999698));
#16819 = CARTESIAN_POINT('',(5.6,-0.465321247966));
#16820 = CARTESIAN_POINT('',(10.25,2.219357503766));
#16821 = CARTESIAN_POINT('',(10.25,-3.149999999698));
#16822 = ( GEOMETRIC_REPRESENTATION_CONTEXT(2) 
PARAMETRIC_REPRESENTATION_CONTEXT() REPRESENTATION_CONTEXT('2D SPACE',''
  ) );
#16823 = PCURVE('',#16824,#16829);
#16824 = CYLINDRICAL_SURFACE('',#16825,3.1);
#16825 = AXIS2_PLACEMENT_3D('',#16826,#16827,#16828);
#16826 = CARTESIAN_POINT('',(7.15,-3.15,10.28));
#16827 = DIRECTION('',(-0.,-0.,-1.));
#16828 = DIRECTION('',(1.,0.,0.));
#16829 = DEFINITIONAL_REPRESENTATION('',(#16830),#16834);
#16830 = LINE('',#16831,#16832);
#16831 = CARTESIAN_POINT('',(-6.28318530718,-2.E-02));
#16832 = VECTOR('',#16833,1.);
#16833 = DIRECTION('',(1.,-0.));
#16834 = ( GEOMETRIC_REPRESENTATION_CONTEXT(2) 
PARAMETRIC_REPRESENTATION_CONTEXT() REPRESENTATION_CONTEXT('2D SPACE',''
  ) );
#16835 = ORIENTED_EDGE('',*,*,#16836,.T.);
#16836 = EDGE_CURVE('',#16804,#16837,#16839,.T.);
#16837 = VERTEX_POINT('',#16838);
#16838 = CARTESIAN_POINT('',(-7.15,-6.25,10.3));
#16839 = SURFACE_CURVE('',#16840,(#16844,#16850),.PCURVE_S1.);
#16840 = LINE('',#16841,#16842);
#16841 = CARTESIAN_POINT('',(-3.575,-6.25,10.3));
#16842 = VECTOR('',#16843,1.);
#16843 = DIRECTION('',(-1.,0.,0.));
#16844 = PCURVE('',#15404,#16845);
#16845 = DEFINITIONAL_REPRESENTATION('',(#16846),#16849);
#16846 = B_SPLINE_CURVE_WITH_KNOTS('',1,(#16847,#16848),.UNSPECIFIED.,
  .F.,.F.,(2,2),(-10.725,3.575),.PIECEWISE_BEZIER_KNOTS.);
#16847 = CARTESIAN_POINT('',(7.15,-6.249999999698));
#16848 = CARTESIAN_POINT('',(-7.15,-6.249999999698));
#16849 = ( GEOMETRIC_REPRESENTATION_CONTEXT(2) 
PARAMETRIC_REPRESENTATION_CONTEXT() REPRESENTATION_CONTEXT('2D SPACE',''
  ) );
#16850 = PCURVE('',#16851,#16856);
#16851 = PLANE('',#16852);
#16852 = AXIS2_PLACEMENT_3D('',#16853,#16854,#16855);
#16853 = CARTESIAN_POINT('',(-7.15,-6.25,10.28));
#16854 = DIRECTION('',(0.,1.,0.));
#16855 = DIRECTION('',(1.,0.,0.));
#16856 = DEFINITIONAL_REPRESENTATION('',(#16857),#16860);
#16857 = B_SPLINE_CURVE_WITH_KNOTS('',1,(#16858,#16859),.UNSPECIFIED.,
  .F.,.F.,(2,2),(-10.725,3.575),.PIECEWISE_BEZIER_KNOTS.);
#16858 = CARTESIAN_POINT('',(14.3,-2.E-02));
#16859 = CARTESIAN_POINT('',(0.,-2.E-02));
#16860 = ( GEOMETRIC_REPRESENTATION_CONTEXT(2) 
PARAMETRIC_REPRESENTATION_CONTEXT() REPRESENTATION_CONTEXT('2D SPACE',''
  ) );
#16861 = ORIENTED_EDGE('',*,*,#16862,.T.);
#16862 = EDGE_CURVE('',#16837,#16660,#16863,.T.);
#16863 = SURFACE_CURVE('',#16864,(#16869,#16880),.PCURVE_S1.);
#16864 = CIRCLE('',#16865,3.1);
#16865 = AXIS2_PLACEMENT_3D('',#16866,#16867,#16868);
#16866 = CARTESIAN_POINT('',(-7.15,-3.15,10.3));
#16867 = DIRECTION('',(0.,0.,-1.));
#16868 = DIRECTION('',(1.,0.,0.));
#16869 = PCURVE('',#15404,#16870);
#16870 = DEFINITIONAL_REPRESENTATION('',(#16871),#16879);
#16871 = ( BOUNDED_CURVE() B_SPLINE_CURVE(2,(#16872,#16873,#16874,#16875
    ,#16876,#16877,#16878),.UNSPECIFIED.,.T.,.F.) 
B_SPLINE_CURVE_WITH_KNOTS((1,2,2,2,2,1),(-2.094395102393,0.,
    2.094395102393,4.188790204786,6.28318530718,8.377580409573),
.UNSPECIFIED.) CURVE() GEOMETRIC_REPRESENTATION_ITEM() 
RATIONAL_B_SPLINE_CURVE((1.,0.5,1.,0.5,1.,0.5,1.)) REPRESENTATION_ITEM(
  '') );
#16872 = CARTESIAN_POINT('',(-4.05,-3.149999999698));
#16873 = CARTESIAN_POINT('',(-4.05,-8.519357503161));
#16874 = CARTESIAN_POINT('',(-8.7,-5.83467875143));
#16875 = CARTESIAN_POINT('',(-13.35,-3.149999999698));
#16876 = CARTESIAN_POINT('',(-8.7,-0.465321247966));
#16877 = CARTESIAN_POINT('',(-4.05,2.219357503766));
#16878 = CARTESIAN_POINT('',(-4.05,-3.149999999698));
#16879 = ( GEOMETRIC_REPRESENTATION_CONTEXT(2) 
PARAMETRIC_REPRESENTATION_CONTEXT() REPRESENTATION_CONTEXT('2D SPACE',''
  ) );
#16880 = PCURVE('',#16881,#16886);
#16881 = CYLINDRICAL_SURFACE('',#16882,3.1);
#16882 = AXIS2_PLACEMENT_3D('',#16883,#16884,#16885);
#16883 = CARTESIAN_POINT('',(-7.15,-3.15,10.28));
#16884 = DIRECTION('',(-0.,-0.,-1.));
#16885 = DIRECTION('',(1.,0.,0.));
#16886 = DEFINITIONAL_REPRESENTATION('',(#16887),#16891);
#16887 = LINE('',#16888,#16889);
#16888 = CARTESIAN_POINT('',(-6.28318530718,-2.E-02));
#16889 = VECTOR('',#16890,1.);
#16890 = DIRECTION('',(1.,-0.));
#16891 = ( GEOMETRIC_REPRESENTATION_CONTEXT(2) 
PARAMETRIC_REPRESENTATION_CONTEXT() REPRESENTATION_CONTEXT('2D SPACE',''
  ) );
#16892 = ADVANCED_FACE('',(#16893,#16896),#15809,.T.);
#16893 = FACE_BOUND('',#16894,.T.);
#16894 = EDGE_LOOP('',(#16895));
#16895 = ORIENTED_EDGE('',*,*,#16566,.T.);
#16896 = FACE_BOUND('',#16897,.T.);
#16897 = EDGE_LOOP('',(#16898));
#16898 = ORIENTED_EDGE('',*,*,#15792,.F.);
#16899 = ADVANCED_FACE('',(#16900,#16910),#16143,.T.);
#16900 = FACE_BOUND('',#16901,.T.);
#16901 = EDGE_LOOP('',(#16902,#16903,#16904,#16905,#16906,#16907,#16908,
    #16909));
#16902 = ORIENTED_EDGE('',*,*,#16125,.F.);
#16903 = ORIENTED_EDGE('',*,*,#16255,.F.);
#16904 = ORIENTED_EDGE('',*,*,#16358,.T.);
#16905 = ORIENTED_EDGE('',*,*,#16461,.F.);
#16906 = ORIENTED_EDGE('',*,*,#16515,.T.);
#16907 = ORIENTED_EDGE('',*,*,#16407,.F.);
#16908 = ORIENTED_EDGE('',*,*,#16309,.F.);
#16909 = ORIENTED_EDGE('',*,*,#16201,.F.);
#16910 = FACE_BOUND('',#16911,.T.);
#16911 = EDGE_LOOP('',(#16912,#16942,#16963,#16991,#17012,#17040,#17061,
    #17089));
#16912 = ORIENTED_EDGE('',*,*,#16913,.T.);
#16913 = EDGE_CURVE('',#16914,#16916,#16918,.T.);
#16914 = VERTEX_POINT('',#16915);
#16915 = CARTESIAN_POINT('',(-7.15,-6.25,11.18));
#16916 = VERTEX_POINT('',#16917);
#16917 = CARTESIAN_POINT('',(-10.25,-3.15,11.18));
#16918 = SURFACE_CURVE('',#16919,(#16924,#16935),.PCURVE_S1.);
#16919 = CIRCLE('',#16920,3.1);
#16920 = AXIS2_PLACEMENT_3D('',#16921,#16922,#16923);
#16921 = CARTESIAN_POINT('',(-7.15,-3.15,11.18));
#16922 = DIRECTION('',(0.,0.,-1.));
#16923 = DIRECTION('',(1.,0.,0.));
#16924 = PCURVE('',#16143,#16925);
#16925 = DEFINITIONAL_REPRESENTATION('',(#16926),#16934);
#16926 = ( BOUNDED_CURVE() B_SPLINE_CURVE(2,(#16927,#16928,#16929,#16930
    ,#16931,#16932,#16933),.UNSPECIFIED.,.T.,.F.) 
B_SPLINE_CURVE_WITH_KNOTS((1,2,2,2,2,1),(-2.094395102393,0.,
    2.094395102393,4.188790204786,6.28318530718,8.377580409573),
.UNSPECIFIED.) CURVE() GEOMETRIC_REPRESENTATION_ITEM() 
RATIONAL_B_SPLINE_CURVE((1.,0.5,1.,0.5,1.,0.5,1.)) REPRESENTATION_ITEM(
  '') );
#16927 = CARTESIAN_POINT('',(-4.05,-3.14999999603));
#16928 = CARTESIAN_POINT('',(-4.05,-8.519357499494));
#16929 = CARTESIAN_POINT('',(-8.7,-5.834678747762));
#16930 = CARTESIAN_POINT('',(-13.35,-3.14999999603));
#16931 = CARTESIAN_POINT('',(-8.7,-0.465321244299));
#16932 = CARTESIAN_POINT('',(-4.05,2.219357507433));
#16933 = CARTESIAN_POINT('',(-4.05,-3.14999999603));
#16934 = ( GEOMETRIC_REPRESENTATION_CONTEXT(2) 
PARAMETRIC_REPRESENTATION_CONTEXT() REPRESENTATION_CONTEXT('2D SPACE',''
  ) );
#16935 = PCURVE('',#16881,#16936);
#16936 = DEFINITIONAL_REPRESENTATION('',(#16937),#16941);
#16937 = LINE('',#16938,#16939);
#16938 = CARTESIAN_POINT('',(-6.28318530718,-0.9));
#16939 = VECTOR('',#16940,1.);
#16940 = DIRECTION('',(1.,-0.));
#16941 = ( GEOMETRIC_REPRESENTATION_CONTEXT(2) 
PARAMETRIC_REPRESENTATION_CONTEXT() REPRESENTATION_CONTEXT('2D SPACE',''
  ) );
#16942 = ORIENTED_EDGE('',*,*,#16943,.T.);
#16943 = EDGE_CURVE('',#16916,#16944,#16946,.T.);
#16944 = VERTEX_POINT('',#16945);
#16945 = CARTESIAN_POINT('',(-10.25,3.149999997151,11.18));
#16946 = SURFACE_CURVE('',#16947,(#16951,#16957),.PCURVE_S1.);
#16947 = LINE('',#16948,#16949);
#16948 = CARTESIAN_POINT('',(-10.25,-1.575000001985,11.18));
#16949 = VECTOR('',#16950,1.);
#16950 = DIRECTION('',(0.,1.,-0.));
#16951 = PCURVE('',#16143,#16952);
#16952 = DEFINITIONAL_REPRESENTATION('',(#16953),#16956);
#16953 = B_SPLINE_CURVE_WITH_KNOTS('',1,(#16954,#16955),.UNSPECIFIED.,
  .F.,.F.,(2,2),(-1.574999998015,4.724999999136),
  .PIECEWISE_BEZIER_KNOTS.);
#16954 = CARTESIAN_POINT('',(-10.25,-3.14999999603));
#16955 = CARTESIAN_POINT('',(-10.25,3.150000001121));
#16956 = ( GEOMETRIC_REPRESENTATION_CONTEXT(2) 
PARAMETRIC_REPRESENTATION_CONTEXT() REPRESENTATION_CONTEXT('2D SPACE',''
  ) );
#16957 = PCURVE('',#16674,#16958);
#16958 = DEFINITIONAL_REPRESENTATION('',(#16959),#16962);
#16959 = B_SPLINE_CURVE_WITH_KNOTS('',1,(#16960,#16961),.UNSPECIFIED.,
  .F.,.F.,(2,2),(-1.574999998015,4.724999999136),
  .PIECEWISE_BEZIER_KNOTS.);
#16960 = CARTESIAN_POINT('',(0.,-0.9));
#16961 = CARTESIAN_POINT('',(6.299999997151,-0.9));
#16962 = ( GEOMETRIC_REPRESENTATION_CONTEXT(2) 
PARAMETRIC_REPRESENTATION_CONTEXT() REPRESENTATION_CONTEXT('2D SPACE',''
  ) );
#16963 = ORIENTED_EDGE('',*,*,#16964,.T.);
#16964 = EDGE_CURVE('',#16944,#16965,#16967,.T.);
#16965 = VERTEX_POINT('',#16966);
#16966 = CARTESIAN_POINT('',(-7.15,6.249999998576,11.18));
#16967 = SURFACE_CURVE('',#16968,(#16973,#16984),.PCURVE_S1.);
#16968 = CIRCLE('',#16969,3.1);
#16969 = AXIS2_PLACEMENT_3D('',#16970,#16971,#16972);
#16970 = CARTESIAN_POINT('',(-7.15,3.149999997151,11.18));
#16971 = DIRECTION('',(0.,0.,-1.));
#16972 = DIRECTION('',(1.,0.,0.));
#16973 = PCURVE('',#16143,#16974);
#16974 = DEFINITIONAL_REPRESENTATION('',(#16975),#16983);
#16975 = ( BOUNDED_CURVE() B_SPLINE_CURVE(2,(#16976,#16977,#16978,#16979
    ,#16980,#16981,#16982),.UNSPECIFIED.,.T.,.F.) 
B_SPLINE_CURVE_WITH_KNOTS((1,2,2,2,2,1),(-2.094395102393,0.,
    2.094395102393,4.188790204786,6.28318530718,8.377580409573),
.UNSPECIFIED.) CURVE() GEOMETRIC_REPRESENTATION_ITEM() 
RATIONAL_B_SPLINE_CURVE((1.,0.5,1.,0.5,1.,0.5,1.)) REPRESENTATION_ITEM(
  '') );
#16976 = CARTESIAN_POINT('',(-4.05,3.150000001121));
#16977 = CARTESIAN_POINT('',(-4.05,-2.219357502343));
#16978 = CARTESIAN_POINT('',(-8.7,0.465321249389));
#16979 = CARTESIAN_POINT('',(-13.35,3.150000001121));
#16980 = CARTESIAN_POINT('',(-8.7,5.834678752853));
#16981 = CARTESIAN_POINT('',(-4.05,8.519357504585));
#16982 = CARTESIAN_POINT('',(-4.05,3.150000001121));
#16983 = ( GEOMETRIC_REPRESENTATION_CONTEXT(2) 
PARAMETRIC_REPRESENTATION_CONTEXT() REPRESENTATION_CONTEXT('2D SPACE',''
  ) );
#16984 = PCURVE('',#16706,#16985);
#16985 = DEFINITIONAL_REPRESENTATION('',(#16986),#16990);
#16986 = LINE('',#16987,#16988);
#16987 = CARTESIAN_POINT('',(-6.28318530718,-0.9));
#16988 = VECTOR('',#16989,1.);
#16989 = DIRECTION('',(1.,-0.));
#16990 = ( GEOMETRIC_REPRESENTATION_CONTEXT(2) 
PARAMETRIC_REPRESENTATION_CONTEXT() REPRESENTATION_CONTEXT('2D SPACE',''
  ) );
#16991 = ORIENTED_EDGE('',*,*,#16992,.T.);
#16992 = EDGE_CURVE('',#16965,#16993,#16995,.T.);
#16993 = VERTEX_POINT('',#16994);
#16994 = CARTESIAN_POINT('',(7.15,6.249999998576,11.18));
#16995 = SURFACE_CURVE('',#16996,(#17000,#17006),.PCURVE_S1.);
#16996 = LINE('',#16997,#16998);
#16997 = CARTESIAN_POINT('',(-3.575,6.25,11.18));
#16998 = VECTOR('',#16999,1.);
#16999 = DIRECTION('',(1.,0.,0.));
#17000 = PCURVE('',#16143,#17001);
#17001 = DEFINITIONAL_REPRESENTATION('',(#17002),#17005);
#17002 = B_SPLINE_CURVE_WITH_KNOTS('',1,(#17003,#17004),.UNSPECIFIED.,
  .F.,.F.,(2,2),(-3.575,10.725),.PIECEWISE_BEZIER_KNOTS.);
#17003 = CARTESIAN_POINT('',(-7.15,6.25000000397));
#17004 = CARTESIAN_POINT('',(7.15,6.25000000397));
#17005 = ( GEOMETRIC_REPRESENTATION_CONTEXT(2) 
PARAMETRIC_REPRESENTATION_CONTEXT() REPRESENTATION_CONTEXT('2D SPACE',''
  ) );
#17006 = PCURVE('',#16733,#17007);
#17007 = DEFINITIONAL_REPRESENTATION('',(#17008),#17011);
#17008 = B_SPLINE_CURVE_WITH_KNOTS('',1,(#17009,#17010),.UNSPECIFIED.,
  .F.,.F.,(2,2),(-3.575,10.725),.PIECEWISE_BEZIER_KNOTS.);
#17009 = CARTESIAN_POINT('',(0.,-0.9));
#17010 = CARTESIAN_POINT('',(14.3,-0.9));
#17011 = ( GEOMETRIC_REPRESENTATION_CONTEXT(2) 
PARAMETRIC_REPRESENTATION_CONTEXT() REPRESENTATION_CONTEXT('2D SPACE',''
  ) );
#17012 = ORIENTED_EDGE('',*,*,#17013,.T.);
#17013 = EDGE_CURVE('',#16993,#17014,#17016,.T.);
#17014 = VERTEX_POINT('',#17015);
#17015 = CARTESIAN_POINT('',(10.25,3.149999997151,11.18));
#17016 = SURFACE_CURVE('',#17017,(#17022,#17033),.PCURVE_S1.);
#17017 = CIRCLE('',#17018,3.1);
#17018 = AXIS2_PLACEMENT_3D('',#17019,#17020,#17021);
#17019 = CARTESIAN_POINT('',(7.15,3.149999997151,11.18));
#17020 = DIRECTION('',(0.,0.,-1.));
#17021 = DIRECTION('',(1.,0.,0.));
#17022 = PCURVE('',#16143,#17023);
#17023 = DEFINITIONAL_REPRESENTATION('',(#17024),#17032);
#17024 = ( BOUNDED_CURVE() B_SPLINE_CURVE(2,(#17025,#17026,#17027,#17028
    ,#17029,#17030,#17031),.UNSPECIFIED.,.T.,.F.) 
B_SPLINE_CURVE_WITH_KNOTS((1,2,2,2,2,1),(-2.094395102393,0.,
    2.094395102393,4.188790204786,6.28318530718,8.377580409573),
.UNSPECIFIED.) CURVE() GEOMETRIC_REPRESENTATION_ITEM() 
RATIONAL_B_SPLINE_CURVE((1.,0.5,1.,0.5,1.,0.5,1.)) REPRESENTATION_ITEM(
  '') );
#17025 = CARTESIAN_POINT('',(10.25,3.150000001121));
#17026 = CARTESIAN_POINT('',(10.25,-2.219357502343));
#17027 = CARTESIAN_POINT('',(5.6,0.465321249389));
#17028 = CARTESIAN_POINT('',(0.95,3.150000001121));
#17029 = CARTESIAN_POINT('',(5.6,5.834678752853));
#17030 = CARTESIAN_POINT('',(10.25,8.519357504585));
#17031 = CARTESIAN_POINT('',(10.25,3.150000001121));
#17032 = ( GEOMETRIC_REPRESENTATION_CONTEXT(2) 
PARAMETRIC_REPRESENTATION_CONTEXT() REPRESENTATION_CONTEXT('2D SPACE',''
  ) );
#17033 = PCURVE('',#16765,#17034);
#17034 = DEFINITIONAL_REPRESENTATION('',(#17035),#17039);
#17035 = LINE('',#17036,#17037);
#17036 = CARTESIAN_POINT('',(-6.28318530718,-0.9));
#17037 = VECTOR('',#17038,1.);
#17038 = DIRECTION('',(1.,-0.));
#17039 = ( GEOMETRIC_REPRESENTATION_CONTEXT(2) 
PARAMETRIC_REPRESENTATION_CONTEXT() REPRESENTATION_CONTEXT('2D SPACE',''
  ) );
#17040 = ORIENTED_EDGE('',*,*,#17041,.F.);
#17041 = EDGE_CURVE('',#17042,#17014,#17044,.T.);
#17042 = VERTEX_POINT('',#17043);
#17043 = CARTESIAN_POINT('',(10.25,-3.15,11.18));
#17044 = SURFACE_CURVE('',#17045,(#17049,#17055),.PCURVE_S1.);
#17045 = LINE('',#17046,#17047);
#17046 = CARTESIAN_POINT('',(10.25,-1.575000001985,11.18));
#17047 = VECTOR('',#17048,1.);
#17048 = DIRECTION('',(0.,1.,-0.));
#17049 = PCURVE('',#16143,#17050);
#17050 = DEFINITIONAL_REPRESENTATION('',(#17051),#17054);
#17051 = B_SPLINE_CURVE_WITH_KNOTS('',1,(#17052,#17053),.UNSPECIFIED.,
  .F.,.F.,(2,2),(-1.574999998015,4.724999999136),
  .PIECEWISE_BEZIER_KNOTS.);
#17052 = CARTESIAN_POINT('',(10.25,-3.14999999603));
#17053 = CARTESIAN_POINT('',(10.25,3.150000001121));
#17054 = ( GEOMETRIC_REPRESENTATION_CONTEXT(2) 
PARAMETRIC_REPRESENTATION_CONTEXT() REPRESENTATION_CONTEXT('2D SPACE',''
  ) );
#17055 = PCURVE('',#16792,#17056);
#17056 = DEFINITIONAL_REPRESENTATION('',(#17057),#17060);
#17057 = B_SPLINE_CURVE_WITH_KNOTS('',1,(#17058,#17059),.UNSPECIFIED.,
  .F.,.F.,(2,2),(-1.574999998015,4.724999999136),
  .PIECEWISE_BEZIER_KNOTS.);
#17058 = CARTESIAN_POINT('',(-4.440892098501E-16,-0.9));
#17059 = CARTESIAN_POINT('',(6.299999997151,-0.9));
#17060 = ( GEOMETRIC_REPRESENTATION_CONTEXT(2) 
PARAMETRIC_REPRESENTATION_CONTEXT() REPRESENTATION_CONTEXT('2D SPACE',''
  ) );
#17061 = ORIENTED_EDGE('',*,*,#17062,.T.);
#17062 = EDGE_CURVE('',#17042,#17063,#17065,.T.);
#17063 = VERTEX_POINT('',#17064);
#17064 = CARTESIAN_POINT('',(7.15,-6.25,11.18));
#17065 = SURFACE_CURVE('',#17066,(#17071,#17082),.PCURVE_S1.);
#17066 = CIRCLE('',#17067,3.1);
#17067 = AXIS2_PLACEMENT_3D('',#17068,#17069,#17070);
#17068 = CARTESIAN_POINT('',(7.15,-3.15,11.18));
#17069 = DIRECTION('',(0.,0.,-1.));
#17070 = DIRECTION('',(1.,0.,0.));
#17071 = PCURVE('',#16143,#17072);
#17072 = DEFINITIONAL_REPRESENTATION('',(#17073),#17081);
#17073 = ( BOUNDED_CURVE() B_SPLINE_CURVE(2,(#17074,#17075,#17076,#17077
    ,#17078,#17079,#17080),.UNSPECIFIED.,.T.,.F.) 
B_SPLINE_CURVE_WITH_KNOTS((1,2,2,2,2,1),(-2.094395102393,0.,
    2.094395102393,4.188790204786,6.28318530718,8.377580409573),
.UNSPECIFIED.) CURVE() GEOMETRIC_REPRESENTATION_ITEM() 
RATIONAL_B_SPLINE_CURVE((1.,0.5,1.,0.5,1.,0.5,1.)) REPRESENTATION_ITEM(
  '') );
#17074 = CARTESIAN_POINT('',(10.25,-3.14999999603));
#17075 = CARTESIAN_POINT('',(10.25,-8.519357499494));
#17076 = CARTESIAN_POINT('',(5.6,-5.834678747762));
#17077 = CARTESIAN_POINT('',(0.95,-3.14999999603));
#17078 = CARTESIAN_POINT('',(5.6,-0.465321244299));
#17079 = CARTESIAN_POINT('',(10.25,2.219357507433));
#17080 = CARTESIAN_POINT('',(10.25,-3.14999999603));
#17081 = ( GEOMETRIC_REPRESENTATION_CONTEXT(2) 
PARAMETRIC_REPRESENTATION_CONTEXT() REPRESENTATION_CONTEXT('2D SPACE',''
  ) );
#17082 = PCURVE('',#16824,#17083);
#17083 = DEFINITIONAL_REPRESENTATION('',(#17084),#17088);
#17084 = LINE('',#17085,#17086);
#17085 = CARTESIAN_POINT('',(-6.28318530718,-0.9));
#17086 = VECTOR('',#17087,1.);
#17087 = DIRECTION('',(1.,-0.));
#17088 = ( GEOMETRIC_REPRESENTATION_CONTEXT(2) 
PARAMETRIC_REPRESENTATION_CONTEXT() REPRESENTATION_CONTEXT('2D SPACE',''
  ) );
#17089 = ORIENTED_EDGE('',*,*,#17090,.F.);
#17090 = EDGE_CURVE('',#16914,#17063,#17091,.T.);
#17091 = SURFACE_CURVE('',#17092,(#17096,#17102),.PCURVE_S1.);
#17092 = LINE('',#17093,#17094);
#17093 = CARTESIAN_POINT('',(-3.575,-6.25,11.18));
#17094 = VECTOR('',#17095,1.);
#17095 = DIRECTION('',(1.,0.,0.));
#17096 = PCURVE('',#16143,#17097);
#17097 = DEFINITIONAL_REPRESENTATION('',(#17098),#17101);
#17098 = B_SPLINE_CURVE_WITH_KNOTS('',1,(#17099,#17100),.UNSPECIFIED.,
  .F.,.F.,(2,2),(-3.575,10.725),.PIECEWISE_BEZIER_KNOTS.);
#17099 = CARTESIAN_POINT('',(-7.15,-6.24999999603));
#17100 = CARTESIAN_POINT('',(7.15,-6.24999999603));
#17101 = ( GEOMETRIC_REPRESENTATION_CONTEXT(2) 
PARAMETRIC_REPRESENTATION_CONTEXT() REPRESENTATION_CONTEXT('2D SPACE',''
  ) );
#17102 = PCURVE('',#16851,#17103);
#17103 = DEFINITIONAL_REPRESENTATION('',(#17104),#17107);
#17104 = B_SPLINE_CURVE_WITH_KNOTS('',1,(#17105,#17106),.UNSPECIFIED.,
  .F.,.F.,(2,2),(-3.575,10.725),.PIECEWISE_BEZIER_KNOTS.);
#17105 = CARTESIAN_POINT('',(0.,-0.9));
#17106 = CARTESIAN_POINT('',(14.3,-0.9));
#17107 = ( GEOMETRIC_REPRESENTATION_CONTEXT(2) 
PARAMETRIC_REPRESENTATION_CONTEXT() REPRESENTATION_CONTEXT('2D SPACE',''
  ) );
#17108 = ADVANCED_FACE('',(#17109),#16674,.F.);
#17109 = FACE_BOUND('',#17110,.F.);
#17110 = EDGE_LOOP('',(#17111,#17132,#17133,#17154));
#17111 = ORIENTED_EDGE('',*,*,#17112,.F.);
#17112 = EDGE_CURVE('',#16658,#16944,#17113,.T.);
#17113 = SURFACE_CURVE('',#17114,(#17118,#17125),.PCURVE_S1.);
#17114 = LINE('',#17115,#17116);
#17115 = CARTESIAN_POINT('',(-10.25,3.149999997151,10.28));
#17116 = VECTOR('',#17117,1.);
#17117 = DIRECTION('',(0.,0.,1.));
#17118 = PCURVE('',#16674,#17119);
#17119 = DEFINITIONAL_REPRESENTATION('',(#17120),#17124);
#17120 = LINE('',#17121,#17122);
#17121 = CARTESIAN_POINT('',(6.299999997151,0.));
#17122 = VECTOR('',#17123,1.);
#17123 = DIRECTION('',(0.,-1.));
#17124 = ( GEOMETRIC_REPRESENTATION_CONTEXT(2) 
PARAMETRIC_REPRESENTATION_CONTEXT() REPRESENTATION_CONTEXT('2D SPACE',''
  ) );
#17125 = PCURVE('',#16706,#17126);
#17126 = DEFINITIONAL_REPRESENTATION('',(#17127),#17131);
#17127 = LINE('',#17128,#17129);
#17128 = CARTESIAN_POINT('',(-3.14159265359,0.));
#17129 = VECTOR('',#17130,1.);
#17130 = DIRECTION('',(-0.,-1.));
#17131 = ( GEOMETRIC_REPRESENTATION_CONTEXT(2) 
PARAMETRIC_REPRESENTATION_CONTEXT() REPRESENTATION_CONTEXT('2D SPACE',''
  ) );
#17132 = ORIENTED_EDGE('',*,*,#16657,.T.);
#17133 = ORIENTED_EDGE('',*,*,#17134,.T.);
#17134 = EDGE_CURVE('',#16660,#16916,#17135,.T.);
#17135 = SURFACE_CURVE('',#17136,(#17140,#17147),.PCURVE_S1.);
#17136 = LINE('',#17137,#17138);
#17137 = CARTESIAN_POINT('',(-10.25,-3.15,10.28));
#17138 = VECTOR('',#17139,1.);
#17139 = DIRECTION('',(0.,0.,1.));
#17140 = PCURVE('',#16674,#17141);
#17141 = DEFINITIONAL_REPRESENTATION('',(#17142),#17146);
#17142 = LINE('',#17143,#17144);
#17143 = CARTESIAN_POINT('',(4.440892098501E-16,0.));
#17144 = VECTOR('',#17145,1.);
#17145 = DIRECTION('',(0.,-1.));
#17146 = ( GEOMETRIC_REPRESENTATION_CONTEXT(2) 
PARAMETRIC_REPRESENTATION_CONTEXT() REPRESENTATION_CONTEXT('2D SPACE',''
  ) );
#17147 = PCURVE('',#16881,#17148);
#17148 = DEFINITIONAL_REPRESENTATION('',(#17149),#17153);
#17149 = LINE('',#17150,#17151);
#17150 = CARTESIAN_POINT('',(-3.14159265359,0.));
#17151 = VECTOR('',#17152,1.);
#17152 = DIRECTION('',(-0.,-1.));
#17153 = ( GEOMETRIC_REPRESENTATION_CONTEXT(2) 
PARAMETRIC_REPRESENTATION_CONTEXT() REPRESENTATION_CONTEXT('2D SPACE',''
  ) );
#17154 = ORIENTED_EDGE('',*,*,#16943,.T.);
#17155 = ADVANCED_FACE('',(#17156),#16881,.F.);
#17156 = FACE_BOUND('',#17157,.T.);
#17157 = EDGE_LOOP('',(#17158,#17179,#17180,#17181));
#17158 = ORIENTED_EDGE('',*,*,#17159,.F.);
#17159 = EDGE_CURVE('',#16837,#16914,#17160,.T.);
#17160 = SURFACE_CURVE('',#17161,(#17165,#17172),.PCURVE_S1.);
#17161 = LINE('',#17162,#17163);
#17162 = CARTESIAN_POINT('',(-7.15,-6.25,10.28));
#17163 = VECTOR('',#17164,1.);
#17164 = DIRECTION('',(0.,0.,1.));
#17165 = PCURVE('',#16881,#17166);
#17166 = DEFINITIONAL_REPRESENTATION('',(#17167),#17171);
#17167 = LINE('',#17168,#17169);
#17168 = CARTESIAN_POINT('',(-4.712388980385,0.));
#17169 = VECTOR('',#17170,1.);
#17170 = DIRECTION('',(-0.,-1.));
#17171 = ( GEOMETRIC_REPRESENTATION_CONTEXT(2) 
PARAMETRIC_REPRESENTATION_CONTEXT() REPRESENTATION_CONTEXT('2D SPACE',''
  ) );
#17172 = PCURVE('',#16851,#17173);
#17173 = DEFINITIONAL_REPRESENTATION('',(#17174),#17178);
#17174 = LINE('',#17175,#17176);
#17175 = CARTESIAN_POINT('',(0.,0.));
#17176 = VECTOR('',#17177,1.);
#17177 = DIRECTION('',(0.,-1.));
#17178 = ( GEOMETRIC_REPRESENTATION_CONTEXT(2) 
PARAMETRIC_REPRESENTATION_CONTEXT() REPRESENTATION_CONTEXT('2D SPACE',''
  ) );
#17179 = ORIENTED_EDGE('',*,*,#16862,.T.);
#17180 = ORIENTED_EDGE('',*,*,#17134,.T.);
#17181 = ORIENTED_EDGE('',*,*,#16913,.F.);
#17182 = ADVANCED_FACE('',(#17183),#16851,.T.);
#17183 = FACE_BOUND('',#17184,.T.);
#17184 = EDGE_LOOP('',(#17185,#17206,#17207,#17208));
#17185 = ORIENTED_EDGE('',*,*,#17186,.F.);
#17186 = EDGE_CURVE('',#16804,#17063,#17187,.T.);
#17187 = SURFACE_CURVE('',#17188,(#17192,#17199),.PCURVE_S1.);
#17188 = LINE('',#17189,#17190);
#17189 = CARTESIAN_POINT('',(7.15,-6.25,10.28));
#17190 = VECTOR('',#17191,1.);
#17191 = DIRECTION('',(0.,0.,1.));
#17192 = PCURVE('',#16851,#17193);
#17193 = DEFINITIONAL_REPRESENTATION('',(#17194),#17198);
#17194 = LINE('',#17195,#17196);
#17195 = CARTESIAN_POINT('',(14.3,0.));
#17196 = VECTOR('',#17197,1.);
#17197 = DIRECTION('',(0.,-1.));
#17198 = ( GEOMETRIC_REPRESENTATION_CONTEXT(2) 
PARAMETRIC_REPRESENTATION_CONTEXT() REPRESENTATION_CONTEXT('2D SPACE',''
  ) );
#17199 = PCURVE('',#16824,#17200);
#17200 = DEFINITIONAL_REPRESENTATION('',(#17201),#17205);
#17201 = LINE('',#17202,#17203);
#17202 = CARTESIAN_POINT('',(-4.712388980385,0.));
#17203 = VECTOR('',#17204,1.);
#17204 = DIRECTION('',(-0.,-1.));
#17205 = ( GEOMETRIC_REPRESENTATION_CONTEXT(2) 
PARAMETRIC_REPRESENTATION_CONTEXT() REPRESENTATION_CONTEXT('2D SPACE',''
  ) );
#17206 = ORIENTED_EDGE('',*,*,#16836,.T.);
#17207 = ORIENTED_EDGE('',*,*,#17159,.T.);
#17208 = ORIENTED_EDGE('',*,*,#17090,.T.);
#17209 = ADVANCED_FACE('',(#17210),#16824,.F.);
#17210 = FACE_BOUND('',#17211,.T.);
#17211 = EDGE_LOOP('',(#17212,#17233,#17234,#17235));
#17212 = ORIENTED_EDGE('',*,*,#17213,.F.);
#17213 = EDGE_CURVE('',#16778,#17042,#17214,.T.);
#17214 = SURFACE_CURVE('',#17215,(#17219,#17226),.PCURVE_S1.);
#17215 = LINE('',#17216,#17217);
#17216 = CARTESIAN_POINT('',(10.25,-3.15,10.28));
#17217 = VECTOR('',#17218,1.);
#17218 = DIRECTION('',(0.,0.,1.));
#17219 = PCURVE('',#16824,#17220);
#17220 = DEFINITIONAL_REPRESENTATION('',(#17221),#17225);
#17221 = LINE('',#17222,#17223);
#17222 = CARTESIAN_POINT('',(-6.28318530718,0.));
#17223 = VECTOR('',#17224,1.);
#17224 = DIRECTION('',(-0.,-1.));
#17225 = ( GEOMETRIC_REPRESENTATION_CONTEXT(2) 
PARAMETRIC_REPRESENTATION_CONTEXT() REPRESENTATION_CONTEXT('2D SPACE',''
  ) );
#17226 = PCURVE('',#16792,#17227);
#17227 = DEFINITIONAL_REPRESENTATION('',(#17228),#17232);
#17228 = LINE('',#17229,#17230);
#17229 = CARTESIAN_POINT('',(-4.440892098501E-16,0.));
#17230 = VECTOR('',#17231,1.);
#17231 = DIRECTION('',(0.,-1.));
#17232 = ( GEOMETRIC_REPRESENTATION_CONTEXT(2) 
PARAMETRIC_REPRESENTATION_CONTEXT() REPRESENTATION_CONTEXT('2D SPACE',''
  ) );
#17233 = ORIENTED_EDGE('',*,*,#16803,.T.);
#17234 = ORIENTED_EDGE('',*,*,#17186,.T.);
#17235 = ORIENTED_EDGE('',*,*,#17062,.F.);
#17236 = ADVANCED_FACE('',(#17237),#16792,.T.);
#17237 = FACE_BOUND('',#17238,.T.);
#17238 = EDGE_LOOP('',(#17239,#17260,#17261,#17262));
#17239 = ORIENTED_EDGE('',*,*,#17240,.F.);
#17240 = EDGE_CURVE('',#16745,#17014,#17241,.T.);
#17241 = SURFACE_CURVE('',#17242,(#17246,#17253),.PCURVE_S1.);
#17242 = LINE('',#17243,#17244);
#17243 = CARTESIAN_POINT('',(10.25,3.149999997151,10.28));
#17244 = VECTOR('',#17245,1.);
#17245 = DIRECTION('',(0.,0.,1.));
#17246 = PCURVE('',#16792,#17247);
#17247 = DEFINITIONAL_REPRESENTATION('',(#17248),#17252);
#17248 = LINE('',#17249,#17250);
#17249 = CARTESIAN_POINT('',(6.299999997151,0.));
#17250 = VECTOR('',#17251,1.);
#17251 = DIRECTION('',(0.,-1.));
#17252 = ( GEOMETRIC_REPRESENTATION_CONTEXT(2) 
PARAMETRIC_REPRESENTATION_CONTEXT() REPRESENTATION_CONTEXT('2D SPACE',''
  ) );
#17253 = PCURVE('',#16765,#17254);
#17254 = DEFINITIONAL_REPRESENTATION('',(#17255),#17259);
#17255 = LINE('',#17256,#17257);
#17256 = CARTESIAN_POINT('',(-0.,0.));
#17257 = VECTOR('',#17258,1.);
#17258 = DIRECTION('',(-0.,-1.));
#17259 = ( GEOMETRIC_REPRESENTATION_CONTEXT(2) 
PARAMETRIC_REPRESENTATION_CONTEXT() REPRESENTATION_CONTEXT('2D SPACE',''
  ) );
#17260 = ORIENTED_EDGE('',*,*,#16777,.T.);
#17261 = ORIENTED_EDGE('',*,*,#17213,.T.);
#17262 = ORIENTED_EDGE('',*,*,#17041,.T.);
#17263 = ADVANCED_FACE('',(#17264),#16765,.F.);
#17264 = FACE_BOUND('',#17265,.T.);
#17265 = EDGE_LOOP('',(#17266,#17287,#17288,#17289));
#17266 = ORIENTED_EDGE('',*,*,#17267,.F.);
#17267 = EDGE_CURVE('',#16719,#16993,#17268,.T.);
#17268 = SURFACE_CURVE('',#17269,(#17273,#17280),.PCURVE_S1.);
#17269 = LINE('',#17270,#17271);
#17270 = CARTESIAN_POINT('',(7.15,6.249999998576,10.28));
#17271 = VECTOR('',#17272,1.);
#17272 = DIRECTION('',(0.,0.,1.));
#17273 = PCURVE('',#16765,#17274);
#17274 = DEFINITIONAL_REPRESENTATION('',(#17275),#17279);
#17275 = LINE('',#17276,#17277);
#17276 = CARTESIAN_POINT('',(-1.570796326795,0.));
#17277 = VECTOR('',#17278,1.);
#17278 = DIRECTION('',(-0.,-1.));
#17279 = ( GEOMETRIC_REPRESENTATION_CONTEXT(2) 
PARAMETRIC_REPRESENTATION_CONTEXT() REPRESENTATION_CONTEXT('2D SPACE',''
  ) );
#17280 = PCURVE('',#16733,#17281);
#17281 = DEFINITIONAL_REPRESENTATION('',(#17282),#17286);
#17282 = LINE('',#17283,#17284);
#17283 = CARTESIAN_POINT('',(14.3,0.));
#17284 = VECTOR('',#17285,1.);
#17285 = DIRECTION('',(0.,-1.));
#17286 = ( GEOMETRIC_REPRESENTATION_CONTEXT(2) 
PARAMETRIC_REPRESENTATION_CONTEXT() REPRESENTATION_CONTEXT('2D SPACE',''
  ) );
#17287 = ORIENTED_EDGE('',*,*,#16744,.T.);
#17288 = ORIENTED_EDGE('',*,*,#17240,.T.);
#17289 = ORIENTED_EDGE('',*,*,#17013,.F.);
#17290 = ADVANCED_FACE('',(#17291),#16733,.F.);
#17291 = FACE_BOUND('',#17292,.F.);
#17292 = EDGE_LOOP('',(#17293,#17294,#17295,#17316));
#17293 = ORIENTED_EDGE('',*,*,#17267,.F.);
#17294 = ORIENTED_EDGE('',*,*,#16718,.T.);
#17295 = ORIENTED_EDGE('',*,*,#17296,.T.);
#17296 = EDGE_CURVE('',#16686,#16965,#17297,.T.);
#17297 = SURFACE_CURVE('',#17298,(#17302,#17309),.PCURVE_S1.);
#17298 = LINE('',#17299,#17300);
#17299 = CARTESIAN_POINT('',(-7.15,6.249999998576,10.28));
#17300 = VECTOR('',#17301,1.);
#17301 = DIRECTION('',(0.,0.,1.));
#17302 = PCURVE('',#16733,#17303);
#17303 = DEFINITIONAL_REPRESENTATION('',(#17304),#17308);
#17304 = LINE('',#17305,#17306);
#17305 = CARTESIAN_POINT('',(0.,0.));
#17306 = VECTOR('',#17307,1.);
#17307 = DIRECTION('',(0.,-1.));
#17308 = ( GEOMETRIC_REPRESENTATION_CONTEXT(2) 
PARAMETRIC_REPRESENTATION_CONTEXT() REPRESENTATION_CONTEXT('2D SPACE',''
  ) );
#17309 = PCURVE('',#16706,#17310);
#17310 = DEFINITIONAL_REPRESENTATION('',(#17311),#17315);
#17311 = LINE('',#17312,#17313);
#17312 = CARTESIAN_POINT('',(-1.570796326795,0.));
#17313 = VECTOR('',#17314,1.);
#17314 = DIRECTION('',(-0.,-1.));
#17315 = ( GEOMETRIC_REPRESENTATION_CONTEXT(2) 
PARAMETRIC_REPRESENTATION_CONTEXT() REPRESENTATION_CONTEXT('2D SPACE',''
  ) );
#17316 = ORIENTED_EDGE('',*,*,#16992,.T.);
#17317 = ADVANCED_FACE('',(#17318),#16706,.F.);
#17318 = FACE_BOUND('',#17319,.T.);
#17319 = EDGE_LOOP('',(#17320,#17321,#17322,#17323));
#17320 = ORIENTED_EDGE('',*,*,#17112,.F.);
#17321 = ORIENTED_EDGE('',*,*,#16685,.T.);
#17322 = ORIENTED_EDGE('',*,*,#17296,.T.);
#17323 = ORIENTED_EDGE('',*,*,#16964,.F.);
#17324 = ( GEOMETRIC_REPRESENTATION_CONTEXT(3) 
GLOBAL_UNCERTAINTY_ASSIGNED_CONTEXT((#17328)) 
GLOBAL_UNIT_ASSIGNED_CONTEXT((#17325,#17326,#17327)) 
REPRESENTATION_CONTEXT('Context #1',
  '3D Context with UNIT and UNCERTAINTY') );
#17325 = ( LENGTH_UNIT() NAMED_UNIT(*) SI_UNIT(.MILLI.,.METRE.) );
#17326 = ( NAMED_UNIT(*) PLANE_ANGLE_UNIT() SI_UNIT($,.RADIAN.) );
#17327 = ( NAMED_UNIT(*) SI_UNIT($,.STERADIAN.) SOLID_ANGLE_UNIT() );
#17328 = UNCERTAINTY_MEASURE_WITH_UNIT(LENGTH_MEASURE(1.E-07),#17325,
  'distance_accuracy_value','confusion accuracy');
#17329 = CONTEXT_DEPENDENT_SHAPE_REPRESENTATION(#17330,#17332);
#17330 = ( REPRESENTATION_RELATIONSHIP('','',#12197,#10) 
REPRESENTATION_RELATIONSHIP_WITH_TRANSFORMATION(#17331) 
SHAPE_REPRESENTATION_RELATIONSHIP() );
#17331 = ITEM_DEFINED_TRANSFORMATION('','',#11,#19);
#17332 = PRODUCT_DEFINITION_SHAPE('Placement','Placement of an item',
  #17333);
#17333 = NEXT_ASSEMBLY_USAGE_OCCURRENCE('3','removable_top_cover','',#5,
  #12192,$);
#17334 = PRODUCT_RELATED_PRODUCT_CATEGORY('part',$,(#12194));
#17335 = SHAPE_DEFINITION_REPRESENTATION(#17336,#17342);
#17336 = PRODUCT_DEFINITION_SHAPE('','',#17337);
#17337 = PRODUCT_DEFINITION('design','',#17338,#17341);
#17338 = PRODUCT_DEFINITION_FORMATION('','',#17339);
#17339 = PRODUCT('oled_protective_window','oled_protective_window','',(
    #17340));
#17340 = PRODUCT_CONTEXT('',#2,'mechanical');
#17341 = PRODUCT_DEFINITION_CONTEXT('part definition',#2,'design');
#17342 = ADVANCED_BREP_SHAPE_REPRESENTATION('',(#11,#17343),#17993);
#17343 = MANIFOLD_SOLID_BREP('',#17344);
#17344 = CLOSED_SHELL('',(#17345,#17465,#17543,#17619,#17697,#17773,
    #17851,#17922,#17971,#17982));
#17345 = ADVANCED_FACE('',(#17346),#17360,.T.);
#17346 = FACE_BOUND('',#17347,.T.);
#17347 = EDGE_LOOP('',(#17348,#17383,#17411,#17439));
#17348 = ORIENTED_EDGE('',*,*,#17349,.T.);
#17349 = EDGE_CURVE('',#17350,#17352,#17354,.T.);
#17350 = VERTEX_POINT('',#17351);
#17351 = CARTESIAN_POINT('',(-11.5,-3.9,0.));
#17352 = VERTEX_POINT('',#17353);
#17353 = CARTESIAN_POINT('',(-11.5,-3.9,0.7));
#17354 = SURFACE_CURVE('',#17355,(#17359,#17371),.PCURVE_S1.);
#17355 = LINE('',#17356,#17357);
#17356 = CARTESIAN_POINT('',(-11.5,-3.9,0.));
#17357 = VECTOR('',#17358,1.);
#17358 = DIRECTION('',(0.,0.,1.));
#17359 = PCURVE('',#17360,#17365);
#17360 = PLANE('',#17361);
#17361 = AXIS2_PLACEMENT_3D('',#17362,#17363,#17364);
#17362 = CARTESIAN_POINT('',(-11.5,-3.9,0.));
#17363 = DIRECTION('',(-1.,0.,0.));
#17364 = DIRECTION('',(0.,1.,0.));
#17365 = DEFINITIONAL_REPRESENTATION('',(#17366),#17370);
#17366 = LINE('',#17367,#17368);
#17367 = CARTESIAN_POINT('',(4.440892098501E-16,0.));
#17368 = VECTOR('',#17369,1.);
#17369 = DIRECTION('',(0.,-1.));
#17370 = ( GEOMETRIC_REPRESENTATION_CONTEXT(2) 
PARAMETRIC_REPRESENTATION_CONTEXT() REPRESENTATION_CONTEXT('2D SPACE',''
  ) );
#17371 = PCURVE('',#17372,#17377);
#17372 = CYLINDRICAL_SURFACE('',#17373,3.6);
#17373 = AXIS2_PLACEMENT_3D('',#17374,#17375,#17376);
#17374 = CARTESIAN_POINT('',(-7.9,-3.9,0.));
#17375 = DIRECTION('',(-0.,-0.,-1.));
#17376 = DIRECTION('',(1.,0.,0.));
#17377 = DEFINITIONAL_REPRESENTATION('',(#17378),#17382);
#17378 = LINE('',#17379,#17380);
#17379 = CARTESIAN_POINT('',(-3.14159265359,0.));
#17380 = VECTOR('',#17381,1.);
#17381 = DIRECTION('',(-0.,-1.));
#17382 = ( GEOMETRIC_REPRESENTATION_CONTEXT(2) 
PARAMETRIC_REPRESENTATION_CONTEXT() REPRESENTATION_CONTEXT('2D SPACE',''
  ) );
#17383 = ORIENTED_EDGE('',*,*,#17384,.T.);
#17384 = EDGE_CURVE('',#17352,#17385,#17387,.T.);
#17385 = VERTEX_POINT('',#17386);
#17386 = CARTESIAN_POINT('',(-11.5,3.899999984381,0.7));
#17387 = SURFACE_CURVE('',#17388,(#17392,#17399),.PCURVE_S1.);
#17388 = LINE('',#17389,#17390);
#17389 = CARTESIAN_POINT('',(-11.5,3.552713678801E-15,0.7));
#17390 = VECTOR('',#17391,1.);
#17391 = DIRECTION('',(0.,1.,0.));
#17392 = PCURVE('',#17360,#17393);
#17393 = DEFINITIONAL_REPRESENTATION('',(#17394),#17398);
#17394 = LINE('',#17395,#17396);
#17395 = CARTESIAN_POINT('',(3.9,-0.7));
#17396 = VECTOR('',#17397,1.);
#17397 = DIRECTION('',(1.,0.));
#17398 = ( GEOMETRIC_REPRESENTATION_CONTEXT(2) 
PARAMETRIC_REPRESENTATION_CONTEXT() REPRESENTATION_CONTEXT('2D SPACE',''
  ) );
#17399 = PCURVE('',#17400,#17405);
#17400 = PLANE('',#17401);
#17401 = AXIS2_PLACEMENT_3D('',#17402,#17403,#17404);
#17402 = CARTESIAN_POINT('',(4.341174960723E-16,-4.26182679564E-09,0.7)
  );
#17403 = DIRECTION('',(0.,0.,1.));
#17404 = DIRECTION('',(1.,0.,-0.));
#17405 = DEFINITIONAL_REPRESENTATION('',(#17406),#17410);
#17406 = LINE('',#17407,#17408);
#17407 = CARTESIAN_POINT('',(-11.5,4.261830348354E-09));
#17408 = VECTOR('',#17409,1.);
#17409 = DIRECTION('',(0.,1.));
#17410 = ( GEOMETRIC_REPRESENTATION_CONTEXT(2) 
PARAMETRIC_REPRESENTATION_CONTEXT() REPRESENTATION_CONTEXT('2D SPACE',''
  ) );
#17411 = ORIENTED_EDGE('',*,*,#17412,.F.);
#17412 = EDGE_CURVE('',#17413,#17385,#17415,.T.);
#17413 = VERTEX_POINT('',#17414);
#17414 = CARTESIAN_POINT('',(-11.5,3.899999984381,0.));
#17415 = SURFACE_CURVE('',#17416,(#17420,#17427),.PCURVE_S1.);
#17416 = LINE('',#17417,#17418);
#17417 = CARTESIAN_POINT('',(-11.5,3.899999984381,0.));
#17418 = VECTOR('',#17419,1.);
#17419 = DIRECTION('',(0.,0.,1.));
#17420 = PCURVE('',#17360,#17421);
#17421 = DEFINITIONAL_REPRESENTATION('',(#17422),#17426);
#17422 = LINE('',#17423,#17424);
#17423 = CARTESIAN_POINT('',(7.799999984381,0.));
#17424 = VECTOR('',#17425,1.);
#17425 = DIRECTION('',(0.,-1.));
#17426 = ( GEOMETRIC_REPRESENTATION_CONTEXT(2) 
PARAMETRIC_REPRESENTATION_CONTEXT() REPRESENTATION_CONTEXT('2D SPACE',''
  ) );
#17427 = PCURVE('',#17428,#17433);
#17428 = CYLINDRICAL_SURFACE('',#17429,3.6);
#17429 = AXIS2_PLACEMENT_3D('',#17430,#17431,#17432);
#17430 = CARTESIAN_POINT('',(-7.9,3.899999984381,0.));
#17431 = DIRECTION('',(-0.,-0.,-1.));
#17432 = DIRECTION('',(1.,0.,0.));
#17433 = DEFINITIONAL_REPRESENTATION('',(#17434),#17438);
#17434 = LINE('',#17435,#17436);
#17435 = CARTESIAN_POINT('',(-3.14159265359,0.));
#17436 = VECTOR('',#17437,1.);
#17437 = DIRECTION('',(-0.,-1.));
#17438 = ( GEOMETRIC_REPRESENTATION_CONTEXT(2) 
PARAMETRIC_REPRESENTATION_CONTEXT() REPRESENTATION_CONTEXT('2D SPACE',''
  ) );
#17439 = ORIENTED_EDGE('',*,*,#17440,.F.);
#17440 = EDGE_CURVE('',#17350,#17413,#17441,.T.);
#17441 = SURFACE_CURVE('',#17442,(#17446,#17453),.PCURVE_S1.);
#17442 = LINE('',#17443,#17444);
#17443 = CARTESIAN_POINT('',(-11.5,3.552713678801E-15,0.));
#17444 = VECTOR('',#17445,1.);
#17445 = DIRECTION('',(0.,1.,0.));
#17446 = PCURVE('',#17360,#17447);
#17447 = DEFINITIONAL_REPRESENTATION('',(#17448),#17452);
#17448 = LINE('',#17449,#17450);
#17449 = CARTESIAN_POINT('',(3.9,0.));
#17450 = VECTOR('',#17451,1.);
#17451 = DIRECTION('',(1.,0.));
#17452 = ( GEOMETRIC_REPRESENTATION_CONTEXT(2) 
PARAMETRIC_REPRESENTATION_CONTEXT() REPRESENTATION_CONTEXT('2D SPACE',''
  ) );
#17453 = PCURVE('',#17454,#17459);
#17454 = PLANE('',#17455);
#17455 = AXIS2_PLACEMENT_3D('',#17456,#17457,#17458);
#17456 = CARTESIAN_POINT('',(4.341174960723E-16,-4.26182679564E-09,0.));
#17457 = DIRECTION('',(0.,0.,1.));
#17458 = DIRECTION('',(1.,0.,-0.));
#17459 = DEFINITIONAL_REPRESENTATION('',(#17460),#17464);
#17460 = LINE('',#17461,#17462);
#17461 = CARTESIAN_POINT('',(-11.5,4.261830348354E-09));
#17462 = VECTOR('',#17463,1.);
#17463 = DIRECTION('',(0.,1.));
#17464 = ( GEOMETRIC_REPRESENTATION_CONTEXT(2) 
PARAMETRIC_REPRESENTATION_CONTEXT() REPRESENTATION_CONTEXT('2D SPACE',''
  ) );
#17465 = ADVANCED_FACE('',(#17466),#17372,.T.);
#17466 = FACE_BOUND('',#17467,.F.);
#17467 = EDGE_LOOP('',(#17468,#17469,#17493,#17521));
#17468 = ORIENTED_EDGE('',*,*,#17349,.T.);
#17469 = ORIENTED_EDGE('',*,*,#17470,.T.);
#17470 = EDGE_CURVE('',#17352,#17471,#17473,.T.);
#17471 = VERTEX_POINT('',#17472);
#17472 = CARTESIAN_POINT('',(-7.9,-7.5,0.7));
#17473 = SURFACE_CURVE('',#17474,(#17479,#17486),.PCURVE_S1.);
#17474 = CIRCLE('',#17475,3.6);
#17475 = AXIS2_PLACEMENT_3D('',#17476,#17477,#17478);
#17476 = CARTESIAN_POINT('',(-7.9,-3.9,0.7));
#17477 = DIRECTION('',(0.,0.,1.));
#17478 = DIRECTION('',(1.,0.,0.));
#17479 = PCURVE('',#17372,#17480);
#17480 = DEFINITIONAL_REPRESENTATION('',(#17481),#17485);
#17481 = LINE('',#17482,#17483);
#17482 = CARTESIAN_POINT('',(-0.,-0.7));
#17483 = VECTOR('',#17484,1.);
#17484 = DIRECTION('',(-1.,0.));
#17485 = ( GEOMETRIC_REPRESENTATION_CONTEXT(2) 
PARAMETRIC_REPRESENTATION_CONTEXT() REPRESENTATION_CONTEXT('2D SPACE',''
  ) );
#17486 = PCURVE('',#17400,#17487);
#17487 = DEFINITIONAL_REPRESENTATION('',(#17488),#17492);
#17488 = CIRCLE('',#17489,3.6);
#17489 = AXIS2_PLACEMENT_2D('',#17490,#17491);
#17490 = CARTESIAN_POINT('',(-7.9,-3.899999995738));
#17491 = DIRECTION('',(1.,0.));
#17492 = ( GEOMETRIC_REPRESENTATION_CONTEXT(2) 
PARAMETRIC_REPRESENTATION_CONTEXT() REPRESENTATION_CONTEXT('2D SPACE',''
  ) );
#17493 = ORIENTED_EDGE('',*,*,#17494,.F.);
#17494 = EDGE_CURVE('',#17495,#17471,#17497,.T.);
#17495 = VERTEX_POINT('',#17496);
#17496 = CARTESIAN_POINT('',(-7.9,-7.5,0.));
#17497 = SURFACE_CURVE('',#17498,(#17502,#17509),.PCURVE_S1.);
#17498 = LINE('',#17499,#17500);
#17499 = CARTESIAN_POINT('',(-7.9,-7.5,0.));
#17500 = VECTOR('',#17501,1.);
#17501 = DIRECTION('',(0.,0.,1.));
#17502 = PCURVE('',#17372,#17503);
#17503 = DEFINITIONAL_REPRESENTATION('',(#17504),#17508);
#17504 = LINE('',#17505,#17506);
#17505 = CARTESIAN_POINT('',(-4.712388980385,0.));
#17506 = VECTOR('',#17507,1.);
#17507 = DIRECTION('',(-0.,-1.));
#17508 = ( GEOMETRIC_REPRESENTATION_CONTEXT(2) 
PARAMETRIC_REPRESENTATION_CONTEXT() REPRESENTATION_CONTEXT('2D SPACE',''
  ) );
#17509 = PCURVE('',#17510,#17515);
#17510 = PLANE('',#17511);
#17511 = AXIS2_PLACEMENT_3D('',#17512,#17513,#17514);
#17512 = CARTESIAN_POINT('',(-7.9,-7.5,0.));
#17513 = DIRECTION('',(0.,1.,0.));
#17514 = DIRECTION('',(1.,0.,0.));
#17515 = DEFINITIONAL_REPRESENTATION('',(#17516),#17520);
#17516 = LINE('',#17517,#17518);
#17517 = CARTESIAN_POINT('',(0.,0.));
#17518 = VECTOR('',#17519,1.);
#17519 = DIRECTION('',(0.,-1.));
#17520 = ( GEOMETRIC_REPRESENTATION_CONTEXT(2) 
PARAMETRIC_REPRESENTATION_CONTEXT() REPRESENTATION_CONTEXT('2D SPACE',''
  ) );
#17521 = ORIENTED_EDGE('',*,*,#17522,.F.);
#17522 = EDGE_CURVE('',#17350,#17495,#17523,.T.);
#17523 = SURFACE_CURVE('',#17524,(#17529,#17536),.PCURVE_S1.);
#17524 = CIRCLE('',#17525,3.6);
#17525 = AXIS2_PLACEMENT_3D('',#17526,#17527,#17528);
#17526 = CARTESIAN_POINT('',(-7.9,-3.9,0.));
#17527 = DIRECTION('',(0.,0.,1.));
#17528 = DIRECTION('',(1.,0.,0.));
#17529 = PCURVE('',#17372,#17530);
#17530 = DEFINITIONAL_REPRESENTATION('',(#17531),#17535);
#17531 = LINE('',#17532,#17533);
#17532 = CARTESIAN_POINT('',(-0.,0.));
#17533 = VECTOR('',#17534,1.);
#17534 = DIRECTION('',(-1.,0.));
#17535 = ( GEOMETRIC_REPRESENTATION_CONTEXT(2) 
PARAMETRIC_REPRESENTATION_CONTEXT() REPRESENTATION_CONTEXT('2D SPACE',''
  ) );
#17536 = PCURVE('',#17454,#17537);
#17537 = DEFINITIONAL_REPRESENTATION('',(#17538),#17542);
#17538 = CIRCLE('',#17539,3.6);
#17539 = AXIS2_PLACEMENT_2D('',#17540,#17541);
#17540 = CARTESIAN_POINT('',(-7.9,-3.899999995738));
#17541 = DIRECTION('',(1.,0.));
#17542 = ( GEOMETRIC_REPRESENTATION_CONTEXT(2) 
PARAMETRIC_REPRESENTATION_CONTEXT() REPRESENTATION_CONTEXT('2D SPACE',''
  ) );
#17543 = ADVANCED_FACE('',(#17544),#17510,.F.);
#17544 = FACE_BOUND('',#17545,.F.);
#17545 = EDGE_LOOP('',(#17546,#17547,#17570,#17598));
#17546 = ORIENTED_EDGE('',*,*,#17494,.T.);
#17547 = ORIENTED_EDGE('',*,*,#17548,.T.);
#17548 = EDGE_CURVE('',#17471,#17549,#17551,.T.);
#17549 = VERTEX_POINT('',#17550);
#17550 = CARTESIAN_POINT('',(7.9,-7.5,0.7));
#17551 = SURFACE_CURVE('',#17552,(#17556,#17563),.PCURVE_S1.);
#17552 = LINE('',#17553,#17554);
#17553 = CARTESIAN_POINT('',(0.,-7.5,0.7));
#17554 = VECTOR('',#17555,1.);
#17555 = DIRECTION('',(1.,0.,0.));
#17556 = PCURVE('',#17510,#17557);
#17557 = DEFINITIONAL_REPRESENTATION('',(#17558),#17562);
#17558 = LINE('',#17559,#17560);
#17559 = CARTESIAN_POINT('',(7.9,-0.7));
#17560 = VECTOR('',#17561,1.);
#17561 = DIRECTION('',(1.,0.));
#17562 = ( GEOMETRIC_REPRESENTATION_CONTEXT(2) 
PARAMETRIC_REPRESENTATION_CONTEXT() REPRESENTATION_CONTEXT('2D SPACE',''
  ) );
#17563 = PCURVE('',#17400,#17564);
#17564 = DEFINITIONAL_REPRESENTATION('',(#17565),#17569);
#17565 = LINE('',#17566,#17567);
#17566 = CARTESIAN_POINT('',(-4.341174960723E-16,-7.499999995738));
#17567 = VECTOR('',#17568,1.);
#17568 = DIRECTION('',(1.,0.));
#17569 = ( GEOMETRIC_REPRESENTATION_CONTEXT(2) 
PARAMETRIC_REPRESENTATION_CONTEXT() REPRESENTATION_CONTEXT('2D SPACE',''
  ) );
#17570 = ORIENTED_EDGE('',*,*,#17571,.F.);
#17571 = EDGE_CURVE('',#17572,#17549,#17574,.T.);
#17572 = VERTEX_POINT('',#17573);
#17573 = CARTESIAN_POINT('',(7.9,-7.5,0.));
#17574 = SURFACE_CURVE('',#17575,(#17579,#17586),.PCURVE_S1.);
#17575 = LINE('',#17576,#17577);
#17576 = CARTESIAN_POINT('',(7.9,-7.5,0.));
#17577 = VECTOR('',#17578,1.);
#17578 = DIRECTION('',(0.,0.,1.));
#17579 = PCURVE('',#17510,#17580);
#17580 = DEFINITIONAL_REPRESENTATION('',(#17581),#17585);
#17581 = LINE('',#17582,#17583);
#17582 = CARTESIAN_POINT('',(15.8,0.));
#17583 = VECTOR('',#17584,1.);
#17584 = DIRECTION('',(0.,-1.));
#17585 = ( GEOMETRIC_REPRESENTATION_CONTEXT(2) 
PARAMETRIC_REPRESENTATION_CONTEXT() REPRESENTATION_CONTEXT('2D SPACE',''
  ) );
#17586 = PCURVE('',#17587,#17592);
#17587 = CYLINDRICAL_SURFACE('',#17588,3.6);
#17588 = AXIS2_PLACEMENT_3D('',#17589,#17590,#17591);
#17589 = CARTESIAN_POINT('',(7.9,-3.9,0.));
#17590 = DIRECTION('',(-0.,-0.,-1.));
#17591 = DIRECTION('',(1.,0.,0.));
#17592 = DEFINITIONAL_REPRESENTATION('',(#17593),#17597);
#17593 = LINE('',#17594,#17595);
#17594 = CARTESIAN_POINT('',(-4.712388980385,0.));
#17595 = VECTOR('',#17596,1.);
#17596 = DIRECTION('',(-0.,-1.));
#17597 = ( GEOMETRIC_REPRESENTATION_CONTEXT(2) 
PARAMETRIC_REPRESENTATION_CONTEXT() REPRESENTATION_CONTEXT('2D SPACE',''
  ) );
#17598 = ORIENTED_EDGE('',*,*,#17599,.F.);
#17599 = EDGE_CURVE('',#17495,#17572,#17600,.T.);
#17600 = SURFACE_CURVE('',#17601,(#17605,#17612),.PCURVE_S1.);
#17601 = LINE('',#17602,#17603);
#17602 = CARTESIAN_POINT('',(0.,-7.5,0.));
#17603 = VECTOR('',#17604,1.);
#17604 = DIRECTION('',(1.,0.,0.));
#17605 = PCURVE('',#17510,#17606);
#17606 = DEFINITIONAL_REPRESENTATION('',(#17607),#17611);
#17607 = LINE('',#17608,#17609);
#17608 = CARTESIAN_POINT('',(7.9,0.));
#17609 = VECTOR('',#17610,1.);
#17610 = DIRECTION('',(1.,0.));
#17611 = ( GEOMETRIC_REPRESENTATION_CONTEXT(2) 
PARAMETRIC_REPRESENTATION_CONTEXT() REPRESENTATION_CONTEXT('2D SPACE',''
  ) );
#17612 = PCURVE('',#17454,#17613);
#17613 = DEFINITIONAL_REPRESENTATION('',(#17614),#17618);
#17614 = LINE('',#17615,#17616);
#17615 = CARTESIAN_POINT('',(-4.341174960723E-16,-7.499999995738));
#17616 = VECTOR('',#17617,1.);
#17617 = DIRECTION('',(1.,0.));
#17618 = ( GEOMETRIC_REPRESENTATION_CONTEXT(2) 
PARAMETRIC_REPRESENTATION_CONTEXT() REPRESENTATION_CONTEXT('2D SPACE',''
  ) );
#17619 = ADVANCED_FACE('',(#17620),#17587,.T.);
#17620 = FACE_BOUND('',#17621,.F.);
#17621 = EDGE_LOOP('',(#17622,#17623,#17647,#17675));
#17622 = ORIENTED_EDGE('',*,*,#17571,.T.);
#17623 = ORIENTED_EDGE('',*,*,#17624,.T.);
#17624 = EDGE_CURVE('',#17549,#17625,#17627,.T.);
#17625 = VERTEX_POINT('',#17626);
#17626 = CARTESIAN_POINT('',(11.5,-3.9,0.7));
#17627 = SURFACE_CURVE('',#17628,(#17633,#17640),.PCURVE_S1.);
#17628 = CIRCLE('',#17629,3.6);
#17629 = AXIS2_PLACEMENT_3D('',#17630,#17631,#17632);
#17630 = CARTESIAN_POINT('',(7.9,-3.9,0.7));
#17631 = DIRECTION('',(0.,0.,1.));
#17632 = DIRECTION('',(1.,0.,0.));
#17633 = PCURVE('',#17587,#17634);
#17634 = DEFINITIONAL_REPRESENTATION('',(#17635),#17639);
#17635 = LINE('',#17636,#17637);
#17636 = CARTESIAN_POINT('',(-0.,-0.7));
#17637 = VECTOR('',#17638,1.);
#17638 = DIRECTION('',(-1.,0.));
#17639 = ( GEOMETRIC_REPRESENTATION_CONTEXT(2) 
PARAMETRIC_REPRESENTATION_CONTEXT() REPRESENTATION_CONTEXT('2D SPACE',''
  ) );
#17640 = PCURVE('',#17400,#17641);
#17641 = DEFINITIONAL_REPRESENTATION('',(#17642),#17646);
#17642 = CIRCLE('',#17643,3.6);
#17643 = AXIS2_PLACEMENT_2D('',#17644,#17645);
#17644 = CARTESIAN_POINT('',(7.9,-3.899999995738));
#17645 = DIRECTION('',(1.,0.));
#17646 = ( GEOMETRIC_REPRESENTATION_CONTEXT(2) 
PARAMETRIC_REPRESENTATION_CONTEXT() REPRESENTATION_CONTEXT('2D SPACE',''
  ) );
#17647 = ORIENTED_EDGE('',*,*,#17648,.F.);
#17648 = EDGE_CURVE('',#17649,#17625,#17651,.T.);
#17649 = VERTEX_POINT('',#17650);
#17650 = CARTESIAN_POINT('',(11.5,-3.9,0.));
#17651 = SURFACE_CURVE('',#17652,(#17656,#17663),.PCURVE_S1.);
#17652 = LINE('',#17653,#17654);
#17653 = CARTESIAN_POINT('',(11.5,-3.9,0.));
#17654 = VECTOR('',#17655,1.);
#17655 = DIRECTION('',(0.,0.,1.));
#17656 = PCURVE('',#17587,#17657);
#17657 = DEFINITIONAL_REPRESENTATION('',(#17658),#17662);
#17658 = LINE('',#17659,#17660);
#17659 = CARTESIAN_POINT('',(-6.28318530718,0.));
#17660 = VECTOR('',#17661,1.);
#17661 = DIRECTION('',(-0.,-1.));
#17662 = ( GEOMETRIC_REPRESENTATION_CONTEXT(2) 
PARAMETRIC_REPRESENTATION_CONTEXT() REPRESENTATION_CONTEXT('2D SPACE',''
  ) );
#17663 = PCURVE('',#17664,#17669);
#17664 = PLANE('',#17665);
#17665 = AXIS2_PLACEMENT_3D('',#17666,#17667,#17668);
#17666 = CARTESIAN_POINT('',(11.5,-3.9,0.));
#17667 = DIRECTION('',(-1.,0.,0.));
#17668 = DIRECTION('',(0.,1.,0.));
#17669 = DEFINITIONAL_REPRESENTATION('',(#17670),#17674);
#17670 = LINE('',#17671,#17672);
#17671 = CARTESIAN_POINT('',(-4.440892098501E-16,0.));
#17672 = VECTOR('',#17673,1.);
#17673 = DIRECTION('',(0.,-1.));
#17674 = ( GEOMETRIC_REPRESENTATION_CONTEXT(2) 
PARAMETRIC_REPRESENTATION_CONTEXT() REPRESENTATION_CONTEXT('2D SPACE',''
  ) );
#17675 = ORIENTED_EDGE('',*,*,#17676,.F.);
#17676 = EDGE_CURVE('',#17572,#17649,#17677,.T.);
#17677 = SURFACE_CURVE('',#17678,(#17683,#17690),.PCURVE_S1.);
#17678 = CIRCLE('',#17679,3.6);
#17679 = AXIS2_PLACEMENT_3D('',#17680,#17681,#17682);
#17680 = CARTESIAN_POINT('',(7.9,-3.9,0.));
#17681 = DIRECTION('',(0.,0.,1.));
#17682 = DIRECTION('',(1.,0.,0.));
#17683 = PCURVE('',#17587,#17684);
#17684 = DEFINITIONAL_REPRESENTATION('',(#17685),#17689);
#17685 = LINE('',#17686,#17687);
#17686 = CARTESIAN_POINT('',(-0.,0.));
#17687 = VECTOR('',#17688,1.);
#17688 = DIRECTION('',(-1.,0.));
#17689 = ( GEOMETRIC_REPRESENTATION_CONTEXT(2) 
PARAMETRIC_REPRESENTATION_CONTEXT() REPRESENTATION_CONTEXT('2D SPACE',''
  ) );
#17690 = PCURVE('',#17454,#17691);
#17691 = DEFINITIONAL_REPRESENTATION('',(#17692),#17696);
#17692 = CIRCLE('',#17693,3.6);
#17693 = AXIS2_PLACEMENT_2D('',#17694,#17695);
#17694 = CARTESIAN_POINT('',(7.9,-3.899999995738));
#17695 = DIRECTION('',(1.,0.));
#17696 = ( GEOMETRIC_REPRESENTATION_CONTEXT(2) 
PARAMETRIC_REPRESENTATION_CONTEXT() REPRESENTATION_CONTEXT('2D SPACE',''
  ) );
#17697 = ADVANCED_FACE('',(#17698),#17664,.F.);
#17698 = FACE_BOUND('',#17699,.F.);
#17699 = EDGE_LOOP('',(#17700,#17701,#17724,#17752));
#17700 = ORIENTED_EDGE('',*,*,#17648,.T.);
#17701 = ORIENTED_EDGE('',*,*,#17702,.T.);
#17702 = EDGE_CURVE('',#17625,#17703,#17705,.T.);
#17703 = VERTEX_POINT('',#17704);
#17704 = CARTESIAN_POINT('',(11.5,3.899999984381,0.7));
#17705 = SURFACE_CURVE('',#17706,(#17710,#17717),.PCURVE_S1.);
#17706 = LINE('',#17707,#17708);
#17707 = CARTESIAN_POINT('',(11.5,3.552713678801E-15,0.7));
#17708 = VECTOR('',#17709,1.);
#17709 = DIRECTION('',(0.,1.,0.));
#17710 = PCURVE('',#17664,#17711);
#17711 = DEFINITIONAL_REPRESENTATION('',(#17712),#17716);
#17712 = LINE('',#17713,#17714);
#17713 = CARTESIAN_POINT('',(3.9,-0.7));
#17714 = VECTOR('',#17715,1.);
#17715 = DIRECTION('',(1.,0.));
#17716 = ( GEOMETRIC_REPRESENTATION_CONTEXT(2) 
PARAMETRIC_REPRESENTATION_CONTEXT() REPRESENTATION_CONTEXT('2D SPACE',''
  ) );
#17717 = PCURVE('',#17400,#17718);
#17718 = DEFINITIONAL_REPRESENTATION('',(#17719),#17723);
#17719 = LINE('',#17720,#17721);
#17720 = CARTESIAN_POINT('',(11.5,4.261830348354E-09));
#17721 = VECTOR('',#17722,1.);
#17722 = DIRECTION('',(0.,1.));
#17723 = ( GEOMETRIC_REPRESENTATION_CONTEXT(2) 
PARAMETRIC_REPRESENTATION_CONTEXT() REPRESENTATION_CONTEXT('2D SPACE',''
  ) );
#17724 = ORIENTED_EDGE('',*,*,#17725,.F.);
#17725 = EDGE_CURVE('',#17726,#17703,#17728,.T.);
#17726 = VERTEX_POINT('',#17727);
#17727 = CARTESIAN_POINT('',(11.5,3.899999984381,0.));
#17728 = SURFACE_CURVE('',#17729,(#17733,#17740),.PCURVE_S1.);
#17729 = LINE('',#17730,#17731);
#17730 = CARTESIAN_POINT('',(11.5,3.899999984381,0.));
#17731 = VECTOR('',#17732,1.);
#17732 = DIRECTION('',(0.,0.,1.));
#17733 = PCURVE('',#17664,#17734);
#17734 = DEFINITIONAL_REPRESENTATION('',(#17735),#17739);
#17735 = LINE('',#17736,#17737);
#17736 = CARTESIAN_POINT('',(7.799999984381,0.));
#17737 = VECTOR('',#17738,1.);
#17738 = DIRECTION('',(0.,-1.));
#17739 = ( GEOMETRIC_REPRESENTATION_CONTEXT(2) 
PARAMETRIC_REPRESENTATION_CONTEXT() REPRESENTATION_CONTEXT('2D SPACE',''
  ) );
#17740 = PCURVE('',#17741,#17746);
#17741 = CYLINDRICAL_SURFACE('',#17742,3.6);
#17742 = AXIS2_PLACEMENT_3D('',#17743,#17744,#17745);
#17743 = CARTESIAN_POINT('',(7.9,3.899999984381,0.));
#17744 = DIRECTION('',(-0.,-0.,-1.));
#17745 = DIRECTION('',(1.,0.,0.));
#17746 = DEFINITIONAL_REPRESENTATION('',(#17747),#17751);
#17747 = LINE('',#17748,#17749);
#17748 = CARTESIAN_POINT('',(-0.,0.));
#17749 = VECTOR('',#17750,1.);
#17750 = DIRECTION('',(-0.,-1.));
#17751 = ( GEOMETRIC_REPRESENTATION_CONTEXT(2) 
PARAMETRIC_REPRESENTATION_CONTEXT() REPRESENTATION_CONTEXT('2D SPACE',''
  ) );
#17752 = ORIENTED_EDGE('',*,*,#17753,.F.);
#17753 = EDGE_CURVE('',#17649,#17726,#17754,.T.);
#17754 = SURFACE_CURVE('',#17755,(#17759,#17766),.PCURVE_S1.);
#17755 = LINE('',#17756,#17757);
#17756 = CARTESIAN_POINT('',(11.5,3.552713678801E-15,0.));
#17757 = VECTOR('',#17758,1.);
#17758 = DIRECTION('',(0.,1.,0.));
#17759 = PCURVE('',#17664,#17760);
#17760 = DEFINITIONAL_REPRESENTATION('',(#17761),#17765);
#17761 = LINE('',#17762,#17763);
#17762 = CARTESIAN_POINT('',(3.9,0.));
#17763 = VECTOR('',#17764,1.);
#17764 = DIRECTION('',(1.,0.));
#17765 = ( GEOMETRIC_REPRESENTATION_CONTEXT(2) 
PARAMETRIC_REPRESENTATION_CONTEXT() REPRESENTATION_CONTEXT('2D SPACE',''
  ) );
#17766 = PCURVE('',#17454,#17767);
#17767 = DEFINITIONAL_REPRESENTATION('',(#17768),#17772);
#17768 = LINE('',#17769,#17770);
#17769 = CARTESIAN_POINT('',(11.5,4.261830348354E-09));
#17770 = VECTOR('',#17771,1.);
#17771 = DIRECTION('',(0.,1.));
#17772 = ( GEOMETRIC_REPRESENTATION_CONTEXT(2) 
PARAMETRIC_REPRESENTATION_CONTEXT() REPRESENTATION_CONTEXT('2D SPACE',''
  ) );
#17773 = ADVANCED_FACE('',(#17774),#17741,.T.);
#17774 = FACE_BOUND('',#17775,.F.);
#17775 = EDGE_LOOP('',(#17776,#17777,#17801,#17829));
#17776 = ORIENTED_EDGE('',*,*,#17725,.T.);
#17777 = ORIENTED_EDGE('',*,*,#17778,.T.);
#17778 = EDGE_CURVE('',#17703,#17779,#17781,.T.);
#17779 = VERTEX_POINT('',#17780);
#17780 = CARTESIAN_POINT('',(7.9,7.499999992191,0.7));
#17781 = SURFACE_CURVE('',#17782,(#17787,#17794),.PCURVE_S1.);
#17782 = CIRCLE('',#17783,3.6);
#17783 = AXIS2_PLACEMENT_3D('',#17784,#17785,#17786);
#17784 = CARTESIAN_POINT('',(7.9,3.899999984381,0.7));
#17785 = DIRECTION('',(0.,0.,1.));
#17786 = DIRECTION('',(1.,0.,0.));
#17787 = PCURVE('',#17741,#17788);
#17788 = DEFINITIONAL_REPRESENTATION('',(#17789),#17793);
#17789 = LINE('',#17790,#17791);
#17790 = CARTESIAN_POINT('',(-0.,-0.7));
#17791 = VECTOR('',#17792,1.);
#17792 = DIRECTION('',(-1.,0.));
#17793 = ( GEOMETRIC_REPRESENTATION_CONTEXT(2) 
PARAMETRIC_REPRESENTATION_CONTEXT() REPRESENTATION_CONTEXT('2D SPACE',''
  ) );
#17794 = PCURVE('',#17400,#17795);
#17795 = DEFINITIONAL_REPRESENTATION('',(#17796),#17800);
#17796 = CIRCLE('',#17797,3.6);
#17797 = AXIS2_PLACEMENT_2D('',#17798,#17799);
#17798 = CARTESIAN_POINT('',(7.9,3.899999988643));
#17799 = DIRECTION('',(1.,0.));
#17800 = ( GEOMETRIC_REPRESENTATION_CONTEXT(2) 
PARAMETRIC_REPRESENTATION_CONTEXT() REPRESENTATION_CONTEXT('2D SPACE',''
  ) );
#17801 = ORIENTED_EDGE('',*,*,#17802,.F.);
#17802 = EDGE_CURVE('',#17803,#17779,#17805,.T.);
#17803 = VERTEX_POINT('',#17804);
#17804 = CARTESIAN_POINT('',(7.9,7.499999992191,0.));
#17805 = SURFACE_CURVE('',#17806,(#17810,#17817),.PCURVE_S1.);
#17806 = LINE('',#17807,#17808);
#17807 = CARTESIAN_POINT('',(7.9,7.499999992191,0.));
#17808 = VECTOR('',#17809,1.);
#17809 = DIRECTION('',(0.,0.,1.));
#17810 = PCURVE('',#17741,#17811);
#17811 = DEFINITIONAL_REPRESENTATION('',(#17812),#17816);
#17812 = LINE('',#17813,#17814);
#17813 = CARTESIAN_POINT('',(-1.570796326795,0.));
#17814 = VECTOR('',#17815,1.);
#17815 = DIRECTION('',(-0.,-1.));
#17816 = ( GEOMETRIC_REPRESENTATION_CONTEXT(2) 
PARAMETRIC_REPRESENTATION_CONTEXT() REPRESENTATION_CONTEXT('2D SPACE',''
  ) );
#17817 = PCURVE('',#17818,#17823);
#17818 = PLANE('',#17819);
#17819 = AXIS2_PLACEMENT_3D('',#17820,#17821,#17822);
#17820 = CARTESIAN_POINT('',(-7.9,7.5,0.));
#17821 = DIRECTION('',(0.,1.,0.));
#17822 = DIRECTION('',(1.,0.,0.));
#17823 = DEFINITIONAL_REPRESENTATION('',(#17824),#17828);
#17824 = LINE('',#17825,#17826);
#17825 = CARTESIAN_POINT('',(15.8,0.));
#17826 = VECTOR('',#17827,1.);
#17827 = DIRECTION('',(0.,-1.));
#17828 = ( GEOMETRIC_REPRESENTATION_CONTEXT(2) 
PARAMETRIC_REPRESENTATION_CONTEXT() REPRESENTATION_CONTEXT('2D SPACE',''
  ) );
#17829 = ORIENTED_EDGE('',*,*,#17830,.F.);
#17830 = EDGE_CURVE('',#17726,#17803,#17831,.T.);
#17831 = SURFACE_CURVE('',#17832,(#17837,#17844),.PCURVE_S1.);
#17832 = CIRCLE('',#17833,3.6);
#17833 = AXIS2_PLACEMENT_3D('',#17834,#17835,#17836);
#17834 = CARTESIAN_POINT('',(7.9,3.899999984381,0.));
#17835 = DIRECTION('',(0.,0.,1.));
#17836 = DIRECTION('',(1.,0.,0.));
#17837 = PCURVE('',#17741,#17838);
#17838 = DEFINITIONAL_REPRESENTATION('',(#17839),#17843);
#17839 = LINE('',#17840,#17841);
#17840 = CARTESIAN_POINT('',(-0.,0.));
#17841 = VECTOR('',#17842,1.);
#17842 = DIRECTION('',(-1.,0.));
#17843 = ( GEOMETRIC_REPRESENTATION_CONTEXT(2) 
PARAMETRIC_REPRESENTATION_CONTEXT() REPRESENTATION_CONTEXT('2D SPACE',''
  ) );
#17844 = PCURVE('',#17454,#17845);
#17845 = DEFINITIONAL_REPRESENTATION('',(#17846),#17850);
#17846 = CIRCLE('',#17847,3.6);
#17847 = AXIS2_PLACEMENT_2D('',#17848,#17849);
#17848 = CARTESIAN_POINT('',(7.9,3.899999988643));
#17849 = DIRECTION('',(1.,0.));
#17850 = ( GEOMETRIC_REPRESENTATION_CONTEXT(2) 
PARAMETRIC_REPRESENTATION_CONTEXT() REPRESENTATION_CONTEXT('2D SPACE',''
  ) );
#17851 = ADVANCED_FACE('',(#17852),#17818,.T.);
#17852 = FACE_BOUND('',#17853,.T.);
#17853 = EDGE_LOOP('',(#17854,#17879,#17900,#17901));
#17854 = ORIENTED_EDGE('',*,*,#17855,.T.);
#17855 = EDGE_CURVE('',#17856,#17858,#17860,.T.);
#17856 = VERTEX_POINT('',#17857);
#17857 = CARTESIAN_POINT('',(-7.9,7.499999992191,0.));
#17858 = VERTEX_POINT('',#17859);
#17859 = CARTESIAN_POINT('',(-7.9,7.499999992191,0.7));
#17860 = SURFACE_CURVE('',#17861,(#17865,#17872),.PCURVE_S1.);
#17861 = LINE('',#17862,#17863);
#17862 = CARTESIAN_POINT('',(-7.9,7.499999992191,0.));
#17863 = VECTOR('',#17864,1.);
#17864 = DIRECTION('',(0.,0.,1.));
#17865 = PCURVE('',#17818,#17866);
#17866 = DEFINITIONAL_REPRESENTATION('',(#17867),#17871);
#17867 = LINE('',#17868,#17869);
#17868 = CARTESIAN_POINT('',(0.,0.));
#17869 = VECTOR('',#17870,1.);
#17870 = DIRECTION('',(0.,-1.));
#17871 = ( GEOMETRIC_REPRESENTATION_CONTEXT(2) 
PARAMETRIC_REPRESENTATION_CONTEXT() REPRESENTATION_CONTEXT('2D SPACE',''
  ) );
#17872 = PCURVE('',#17428,#17873);
#17873 = DEFINITIONAL_REPRESENTATION('',(#17874),#17878);
#17874 = LINE('',#17875,#17876);
#17875 = CARTESIAN_POINT('',(-1.570796326795,0.));
#17876 = VECTOR('',#17877,1.);
#17877 = DIRECTION('',(-0.,-1.));
#17878 = ( GEOMETRIC_REPRESENTATION_CONTEXT(2) 
PARAMETRIC_REPRESENTATION_CONTEXT() REPRESENTATION_CONTEXT('2D SPACE',''
  ) );
#17879 = ORIENTED_EDGE('',*,*,#17880,.T.);
#17880 = EDGE_CURVE('',#17858,#17779,#17881,.T.);
#17881 = SURFACE_CURVE('',#17882,(#17886,#17893),.PCURVE_S1.);
#17882 = LINE('',#17883,#17884);
#17883 = CARTESIAN_POINT('',(0.,7.5,0.7));
#17884 = VECTOR('',#17885,1.);
#17885 = DIRECTION('',(1.,0.,0.));
#17886 = PCURVE('',#17818,#17887);
#17887 = DEFINITIONAL_REPRESENTATION('',(#17888),#17892);
#17888 = LINE('',#17889,#17890);
#17889 = CARTESIAN_POINT('',(7.9,-0.7));
#17890 = VECTOR('',#17891,1.);
#17891 = DIRECTION('',(1.,0.));
#17892 = ( GEOMETRIC_REPRESENTATION_CONTEXT(2) 
PARAMETRIC_REPRESENTATION_CONTEXT() REPRESENTATION_CONTEXT('2D SPACE',''
  ) );
#17893 = PCURVE('',#17400,#17894);
#17894 = DEFINITIONAL_REPRESENTATION('',(#17895),#17899);
#17895 = LINE('',#17896,#17897);
#17896 = CARTESIAN_POINT('',(-4.341174960723E-16,7.500000004262));
#17897 = VECTOR('',#17898,1.);
#17898 = DIRECTION('',(1.,0.));
#17899 = ( GEOMETRIC_REPRESENTATION_CONTEXT(2) 
PARAMETRIC_REPRESENTATION_CONTEXT() REPRESENTATION_CONTEXT('2D SPACE',''
  ) );
#17900 = ORIENTED_EDGE('',*,*,#17802,.F.);
#17901 = ORIENTED_EDGE('',*,*,#17902,.F.);
#17902 = EDGE_CURVE('',#17856,#17803,#17903,.T.);
#17903 = SURFACE_CURVE('',#17904,(#17908,#17915),.PCURVE_S1.);
#17904 = LINE('',#17905,#17906);
#17905 = CARTESIAN_POINT('',(0.,7.5,0.));
#17906 = VECTOR('',#17907,1.);
#17907 = DIRECTION('',(1.,0.,0.));
#17908 = PCURVE('',#17818,#17909);
#17909 = DEFINITIONAL_REPRESENTATION('',(#17910),#17914);
#17910 = LINE('',#17911,#17912);
#17911 = CARTESIAN_POINT('',(7.9,0.));
#17912 = VECTOR('',#17913,1.);
#17913 = DIRECTION('',(1.,0.));
#17914 = ( GEOMETRIC_REPRESENTATION_CONTEXT(2) 
PARAMETRIC_REPRESENTATION_CONTEXT() REPRESENTATION_CONTEXT('2D SPACE',''
  ) );
#17915 = PCURVE('',#17454,#17916);
#17916 = DEFINITIONAL_REPRESENTATION('',(#17917),#17921);
#17917 = LINE('',#17918,#17919);
#17918 = CARTESIAN_POINT('',(-4.341174960723E-16,7.500000004262));
#17919 = VECTOR('',#17920,1.);
#17920 = DIRECTION('',(1.,0.));
#17921 = ( GEOMETRIC_REPRESENTATION_CONTEXT(2) 
PARAMETRIC_REPRESENTATION_CONTEXT() REPRESENTATION_CONTEXT('2D SPACE',''
  ) );
#17922 = ADVANCED_FACE('',(#17923),#17428,.T.);
#17923 = FACE_BOUND('',#17924,.F.);
#17924 = EDGE_LOOP('',(#17925,#17926,#17948,#17949));
#17925 = ORIENTED_EDGE('',*,*,#17855,.T.);
#17926 = ORIENTED_EDGE('',*,*,#17927,.T.);
#17927 = EDGE_CURVE('',#17858,#17385,#17928,.T.);
#17928 = SURFACE_CURVE('',#17929,(#17934,#17941),.PCURVE_S1.);
#17929 = CIRCLE('',#17930,3.6);
#17930 = AXIS2_PLACEMENT_3D('',#17931,#17932,#17933);
#17931 = CARTESIAN_POINT('',(-7.9,3.899999984381,0.7));
#17932 = DIRECTION('',(0.,0.,1.));
#17933 = DIRECTION('',(1.,0.,0.));
#17934 = PCURVE('',#17428,#17935);
#17935 = DEFINITIONAL_REPRESENTATION('',(#17936),#17940);
#17936 = LINE('',#17937,#17938);
#17937 = CARTESIAN_POINT('',(-0.,-0.7));
#17938 = VECTOR('',#17939,1.);
#17939 = DIRECTION('',(-1.,0.));
#17940 = ( GEOMETRIC_REPRESENTATION_CONTEXT(2) 
PARAMETRIC_REPRESENTATION_CONTEXT() REPRESENTATION_CONTEXT('2D SPACE',''
  ) );
#17941 = PCURVE('',#17400,#17942);
#17942 = DEFINITIONAL_REPRESENTATION('',(#17943),#17947);
#17943 = CIRCLE('',#17944,3.6);
#17944 = AXIS2_PLACEMENT_2D('',#17945,#17946);
#17945 = CARTESIAN_POINT('',(-7.9,3.899999988643));
#17946 = DIRECTION('',(1.,0.));
#17947 = ( GEOMETRIC_REPRESENTATION_CONTEXT(2) 
PARAMETRIC_REPRESENTATION_CONTEXT() REPRESENTATION_CONTEXT('2D SPACE',''
  ) );
#17948 = ORIENTED_EDGE('',*,*,#17412,.F.);
#17949 = ORIENTED_EDGE('',*,*,#17950,.F.);
#17950 = EDGE_CURVE('',#17856,#17413,#17951,.T.);
#17951 = SURFACE_CURVE('',#17952,(#17957,#17964),.PCURVE_S1.);
#17952 = CIRCLE('',#17953,3.6);
#17953 = AXIS2_PLACEMENT_3D('',#17954,#17955,#17956);
#17954 = CARTESIAN_POINT('',(-7.9,3.899999984381,0.));
#17955 = DIRECTION('',(0.,0.,1.));
#17956 = DIRECTION('',(1.,0.,0.));
#17957 = PCURVE('',#17428,#17958);
#17958 = DEFINITIONAL_REPRESENTATION('',(#17959),#17963);
#17959 = LINE('',#17960,#17961);
#17960 = CARTESIAN_POINT('',(-0.,0.));
#17961 = VECTOR('',#17962,1.);
#17962 = DIRECTION('',(-1.,0.));
#17963 = ( GEOMETRIC_REPRESENTATION_CONTEXT(2) 
PARAMETRIC_REPRESENTATION_CONTEXT() REPRESENTATION_CONTEXT('2D SPACE',''
  ) );
#17964 = PCURVE('',#17454,#17965);
#17965 = DEFINITIONAL_REPRESENTATION('',(#17966),#17970);
#17966 = CIRCLE('',#17967,3.6);
#17967 = AXIS2_PLACEMENT_2D('',#17968,#17969);
#17968 = CARTESIAN_POINT('',(-7.9,3.899999988643));
#17969 = DIRECTION('',(1.,0.));
#17970 = ( GEOMETRIC_REPRESENTATION_CONTEXT(2) 
PARAMETRIC_REPRESENTATION_CONTEXT() REPRESENTATION_CONTEXT('2D SPACE',''
  ) );
#17971 = ADVANCED_FACE('',(#17972),#17454,.F.);
#17972 = FACE_BOUND('',#17973,.F.);
#17973 = EDGE_LOOP('',(#17974,#17975,#17976,#17977,#17978,#17979,#17980,
    #17981));
#17974 = ORIENTED_EDGE('',*,*,#17440,.F.);
#17975 = ORIENTED_EDGE('',*,*,#17522,.T.);
#17976 = ORIENTED_EDGE('',*,*,#17599,.T.);
#17977 = ORIENTED_EDGE('',*,*,#17676,.T.);
#17978 = ORIENTED_EDGE('',*,*,#17753,.T.);
#17979 = ORIENTED_EDGE('',*,*,#17830,.T.);
#17980 = ORIENTED_EDGE('',*,*,#17902,.F.);
#17981 = ORIENTED_EDGE('',*,*,#17950,.T.);
#17982 = ADVANCED_FACE('',(#17983),#17400,.T.);
#17983 = FACE_BOUND('',#17984,.T.);
#17984 = EDGE_LOOP('',(#17985,#17986,#17987,#17988,#17989,#17990,#17991,
    #17992));
#17985 = ORIENTED_EDGE('',*,*,#17384,.F.);
#17986 = ORIENTED_EDGE('',*,*,#17470,.T.);
#17987 = ORIENTED_EDGE('',*,*,#17548,.T.);
#17988 = ORIENTED_EDGE('',*,*,#17624,.T.);
#17989 = ORIENTED_EDGE('',*,*,#17702,.T.);
#17990 = ORIENTED_EDGE('',*,*,#17778,.T.);
#17991 = ORIENTED_EDGE('',*,*,#17880,.F.);
#17992 = ORIENTED_EDGE('',*,*,#17927,.T.);
#17993 = ( GEOMETRIC_REPRESENTATION_CONTEXT(3) 
GLOBAL_UNCERTAINTY_ASSIGNED_CONTEXT((#17997)) 
GLOBAL_UNIT_ASSIGNED_CONTEXT((#17994,#17995,#17996)) 
REPRESENTATION_CONTEXT('Context #1',
  '3D Context with UNIT and UNCERTAINTY') );
#17994 = ( LENGTH_UNIT() NAMED_UNIT(*) SI_UNIT(.MILLI.,.METRE.) );
#17995 = ( NAMED_UNIT(*) PLANE_ANGLE_UNIT() SI_UNIT($,.RADIAN.) );
#17996 = ( NAMED_UNIT(*) SI_UNIT($,.STERADIAN.) SOLID_ANGLE_UNIT() );
#17997 = UNCERTAINTY_MEASURE_WITH_UNIT(LENGTH_MEASURE(1.E-07),#17994,
  'distance_accuracy_value','confusion accuracy');
#17998 = CONTEXT_DEPENDENT_SHAPE_REPRESENTATION(#17999,#18001);
#17999 = ( REPRESENTATION_RELATIONSHIP('','',#17342,#10) 
REPRESENTATION_RELATIONSHIP_WITH_TRANSFORMATION(#18000) 
SHAPE_REPRESENTATION_RELATIONSHIP() );
#18000 = ITEM_DEFINED_TRANSFORMATION('','',#11,#23);
#18001 = PRODUCT_DEFINITION_SHAPE('Placement','Placement of an item',
  #18002);
#18002 = NEXT_ASSEMBLY_USAGE_OCCURRENCE('4','oled_protective_window','',
  #5,#17337,$);
#18003 = PRODUCT_RELATED_PRODUCT_CATEGORY('part',$,(#17339));
#18004 = SHAPE_DEFINITION_REPRESENTATION(#18005,#18011);
#18005 = PRODUCT_DEFINITION_SHAPE('','',#18006);
#18006 = PRODUCT_DEFINITION('design','',#18007,#18010);
#18007 = PRODUCT_DEFINITION_FORMATION('','',#18008);
#18008 = PRODUCT('sos_button_plunger','sos_button_plunger','',(#18009));
#18009 = PRODUCT_CONTEXT('',#2,'mechanical');
#18010 = PRODUCT_DEFINITION_CONTEXT('part definition',#2,'design');
#18011 = ADVANCED_BREP_SHAPE_REPRESENTATION('',(#11,#18012),#18200);
#18012 = MANIFOLD_SOLID_BREP('',#18013);
#18013 = CLOSED_SHELL('',(#18014,#18102,#18137,#18141,#18196));
#18014 = ADVANCED_FACE('',(#18015),#18029,.T.);
#18015 = FACE_BOUND('',#18016,.T.);
#18016 = EDGE_LOOP('',(#18017,#18047,#18074,#18075));
#18017 = ORIENTED_EDGE('',*,*,#18018,.T.);
#18018 = EDGE_CURVE('',#18019,#18021,#18023,.T.);
#18019 = VERTEX_POINT('',#18020);
#18020 = CARTESIAN_POINT('',(-24.,-5.633375276078E-16,2.4));
#18021 = VERTEX_POINT('',#18022);
#18022 = CARTESIAN_POINT('',(-19.6,-5.633375276078E-16,2.4));
#18023 = SEAM_CURVE('',#18024,(#18028,#18040),.PCURVE_S1.);
#18024 = LINE('',#18025,#18026);
#18025 = CARTESIAN_POINT('',(-24.4,-5.633375276078E-16,2.4));
#18026 = VECTOR('',#18027,1.);
#18027 = DIRECTION('',(1.,0.,2.22044604925E-16));
#18028 = PCURVE('',#18029,#18034);
#18029 = CYLINDRICAL_SURFACE('',#18030,2.3);
#18030 = AXIS2_PLACEMENT_3D('',#18031,#18032,#18033);
#18031 = CARTESIAN_POINT('',(-24.4,0.,4.7));
#18032 = DIRECTION('',(1.,0.,2.22044604925E-16));
#18033 = DIRECTION('',(2.22044604925E-16,0.,-1.));
#18034 = DEFINITIONAL_REPRESENTATION('',(#18035),#18039);
#18035 = LINE('',#18036,#18037);
#18036 = CARTESIAN_POINT('',(6.28318530718,-0.));
#18037 = VECTOR('',#18038,1.);
#18038 = DIRECTION('',(0.,1.));
#18039 = ( GEOMETRIC_REPRESENTATION_CONTEXT(2) 
PARAMETRIC_REPRESENTATION_CONTEXT() REPRESENTATION_CONTEXT('2D SPACE',''
  ) );
#18040 = PCURVE('',#18029,#18041);
#18041 = DEFINITIONAL_REPRESENTATION('',(#18042),#18046);
#18042 = LINE('',#18043,#18044);
#18043 = CARTESIAN_POINT('',(0.,-0.));
#18044 = VECTOR('',#18045,1.);
#18045 = DIRECTION('',(0.,1.));
#18046 = ( GEOMETRIC_REPRESENTATION_CONTEXT(2) 
PARAMETRIC_REPRESENTATION_CONTEXT() REPRESENTATION_CONTEXT('2D SPACE',''
  ) );
#18047 = ORIENTED_EDGE('',*,*,#18048,.F.);
#18048 = EDGE_CURVE('',#18021,#18021,#18049,.T.);
#18049 = SURFACE_CURVE('',#18050,(#18055,#18062),.PCURVE_S1.);
#18050 = CIRCLE('',#18051,2.3);
#18051 = AXIS2_PLACEMENT_3D('',#18052,#18053,#18054);
#18052 = CARTESIAN_POINT('',(-19.6,0.,4.7));
#18053 = DIRECTION('',(1.,-0.,2.22044604925E-16));
#18054 = DIRECTION('',(2.22044604925E-16,0.,-1.));
#18055 = PCURVE('',#18029,#18056);
#18056 = DEFINITIONAL_REPRESENTATION('',(#18057),#18061);
#18057 = LINE('',#18058,#18059);
#18058 = CARTESIAN_POINT('',(0.,4.8));
#18059 = VECTOR('',#18060,1.);
#18060 = DIRECTION('',(1.,0.));
#18061 = ( GEOMETRIC_REPRESENTATION_CONTEXT(2) 
PARAMETRIC_REPRESENTATION_CONTEXT() REPRESENTATION_CONTEXT('2D SPACE',''
  ) );
#18062 = PCURVE('',#18063,#18068);
#18063 = PLANE('',#18064);
#18064 = AXIS2_PLACEMENT_3D('',#18065,#18066,#18067);
#18065 = CARTESIAN_POINT('',(-19.6,0.,4.7));
#18066 = DIRECTION('',(1.,0.,2.22044604925E-16));
#18067 = DIRECTION('',(2.22044604925E-16,0.,-1.));
#18068 = DEFINITIONAL_REPRESENTATION('',(#18069),#18073);
#18069 = CIRCLE('',#18070,2.3);
#18070 = AXIS2_PLACEMENT_2D('',#18071,#18072);
#18071 = CARTESIAN_POINT('',(0.,0.));
#18072 = DIRECTION('',(1.,0.));
#18073 = ( GEOMETRIC_REPRESENTATION_CONTEXT(2) 
PARAMETRIC_REPRESENTATION_CONTEXT() REPRESENTATION_CONTEXT('2D SPACE',''
  ) );
#18074 = ORIENTED_EDGE('',*,*,#18018,.F.);
#18075 = ORIENTED_EDGE('',*,*,#18076,.T.);
#18076 = EDGE_CURVE('',#18019,#18019,#18077,.T.);
#18077 = SURFACE_CURVE('',#18078,(#18083,#18090),.PCURVE_S1.);
#18078 = CIRCLE('',#18079,2.3);
#18079 = AXIS2_PLACEMENT_3D('',#18080,#18081,#18082);
#18080 = CARTESIAN_POINT('',(-24.,0.,4.7));
#18081 = DIRECTION('',(1.,0.,2.22044604925E-16));
#18082 = DIRECTION('',(2.22044604925E-16,0.,-1.));
#18083 = PCURVE('',#18029,#18084);
#18084 = DEFINITIONAL_REPRESENTATION('',(#18085),#18089);
#18085 = LINE('',#18086,#18087);
#18086 = CARTESIAN_POINT('',(0.,0.4));
#18087 = VECTOR('',#18088,1.);
#18088 = DIRECTION('',(1.,0.));
#18089 = ( GEOMETRIC_REPRESENTATION_CONTEXT(2) 
PARAMETRIC_REPRESENTATION_CONTEXT() REPRESENTATION_CONTEXT('2D SPACE',''
  ) );
#18090 = PCURVE('',#18091,#18096);
#18091 = PLANE('',#18092);
#18092 = AXIS2_PLACEMENT_3D('',#18093,#18094,#18095);
#18093 = CARTESIAN_POINT('',(-24.,0.,4.7));
#18094 = DIRECTION('',(1.,0.,2.22044604925E-16));
#18095 = DIRECTION('',(2.22044604925E-16,0.,-1.));
#18096 = DEFINITIONAL_REPRESENTATION('',(#18097),#18101);
#18097 = CIRCLE('',#18098,2.3);
#18098 = AXIS2_PLACEMENT_2D('',#18099,#18100);
#18099 = CARTESIAN_POINT('',(8.881784197001E-16,0.));
#18100 = DIRECTION('',(1.,0.));
#18101 = ( GEOMETRIC_REPRESENTATION_CONTEXT(2) 
PARAMETRIC_REPRESENTATION_CONTEXT() REPRESENTATION_CONTEXT('2D SPACE',''
  ) );
#18102 = ADVANCED_FACE('',(#18103,#18134),#18091,.T.);
#18103 = FACE_BOUND('',#18104,.T.);
#18104 = EDGE_LOOP('',(#18105));
#18105 = ORIENTED_EDGE('',*,*,#18106,.T.);
#18106 = EDGE_CURVE('',#18107,#18107,#18109,.T.);
#18107 = VERTEX_POINT('',#18108);
#18108 = CARTESIAN_POINT('',(-24.,-8.817456953861E-16,1.1));
#18109 = SURFACE_CURVE('',#18110,(#18115,#18122),.PCURVE_S1.);
#18110 = CIRCLE('',#18111,3.6);
#18111 = AXIS2_PLACEMENT_3D('',#18112,#18113,#18114);
#18112 = CARTESIAN_POINT('',(-24.,0.,4.7));
#18113 = DIRECTION('',(1.,-0.,2.22044604925E-16));
#18114 = DIRECTION('',(2.22044604925E-16,0.,-1.));
#18115 = PCURVE('',#18091,#18116);
#18116 = DEFINITIONAL_REPRESENTATION('',(#18117),#18121);
#18117 = CIRCLE('',#18118,3.6);
#18118 = AXIS2_PLACEMENT_2D('',#18119,#18120);
#18119 = CARTESIAN_POINT('',(0.,0.));
#18120 = DIRECTION('',(1.,0.));
#18121 = ( GEOMETRIC_REPRESENTATION_CONTEXT(2) 
PARAMETRIC_REPRESENTATION_CONTEXT() REPRESENTATION_CONTEXT('2D SPACE',''
  ) );
#18122 = PCURVE('',#18123,#18128);
#18123 = CYLINDRICAL_SURFACE('',#18124,3.6);
#18124 = AXIS2_PLACEMENT_3D('',#18125,#18126,#18127);
#18125 = CARTESIAN_POINT('',(-25.2,0.,4.7));
#18126 = DIRECTION('',(1.,0.,2.22044604925E-16));
#18127 = DIRECTION('',(2.22044604925E-16,0.,-1.));
#18128 = DEFINITIONAL_REPRESENTATION('',(#18129),#18133);
#18129 = LINE('',#18130,#18131);
#18130 = CARTESIAN_POINT('',(0.,1.2));
#18131 = VECTOR('',#18132,1.);
#18132 = DIRECTION('',(1.,0.));
#18133 = ( GEOMETRIC_REPRESENTATION_CONTEXT(2) 
PARAMETRIC_REPRESENTATION_CONTEXT() REPRESENTATION_CONTEXT('2D SPACE',''
  ) );
#18134 = FACE_BOUND('',#18135,.T.);
#18135 = EDGE_LOOP('',(#18136));
#18136 = ORIENTED_EDGE('',*,*,#18076,.F.);
#18137 = ADVANCED_FACE('',(#18138),#18063,.T.);
#18138 = FACE_BOUND('',#18139,.T.);
#18139 = EDGE_LOOP('',(#18140));
#18140 = ORIENTED_EDGE('',*,*,#18048,.T.);
#18141 = ADVANCED_FACE('',(#18142),#18123,.T.);
#18142 = FACE_BOUND('',#18143,.T.);
#18143 = EDGE_LOOP('',(#18144,#18145,#18168,#18195));
#18144 = ORIENTED_EDGE('',*,*,#18106,.F.);
#18145 = ORIENTED_EDGE('',*,*,#18146,.F.);
#18146 = EDGE_CURVE('',#18147,#18107,#18149,.T.);
#18147 = VERTEX_POINT('',#18148);
#18148 = CARTESIAN_POINT('',(-25.2,-8.817456953861E-16,1.1));
#18149 = SEAM_CURVE('',#18150,(#18154,#18161),.PCURVE_S1.);
#18150 = LINE('',#18151,#18152);
#18151 = CARTESIAN_POINT('',(-25.2,-8.817456953861E-16,1.1));
#18152 = VECTOR('',#18153,1.);
#18153 = DIRECTION('',(1.,0.,2.22044604925E-16));
#18154 = PCURVE('',#18123,#18155);
#18155 = DEFINITIONAL_REPRESENTATION('',(#18156),#18160);
#18156 = LINE('',#18157,#18158);
#18157 = CARTESIAN_POINT('',(6.28318530718,-0.));
#18158 = VECTOR('',#18159,1.);
#18159 = DIRECTION('',(0.,1.));
#18160 = ( GEOMETRIC_REPRESENTATION_CONTEXT(2) 
PARAMETRIC_REPRESENTATION_CONTEXT() REPRESENTATION_CONTEXT('2D SPACE',''
  ) );
#18161 = PCURVE('',#18123,#18162);
#18162 = DEFINITIONAL_REPRESENTATION('',(#18163),#18167);
#18163 = LINE('',#18164,#18165);
#18164 = CARTESIAN_POINT('',(0.,-0.));
#18165 = VECTOR('',#18166,1.);
#18166 = DIRECTION('',(0.,1.));
#18167 = ( GEOMETRIC_REPRESENTATION_CONTEXT(2) 
PARAMETRIC_REPRESENTATION_CONTEXT() REPRESENTATION_CONTEXT('2D SPACE',''
  ) );
#18168 = ORIENTED_EDGE('',*,*,#18169,.T.);
#18169 = EDGE_CURVE('',#18147,#18147,#18170,.T.);
#18170 = SURFACE_CURVE('',#18171,(#18176,#18183),.PCURVE_S1.);
#18171 = CIRCLE('',#18172,3.6);
#18172 = AXIS2_PLACEMENT_3D('',#18173,#18174,#18175);
#18173 = CARTESIAN_POINT('',(-25.2,0.,4.7));
#18174 = DIRECTION('',(1.,-0.,2.22044604925E-16));
#18175 = DIRECTION('',(2.22044604925E-16,0.,-1.));
#18176 = PCURVE('',#18123,#18177);
#18177 = DEFINITIONAL_REPRESENTATION('',(#18178),#18182);
#18178 = LINE('',#18179,#18180);
#18179 = CARTESIAN_POINT('',(0.,0.));
#18180 = VECTOR('',#18181,1.);
#18181 = DIRECTION('',(1.,0.));
#18182 = ( GEOMETRIC_REPRESENTATION_CONTEXT(2) 
PARAMETRIC_REPRESENTATION_CONTEXT() REPRESENTATION_CONTEXT('2D SPACE',''
  ) );
#18183 = PCURVE('',#18184,#18189);
#18184 = PLANE('',#18185);
#18185 = AXIS2_PLACEMENT_3D('',#18186,#18187,#18188);
#18186 = CARTESIAN_POINT('',(-25.2,0.,4.7));
#18187 = DIRECTION('',(1.,0.,2.22044604925E-16));
#18188 = DIRECTION('',(2.22044604925E-16,0.,-1.));
#18189 = DEFINITIONAL_REPRESENTATION('',(#18190),#18194);
#18190 = CIRCLE('',#18191,3.6);
#18191 = AXIS2_PLACEMENT_2D('',#18192,#18193);
#18192 = CARTESIAN_POINT('',(0.,0.));
#18193 = DIRECTION('',(1.,0.));
#18194 = ( GEOMETRIC_REPRESENTATION_CONTEXT(2) 
PARAMETRIC_REPRESENTATION_CONTEXT() REPRESENTATION_CONTEXT('2D SPACE',''
  ) );
#18195 = ORIENTED_EDGE('',*,*,#18146,.T.);
#18196 = ADVANCED_FACE('',(#18197),#18184,.F.);
#18197 = FACE_BOUND('',#18198,.T.);
#18198 = EDGE_LOOP('',(#18199));
#18199 = ORIENTED_EDGE('',*,*,#18169,.F.);
#18200 = ( GEOMETRIC_REPRESENTATION_CONTEXT(3) 
GLOBAL_UNCERTAINTY_ASSIGNED_CONTEXT((#18204)) 
GLOBAL_UNIT_ASSIGNED_CONTEXT((#18201,#18202,#18203)) 
REPRESENTATION_CONTEXT('Context #1',
  '3D Context with UNIT and UNCERTAINTY') );
#18201 = ( LENGTH_UNIT() NAMED_UNIT(*) SI_UNIT(.MILLI.,.METRE.) );
#18202 = ( NAMED_UNIT(*) PLANE_ANGLE_UNIT() SI_UNIT($,.RADIAN.) );
#18203 = ( NAMED_UNIT(*) SI_UNIT($,.STERADIAN.) SOLID_ANGLE_UNIT() );
#18204 = UNCERTAINTY_MEASURE_WITH_UNIT(LENGTH_MEASURE(1.E-07),#18201,
  'distance_accuracy_value','confusion accuracy');
#18205 = CONTEXT_DEPENDENT_SHAPE_REPRESENTATION(#18206,#18208);
#18206 = ( REPRESENTATION_RELATIONSHIP('','',#18011,#10) 
REPRESENTATION_RELATIONSHIP_WITH_TRANSFORMATION(#18207) 
SHAPE_REPRESENTATION_RELATIONSHIP() );
#18207 = ITEM_DEFINED_TRANSFORMATION('','',#11,#27);
#18208 = PRODUCT_DEFINITION_SHAPE('Placement','Placement of an item',
  #18209);
#18209 = NEXT_ASSEMBLY_USAGE_OCCURRENCE('5','sos_button_plunger','',#5,
  #18006,$);
#18210 = PRODUCT_RELATED_PRODUCT_CATEGORY('part',$,(#18008));
#18211 = SHAPE_DEFINITION_REPRESENTATION(#12187,#18212);
#18212 = SHAPE_REPRESENTATION('',(#15),#12179);
#18213 = SHAPE_DEFINITION_REPRESENTATION(#17332,#18214);
#18214 = SHAPE_REPRESENTATION('',(#19),#17324);
#18215 = SHAPE_DEFINITION_REPRESENTATION(#18001,#18216);
#18216 = SHAPE_REPRESENTATION('',(#23),#17993);
#18217 = SHAPE_DEFINITION_REPRESENTATION(#18208,#18218);
#18218 = SHAPE_REPRESENTATION('',(#27),#18200);
#18219 = SHAPE_DEFINITION_REPRESENTATION(#12187,#18220);
#18220 = SHAPE_REPRESENTATION('',(#15),#12179);
#18221 = SHAPE_DEFINITION_REPRESENTATION(#17332,#18222);
#18222 = SHAPE_REPRESENTATION('',(#19),#17324);
#18223 = SHAPE_DEFINITION_REPRESENTATION(#18001,#18224);
#18224 = SHAPE_REPRESENTATION('',(#23),#17993);
#18225 = SHAPE_DEFINITION_REPRESENTATION(#18208,#18226);
#18226 = SHAPE_REPRESENTATION('',(#27),#18200);
#18227 = MECHANICAL_DESIGN_GEOMETRIC_PRESENTATION_REPRESENTATION('',(
    #18228,#18238),#17324);
#18228 = STYLED_ITEM('color',(#18229),#12198);
#18229 = PRESENTATION_STYLE_ASSIGNMENT((#18230,#18236));
#18230 = SURFACE_STYLE_USAGE(.BOTH.,#18231);
#18231 = SURFACE_SIDE_STYLE('',(#18232));
#18232 = SURFACE_STYLE_FILL_AREA(#18233);
#18233 = FILL_AREA_STYLE('',(#18234));
#18234 = FILL_AREA_STYLE_COLOUR('',#18235);
#18235 = COLOUR_RGB('',0.620000000292,0.659999992303,0.679999990811);
#18236 = CURVE_STYLE('',#18237,POSITIVE_LENGTH_MEASURE(0.1),#18235);
#18237 = DRAUGHTING_PRE_DEFINED_CURVE_FONT('continuous');
#18238 = OVER_RIDING_STYLED_ITEM('overriding color',(#18239),#12198,
  #18228);
#18239 = PRESENTATION_STYLE_BY_CONTEXT((#18240,#18246),#18222);
#18240 = SURFACE_STYLE_USAGE(.BOTH.,#18241);
#18241 = SURFACE_SIDE_STYLE('',(#18242));
#18242 = SURFACE_STYLE_FILL_AREA(#18243);
#18243 = FILL_AREA_STYLE('',(#18244));
#18244 = FILL_AREA_STYLE_COLOUR('',#18245);
#18245 = COLOUR_RGB('',0.620000000292,0.659999992303,0.679999990811);
#18246 = CURVE_STYLE('',#18247,POSITIVE_LENGTH_MEASURE(0.1),#18245);
#18247 = DRAUGHTING_PRE_DEFINED_CURVE_FONT('continuous');
#18248 = MECHANICAL_DESIGN_GEOMETRIC_PRESENTATION_REPRESENTATION('',(
    #18249,#18259),#12179);
#18249 = STYLED_ITEM('color',(#18250),#45);
#18250 = PRESENTATION_STYLE_ASSIGNMENT((#18251,#18257));
#18251 = SURFACE_STYLE_USAGE(.BOTH.,#18252);
#18252 = SURFACE_SIDE_STYLE('',(#18253));
#18253 = SURFACE_STYLE_FILL_AREA(#18254);
#18254 = FILL_AREA_STYLE('',(#18255));
#18255 = FILL_AREA_STYLE_COLOUR('',#18256);
#18256 = COLOUR_RGB('',0.199999998682,0.230000002338,0.259999998834);
#18257 = CURVE_STYLE('',#18258,POSITIVE_LENGTH_MEASURE(0.1),#18256);
#18258 = DRAUGHTING_PRE_DEFINED_CURVE_FONT('continuous');
#18259 = OVER_RIDING_STYLED_ITEM('overriding color',(#18260),#45,#18249
  );
#18260 = PRESENTATION_STYLE_BY_CONTEXT((#18261,#18267),#18220);
#18261 = SURFACE_STYLE_USAGE(.BOTH.,#18262);
#18262 = SURFACE_SIDE_STYLE('',(#18263));
#18263 = SURFACE_STYLE_FILL_AREA(#18264);
#18264 = FILL_AREA_STYLE('',(#18265));
#18265 = FILL_AREA_STYLE_COLOUR('',#18266);
#18266 = COLOUR_RGB('',0.199999998682,0.230000002338,0.259999998834);
#18267 = CURVE_STYLE('',#18268,POSITIVE_LENGTH_MEASURE(0.1),#18266);
#18268 = DRAUGHTING_PRE_DEFINED_CURVE_FONT('continuous');
#18269 = MECHANICAL_DESIGN_GEOMETRIC_PRESENTATION_REPRESENTATION('',(
    #18270,#18280),#18200);
#18270 = STYLED_ITEM('color',(#18271),#18012);
#18271 = PRESENTATION_STYLE_ASSIGNMENT((#18272,#18278));
#18272 = SURFACE_STYLE_USAGE(.BOTH.,#18273);
#18273 = SURFACE_SIDE_STYLE('',(#18274));
#18274 = SURFACE_STYLE_FILL_AREA(#18275);
#18275 = FILL_AREA_STYLE('',(#18276));
#18276 = FILL_AREA_STYLE_COLOUR('',#18277);
#18277 = COLOUR_RGB('',0.380000002513,0.420000006308,0.45000000386);
#18278 = CURVE_STYLE('',#18279,POSITIVE_LENGTH_MEASURE(0.1),#18277);
#18279 = DRAUGHTING_PRE_DEFINED_CURVE_FONT('continuous');
#18280 = OVER_RIDING_STYLED_ITEM('overriding color',(#18281),#18012,
  #18270);
#18281 = PRESENTATION_STYLE_BY_CONTEXT((#18282,#18288),#18226);
#18282 = SURFACE_STYLE_USAGE(.BOTH.,#18283);
#18283 = SURFACE_SIDE_STYLE('',(#18284));
#18284 = SURFACE_STYLE_FILL_AREA(#18285);
#18285 = FILL_AREA_STYLE('',(#18286));
#18286 = FILL_AREA_STYLE_COLOUR('',#18287);
#18287 = COLOUR_RGB('',0.380000002513,0.420000006308,0.45000000386);
#18288 = CURVE_STYLE('',#18289,POSITIVE_LENGTH_MEASURE(0.1),#18287);
#18289 = DRAUGHTING_PRE_DEFINED_CURVE_FONT('continuous');
#18290 = MECHANICAL_DESIGN_GEOMETRIC_PRESENTATION_REPRESENTATION('',(
    #18291,#18301),#17993);
#18291 = STYLED_ITEM('color',(#18292),#17343);
#18292 = PRESENTATION_STYLE_ASSIGNMENT((#18293,#18299));
#18293 = SURFACE_STYLE_USAGE(.BOTH.,#18294);
#18294 = SURFACE_SIDE_STYLE('',(#18295));
#18295 = SURFACE_STYLE_FILL_AREA(#18296);
#18296 = FILL_AREA_STYLE('',(#18297));
#18297 = FILL_AREA_STYLE_COLOUR('',#18298);
#18298 = COLOUR_RGB('',0.460000000054,0.569999999601,0.590000005974);
#18299 = CURVE_STYLE('',#18300,POSITIVE_LENGTH_MEASURE(0.1),#18298);
#18300 = DRAUGHTING_PRE_DEFINED_CURVE_FONT('continuous');
#18301 = OVER_RIDING_STYLED_ITEM('overriding color',(#18302),#17343,
  #18291);
#18302 = PRESENTATION_STYLE_BY_CONTEXT((#18303,#18309),#18224);
#18303 = SURFACE_STYLE_USAGE(.BOTH.,#18304);
#18304 = SURFACE_SIDE_STYLE('',(#18305));
#18305 = SURFACE_STYLE_FILL_AREA(#18306);
#18306 = FILL_AREA_STYLE('',(#18307));
#18307 = FILL_AREA_STYLE_COLOUR('',#18308);
#18308 = COLOUR_RGB('',0.460000000054,0.569999999601,0.590000005974);
#18309 = CURVE_STYLE('',#18310,POSITIVE_LENGTH_MEASURE(0.1),#18308);
#18310 = DRAUGHTING_PRE_DEFINED_CURVE_FONT('continuous');
ENDSEC;
END-ISO-10303-21;
