ISO-10303-21;
HEADER;
FILE_DESCRIPTION(('Open CASCADE Model'),'2;1');
FILE_NAME('removable_top_cover','2026-10-07T22:23:33',('Author'),(
    'Open CASCADE'),'Open CASCADE STEP processor 7.9','build123d',
  'Unknown');
FILE_SCHEMA(('AUTOMOTIVE_DESIGN { 1 0 10303 214 1 1 1 1 }'));
ENDSEC;
DATA;
#1 = APPLICATION_PROTOCOL_DEFINITION('international standard',
  'automotive_design',2000,#2);
#2 = APPLICATION_CONTEXT(
  'core data for automotive mechanical design processes');
#3 = SHAPE_DEFINITION_REPRESENTATION(#4,#10);
#4 = PRODUCT_DEFINITION_SHAPE('','',#5);
#5 = PRODUCT_DEFINITION('design','',#6,#9);
#6 = PRODUCT_DEFINITION_FORMATION('','',#7);
#7 = PRODUCT('removable_top_cover','removable_top_cover','',(#8));
#8 = PRODUCT_CONTEXT('',#2,'mechanical');
#9 = PRODUCT_DEFINITION_CONTEXT('part definition',#2,'design');
#10 = ADVANCED_BREP_SHAPE_REPRESENTATION('',(#11,#15),#5141);
#11 = AXIS2_PLACEMENT_3D('',#12,#13,#14);
#12 = CARTESIAN_POINT('',(0.,0.,0.));
#13 = DIRECTION('',(0.,0.,1.));
#14 = DIRECTION('',(1.,0.,-0.));
#15 = MANIFOLD_SOLID_BREP('',#16);
#16 = CLOSED_SHELL('',(#17,#137,#225,#304,#383,#461,#547,#600,#653,#1532
    ,#1558,#2382,#2408,#2484,#2510,#2536,#2614,#2640,#2666,#2715,#2742,
    #2797,#2824,#2851,#2878,#2905,#2932,#2959,#2986,#3013,#3040,#3095,
    #3150,#3177,#3253,#3303,#3353,#3402,#3451,#3501,#3551,#3578,#3605,
    #3660,#3686,#3712,#3761,#3788,#3838,#3888,#3938,#4014,#4068,#4122,
    #4171,#4220,#4274,#4328,#4355,#4405,#4432,#4439,#4446,#4453,#4460,
    #4709,#4716,#4925,#4972,#4999,#5026,#5053,#5080,#5107,#5134));
#17 = ADVANCED_FACE('',(#18),#32,.T.);
#18 = FACE_BOUND('',#19,.T.);
#19 = EDGE_LOOP('',(#20,#55,#83,#111));
#20 = ORIENTED_EDGE('',*,*,#21,.T.);
#21 = EDGE_CURVE('',#22,#24,#26,.T.);
#22 = VERTEX_POINT('',#23);
#23 = CARTESIAN_POINT('',(-24.,-10.5,9.8));
#24 = VERTEX_POINT('',#25);
#25 = CARTESIAN_POINT('',(-24.,-10.5,11.65));
#26 = SURFACE_CURVE('',#27,(#31,#43),.PCURVE_S1.);
#27 = LINE('',#28,#29);
#28 = CARTESIAN_POINT('',(-24.,-10.5,9.5));
#29 = VECTOR('',#30,1.);
#30 = DIRECTION('',(0.,0.,1.));
#31 = PCURVE('',#32,#37);
#32 = PLANE('',#33);
#33 = AXIS2_PLACEMENT_3D('',#34,#35,#36);
#34 = CARTESIAN_POINT('',(-24.,-10.5,9.5));
#35 = DIRECTION('',(-1.,0.,0.));
#36 = DIRECTION('',(0.,1.,0.));
#37 = DEFINITIONAL_REPRESENTATION('',(#38),#42);
#38 = LINE('',#39,#40);
#39 = CARTESIAN_POINT('',(-1.7763568394E-15,0.));
#40 = VECTOR('',#41,1.);
#41 = DIRECTION('',(0.,-1.));
#42 = ( GEOMETRIC_REPRESENTATION_CONTEXT(2) 
PARAMETRIC_REPRESENTATION_CONTEXT() REPRESENTATION_CONTEXT('2D SPACE',''
  ) );
#43 = PCURVE('',#44,#49);
#44 = CYLINDRICAL_SURFACE('',#45,11.5);
#45 = AXIS2_PLACEMENT_3D('',#46,#47,#48);
#46 = CARTESIAN_POINT('',(-12.5,-10.5,9.5));
#47 = DIRECTION('',(0.,0.,-1.));
#48 = DIRECTION('',(-1.,0.,0.));
#49 = DEFINITIONAL_REPRESENTATION('',(#50),#54);
#50 = LINE('',#51,#52);
#51 = CARTESIAN_POINT('',(6.28318530718,0.));
#52 = VECTOR('',#53,1.);
#53 = DIRECTION('',(0.,-1.));
#54 = ( GEOMETRIC_REPRESENTATION_CONTEXT(2) 
PARAMETRIC_REPRESENTATION_CONTEXT() REPRESENTATION_CONTEXT('2D SPACE',''
  ) );
#55 = ORIENTED_EDGE('',*,*,#56,.T.);
#56 = EDGE_CURVE('',#24,#57,#59,.T.);
#57 = VERTEX_POINT('',#58);
#58 = CARTESIAN_POINT('',(-24.,10.499999984226,11.65));
#59 = SURFACE_CURVE('',#60,(#64,#71),.PCURVE_S1.);
#60 = LINE('',#61,#62);
#61 = CARTESIAN_POINT('',(-24.,-10.5,11.65));
#62 = VECTOR('',#63,1.);
#63 = DIRECTION('',(0.,1.,0.));
#64 = PCURVE('',#32,#65);
#65 = DEFINITIONAL_REPRESENTATION('',(#66),#70);
#66 = LINE('',#67,#68);
#67 = CARTESIAN_POINT('',(0.,-2.15));
#68 = VECTOR('',#69,1.);
#69 = DIRECTION('',(1.,0.));
#70 = ( GEOMETRIC_REPRESENTATION_CONTEXT(2) 
PARAMETRIC_REPRESENTATION_CONTEXT() REPRESENTATION_CONTEXT('2D SPACE',''
  ) );
#71 = PCURVE('',#72,#77);
#72 = CYLINDRICAL_SURFACE('',#73,0.35);
#73 = AXIS2_PLACEMENT_3D('',#74,#75,#76);
#74 = CARTESIAN_POINT('',(-23.65,-10.5,11.65));
#75 = DIRECTION('',(0.,1.,0.));
#76 = DIRECTION('',(-1.,0.,0.));
#77 = DEFINITIONAL_REPRESENTATION('',(#78),#82);
#78 = LINE('',#79,#80);
#79 = CARTESIAN_POINT('',(0.,0.));
#80 = VECTOR('',#81,1.);
#81 = DIRECTION('',(0.,1.));
#82 = ( GEOMETRIC_REPRESENTATION_CONTEXT(2) 
PARAMETRIC_REPRESENTATION_CONTEXT() REPRESENTATION_CONTEXT('2D SPACE',''
  ) );
#83 = ORIENTED_EDGE('',*,*,#84,.F.);
#84 = EDGE_CURVE('',#85,#57,#87,.T.);
#85 = VERTEX_POINT('',#86);
#86 = CARTESIAN_POINT('',(-24.,10.499999984226,9.8));
#87 = SURFACE_CURVE('',#88,(#92,#99),.PCURVE_S1.);
#88 = LINE('',#89,#90);
#89 = CARTESIAN_POINT('',(-24.,10.499999984226,9.5));
#90 = VECTOR('',#91,1.);
#91 = DIRECTION('',(0.,0.,1.));
#92 = PCURVE('',#32,#93);
#93 = DEFINITIONAL_REPRESENTATION('',(#94),#98);
#94 = LINE('',#95,#96);
#95 = CARTESIAN_POINT('',(20.999999984226,0.));
#96 = VECTOR('',#97,1.);
#97 = DIRECTION('',(0.,-1.));
#98 = ( GEOMETRIC_REPRESENTATION_CONTEXT(2) 
PARAMETRIC_REPRESENTATION_CONTEXT() REPRESENTATION_CONTEXT('2D SPACE',''
  ) );
#99 = PCURVE('',#100,#105);
#100 = CYLINDRICAL_SURFACE('',#101,11.5);
#101 = AXIS2_PLACEMENT_3D('',#102,#103,#104);
#102 = CARTESIAN_POINT('',(-12.5,10.499999984226,9.5));
#103 = DIRECTION('',(0.,0.,-1.));
#104 = DIRECTION('',(-1.,0.,0.));
#105 = DEFINITIONAL_REPRESENTATION('',(#106),#110);
#106 = LINE('',#107,#108);
#107 = CARTESIAN_POINT('',(0.,0.));
#108 = VECTOR('',#109,1.);
#109 = DIRECTION('',(0.,-1.));
#110 = ( GEOMETRIC_REPRESENTATION_CONTEXT(2) 
PARAMETRIC_REPRESENTATION_CONTEXT() REPRESENTATION_CONTEXT('2D SPACE',''
  ) );
#111 = ORIENTED_EDGE('',*,*,#112,.F.);
#112 = EDGE_CURVE('',#22,#85,#113,.T.);
#113 = SURFACE_CURVE('',#114,(#118,#125),.PCURVE_S1.);
#114 = LINE('',#115,#116);
#115 = CARTESIAN_POINT('',(-24.,-10.5,9.8));
#116 = VECTOR('',#117,1.);
#117 = DIRECTION('',(0.,1.,0.));
#118 = PCURVE('',#32,#119);
#119 = DEFINITIONAL_REPRESENTATION('',(#120),#124);
#120 = LINE('',#121,#122);
#121 = CARTESIAN_POINT('',(0.,-0.3));
#122 = VECTOR('',#123,1.);
#123 = DIRECTION('',(1.,0.));
#124 = ( GEOMETRIC_REPRESENTATION_CONTEXT(2) 
PARAMETRIC_REPRESENTATION_CONTEXT() REPRESENTATION_CONTEXT('2D SPACE',''
  ) );
#125 = PCURVE('',#126,#131);
#126 = CYLINDRICAL_SURFACE('',#127,0.3);
#127 = AXIS2_PLACEMENT_3D('',#128,#129,#130);
#128 = CARTESIAN_POINT('',(-23.7,-10.5,9.8));
#129 = DIRECTION('',(0.,1.,0.));
#130 = DIRECTION('',(-1.,0.,0.));
#131 = DEFINITIONAL_REPRESENTATION('',(#132),#136);
#132 = LINE('',#133,#134);
#133 = CARTESIAN_POINT('',(-0.,0.));
#134 = VECTOR('',#135,1.);
#135 = DIRECTION('',(-0.,1.));
#136 = ( GEOMETRIC_REPRESENTATION_CONTEXT(2) 
PARAMETRIC_REPRESENTATION_CONTEXT() REPRESENTATION_CONTEXT('2D SPACE',''
  ) );
#137 = ADVANCED_FACE('',(#138),#44,.T.);
#138 = FACE_BOUND('',#139,.T.);
#139 = EDGE_LOOP('',(#140,#170,#197,#198));
#140 = ORIENTED_EDGE('',*,*,#141,.T.);
#141 = EDGE_CURVE('',#142,#144,#146,.T.);
#142 = VERTEX_POINT('',#143);
#143 = CARTESIAN_POINT('',(-12.5,-22.,9.8));
#144 = VERTEX_POINT('',#145);
#145 = CARTESIAN_POINT('',(-12.5,-22.,11.65));
#146 = SURFACE_CURVE('',#147,(#151,#158),.PCURVE_S1.);
#147 = LINE('',#148,#149);
#148 = CARTESIAN_POINT('',(-12.5,-22.,9.5));
#149 = VECTOR('',#150,1.);
#150 = DIRECTION('',(0.,0.,1.));
#151 = PCURVE('',#44,#152);
#152 = DEFINITIONAL_REPRESENTATION('',(#153),#157);
#153 = LINE('',#154,#155);
#154 = CARTESIAN_POINT('',(4.712388980385,0.));
#155 = VECTOR('',#156,1.);
#156 = DIRECTION('',(0.,-1.));
#157 = ( GEOMETRIC_REPRESENTATION_CONTEXT(2) 
PARAMETRIC_REPRESENTATION_CONTEXT() REPRESENTATION_CONTEXT('2D SPACE',''
  ) );
#158 = PCURVE('',#159,#164);
#159 = PLANE('',#160);
#160 = AXIS2_PLACEMENT_3D('',#161,#162,#163);
#161 = CARTESIAN_POINT('',(-12.5,-22.,9.5));
#162 = DIRECTION('',(0.,1.,0.));
#163 = DIRECTION('',(1.,0.,0.));
#164 = DEFINITIONAL_REPRESENTATION('',(#165),#169);
#165 = LINE('',#166,#167);
#166 = CARTESIAN_POINT('',(0.,0.));
#167 = VECTOR('',#168,1.);
#168 = DIRECTION('',(0.,-1.));
#169 = ( GEOMETRIC_REPRESENTATION_CONTEXT(2) 
PARAMETRIC_REPRESENTATION_CONTEXT() REPRESENTATION_CONTEXT('2D SPACE',''
  ) );
#170 = ORIENTED_EDGE('',*,*,#171,.T.);
#171 = EDGE_CURVE('',#144,#24,#172,.T.);
#172 = SURFACE_CURVE('',#173,(#178,#185),.PCURVE_S1.);
#173 = CIRCLE('',#174,11.5);
#174 = AXIS2_PLACEMENT_3D('',#175,#176,#177);
#175 = CARTESIAN_POINT('',(-12.5,-10.5,11.65));
#176 = DIRECTION('',(0.,-0.,-1.));
#177 = DIRECTION('',(1.544658121218E-16,-1.,0.));
#178 = PCURVE('',#44,#179);
#179 = DEFINITIONAL_REPRESENTATION('',(#180),#184);
#180 = LINE('',#181,#182);
#181 = CARTESIAN_POINT('',(4.712388980385,-2.15));
#182 = VECTOR('',#183,1.);
#183 = DIRECTION('',(1.,0.));
#184 = ( GEOMETRIC_REPRESENTATION_CONTEXT(2) 
PARAMETRIC_REPRESENTATION_CONTEXT() REPRESENTATION_CONTEXT('2D SPACE',''
  ) );
#185 = PCURVE('',#186,#191);
#186 = TOROIDAL_SURFACE('',#187,11.15,0.35);
#187 = AXIS2_PLACEMENT_3D('',#188,#189,#190);
#188 = CARTESIAN_POINT('',(-12.5,-10.5,11.65));
#189 = DIRECTION('',(0.,0.,1.));
#190 = DIRECTION('',(1.544658121218E-16,-1.,0.));
#191 = DEFINITIONAL_REPRESENTATION('',(#192),#196);
#192 = LINE('',#193,#194);
#193 = CARTESIAN_POINT('',(-0.,0.));
#194 = VECTOR('',#195,1.);
#195 = DIRECTION('',(-1.,0.));
#196 = ( GEOMETRIC_REPRESENTATION_CONTEXT(2) 
PARAMETRIC_REPRESENTATION_CONTEXT() REPRESENTATION_CONTEXT('2D SPACE',''
  ) );
#197 = ORIENTED_EDGE('',*,*,#21,.F.);
#198 = ORIENTED_EDGE('',*,*,#199,.F.);
#199 = EDGE_CURVE('',#142,#22,#200,.T.);
#200 = SURFACE_CURVE('',#201,(#206,#213),.PCURVE_S1.);
#201 = CIRCLE('',#202,11.5);
#202 = AXIS2_PLACEMENT_3D('',#203,#204,#205);
#203 = CARTESIAN_POINT('',(-12.5,-10.5,9.8));
#204 = DIRECTION('',(0.,-0.,-1.));
#205 = DIRECTION('',(1.544658121218E-16,-1.,0.));
#206 = PCURVE('',#44,#207);
#207 = DEFINITIONAL_REPRESENTATION('',(#208),#212);
#208 = LINE('',#209,#210);
#209 = CARTESIAN_POINT('',(4.712388980385,-0.3));
#210 = VECTOR('',#211,1.);
#211 = DIRECTION('',(1.,0.));
#212 = ( GEOMETRIC_REPRESENTATION_CONTEXT(2) 
PARAMETRIC_REPRESENTATION_CONTEXT() REPRESENTATION_CONTEXT('2D SPACE',''
  ) );
#213 = PCURVE('',#214,#219);
#214 = TOROIDAL_SURFACE('',#215,11.2,0.3);
#215 = AXIS2_PLACEMENT_3D('',#216,#217,#218);
#216 = CARTESIAN_POINT('',(-12.5,-10.5,9.8));
#217 = DIRECTION('',(-0.,-0.,-1.));
#218 = DIRECTION('',(1.544658121218E-16,-1.,0.));
#219 = DEFINITIONAL_REPRESENTATION('',(#220),#224);
#220 = LINE('',#221,#222);
#221 = CARTESIAN_POINT('',(0.,0.));
#222 = VECTOR('',#223,1.);
#223 = DIRECTION('',(1.,0.));
#224 = ( GEOMETRIC_REPRESENTATION_CONTEXT(2) 
PARAMETRIC_REPRESENTATION_CONTEXT() REPRESENTATION_CONTEXT('2D SPACE',''
  ) );
#225 = ADVANCED_FACE('',(#226),#126,.T.);
#226 = FACE_BOUND('',#227,.F.);
#227 = EDGE_LOOP('',(#228,#250,#278,#303));
#228 = ORIENTED_EDGE('',*,*,#229,.T.);
#229 = EDGE_CURVE('',#22,#230,#232,.T.);
#230 = VERTEX_POINT('',#231);
#231 = CARTESIAN_POINT('',(-23.7,-10.5,9.5));
#232 = SURFACE_CURVE('',#233,(#238,#244),.PCURVE_S1.);
#233 = CIRCLE('',#234,0.3);
#234 = AXIS2_PLACEMENT_3D('',#235,#236,#237);
#235 = CARTESIAN_POINT('',(-23.7,-10.5,9.8));
#236 = DIRECTION('',(-0.,-1.,-0.));
#237 = DIRECTION('',(-1.,0.,0.));
#238 = PCURVE('',#126,#239);
#239 = DEFINITIONAL_REPRESENTATION('',(#240),#243);
#240 = B_SPLINE_CURVE_WITH_KNOTS('',1,(#241,#242),.UNSPECIFIED.,.F.,.F.,
  (2,2),(0.,1.570796326795),.PIECEWISE_BEZIER_KNOTS.);
#241 = CARTESIAN_POINT('',(0.,-1.7763568394E-15));
#242 = CARTESIAN_POINT('',(-1.570796326795,-1.7763568394E-15));
#243 = ( GEOMETRIC_REPRESENTATION_CONTEXT(2) 
PARAMETRIC_REPRESENTATION_CONTEXT() REPRESENTATION_CONTEXT('2D SPACE',''
  ) );
#244 = PCURVE('',#214,#245);
#245 = DEFINITIONAL_REPRESENTATION('',(#246),#249);
#246 = B_SPLINE_CURVE_WITH_KNOTS('',1,(#247,#248),.UNSPECIFIED.,.F.,.F.,
  (2,2),(0.,1.570796326795),.PIECEWISE_BEZIER_KNOTS.);
#247 = CARTESIAN_POINT('',(1.570796326795,0.));
#248 = CARTESIAN_POINT('',(1.570796326795,1.570796326795));
#249 = ( GEOMETRIC_REPRESENTATION_CONTEXT(2) 
PARAMETRIC_REPRESENTATION_CONTEXT() REPRESENTATION_CONTEXT('2D SPACE',''
  ) );
#250 = ORIENTED_EDGE('',*,*,#251,.T.);
#251 = EDGE_CURVE('',#230,#252,#254,.T.);
#252 = VERTEX_POINT('',#253);
#253 = CARTESIAN_POINT('',(-23.7,10.499999984226,9.5));
#254 = SURFACE_CURVE('',#255,(#259,#266),.PCURVE_S1.);
#255 = LINE('',#256,#257);
#256 = CARTESIAN_POINT('',(-23.7,-10.5,9.5));
#257 = VECTOR('',#258,1.);
#258 = DIRECTION('',(0.,1.,0.));
#259 = PCURVE('',#126,#260);
#260 = DEFINITIONAL_REPRESENTATION('',(#261),#265);
#261 = LINE('',#262,#263);
#262 = CARTESIAN_POINT('',(-1.570796326795,0.));
#263 = VECTOR('',#264,1.);
#264 = DIRECTION('',(-0.,1.));
#265 = ( GEOMETRIC_REPRESENTATION_CONTEXT(2) 
PARAMETRIC_REPRESENTATION_CONTEXT() REPRESENTATION_CONTEXT('2D SPACE',''
  ) );
#266 = PCURVE('',#267,#272);
#267 = PLANE('',#268);
#268 = AXIS2_PLACEMENT_3D('',#269,#270,#271);
#269 = CARTESIAN_POINT('',(-1.178506503405E-09,-2.412279910971E-09,9.5)
  );
#270 = DIRECTION('',(0.,0.,1.));
#271 = DIRECTION('',(1.,0.,-0.));
#272 = DEFINITIONAL_REPRESENTATION('',(#273),#277);
#273 = LINE('',#274,#275);
#274 = CARTESIAN_POINT('',(-23.69999999882,-10.49999999758));
#275 = VECTOR('',#276,1.);
#276 = DIRECTION('',(0.,1.));
#277 = ( GEOMETRIC_REPRESENTATION_CONTEXT(2) 
PARAMETRIC_REPRESENTATION_CONTEXT() REPRESENTATION_CONTEXT('2D SPACE',''
  ) );
#278 = ORIENTED_EDGE('',*,*,#279,.F.);
#279 = EDGE_CURVE('',#85,#252,#280,.T.);
#280 = SURFACE_CURVE('',#281,(#286,#292),.PCURVE_S1.);
#281 = CIRCLE('',#282,0.3);
#282 = AXIS2_PLACEMENT_3D('',#283,#284,#285);
#283 = CARTESIAN_POINT('',(-23.7,10.499999984226,9.8));
#284 = DIRECTION('',(-0.,-1.,-0.));
#285 = DIRECTION('',(-1.,0.,0.));
#286 = PCURVE('',#126,#287);
#287 = DEFINITIONAL_REPRESENTATION('',(#288),#291);
#288 = B_SPLINE_CURVE_WITH_KNOTS('',1,(#289,#290),.UNSPECIFIED.,.F.,.F.,
  (2,2),(0.,1.570796326795),.PIECEWISE_BEZIER_KNOTS.);
#289 = CARTESIAN_POINT('',(0.,20.999999984226));
#290 = CARTESIAN_POINT('',(-1.570796326795,20.999999984226));
#291 = ( GEOMETRIC_REPRESENTATION_CONTEXT(2) 
PARAMETRIC_REPRESENTATION_CONTEXT() REPRESENTATION_CONTEXT('2D SPACE',''
  ) );
#292 = PCURVE('',#293,#298);
#293 = TOROIDAL_SURFACE('',#294,11.2,0.3);
#294 = AXIS2_PLACEMENT_3D('',#295,#296,#297);
#295 = CARTESIAN_POINT('',(-12.5,10.499999984226,9.8));
#296 = DIRECTION('',(-0.,-0.,-1.));
#297 = DIRECTION('',(-1.,0.,0.));
#298 = DEFINITIONAL_REPRESENTATION('',(#299),#302);
#299 = B_SPLINE_CURVE_WITH_KNOTS('',1,(#300,#301),.UNSPECIFIED.,.F.,.F.,
  (2,2),(0.,1.570796326795),.PIECEWISE_BEZIER_KNOTS.);
#300 = CARTESIAN_POINT('',(0.,0.));
#301 = CARTESIAN_POINT('',(0.,1.570796326795));
#302 = ( GEOMETRIC_REPRESENTATION_CONTEXT(2) 
PARAMETRIC_REPRESENTATION_CONTEXT() REPRESENTATION_CONTEXT('2D SPACE',''
  ) );
#303 = ORIENTED_EDGE('',*,*,#112,.F.);
#304 = ADVANCED_FACE('',(#305),#72,.T.);
#305 = FACE_BOUND('',#306,.T.);
#306 = EDGE_LOOP('',(#307,#329,#357,#382));
#307 = ORIENTED_EDGE('',*,*,#308,.T.);
#308 = EDGE_CURVE('',#24,#309,#311,.T.);
#309 = VERTEX_POINT('',#310);
#310 = CARTESIAN_POINT('',(-23.65,-10.5,12.));
#311 = SURFACE_CURVE('',#312,(#317,#323),.PCURVE_S1.);
#312 = CIRCLE('',#313,0.35);
#313 = AXIS2_PLACEMENT_3D('',#314,#315,#316);
#314 = CARTESIAN_POINT('',(-23.65,-10.5,11.65));
#315 = DIRECTION('',(0.,1.,0.));
#316 = DIRECTION('',(-1.,0.,0.));
#317 = PCURVE('',#72,#318);
#318 = DEFINITIONAL_REPRESENTATION('',(#319),#322);
#319 = B_SPLINE_CURVE_WITH_KNOTS('',1,(#320,#321),.UNSPECIFIED.,.F.,.F.,
  (2,2),(0.,1.570796326795),.PIECEWISE_BEZIER_KNOTS.);
#320 = CARTESIAN_POINT('',(0.,-1.7763568394E-15));
#321 = CARTESIAN_POINT('',(1.570796326795,-1.7763568394E-15));
#322 = ( GEOMETRIC_REPRESENTATION_CONTEXT(2) 
PARAMETRIC_REPRESENTATION_CONTEXT() REPRESENTATION_CONTEXT('2D SPACE',''
  ) );
#323 = PCURVE('',#186,#324);
#324 = DEFINITIONAL_REPRESENTATION('',(#325),#328);
#325 = B_SPLINE_CURVE_WITH_KNOTS('',1,(#326,#327),.UNSPECIFIED.,.F.,.F.,
  (2,2),(0.,1.570796326795),.PIECEWISE_BEZIER_KNOTS.);
#326 = CARTESIAN_POINT('',(-1.570796326795,0.));
#327 = CARTESIAN_POINT('',(-1.570796326795,1.570796326795));
#328 = ( GEOMETRIC_REPRESENTATION_CONTEXT(2) 
PARAMETRIC_REPRESENTATION_CONTEXT() REPRESENTATION_CONTEXT('2D SPACE',''
  ) );
#329 = ORIENTED_EDGE('',*,*,#330,.T.);
#330 = EDGE_CURVE('',#309,#331,#333,.T.);
#331 = VERTEX_POINT('',#332);
#332 = CARTESIAN_POINT('',(-23.65,10.499999984226,12.));
#333 = SURFACE_CURVE('',#334,(#338,#345),.PCURVE_S1.);
#334 = LINE('',#335,#336);
#335 = CARTESIAN_POINT('',(-23.65,-10.5,12.));
#336 = VECTOR('',#337,1.);
#337 = DIRECTION('',(0.,1.,0.));
#338 = PCURVE('',#72,#339);
#339 = DEFINITIONAL_REPRESENTATION('',(#340),#344);
#340 = LINE('',#341,#342);
#341 = CARTESIAN_POINT('',(1.570796326795,0.));
#342 = VECTOR('',#343,1.);
#343 = DIRECTION('',(0.,1.));
#344 = ( GEOMETRIC_REPRESENTATION_CONTEXT(2) 
PARAMETRIC_REPRESENTATION_CONTEXT() REPRESENTATION_CONTEXT('2D SPACE',''
  ) );
#345 = PCURVE('',#346,#351);
#346 = PLANE('',#347);
#347 = AXIS2_PLACEMENT_3D('',#348,#349,#350);
#348 = CARTESIAN_POINT('',(-1.178506503405E-09,-2.412279910971E-09,12.)
  );
#349 = DIRECTION('',(0.,0.,1.));
#350 = DIRECTION('',(1.,0.,-0.));
#351 = DEFINITIONAL_REPRESENTATION('',(#352),#356);
#352 = LINE('',#353,#354);
#353 = CARTESIAN_POINT('',(-23.64999999882,-10.49999999758));
#354 = VECTOR('',#355,1.);
#355 = DIRECTION('',(0.,1.));
#356 = ( GEOMETRIC_REPRESENTATION_CONTEXT(2) 
PARAMETRIC_REPRESENTATION_CONTEXT() REPRESENTATION_CONTEXT('2D SPACE',''
  ) );
#357 = ORIENTED_EDGE('',*,*,#358,.F.);
#358 = EDGE_CURVE('',#57,#331,#359,.T.);
#359 = SURFACE_CURVE('',#360,(#365,#371),.PCURVE_S1.);
#360 = CIRCLE('',#361,0.35);
#361 = AXIS2_PLACEMENT_3D('',#362,#363,#364);
#362 = CARTESIAN_POINT('',(-23.65,10.499999984226,11.65));
#363 = DIRECTION('',(0.,1.,0.));
#364 = DIRECTION('',(-1.,0.,0.));
#365 = PCURVE('',#72,#366);
#366 = DEFINITIONAL_REPRESENTATION('',(#367),#370);
#367 = B_SPLINE_CURVE_WITH_KNOTS('',1,(#368,#369),.UNSPECIFIED.,.F.,.F.,
  (2,2),(0.,1.570796326795),.PIECEWISE_BEZIER_KNOTS.);
#368 = CARTESIAN_POINT('',(0.,20.999999984226));
#369 = CARTESIAN_POINT('',(1.570796326795,20.999999984226));
#370 = ( GEOMETRIC_REPRESENTATION_CONTEXT(2) 
PARAMETRIC_REPRESENTATION_CONTEXT() REPRESENTATION_CONTEXT('2D SPACE',''
  ) );
#371 = PCURVE('',#372,#377);
#372 = TOROIDAL_SURFACE('',#373,11.15,0.35);
#373 = AXIS2_PLACEMENT_3D('',#374,#375,#376);
#374 = CARTESIAN_POINT('',(-12.5,10.499999984226,11.65));
#375 = DIRECTION('',(0.,0.,1.));
#376 = DIRECTION('',(-1.,0.,0.));
#377 = DEFINITIONAL_REPRESENTATION('',(#378),#381);
#378 = B_SPLINE_CURVE_WITH_KNOTS('',1,(#379,#380),.UNSPECIFIED.,.F.,.F.,
  (2,2),(0.,1.570796326795),.PIECEWISE_BEZIER_KNOTS.);
#379 = CARTESIAN_POINT('',(0.,0.));
#380 = CARTESIAN_POINT('',(0.,1.570796326795));
#381 = ( GEOMETRIC_REPRESENTATION_CONTEXT(2) 
PARAMETRIC_REPRESENTATION_CONTEXT() REPRESENTATION_CONTEXT('2D SPACE',''
  ) );
#382 = ORIENTED_EDGE('',*,*,#56,.F.);
#383 = ADVANCED_FACE('',(#384),#100,.T.);
#384 = FACE_BOUND('',#385,.T.);
#385 = EDGE_LOOP('',(#386,#387,#411,#439));
#386 = ORIENTED_EDGE('',*,*,#84,.T.);
#387 = ORIENTED_EDGE('',*,*,#388,.T.);
#388 = EDGE_CURVE('',#57,#389,#391,.T.);
#389 = VERTEX_POINT('',#390);
#390 = CARTESIAN_POINT('',(-12.5,21.999999984226,11.65));
#391 = SURFACE_CURVE('',#392,(#397,#404),.PCURVE_S1.);
#392 = CIRCLE('',#393,11.5);
#393 = AXIS2_PLACEMENT_3D('',#394,#395,#396);
#394 = CARTESIAN_POINT('',(-12.5,10.499999984226,11.65));
#395 = DIRECTION('',(-0.,0.,-1.));
#396 = DIRECTION('',(-1.,0.,0.));
#397 = PCURVE('',#100,#398);
#398 = DEFINITIONAL_REPRESENTATION('',(#399),#403);
#399 = LINE('',#400,#401);
#400 = CARTESIAN_POINT('',(0.,-2.15));
#401 = VECTOR('',#402,1.);
#402 = DIRECTION('',(1.,0.));
#403 = ( GEOMETRIC_REPRESENTATION_CONTEXT(2) 
PARAMETRIC_REPRESENTATION_CONTEXT() REPRESENTATION_CONTEXT('2D SPACE',''
  ) );
#404 = PCURVE('',#372,#405);
#405 = DEFINITIONAL_REPRESENTATION('',(#406),#410);
#406 = LINE('',#407,#408);
#407 = CARTESIAN_POINT('',(-0.,0.));
#408 = VECTOR('',#409,1.);
#409 = DIRECTION('',(-1.,0.));
#410 = ( GEOMETRIC_REPRESENTATION_CONTEXT(2) 
PARAMETRIC_REPRESENTATION_CONTEXT() REPRESENTATION_CONTEXT('2D SPACE',''
  ) );
#411 = ORIENTED_EDGE('',*,*,#412,.F.);
#412 = EDGE_CURVE('',#413,#389,#415,.T.);
#413 = VERTEX_POINT('',#414);
#414 = CARTESIAN_POINT('',(-12.5,21.999999984226,9.8));
#415 = SURFACE_CURVE('',#416,(#420,#427),.PCURVE_S1.);
#416 = LINE('',#417,#418);
#417 = CARTESIAN_POINT('',(-12.5,21.999999992113,9.5));
#418 = VECTOR('',#419,1.);
#419 = DIRECTION('',(0.,0.,1.));
#420 = PCURVE('',#100,#421);
#421 = DEFINITIONAL_REPRESENTATION('',(#422),#426);
#422 = LINE('',#423,#424);
#423 = CARTESIAN_POINT('',(1.570796326795,0.));
#424 = VECTOR('',#425,1.);
#425 = DIRECTION('',(0.,-1.));
#426 = ( GEOMETRIC_REPRESENTATION_CONTEXT(2) 
PARAMETRIC_REPRESENTATION_CONTEXT() REPRESENTATION_CONTEXT('2D SPACE',''
  ) );
#427 = PCURVE('',#428,#433);
#428 = PLANE('',#429);
#429 = AXIS2_PLACEMENT_3D('',#430,#431,#432);
#430 = CARTESIAN_POINT('',(-12.5,22.,9.5));
#431 = DIRECTION('',(0.,1.,0.));
#432 = DIRECTION('',(1.,0.,0.));
#433 = DEFINITIONAL_REPRESENTATION('',(#434),#438);
#434 = LINE('',#435,#436);
#435 = CARTESIAN_POINT('',(0.,0.));
#436 = VECTOR('',#437,1.);
#437 = DIRECTION('',(0.,-1.));
#438 = ( GEOMETRIC_REPRESENTATION_CONTEXT(2) 
PARAMETRIC_REPRESENTATION_CONTEXT() REPRESENTATION_CONTEXT('2D SPACE',''
  ) );
#439 = ORIENTED_EDGE('',*,*,#440,.F.);
#440 = EDGE_CURVE('',#85,#413,#441,.T.);
#441 = SURFACE_CURVE('',#442,(#447,#454),.PCURVE_S1.);
#442 = CIRCLE('',#443,11.5);
#443 = AXIS2_PLACEMENT_3D('',#444,#445,#446);
#444 = CARTESIAN_POINT('',(-12.5,10.499999984226,9.8));
#445 = DIRECTION('',(-0.,0.,-1.));
#446 = DIRECTION('',(-1.,0.,0.));
#447 = PCURVE('',#100,#448);
#448 = DEFINITIONAL_REPRESENTATION('',(#449),#453);
#449 = LINE('',#450,#451);
#450 = CARTESIAN_POINT('',(0.,-0.3));
#451 = VECTOR('',#452,1.);
#452 = DIRECTION('',(1.,0.));
#453 = ( GEOMETRIC_REPRESENTATION_CONTEXT(2) 
PARAMETRIC_REPRESENTATION_CONTEXT() REPRESENTATION_CONTEXT('2D SPACE',''
  ) );
#454 = PCURVE('',#293,#455);
#455 = DEFINITIONAL_REPRESENTATION('',(#456),#460);
#456 = LINE('',#457,#458);
#457 = CARTESIAN_POINT('',(0.,0.));
#458 = VECTOR('',#459,1.);
#459 = DIRECTION('',(1.,0.));
#460 = ( GEOMETRIC_REPRESENTATION_CONTEXT(2) 
PARAMETRIC_REPRESENTATION_CONTEXT() REPRESENTATION_CONTEXT('2D SPACE',''
  ) );
#461 = ADVANCED_FACE('',(#462),#159,.F.);
#462 = FACE_BOUND('',#463,.F.);
#463 = EDGE_LOOP('',(#464,#465,#493,#521));
#464 = ORIENTED_EDGE('',*,*,#141,.T.);
#465 = ORIENTED_EDGE('',*,*,#466,.F.);
#466 = EDGE_CURVE('',#467,#144,#469,.T.);
#467 = VERTEX_POINT('',#468);
#468 = CARTESIAN_POINT('',(12.49999998742,-22.,11.65));
#469 = SURFACE_CURVE('',#470,(#474,#481),.PCURVE_S1.);
#470 = LINE('',#471,#472);
#471 = CARTESIAN_POINT('',(12.49999998742,-22.,11.65));
#472 = VECTOR('',#473,1.);
#473 = DIRECTION('',(-1.,-0.,-0.));
#474 = PCURVE('',#159,#475);
#475 = DEFINITIONAL_REPRESENTATION('',(#476),#480);
#476 = LINE('',#477,#478);
#477 = CARTESIAN_POINT('',(24.99999998742,-2.15));
#478 = VECTOR('',#479,1.);
#479 = DIRECTION('',(-1.,0.));
#480 = ( GEOMETRIC_REPRESENTATION_CONTEXT(2) 
PARAMETRIC_REPRESENTATION_CONTEXT() REPRESENTATION_CONTEXT('2D SPACE',''
  ) );
#481 = PCURVE('',#482,#487);
#482 = CYLINDRICAL_SURFACE('',#483,0.35);
#483 = AXIS2_PLACEMENT_3D('',#484,#485,#486);
#484 = CARTESIAN_POINT('',(12.49999998742,-21.65,11.65));
#485 = DIRECTION('',(-1.,-0.,-0.));
#486 = DIRECTION('',(0.,-1.,0.));
#487 = DEFINITIONAL_REPRESENTATION('',(#488),#492);
#488 = LINE('',#489,#490);
#489 = CARTESIAN_POINT('',(0.,0.));
#490 = VECTOR('',#491,1.);
#491 = DIRECTION('',(0.,1.));
#492 = ( GEOMETRIC_REPRESENTATION_CONTEXT(2) 
PARAMETRIC_REPRESENTATION_CONTEXT() REPRESENTATION_CONTEXT('2D SPACE',''
  ) );
#493 = ORIENTED_EDGE('',*,*,#494,.F.);
#494 = EDGE_CURVE('',#495,#467,#497,.T.);
#495 = VERTEX_POINT('',#496);
#496 = CARTESIAN_POINT('',(12.49999998742,-22.,9.8));
#497 = SURFACE_CURVE('',#498,(#502,#509),.PCURVE_S1.);
#498 = LINE('',#499,#500);
#499 = CARTESIAN_POINT('',(12.49999998742,-22.,9.5));
#500 = VECTOR('',#501,1.);
#501 = DIRECTION('',(0.,0.,1.));
#502 = PCURVE('',#159,#503);
#503 = DEFINITIONAL_REPRESENTATION('',(#504),#508);
#504 = LINE('',#505,#506);
#505 = CARTESIAN_POINT('',(24.99999998742,0.));
#506 = VECTOR('',#507,1.);
#507 = DIRECTION('',(0.,-1.));
#508 = ( GEOMETRIC_REPRESENTATION_CONTEXT(2) 
PARAMETRIC_REPRESENTATION_CONTEXT() REPRESENTATION_CONTEXT('2D SPACE',''
  ) );
#509 = PCURVE('',#510,#515);
#510 = CYLINDRICAL_SURFACE('',#511,11.5);
#511 = AXIS2_PLACEMENT_3D('',#512,#513,#514);
#512 = CARTESIAN_POINT('',(12.49999998742,-10.5,9.5));
#513 = DIRECTION('',(0.,0.,-1.));
#514 = DIRECTION('',(-1.,0.,0.));
#515 = DEFINITIONAL_REPRESENTATION('',(#516),#520);
#516 = LINE('',#517,#518);
#517 = CARTESIAN_POINT('',(4.712388980385,0.));
#518 = VECTOR('',#519,1.);
#519 = DIRECTION('',(0.,-1.));
#520 = ( GEOMETRIC_REPRESENTATION_CONTEXT(2) 
PARAMETRIC_REPRESENTATION_CONTEXT() REPRESENTATION_CONTEXT('2D SPACE',''
  ) );
#521 = ORIENTED_EDGE('',*,*,#522,.T.);
#522 = EDGE_CURVE('',#495,#142,#523,.T.);
#523 = SURFACE_CURVE('',#524,(#528,#535),.PCURVE_S1.);
#524 = LINE('',#525,#526);
#525 = CARTESIAN_POINT('',(12.49999998742,-22.,9.8));
#526 = VECTOR('',#527,1.);
#527 = DIRECTION('',(-1.,-0.,-0.));
#528 = PCURVE('',#159,#529);
#529 = DEFINITIONAL_REPRESENTATION('',(#530),#534);
#530 = LINE('',#531,#532);
#531 = CARTESIAN_POINT('',(24.99999998742,-0.3));
#532 = VECTOR('',#533,1.);
#533 = DIRECTION('',(-1.,0.));
#534 = ( GEOMETRIC_REPRESENTATION_CONTEXT(2) 
PARAMETRIC_REPRESENTATION_CONTEXT() REPRESENTATION_CONTEXT('2D SPACE',''
  ) );
#535 = PCURVE('',#536,#541);
#536 = CYLINDRICAL_SURFACE('',#537,0.3);
#537 = AXIS2_PLACEMENT_3D('',#538,#539,#540);
#538 = CARTESIAN_POINT('',(12.49999998742,-21.7,9.8));
#539 = DIRECTION('',(-1.,-0.,-0.));
#540 = DIRECTION('',(0.,-1.,0.));
#541 = DEFINITIONAL_REPRESENTATION('',(#542),#546);
#542 = LINE('',#543,#544);
#543 = CARTESIAN_POINT('',(-0.,0.));
#544 = VECTOR('',#545,1.);
#545 = DIRECTION('',(-0.,1.));
#546 = ( GEOMETRIC_REPRESENTATION_CONTEXT(2) 
PARAMETRIC_REPRESENTATION_CONTEXT() REPRESENTATION_CONTEXT('2D SPACE',''
  ) );
#547 = ADVANCED_FACE('',(#548),#214,.T.);
#548 = FACE_BOUND('',#549,.T.);
#549 = EDGE_LOOP('',(#550,#572,#573,#574));
#550 = ORIENTED_EDGE('',*,*,#551,.F.);
#551 = EDGE_CURVE('',#142,#552,#554,.T.);
#552 = VERTEX_POINT('',#553);
#553 = CARTESIAN_POINT('',(-12.5,-21.7,9.5));
#554 = SURFACE_CURVE('',#555,(#560,#566),.PCURVE_S1.);
#555 = CIRCLE('',#556,0.3);
#556 = AXIS2_PLACEMENT_3D('',#557,#558,#559);
#557 = CARTESIAN_POINT('',(-12.5,-21.7,9.8));
#558 = DIRECTION('',(1.,0.,0.));
#559 = DIRECTION('',(0.,-1.,0.));
#560 = PCURVE('',#214,#561);
#561 = DEFINITIONAL_REPRESENTATION('',(#562),#565);
#562 = B_SPLINE_CURVE_WITH_KNOTS('',1,(#563,#564),.UNSPECIFIED.,.F.,.F.,
  (2,2),(0.,1.570796326795),.PIECEWISE_BEZIER_KNOTS.);
#563 = CARTESIAN_POINT('',(0.,0.));
#564 = CARTESIAN_POINT('',(0.,1.570796326795));
#565 = ( GEOMETRIC_REPRESENTATION_CONTEXT(2) 
PARAMETRIC_REPRESENTATION_CONTEXT() REPRESENTATION_CONTEXT('2D SPACE',''
  ) );
#566 = PCURVE('',#536,#567);
#567 = DEFINITIONAL_REPRESENTATION('',(#568),#571);
#568 = B_SPLINE_CURVE_WITH_KNOTS('',1,(#569,#570),.UNSPECIFIED.,.F.,.F.,
  (2,2),(0.,1.570796326795),.PIECEWISE_BEZIER_KNOTS.);
#569 = CARTESIAN_POINT('',(0.,24.99999998742));
#570 = CARTESIAN_POINT('',(-1.570796326795,24.99999998742));
#571 = ( GEOMETRIC_REPRESENTATION_CONTEXT(2) 
PARAMETRIC_REPRESENTATION_CONTEXT() REPRESENTATION_CONTEXT('2D SPACE',''
  ) );
#572 = ORIENTED_EDGE('',*,*,#199,.T.);
#573 = ORIENTED_EDGE('',*,*,#229,.T.);
#574 = ORIENTED_EDGE('',*,*,#575,.F.);
#575 = EDGE_CURVE('',#552,#230,#576,.T.);
#576 = SURFACE_CURVE('',#577,(#582,#589),.PCURVE_S1.);
#577 = CIRCLE('',#578,11.2);
#578 = AXIS2_PLACEMENT_3D('',#579,#580,#581);
#579 = CARTESIAN_POINT('',(-12.5,-10.5,9.5));
#580 = DIRECTION('',(0.,-0.,-1.));
#581 = DIRECTION('',(1.544658121218E-16,-1.,0.));
#582 = PCURVE('',#214,#583);
#583 = DEFINITIONAL_REPRESENTATION('',(#584),#588);
#584 = LINE('',#585,#586);
#585 = CARTESIAN_POINT('',(0.,1.570796326795));
#586 = VECTOR('',#587,1.);
#587 = DIRECTION('',(1.,0.));
#588 = ( GEOMETRIC_REPRESENTATION_CONTEXT(2) 
PARAMETRIC_REPRESENTATION_CONTEXT() REPRESENTATION_CONTEXT('2D SPACE',''
  ) );
#589 = PCURVE('',#267,#590);
#590 = DEFINITIONAL_REPRESENTATION('',(#591),#599);
#591 = ( BOUNDED_CURVE() B_SPLINE_CURVE(2,(#592,#593,#594,#595,#596,#597
,#598),.UNSPECIFIED.,.T.,.F.) B_SPLINE_CURVE_WITH_KNOTS((1,2,2,2,2,1),(
    -2.094395102393,0.,2.094395102393,4.188790204786,6.28318530718,
8.377580409573),.UNSPECIFIED.) CURVE() GEOMETRIC_REPRESENTATION_ITEM() 
RATIONAL_B_SPLINE_CURVE((1.,0.5,1.,0.5,1.,0.5,1.)) REPRESENTATION_ITEM(
  '') );
#592 = CARTESIAN_POINT('',(-12.49999999882,-21.69999999758));
#593 = CARTESIAN_POINT('',(-31.89896904359,-21.69999999758));
#594 = CARTESIAN_POINT('',(-22.1994845212,-4.899999997588));
#595 = CARTESIAN_POINT('',(-12.49999999882,11.900000002412));
#596 = CARTESIAN_POINT('',(-2.800515476436,-4.899999997588));
#597 = CARTESIAN_POINT('',(6.89896904595,-21.69999999758));
#598 = CARTESIAN_POINT('',(-12.49999999882,-21.69999999758));
#599 = ( GEOMETRIC_REPRESENTATION_CONTEXT(2) 
PARAMETRIC_REPRESENTATION_CONTEXT() REPRESENTATION_CONTEXT('2D SPACE',''
  ) );
#600 = ADVANCED_FACE('',(#601),#186,.T.);
#601 = FACE_BOUND('',#602,.F.);
#602 = EDGE_LOOP('',(#603,#625,#626,#627));
#603 = ORIENTED_EDGE('',*,*,#604,.F.);
#604 = EDGE_CURVE('',#144,#605,#607,.T.);
#605 = VERTEX_POINT('',#606);
#606 = CARTESIAN_POINT('',(-12.5,-21.65,12.));
#607 = SURFACE_CURVE('',#608,(#613,#619),.PCURVE_S1.);
#608 = CIRCLE('',#609,0.35);
#609 = AXIS2_PLACEMENT_3D('',#610,#611,#612);
#610 = CARTESIAN_POINT('',(-12.5,-21.65,11.65));
#611 = DIRECTION('',(-1.,-0.,0.));
#612 = DIRECTION('',(0.,-1.,0.));
#613 = PCURVE('',#186,#614);
#614 = DEFINITIONAL_REPRESENTATION('',(#615),#618);
#615 = B_SPLINE_CURVE_WITH_KNOTS('',1,(#616,#617),.UNSPECIFIED.,.F.,.F.,
  (2,2),(0.,1.570796326795),.PIECEWISE_BEZIER_KNOTS.);
#616 = CARTESIAN_POINT('',(0.,0.));
#617 = CARTESIAN_POINT('',(0.,1.570796326795));
#618 = ( GEOMETRIC_REPRESENTATION_CONTEXT(2) 
PARAMETRIC_REPRESENTATION_CONTEXT() REPRESENTATION_CONTEXT('2D SPACE',''
  ) );
#619 = PCURVE('',#482,#620);
#620 = DEFINITIONAL_REPRESENTATION('',(#621),#624);
#621 = B_SPLINE_CURVE_WITH_KNOTS('',1,(#622,#623),.UNSPECIFIED.,.F.,.F.,
  (2,2),(0.,1.570796326795),.PIECEWISE_BEZIER_KNOTS.);
#622 = CARTESIAN_POINT('',(0.,24.99999998742));
#623 = CARTESIAN_POINT('',(1.570796326795,24.99999998742));
#624 = ( GEOMETRIC_REPRESENTATION_CONTEXT(2) 
PARAMETRIC_REPRESENTATION_CONTEXT() REPRESENTATION_CONTEXT('2D SPACE',''
  ) );
#625 = ORIENTED_EDGE('',*,*,#171,.T.);
#626 = ORIENTED_EDGE('',*,*,#308,.T.);
#627 = ORIENTED_EDGE('',*,*,#628,.F.);
#628 = EDGE_CURVE('',#605,#309,#629,.T.);
#629 = SURFACE_CURVE('',#630,(#635,#642),.PCURVE_S1.);
#630 = CIRCLE('',#631,11.15);
#631 = AXIS2_PLACEMENT_3D('',#632,#633,#634);
#632 = CARTESIAN_POINT('',(-12.5,-10.5,12.));
#633 = DIRECTION('',(0.,-0.,-1.));
#634 = DIRECTION('',(1.544658121218E-16,-1.,0.));
#635 = PCURVE('',#186,#636);
#636 = DEFINITIONAL_REPRESENTATION('',(#637),#641);
#637 = LINE('',#638,#639);
#638 = CARTESIAN_POINT('',(-0.,1.570796326795));
#639 = VECTOR('',#640,1.);
#640 = DIRECTION('',(-1.,0.));
#641 = ( GEOMETRIC_REPRESENTATION_CONTEXT(2) 
PARAMETRIC_REPRESENTATION_CONTEXT() REPRESENTATION_CONTEXT('2D SPACE',''
  ) );
#642 = PCURVE('',#346,#643);
#643 = DEFINITIONAL_REPRESENTATION('',(#644),#652);
#644 = ( BOUNDED_CURVE() B_SPLINE_CURVE(2,(#645,#646,#647,#648,#649,#650
,#651),.UNSPECIFIED.,.T.,.F.) B_SPLINE_CURVE_WITH_KNOTS((1,2,2,2,2,1),(
    -2.094395102393,0.,2.094395102393,4.188790204786,6.28318530718,
8.377580409573),.UNSPECIFIED.) CURVE() GEOMETRIC_REPRESENTATION_ITEM() 
RATIONAL_B_SPLINE_CURVE((1.,0.5,1.,0.5,1.,0.5,1.)) REPRESENTATION_ITEM(
  '') );
#645 = CARTESIAN_POINT('',(-12.49999999882,-21.64999999758));
#646 = CARTESIAN_POINT('',(-31.81236650321,-21.64999999758));
#647 = CARTESIAN_POINT('',(-22.15618325101,-4.924999997588));
#648 = CARTESIAN_POINT('',(-12.49999999882,11.800000002412));
#649 = CARTESIAN_POINT('',(-2.843816746625,-4.924999997588));
#650 = CARTESIAN_POINT('',(6.812366505571,-21.64999999758));
#651 = CARTESIAN_POINT('',(-12.49999999882,-21.64999999758));
#652 = ( GEOMETRIC_REPRESENTATION_CONTEXT(2) 
PARAMETRIC_REPRESENTATION_CONTEXT() REPRESENTATION_CONTEXT('2D SPACE',''
  ) );
#653 = ADVANCED_FACE('',(#654,#829,#860,#891,#922,#953,#984,#1015,#1046,
    #1077,#1108,#1139,#1170,#1201,#1232,#1470,#1501),#267,.F.);
#654 = FACE_BOUND('',#655,.F.);
#655 = EDGE_LOOP('',(#656,#657,#658,#681,#714,#742,#775,#803));
#656 = ORIENTED_EDGE('',*,*,#251,.F.);
#657 = ORIENTED_EDGE('',*,*,#575,.F.);
#658 = ORIENTED_EDGE('',*,*,#659,.F.);
#659 = EDGE_CURVE('',#660,#552,#662,.T.);
#660 = VERTEX_POINT('',#661);
#661 = CARTESIAN_POINT('',(12.49999998742,-21.7,9.5));
#662 = SURFACE_CURVE('',#663,(#667,#674),.PCURVE_S1.);
#663 = LINE('',#664,#665);
#664 = CARTESIAN_POINT('',(12.49999998742,-21.7,9.5));
#665 = VECTOR('',#666,1.);
#666 = DIRECTION('',(-1.,-0.,-0.));
#667 = PCURVE('',#267,#668);
#668 = DEFINITIONAL_REPRESENTATION('',(#669),#673);
#669 = LINE('',#670,#671);
#670 = CARTESIAN_POINT('',(12.499999988599,-21.69999999758));
#671 = VECTOR('',#672,1.);
#672 = DIRECTION('',(-1.,0.));
#673 = ( GEOMETRIC_REPRESENTATION_CONTEXT(2) 
PARAMETRIC_REPRESENTATION_CONTEXT() REPRESENTATION_CONTEXT('2D SPACE',''
  ) );
#674 = PCURVE('',#536,#675);
#675 = DEFINITIONAL_REPRESENTATION('',(#676),#680);
#676 = LINE('',#677,#678);
#677 = CARTESIAN_POINT('',(-1.570796326795,0.));
#678 = VECTOR('',#679,1.);
#679 = DIRECTION('',(-0.,1.));
#680 = ( GEOMETRIC_REPRESENTATION_CONTEXT(2) 
PARAMETRIC_REPRESENTATION_CONTEXT() REPRESENTATION_CONTEXT('2D SPACE',''
  ) );
#681 = ORIENTED_EDGE('',*,*,#682,.F.);
#682 = EDGE_CURVE('',#683,#660,#685,.T.);
#683 = VERTEX_POINT('',#684);
#684 = CARTESIAN_POINT('',(23.7,-10.5,9.5));
#685 = SURFACE_CURVE('',#686,(#691,#702),.PCURVE_S1.);
#686 = CIRCLE('',#687,11.2);
#687 = AXIS2_PLACEMENT_3D('',#688,#689,#690);
#688 = CARTESIAN_POINT('',(12.49999998742,-10.5,9.5));
#689 = DIRECTION('',(0.,-0.,-1.));
#690 = DIRECTION('',(1.,1.544658121218E-16,-0.));
#691 = PCURVE('',#267,#692);
#692 = DEFINITIONAL_REPRESENTATION('',(#693),#701);
#693 = ( BOUNDED_CURVE() B_SPLINE_CURVE(2,(#694,#695,#696,#697,#698,#699
,#700),.UNSPECIFIED.,.T.,.F.) B_SPLINE_CURVE_WITH_KNOTS((1,2,2,2,2,1),(
    -2.094395102393,0.,2.094395102393,4.188790204786,6.28318530718,
8.377580409573),.UNSPECIFIED.) CURVE() GEOMETRIC_REPRESENTATION_ITEM() 
RATIONAL_B_SPLINE_CURVE((1.,0.5,1.,0.5,1.,0.5,1.)) REPRESENTATION_ITEM(
  '') );
#694 = CARTESIAN_POINT('',(23.699999988599,-10.49999999758));
#695 = CARTESIAN_POINT('',(23.699999988599,-29.89896904235));
#696 = CARTESIAN_POINT('',(6.899999988599,-20.19948451997));
#697 = CARTESIAN_POINT('',(-9.900000011401,-10.49999999758));
#698 = CARTESIAN_POINT('',(6.899999988599,-0.800515475202));
#699 = CARTESIAN_POINT('',(23.699999988599,8.898969047184));
#700 = CARTESIAN_POINT('',(23.699999988599,-10.49999999758));
#701 = ( GEOMETRIC_REPRESENTATION_CONTEXT(2) 
PARAMETRIC_REPRESENTATION_CONTEXT() REPRESENTATION_CONTEXT('2D SPACE',''
  ) );
#702 = PCURVE('',#703,#708);
#703 = TOROIDAL_SURFACE('',#704,11.2,0.3);
#704 = AXIS2_PLACEMENT_3D('',#705,#706,#707);
#705 = CARTESIAN_POINT('',(12.49999998742,-10.5,9.8));
#706 = DIRECTION('',(-0.,-0.,-1.));
#707 = DIRECTION('',(1.,1.544658121218E-16,-0.));
#708 = DEFINITIONAL_REPRESENTATION('',(#709),#713);
#709 = LINE('',#710,#711);
#710 = CARTESIAN_POINT('',(0.,1.570796326795));
#711 = VECTOR('',#712,1.);
#712 = DIRECTION('',(1.,0.));
#713 = ( GEOMETRIC_REPRESENTATION_CONTEXT(2) 
PARAMETRIC_REPRESENTATION_CONTEXT() REPRESENTATION_CONTEXT('2D SPACE',''
  ) );
#714 = ORIENTED_EDGE('',*,*,#715,.F.);
#715 = EDGE_CURVE('',#716,#683,#718,.T.);
#716 = VERTEX_POINT('',#717);
#717 = CARTESIAN_POINT('',(23.7,10.499999992113,9.5));
#718 = SURFACE_CURVE('',#719,(#723,#730),.PCURVE_S1.);
#719 = LINE('',#720,#721);
#720 = CARTESIAN_POINT('',(23.7,10.499999992113,9.5));
#721 = VECTOR('',#722,1.);
#722 = DIRECTION('',(-0.,-1.,-0.));
#723 = PCURVE('',#267,#724);
#724 = DEFINITIONAL_REPRESENTATION('',(#725),#729);
#725 = LINE('',#726,#727);
#726 = CARTESIAN_POINT('',(23.700000001179,10.499999994525));
#727 = VECTOR('',#728,1.);
#728 = DIRECTION('',(0.,-1.));
#729 = ( GEOMETRIC_REPRESENTATION_CONTEXT(2) 
PARAMETRIC_REPRESENTATION_CONTEXT() REPRESENTATION_CONTEXT('2D SPACE',''
  ) );
#730 = PCURVE('',#731,#736);
#731 = CYLINDRICAL_SURFACE('',#732,0.3);
#732 = AXIS2_PLACEMENT_3D('',#733,#734,#735);
#733 = CARTESIAN_POINT('',(23.7,10.499999992113,9.8));
#734 = DIRECTION('',(-0.,-1.,-0.));
#735 = DIRECTION('',(1.,-0.,0.));
#736 = DEFINITIONAL_REPRESENTATION('',(#737),#741);
#737 = LINE('',#738,#739);
#738 = CARTESIAN_POINT('',(-1.570796326795,0.));
#739 = VECTOR('',#740,1.);
#740 = DIRECTION('',(-0.,1.));
#741 = ( GEOMETRIC_REPRESENTATION_CONTEXT(2) 
PARAMETRIC_REPRESENTATION_CONTEXT() REPRESENTATION_CONTEXT('2D SPACE',''
  ) );
#742 = ORIENTED_EDGE('',*,*,#743,.F.);
#743 = EDGE_CURVE('',#744,#716,#746,.T.);
#744 = VERTEX_POINT('',#745);
#745 = CARTESIAN_POINT('',(12.5,21.7,9.5));
#746 = SURFACE_CURVE('',#747,(#752,#763),.PCURVE_S1.);
#747 = CIRCLE('',#748,11.2);
#748 = AXIS2_PLACEMENT_3D('',#749,#750,#751);
#749 = CARTESIAN_POINT('',(12.5,10.499999992113,9.5));
#750 = DIRECTION('',(0.,-0.,-1.));
#751 = DIRECTION('',(0.,1.,-0.));
#752 = PCURVE('',#267,#753);
#753 = DEFINITIONAL_REPRESENTATION('',(#754),#762);
#754 = ( BOUNDED_CURVE() B_SPLINE_CURVE(2,(#755,#756,#757,#758,#759,#760
,#761),.UNSPECIFIED.,.T.,.F.) B_SPLINE_CURVE_WITH_KNOTS((1,2,2,2,2,1),(
    -2.094395102393,0.,2.094395102393,4.188790204786,6.28318530718,
8.377580409573),.UNSPECIFIED.) CURVE() GEOMETRIC_REPRESENTATION_ITEM() 
RATIONAL_B_SPLINE_CURVE((1.,0.5,1.,0.5,1.,0.5,1.)) REPRESENTATION_ITEM(
  '') );
#755 = CARTESIAN_POINT('',(12.500000001179,21.699999994525));
#756 = CARTESIAN_POINT('',(31.89896904595,21.699999994525));
#757 = CARTESIAN_POINT('',(22.199484523564,4.899999994525));
#758 = CARTESIAN_POINT('',(12.500000001179,-11.90000000547));
#759 = CARTESIAN_POINT('',(2.800515478793,4.899999994525));
#760 = CARTESIAN_POINT('',(-6.898969043593,21.699999994525));
#761 = CARTESIAN_POINT('',(12.500000001179,21.699999994525));
#762 = ( GEOMETRIC_REPRESENTATION_CONTEXT(2) 
PARAMETRIC_REPRESENTATION_CONTEXT() REPRESENTATION_CONTEXT('2D SPACE',''
  ) );
#763 = PCURVE('',#764,#769);
#764 = TOROIDAL_SURFACE('',#765,11.2,0.3);
#765 = AXIS2_PLACEMENT_3D('',#766,#767,#768);
#766 = CARTESIAN_POINT('',(12.5,10.499999992113,9.8));
#767 = DIRECTION('',(-0.,-0.,-1.));
#768 = DIRECTION('',(0.,1.,-0.));
#769 = DEFINITIONAL_REPRESENTATION('',(#770),#774);
#770 = LINE('',#771,#772);
#771 = CARTESIAN_POINT('',(0.,1.570796326795));
#772 = VECTOR('',#773,1.);
#773 = DIRECTION('',(1.,0.));
#774 = ( GEOMETRIC_REPRESENTATION_CONTEXT(2) 
PARAMETRIC_REPRESENTATION_CONTEXT() REPRESENTATION_CONTEXT('2D SPACE',''
  ) );
#775 = ORIENTED_EDGE('',*,*,#776,.F.);
#776 = EDGE_CURVE('',#777,#744,#779,.T.);
#777 = VERTEX_POINT('',#778);
#778 = CARTESIAN_POINT('',(-12.5,21.699999984226,9.5));
#779 = SURFACE_CURVE('',#780,(#784,#791),.PCURVE_S1.);
#780 = LINE('',#781,#782);
#781 = CARTESIAN_POINT('',(-12.5,21.7,9.5));
#782 = VECTOR('',#783,1.);
#783 = DIRECTION('',(1.,0.,0.));
#784 = PCURVE('',#267,#785);
#785 = DEFINITIONAL_REPRESENTATION('',(#786),#790);
#786 = LINE('',#787,#788);
#787 = CARTESIAN_POINT('',(-12.49999999882,21.700000002412));
#788 = VECTOR('',#789,1.);
#789 = DIRECTION('',(1.,0.));
#790 = ( GEOMETRIC_REPRESENTATION_CONTEXT(2) 
PARAMETRIC_REPRESENTATION_CONTEXT() REPRESENTATION_CONTEXT('2D SPACE',''
  ) );
#791 = PCURVE('',#792,#797);
#792 = CYLINDRICAL_SURFACE('',#793,0.3);
#793 = AXIS2_PLACEMENT_3D('',#794,#795,#796);
#794 = CARTESIAN_POINT('',(-12.5,21.7,9.8));
#795 = DIRECTION('',(1.,0.,0.));
#796 = DIRECTION('',(-0.,1.,0.));
#797 = DEFINITIONAL_REPRESENTATION('',(#798),#802);
#798 = LINE('',#799,#800);
#799 = CARTESIAN_POINT('',(-1.570796326795,0.));
#800 = VECTOR('',#801,1.);
#801 = DIRECTION('',(-0.,1.));
#802 = ( GEOMETRIC_REPRESENTATION_CONTEXT(2) 
PARAMETRIC_REPRESENTATION_CONTEXT() REPRESENTATION_CONTEXT('2D SPACE',''
  ) );
#803 = ORIENTED_EDGE('',*,*,#804,.F.);
#804 = EDGE_CURVE('',#252,#777,#805,.T.);
#805 = SURFACE_CURVE('',#806,(#811,#822),.PCURVE_S1.);
#806 = CIRCLE('',#807,11.2);
#807 = AXIS2_PLACEMENT_3D('',#808,#809,#810);
#808 = CARTESIAN_POINT('',(-12.5,10.499999984226,9.5));
#809 = DIRECTION('',(-0.,0.,-1.));
#810 = DIRECTION('',(-1.,0.,0.));
#811 = PCURVE('',#267,#812);
#812 = DEFINITIONAL_REPRESENTATION('',(#813),#821);
#813 = ( BOUNDED_CURVE() B_SPLINE_CURVE(2,(#814,#815,#816,#817,#818,#819
,#820),.UNSPECIFIED.,.T.,.F.) B_SPLINE_CURVE_WITH_KNOTS((1,2,2,2,2,1),(
    -2.094395102393,0.,2.094395102393,4.188790204786,6.28318530718,
8.377580409573),.UNSPECIFIED.) CURVE() GEOMETRIC_REPRESENTATION_ITEM() 
RATIONAL_B_SPLINE_CURVE((1.,0.5,1.,0.5,1.,0.5,1.)) REPRESENTATION_ITEM(
  '') );
#814 = CARTESIAN_POINT('',(-23.69999999882,10.499999986638));
#815 = CARTESIAN_POINT('',(-23.69999999882,29.898969031409));
#816 = CARTESIAN_POINT('',(-6.899999998821,20.199484509024));
#817 = CARTESIAN_POINT('',(9.900000001179,10.499999986638));
#818 = CARTESIAN_POINT('',(-6.899999998821,0.800515464252));
#819 = CARTESIAN_POINT('',(-23.69999999882,-8.898969058133));
#820 = CARTESIAN_POINT('',(-23.69999999882,10.499999986638));
#821 = ( GEOMETRIC_REPRESENTATION_CONTEXT(2) 
PARAMETRIC_REPRESENTATION_CONTEXT() REPRESENTATION_CONTEXT('2D SPACE',''
  ) );
#822 = PCURVE('',#293,#823);
#823 = DEFINITIONAL_REPRESENTATION('',(#824),#828);
#824 = LINE('',#825,#826);
#825 = CARTESIAN_POINT('',(0.,1.570796326795));
#826 = VECTOR('',#827,1.);
#827 = DIRECTION('',(1.,0.));
#828 = ( GEOMETRIC_REPRESENTATION_CONTEXT(2) 
PARAMETRIC_REPRESENTATION_CONTEXT() REPRESENTATION_CONTEXT('2D SPACE',''
  ) );
#829 = FACE_BOUND('',#830,.F.);
#830 = EDGE_LOOP('',(#831));
#831 = ORIENTED_EDGE('',*,*,#832,.F.);
#832 = EDGE_CURVE('',#833,#833,#835,.T.);
#833 = VERTEX_POINT('',#834);
#834 = CARTESIAN_POINT('',(-13.8,-15.5,9.5));
#835 = SURFACE_CURVE('',#836,(#841,#848),.PCURVE_S1.);
#836 = CIRCLE('',#837,1.2);
#837 = AXIS2_PLACEMENT_3D('',#838,#839,#840);
#838 = CARTESIAN_POINT('',(-15.,-15.5,9.5));
#839 = DIRECTION('',(0.,0.,1.));
#840 = DIRECTION('',(1.,0.,-0.));
#841 = PCURVE('',#267,#842);
#842 = DEFINITIONAL_REPRESENTATION('',(#843),#847);
#843 = CIRCLE('',#844,1.2);
#844 = AXIS2_PLACEMENT_2D('',#845,#846);
#845 = CARTESIAN_POINT('',(-14.99999999882,-15.49999999758));
#846 = DIRECTION('',(1.,0.));
#847 = ( GEOMETRIC_REPRESENTATION_CONTEXT(2) 
PARAMETRIC_REPRESENTATION_CONTEXT() REPRESENTATION_CONTEXT('2D SPACE',''
  ) );
#848 = PCURVE('',#849,#854);
#849 = CYLINDRICAL_SURFACE('',#850,1.2);
#850 = AXIS2_PLACEMENT_3D('',#851,#852,#853);
#851 = CARTESIAN_POINT('',(-15.,-15.5,9.45));
#852 = DIRECTION('',(0.,0.,1.));
#853 = DIRECTION('',(1.,0.,-0.));
#854 = DEFINITIONAL_REPRESENTATION('',(#855),#859);
#855 = LINE('',#856,#857);
#856 = CARTESIAN_POINT('',(0.,5.E-02));
#857 = VECTOR('',#858,1.);
#858 = DIRECTION('',(1.,0.));
#859 = ( GEOMETRIC_REPRESENTATION_CONTEXT(2) 
PARAMETRIC_REPRESENTATION_CONTEXT() REPRESENTATION_CONTEXT('2D SPACE',''
  ) );
#860 = FACE_BOUND('',#861,.F.);
#861 = EDGE_LOOP('',(#862));
#862 = ORIENTED_EDGE('',*,*,#863,.F.);
#863 = EDGE_CURVE('',#864,#864,#866,.T.);
#864 = VERTEX_POINT('',#865);
#865 = CARTESIAN_POINT('',(-4.2,-16.,9.5));
#866 = SURFACE_CURVE('',#867,(#872,#879),.PCURVE_S1.);
#867 = CIRCLE('',#868,0.6);
#868 = AXIS2_PLACEMENT_3D('',#869,#870,#871);
#869 = CARTESIAN_POINT('',(-4.8,-16.,9.5));
#870 = DIRECTION('',(0.,0.,1.));
#871 = DIRECTION('',(1.,0.,-0.));
#872 = PCURVE('',#267,#873);
#873 = DEFINITIONAL_REPRESENTATION('',(#874),#878);
#874 = CIRCLE('',#875,0.6);
#875 = AXIS2_PLACEMENT_2D('',#876,#877);
#876 = CARTESIAN_POINT('',(-4.799999998821,-15.99999999758));
#877 = DIRECTION('',(1.,0.));
#878 = ( GEOMETRIC_REPRESENTATION_CONTEXT(2) 
PARAMETRIC_REPRESENTATION_CONTEXT() REPRESENTATION_CONTEXT('2D SPACE',''
  ) );
#879 = PCURVE('',#880,#885);
#880 = CYLINDRICAL_SURFACE('',#881,0.6);
#881 = AXIS2_PLACEMENT_3D('',#882,#883,#884);
#882 = CARTESIAN_POINT('',(-4.8,-16.,9.45));
#883 = DIRECTION('',(0.,0.,1.));
#884 = DIRECTION('',(1.,0.,-0.));
#885 = DEFINITIONAL_REPRESENTATION('',(#886),#890);
#886 = LINE('',#887,#888);
#887 = CARTESIAN_POINT('',(0.,5.E-02));
#888 = VECTOR('',#889,1.);
#889 = DIRECTION('',(1.,0.));
#890 = ( GEOMETRIC_REPRESENTATION_CONTEXT(2) 
PARAMETRIC_REPRESENTATION_CONTEXT() REPRESENTATION_CONTEXT('2D SPACE',''
  ) );
#891 = FACE_BOUND('',#892,.F.);
#892 = EDGE_LOOP('',(#893));
#893 = ORIENTED_EDGE('',*,*,#894,.F.);
#894 = EDGE_CURVE('',#895,#895,#897,.T.);
#895 = VERTEX_POINT('',#896);
#896 = CARTESIAN_POINT('',(-3.,-18.4,9.5));
#897 = SURFACE_CURVE('',#898,(#903,#910),.PCURVE_S1.);
#898 = CIRCLE('',#899,0.6);
#899 = AXIS2_PLACEMENT_3D('',#900,#901,#902);
#900 = CARTESIAN_POINT('',(-3.6,-18.4,9.5));
#901 = DIRECTION('',(0.,0.,1.));
#902 = DIRECTION('',(1.,0.,-0.));
#903 = PCURVE('',#267,#904);
#904 = DEFINITIONAL_REPRESENTATION('',(#905),#909);
#905 = CIRCLE('',#906,0.6);
#906 = AXIS2_PLACEMENT_2D('',#907,#908);
#907 = CARTESIAN_POINT('',(-3.599999998821,-18.39999999758));
#908 = DIRECTION('',(1.,0.));
#909 = ( GEOMETRIC_REPRESENTATION_CONTEXT(2) 
PARAMETRIC_REPRESENTATION_CONTEXT() REPRESENTATION_CONTEXT('2D SPACE',''
  ) );
#910 = PCURVE('',#911,#916);
#911 = CYLINDRICAL_SURFACE('',#912,0.6);
#912 = AXIS2_PLACEMENT_3D('',#913,#914,#915);
#913 = CARTESIAN_POINT('',(-3.6,-18.4,9.45));
#914 = DIRECTION('',(0.,0.,1.));
#915 = DIRECTION('',(1.,0.,-0.));
#916 = DEFINITIONAL_REPRESENTATION('',(#917),#921);
#917 = LINE('',#918,#919);
#918 = CARTESIAN_POINT('',(0.,5.E-02));
#919 = VECTOR('',#920,1.);
#920 = DIRECTION('',(1.,0.));
#921 = ( GEOMETRIC_REPRESENTATION_CONTEXT(2) 
PARAMETRIC_REPRESENTATION_CONTEXT() REPRESENTATION_CONTEXT('2D SPACE',''
  ) );
#922 = FACE_BOUND('',#923,.F.);
#923 = EDGE_LOOP('',(#924));
#924 = ORIENTED_EDGE('',*,*,#925,.F.);
#925 = EDGE_CURVE('',#926,#926,#928,.T.);
#926 = VERTEX_POINT('',#927);
#927 = CARTESIAN_POINT('',(-0.6,-18.4,9.5));
#928 = SURFACE_CURVE('',#929,(#934,#941),.PCURVE_S1.);
#929 = CIRCLE('',#930,0.6);
#930 = AXIS2_PLACEMENT_3D('',#931,#932,#933);
#931 = CARTESIAN_POINT('',(-1.2,-18.4,9.5));
#932 = DIRECTION('',(0.,0.,1.));
#933 = DIRECTION('',(1.,0.,-0.));
#934 = PCURVE('',#267,#935);
#935 = DEFINITIONAL_REPRESENTATION('',(#936),#940);
#936 = CIRCLE('',#937,0.6);
#937 = AXIS2_PLACEMENT_2D('',#938,#939);
#938 = CARTESIAN_POINT('',(-1.199999998821,-18.39999999758));
#939 = DIRECTION('',(1.,0.));
#940 = ( GEOMETRIC_REPRESENTATION_CONTEXT(2) 
PARAMETRIC_REPRESENTATION_CONTEXT() REPRESENTATION_CONTEXT('2D SPACE',''
  ) );
#941 = PCURVE('',#942,#947);
#942 = CYLINDRICAL_SURFACE('',#943,0.6);
#943 = AXIS2_PLACEMENT_3D('',#944,#945,#946);
#944 = CARTESIAN_POINT('',(-1.2,-18.4,9.45));
#945 = DIRECTION('',(0.,0.,1.));
#946 = DIRECTION('',(1.,0.,-0.));
#947 = DEFINITIONAL_REPRESENTATION('',(#948),#952);
#948 = LINE('',#949,#950);
#949 = CARTESIAN_POINT('',(0.,5.E-02));
#950 = VECTOR('',#951,1.);
#951 = DIRECTION('',(1.,0.));
#952 = ( GEOMETRIC_REPRESENTATION_CONTEXT(2) 
PARAMETRIC_REPRESENTATION_CONTEXT() REPRESENTATION_CONTEXT('2D SPACE',''
  ) );
#953 = FACE_BOUND('',#954,.F.);
#954 = EDGE_LOOP('',(#955));
#955 = ORIENTED_EDGE('',*,*,#956,.F.);
#956 = EDGE_CURVE('',#957,#957,#959,.T.);
#957 = VERTEX_POINT('',#958);
#958 = CARTESIAN_POINT('',(-1.8,-16.,9.5));
#959 = SURFACE_CURVE('',#960,(#965,#972),.PCURVE_S1.);
#960 = CIRCLE('',#961,0.6);
#961 = AXIS2_PLACEMENT_3D('',#962,#963,#964);
#962 = CARTESIAN_POINT('',(-2.4,-16.,9.5));
#963 = DIRECTION('',(0.,0.,1.));
#964 = DIRECTION('',(1.,0.,-0.));
#965 = PCURVE('',#267,#966);
#966 = DEFINITIONAL_REPRESENTATION('',(#967),#971);
#967 = CIRCLE('',#968,0.6);
#968 = AXIS2_PLACEMENT_2D('',#969,#970);
#969 = CARTESIAN_POINT('',(-2.399999998821,-15.99999999758));
#970 = DIRECTION('',(1.,0.));
#971 = ( GEOMETRIC_REPRESENTATION_CONTEXT(2) 
PARAMETRIC_REPRESENTATION_CONTEXT() REPRESENTATION_CONTEXT('2D SPACE',''
  ) );
#972 = PCURVE('',#973,#978);
#973 = CYLINDRICAL_SURFACE('',#974,0.6);
#974 = AXIS2_PLACEMENT_3D('',#975,#976,#977);
#975 = CARTESIAN_POINT('',(-2.4,-16.,9.45));
#976 = DIRECTION('',(0.,0.,1.));
#977 = DIRECTION('',(1.,0.,-0.));
#978 = DEFINITIONAL_REPRESENTATION('',(#979),#983);
#979 = LINE('',#980,#981);
#980 = CARTESIAN_POINT('',(0.,5.E-02));
#981 = VECTOR('',#982,1.);
#982 = DIRECTION('',(1.,0.));
#983 = ( GEOMETRIC_REPRESENTATION_CONTEXT(2) 
PARAMETRIC_REPRESENTATION_CONTEXT() REPRESENTATION_CONTEXT('2D SPACE',''
  ) );
#984 = FACE_BOUND('',#985,.F.);
#985 = EDGE_LOOP('',(#986));
#986 = ORIENTED_EDGE('',*,*,#987,.F.);
#987 = EDGE_CURVE('',#988,#988,#990,.T.);
#988 = VERTEX_POINT('',#989);
#989 = CARTESIAN_POINT('',(1.8,-18.4,9.5));
#990 = SURFACE_CURVE('',#991,(#996,#1003),.PCURVE_S1.);
#991 = CIRCLE('',#992,0.6);
#992 = AXIS2_PLACEMENT_3D('',#993,#994,#995);
#993 = CARTESIAN_POINT('',(1.2,-18.4,9.5));
#994 = DIRECTION('',(0.,0.,1.));
#995 = DIRECTION('',(1.,0.,-0.));
#996 = PCURVE('',#267,#997);
#997 = DEFINITIONAL_REPRESENTATION('',(#998),#1002);
#998 = CIRCLE('',#999,0.6);
#999 = AXIS2_PLACEMENT_2D('',#1000,#1001);
#1000 = CARTESIAN_POINT('',(1.200000001179,-18.39999999758));
#1001 = DIRECTION('',(1.,0.));
#1002 = ( GEOMETRIC_REPRESENTATION_CONTEXT(2) 
PARAMETRIC_REPRESENTATION_CONTEXT() REPRESENTATION_CONTEXT('2D SPACE',''
  ) );
#1003 = PCURVE('',#1004,#1009);
#1004 = CYLINDRICAL_SURFACE('',#1005,0.6);
#1005 = AXIS2_PLACEMENT_3D('',#1006,#1007,#1008);
#1006 = CARTESIAN_POINT('',(1.2,-18.4,9.45));
#1007 = DIRECTION('',(0.,0.,1.));
#1008 = DIRECTION('',(1.,0.,-0.));
#1009 = DEFINITIONAL_REPRESENTATION('',(#1010),#1014);
#1010 = LINE('',#1011,#1012);
#1011 = CARTESIAN_POINT('',(0.,5.E-02));
#1012 = VECTOR('',#1013,1.);
#1013 = DIRECTION('',(1.,0.));
#1014 = ( GEOMETRIC_REPRESENTATION_CONTEXT(2) 
PARAMETRIC_REPRESENTATION_CONTEXT() REPRESENTATION_CONTEXT('2D SPACE',''
  ) );
#1015 = FACE_BOUND('',#1016,.F.);
#1016 = EDGE_LOOP('',(#1017));
#1017 = ORIENTED_EDGE('',*,*,#1018,.F.);
#1018 = EDGE_CURVE('',#1019,#1019,#1021,.T.);
#1019 = VERTEX_POINT('',#1020);
#1020 = CARTESIAN_POINT('',(4.2,-18.4,9.5));
#1021 = SURFACE_CURVE('',#1022,(#1027,#1034),.PCURVE_S1.);
#1022 = CIRCLE('',#1023,0.6);
#1023 = AXIS2_PLACEMENT_3D('',#1024,#1025,#1026);
#1024 = CARTESIAN_POINT('',(3.6,-18.4,9.5));
#1025 = DIRECTION('',(0.,0.,1.));
#1026 = DIRECTION('',(1.,0.,-0.));
#1027 = PCURVE('',#267,#1028);
#1028 = DEFINITIONAL_REPRESENTATION('',(#1029),#1033);
#1029 = CIRCLE('',#1030,0.6);
#1030 = AXIS2_PLACEMENT_2D('',#1031,#1032);
#1031 = CARTESIAN_POINT('',(3.600000001179,-18.39999999758));
#1032 = DIRECTION('',(1.,0.));
#1033 = ( GEOMETRIC_REPRESENTATION_CONTEXT(2) 
PARAMETRIC_REPRESENTATION_CONTEXT() REPRESENTATION_CONTEXT('2D SPACE',''
  ) );
#1034 = PCURVE('',#1035,#1040);
#1035 = CYLINDRICAL_SURFACE('',#1036,0.6);
#1036 = AXIS2_PLACEMENT_3D('',#1037,#1038,#1039);
#1037 = CARTESIAN_POINT('',(3.6,-18.4,9.45));
#1038 = DIRECTION('',(0.,0.,1.));
#1039 = DIRECTION('',(1.,0.,-0.));
#1040 = DEFINITIONAL_REPRESENTATION('',(#1041),#1045);
#1041 = LINE('',#1042,#1043);
#1042 = CARTESIAN_POINT('',(0.,5.E-02));
#1043 = VECTOR('',#1044,1.);
#1044 = DIRECTION('',(1.,0.));
#1045 = ( GEOMETRIC_REPRESENTATION_CONTEXT(2) 
PARAMETRIC_REPRESENTATION_CONTEXT() REPRESENTATION_CONTEXT('2D SPACE',''
  ) );
#1046 = FACE_BOUND('',#1047,.F.);
#1047 = EDGE_LOOP('',(#1048));
#1048 = ORIENTED_EDGE('',*,*,#1049,.F.);
#1049 = EDGE_CURVE('',#1050,#1050,#1052,.T.);
#1050 = VERTEX_POINT('',#1051);
#1051 = CARTESIAN_POINT('',(0.6,-16.,9.5));
#1052 = SURFACE_CURVE('',#1053,(#1058,#1065),.PCURVE_S1.);
#1053 = CIRCLE('',#1054,0.6);
#1054 = AXIS2_PLACEMENT_3D('',#1055,#1056,#1057);
#1055 = CARTESIAN_POINT('',(0.,-16.,9.5));
#1056 = DIRECTION('',(0.,0.,1.));
#1057 = DIRECTION('',(1.,0.,-0.));
#1058 = PCURVE('',#267,#1059);
#1059 = DEFINITIONAL_REPRESENTATION('',(#1060),#1064);
#1060 = CIRCLE('',#1061,0.6);
#1061 = AXIS2_PLACEMENT_2D('',#1062,#1063);
#1062 = CARTESIAN_POINT('',(1.178506503405E-09,-15.99999999758));
#1063 = DIRECTION('',(1.,0.));
#1064 = ( GEOMETRIC_REPRESENTATION_CONTEXT(2) 
PARAMETRIC_REPRESENTATION_CONTEXT() REPRESENTATION_CONTEXT('2D SPACE',''
  ) );
#1065 = PCURVE('',#1066,#1071);
#1066 = CYLINDRICAL_SURFACE('',#1067,0.6);
#1067 = AXIS2_PLACEMENT_3D('',#1068,#1069,#1070);
#1068 = CARTESIAN_POINT('',(0.,-16.,9.45));
#1069 = DIRECTION('',(0.,0.,1.));
#1070 = DIRECTION('',(1.,0.,-0.));
#1071 = DEFINITIONAL_REPRESENTATION('',(#1072),#1076);
#1072 = LINE('',#1073,#1074);
#1073 = CARTESIAN_POINT('',(0.,5.E-02));
#1074 = VECTOR('',#1075,1.);
#1075 = DIRECTION('',(1.,0.));
#1076 = ( GEOMETRIC_REPRESENTATION_CONTEXT(2) 
PARAMETRIC_REPRESENTATION_CONTEXT() REPRESENTATION_CONTEXT('2D SPACE',''
  ) );
#1077 = FACE_BOUND('',#1078,.F.);
#1078 = EDGE_LOOP('',(#1079));
#1079 = ORIENTED_EDGE('',*,*,#1080,.F.);
#1080 = EDGE_CURVE('',#1081,#1081,#1083,.T.);
#1081 = VERTEX_POINT('',#1082);
#1082 = CARTESIAN_POINT('',(3.,-16.,9.5));
#1083 = SURFACE_CURVE('',#1084,(#1089,#1096),.PCURVE_S1.);
#1084 = CIRCLE('',#1085,0.6);
#1085 = AXIS2_PLACEMENT_3D('',#1086,#1087,#1088);
#1086 = CARTESIAN_POINT('',(2.4,-16.,9.5));
#1087 = DIRECTION('',(0.,0.,1.));
#1088 = DIRECTION('',(1.,0.,-0.));
#1089 = PCURVE('',#267,#1090);
#1090 = DEFINITIONAL_REPRESENTATION('',(#1091),#1095);
#1091 = CIRCLE('',#1092,0.6);
#1092 = AXIS2_PLACEMENT_2D('',#1093,#1094);
#1093 = CARTESIAN_POINT('',(2.400000001179,-15.99999999758));
#1094 = DIRECTION('',(1.,0.));
#1095 = ( GEOMETRIC_REPRESENTATION_CONTEXT(2) 
PARAMETRIC_REPRESENTATION_CONTEXT() REPRESENTATION_CONTEXT('2D SPACE',''
  ) );
#1096 = PCURVE('',#1097,#1102);
#1097 = CYLINDRICAL_SURFACE('',#1098,0.6);
#1098 = AXIS2_PLACEMENT_3D('',#1099,#1100,#1101);
#1099 = CARTESIAN_POINT('',(2.4,-16.,9.45));
#1100 = DIRECTION('',(0.,0.,1.));
#1101 = DIRECTION('',(1.,0.,-0.));
#1102 = DEFINITIONAL_REPRESENTATION('',(#1103),#1107);
#1103 = LINE('',#1104,#1105);
#1104 = CARTESIAN_POINT('',(0.,5.E-02));
#1105 = VECTOR('',#1106,1.);
#1106 = DIRECTION('',(1.,0.));
#1107 = ( GEOMETRIC_REPRESENTATION_CONTEXT(2) 
PARAMETRIC_REPRESENTATION_CONTEXT() REPRESENTATION_CONTEXT('2D SPACE',''
  ) );
#1108 = FACE_BOUND('',#1109,.F.);
#1109 = EDGE_LOOP('',(#1110));
#1110 = ORIENTED_EDGE('',*,*,#1111,.F.);
#1111 = EDGE_CURVE('',#1112,#1112,#1114,.T.);
#1112 = VERTEX_POINT('',#1113);
#1113 = CARTESIAN_POINT('',(5.4,-16.,9.5));
#1114 = SURFACE_CURVE('',#1115,(#1120,#1127),.PCURVE_S1.);
#1115 = CIRCLE('',#1116,0.6);
#1116 = AXIS2_PLACEMENT_3D('',#1117,#1118,#1119);
#1117 = CARTESIAN_POINT('',(4.8,-16.,9.5));
#1118 = DIRECTION('',(0.,0.,1.));
#1119 = DIRECTION('',(1.,0.,-0.));
#1120 = PCURVE('',#267,#1121);
#1121 = DEFINITIONAL_REPRESENTATION('',(#1122),#1126);
#1122 = CIRCLE('',#1123,0.6);
#1123 = AXIS2_PLACEMENT_2D('',#1124,#1125);
#1124 = CARTESIAN_POINT('',(4.800000001179,-15.99999999758));
#1125 = DIRECTION('',(1.,0.));
#1126 = ( GEOMETRIC_REPRESENTATION_CONTEXT(2) 
PARAMETRIC_REPRESENTATION_CONTEXT() REPRESENTATION_CONTEXT('2D SPACE',''
  ) );
#1127 = PCURVE('',#1128,#1133);
#1128 = CYLINDRICAL_SURFACE('',#1129,0.6);
#1129 = AXIS2_PLACEMENT_3D('',#1130,#1131,#1132);
#1130 = CARTESIAN_POINT('',(4.8,-16.,9.45));
#1131 = DIRECTION('',(0.,0.,1.));
#1132 = DIRECTION('',(1.,0.,-0.));
#1133 = DEFINITIONAL_REPRESENTATION('',(#1134),#1138);
#1134 = LINE('',#1135,#1136);
#1135 = CARTESIAN_POINT('',(0.,5.E-02));
#1136 = VECTOR('',#1137,1.);
#1137 = DIRECTION('',(1.,0.));
#1138 = ( GEOMETRIC_REPRESENTATION_CONTEXT(2) 
PARAMETRIC_REPRESENTATION_CONTEXT() REPRESENTATION_CONTEXT('2D SPACE',''
  ) );
#1139 = FACE_BOUND('',#1140,.F.);
#1140 = EDGE_LOOP('',(#1141));
#1141 = ORIENTED_EDGE('',*,*,#1142,.F.);
#1142 = EDGE_CURVE('',#1143,#1143,#1145,.T.);
#1143 = VERTEX_POINT('',#1144);
#1144 = CARTESIAN_POINT('',(16.2,-15.5,9.5));
#1145 = SURFACE_CURVE('',#1146,(#1151,#1158),.PCURVE_S1.);
#1146 = CIRCLE('',#1147,1.2);
#1147 = AXIS2_PLACEMENT_3D('',#1148,#1149,#1150);
#1148 = CARTESIAN_POINT('',(15.,-15.5,9.5));
#1149 = DIRECTION('',(0.,0.,1.));
#1150 = DIRECTION('',(1.,0.,-0.));
#1151 = PCURVE('',#267,#1152);
#1152 = DEFINITIONAL_REPRESENTATION('',(#1153),#1157);
#1153 = CIRCLE('',#1154,1.2);
#1154 = AXIS2_PLACEMENT_2D('',#1155,#1156);
#1155 = CARTESIAN_POINT('',(15.000000001179,-15.49999999758));
#1156 = DIRECTION('',(1.,0.));
#1157 = ( GEOMETRIC_REPRESENTATION_CONTEXT(2) 
PARAMETRIC_REPRESENTATION_CONTEXT() REPRESENTATION_CONTEXT('2D SPACE',''
  ) );
#1158 = PCURVE('',#1159,#1164);
#1159 = CYLINDRICAL_SURFACE('',#1160,1.2);
#1160 = AXIS2_PLACEMENT_3D('',#1161,#1162,#1163);
#1161 = CARTESIAN_POINT('',(15.,-15.5,9.45));
#1162 = DIRECTION('',(0.,0.,1.));
#1163 = DIRECTION('',(1.,0.,-0.));
#1164 = DEFINITIONAL_REPRESENTATION('',(#1165),#1169);
#1165 = LINE('',#1166,#1167);
#1166 = CARTESIAN_POINT('',(0.,5.E-02));
#1167 = VECTOR('',#1168,1.);
#1168 = DIRECTION('',(1.,0.));
#1169 = ( GEOMETRIC_REPRESENTATION_CONTEXT(2) 
PARAMETRIC_REPRESENTATION_CONTEXT() REPRESENTATION_CONTEXT('2D SPACE',''
  ) );
#1170 = FACE_BOUND('',#1171,.F.);
#1171 = EDGE_LOOP('',(#1172));
#1172 = ORIENTED_EDGE('',*,*,#1173,.F.);
#1173 = EDGE_CURVE('',#1174,#1174,#1176,.T.);
#1174 = VERTEX_POINT('',#1175);
#1175 = CARTESIAN_POINT('',(-13.8,15.5,9.5));
#1176 = SURFACE_CURVE('',#1177,(#1182,#1189),.PCURVE_S1.);
#1177 = CIRCLE('',#1178,1.2);
#1178 = AXIS2_PLACEMENT_3D('',#1179,#1180,#1181);
#1179 = CARTESIAN_POINT('',(-15.,15.5,9.5));
#1180 = DIRECTION('',(0.,0.,1.));
#1181 = DIRECTION('',(1.,0.,-0.));
#1182 = PCURVE('',#267,#1183);
#1183 = DEFINITIONAL_REPRESENTATION('',(#1184),#1188);
#1184 = CIRCLE('',#1185,1.2);
#1185 = AXIS2_PLACEMENT_2D('',#1186,#1187);
#1186 = CARTESIAN_POINT('',(-14.99999999882,15.500000002412));
#1187 = DIRECTION('',(1.,0.));
#1188 = ( GEOMETRIC_REPRESENTATION_CONTEXT(2) 
PARAMETRIC_REPRESENTATION_CONTEXT() REPRESENTATION_CONTEXT('2D SPACE',''
  ) );
#1189 = PCURVE('',#1190,#1195);
#1190 = CYLINDRICAL_SURFACE('',#1191,1.2);
#1191 = AXIS2_PLACEMENT_3D('',#1192,#1193,#1194);
#1192 = CARTESIAN_POINT('',(-15.,15.5,9.45));
#1193 = DIRECTION('',(0.,0.,1.));
#1194 = DIRECTION('',(1.,0.,-0.));
#1195 = DEFINITIONAL_REPRESENTATION('',(#1196),#1200);
#1196 = LINE('',#1197,#1198);
#1197 = CARTESIAN_POINT('',(0.,5.E-02));
#1198 = VECTOR('',#1199,1.);
#1199 = DIRECTION('',(1.,0.));
#1200 = ( GEOMETRIC_REPRESENTATION_CONTEXT(2) 
PARAMETRIC_REPRESENTATION_CONTEXT() REPRESENTATION_CONTEXT('2D SPACE',''
  ) );
#1201 = FACE_BOUND('',#1202,.F.);
#1202 = EDGE_LOOP('',(#1203));
#1203 = ORIENTED_EDGE('',*,*,#1204,.F.);
#1204 = EDGE_CURVE('',#1205,#1205,#1207,.T.);
#1205 = VERTEX_POINT('',#1206);
#1206 = CARTESIAN_POINT('',(-0.75,16.5,9.5));
#1207 = SURFACE_CURVE('',#1208,(#1213,#1220),.PCURVE_S1.);
#1208 = CIRCLE('',#1209,0.65);
#1209 = AXIS2_PLACEMENT_3D('',#1210,#1211,#1212);
#1210 = CARTESIAN_POINT('',(-1.4,16.5,9.5));
#1211 = DIRECTION('',(0.,0.,1.));
#1212 = DIRECTION('',(1.,0.,-0.));
#1213 = PCURVE('',#267,#1214);
#1214 = DEFINITIONAL_REPRESENTATION('',(#1215),#1219);
#1215 = CIRCLE('',#1216,0.65);
#1216 = AXIS2_PLACEMENT_2D('',#1217,#1218);
#1217 = CARTESIAN_POINT('',(-1.399999998821,16.500000002412));
#1218 = DIRECTION('',(1.,0.));
#1219 = ( GEOMETRIC_REPRESENTATION_CONTEXT(2) 
PARAMETRIC_REPRESENTATION_CONTEXT() REPRESENTATION_CONTEXT('2D SPACE',''
  ) );
#1220 = PCURVE('',#1221,#1226);
#1221 = CYLINDRICAL_SURFACE('',#1222,0.65);
#1222 = AXIS2_PLACEMENT_3D('',#1223,#1224,#1225);
#1223 = CARTESIAN_POINT('',(-1.4,16.5,9.45));
#1224 = DIRECTION('',(0.,0.,1.));
#1225 = DIRECTION('',(1.,0.,-0.));
#1226 = DEFINITIONAL_REPRESENTATION('',(#1227),#1231);
#1227 = LINE('',#1228,#1229);
#1228 = CARTESIAN_POINT('',(0.,5.E-02));
#1229 = VECTOR('',#1230,1.);
#1230 = DIRECTION('',(1.,0.));
#1231 = ( GEOMETRIC_REPRESENTATION_CONTEXT(2) 
PARAMETRIC_REPRESENTATION_CONTEXT() REPRESENTATION_CONTEXT('2D SPACE',''
  ) );
#1232 = FACE_BOUND('',#1233,.F.);
#1233 = EDGE_LOOP('',(#1234,#1262,#1295,#1321,#1354,#1380,#1413,#1439));
#1234 = ORIENTED_EDGE('',*,*,#1235,.F.);
#1235 = EDGE_CURVE('',#1236,#1238,#1240,.T.);
#1236 = VERTEX_POINT('',#1237);
#1237 = CARTESIAN_POINT('',(-13.8,5.799999998903,9.5));
#1238 = VERTEX_POINT('',#1239);
#1239 = CARTESIAN_POINT('',(-13.8,-5.8,9.5));
#1240 = SURFACE_CURVE('',#1241,(#1245,#1251),.PCURVE_S1.);
#1241 = LINE('',#1242,#1243);
#1242 = CARTESIAN_POINT('',(-13.8,-2.900000001206,9.5));
#1243 = VECTOR('',#1244,1.);
#1244 = DIRECTION('',(0.,-1.,0.));
#1245 = PCURVE('',#267,#1246);
#1246 = DEFINITIONAL_REPRESENTATION('',(#1247),#1250);
#1247 = B_SPLINE_CURVE_WITH_KNOTS('',1,(#1248,#1249),.UNSPECIFIED.,.F.,
  .F.,(2,2),(-8.700000000109,2.899999998794),.PIECEWISE_BEZIER_KNOTS.);
#1248 = CARTESIAN_POINT('',(-13.79999999882,5.800000001315));
#1249 = CARTESIAN_POINT('',(-13.79999999882,-5.799999997588));
#1250 = ( GEOMETRIC_REPRESENTATION_CONTEXT(2) 
PARAMETRIC_REPRESENTATION_CONTEXT() REPRESENTATION_CONTEXT('2D SPACE',''
  ) );
#1251 = PCURVE('',#1252,#1257);
#1252 = PLANE('',#1253);
#1253 = AXIS2_PLACEMENT_3D('',#1254,#1255,#1256);
#1254 = CARTESIAN_POINT('',(-13.8,-5.8,9.48));
#1255 = DIRECTION('',(-1.,0.,0.));
#1256 = DIRECTION('',(0.,1.,0.));
#1257 = DEFINITIONAL_REPRESENTATION('',(#1258),#1261);
#1258 = B_SPLINE_CURVE_WITH_KNOTS('',1,(#1259,#1260),.UNSPECIFIED.,.F.,
  .F.,(2,2),(-8.700000000109,2.899999998794),.PIECEWISE_BEZIER_KNOTS.);
#1259 = CARTESIAN_POINT('',(11.599999998903,-2.E-02));
#1260 = CARTESIAN_POINT('',(0.,-2.E-02));
#1261 = ( GEOMETRIC_REPRESENTATION_CONTEXT(2) 
PARAMETRIC_REPRESENTATION_CONTEXT() REPRESENTATION_CONTEXT('2D SPACE',''
  ) );
#1262 = ORIENTED_EDGE('',*,*,#1263,.T.);
#1263 = EDGE_CURVE('',#1236,#1264,#1266,.T.);
#1264 = VERTEX_POINT('',#1265);
#1265 = CARTESIAN_POINT('',(-9.8,9.799999999451,9.5));
#1266 = SURFACE_CURVE('',#1267,(#1272,#1283),.PCURVE_S1.);
#1267 = CIRCLE('',#1268,4.);
#1268 = AXIS2_PLACEMENT_3D('',#1269,#1270,#1271);
#1269 = CARTESIAN_POINT('',(-9.8,5.799999998903,9.5));
#1270 = DIRECTION('',(0.,0.,-1.));
#1271 = DIRECTION('',(1.,0.,0.));
#1272 = PCURVE('',#267,#1273);
#1273 = DEFINITIONAL_REPRESENTATION('',(#1274),#1282);
#1274 = ( BOUNDED_CURVE() B_SPLINE_CURVE(2,(#1275,#1276,#1277,#1278,
#1279,#1280,#1281),.UNSPECIFIED.,.T.,.F.) B_SPLINE_CURVE_WITH_KNOTS((1,2
    ,2,2,2,1),(-2.094395102393,0.,2.094395102393,4.188790204786,
6.28318530718,8.377580409573),.UNSPECIFIED.) CURVE() 
GEOMETRIC_REPRESENTATION_ITEM() RATIONAL_B_SPLINE_CURVE((1.,0.5,1.,0.5,
1.,0.5,1.)) REPRESENTATION_ITEM('') );
#1275 = CARTESIAN_POINT('',(-5.799999998821,5.800000001315));
#1276 = CARTESIAN_POINT('',(-5.799999998821,-1.12820322896));
#1277 = CARTESIAN_POINT('',(-11.79999999882,2.335898386177));
#1278 = CARTESIAN_POINT('',(-17.79999999882,5.800000001315));
#1279 = CARTESIAN_POINT('',(-11.79999999882,9.264101616453));
#1280 = CARTESIAN_POINT('',(-5.799999998822,12.728203231591));
#1281 = CARTESIAN_POINT('',(-5.799999998821,5.800000001315));
#1282 = ( GEOMETRIC_REPRESENTATION_CONTEXT(2) 
PARAMETRIC_REPRESENTATION_CONTEXT() REPRESENTATION_CONTEXT('2D SPACE',''
  ) );
#1283 = PCURVE('',#1284,#1289);
#1284 = CYLINDRICAL_SURFACE('',#1285,4.);
#1285 = AXIS2_PLACEMENT_3D('',#1286,#1287,#1288);
#1286 = CARTESIAN_POINT('',(-9.8,5.799999998903,9.48));
#1287 = DIRECTION('',(-0.,-0.,-1.));
#1288 = DIRECTION('',(1.,0.,0.));
#1289 = DEFINITIONAL_REPRESENTATION('',(#1290),#1294);
#1290 = LINE('',#1291,#1292);
#1291 = CARTESIAN_POINT('',(-6.28318530718,-2.E-02));
#1292 = VECTOR('',#1293,1.);
#1293 = DIRECTION('',(1.,-0.));
#1294 = ( GEOMETRIC_REPRESENTATION_CONTEXT(2) 
PARAMETRIC_REPRESENTATION_CONTEXT() REPRESENTATION_CONTEXT('2D SPACE',''
  ) );
#1295 = ORIENTED_EDGE('',*,*,#1296,.F.);
#1296 = EDGE_CURVE('',#1297,#1264,#1299,.T.);
#1297 = VERTEX_POINT('',#1298);
#1298 = CARTESIAN_POINT('',(9.8,9.799999999451,9.5));
#1299 = SURFACE_CURVE('',#1300,(#1304,#1310),.PCURVE_S1.);
#1300 = LINE('',#1301,#1302);
#1301 = CARTESIAN_POINT('',(-4.900000000589,9.8,9.5));
#1302 = VECTOR('',#1303,1.);
#1303 = DIRECTION('',(-1.,0.,0.));
#1304 = PCURVE('',#267,#1305);
#1305 = DEFINITIONAL_REPRESENTATION('',(#1306),#1309);
#1306 = B_SPLINE_CURVE_WITH_KNOTS('',1,(#1307,#1308),.UNSPECIFIED.,.F.,
  .F.,(2,2),(-14.70000000058,4.899999999411),.PIECEWISE_BEZIER_KNOTS.);
#1307 = CARTESIAN_POINT('',(9.800000001179,9.800000002412));
#1308 = CARTESIAN_POINT('',(-9.799999998821,9.800000002412));
#1309 = ( GEOMETRIC_REPRESENTATION_CONTEXT(2) 
PARAMETRIC_REPRESENTATION_CONTEXT() REPRESENTATION_CONTEXT('2D SPACE',''
  ) );
#1310 = PCURVE('',#1311,#1316);
#1311 = PLANE('',#1312);
#1312 = AXIS2_PLACEMENT_3D('',#1313,#1314,#1315);
#1313 = CARTESIAN_POINT('',(-9.8,9.8,9.48));
#1314 = DIRECTION('',(0.,1.,0.));
#1315 = DIRECTION('',(1.,0.,0.));
#1316 = DEFINITIONAL_REPRESENTATION('',(#1317),#1320);
#1317 = B_SPLINE_CURVE_WITH_KNOTS('',1,(#1318,#1319),.UNSPECIFIED.,.F.,
  .F.,(2,2),(-14.70000000058,4.899999999411),.PIECEWISE_BEZIER_KNOTS.);
#1318 = CARTESIAN_POINT('',(19.6,-2.E-02));
#1319 = CARTESIAN_POINT('',(0.,-2.E-02));
#1320 = ( GEOMETRIC_REPRESENTATION_CONTEXT(2) 
PARAMETRIC_REPRESENTATION_CONTEXT() REPRESENTATION_CONTEXT('2D SPACE',''
  ) );
#1321 = ORIENTED_EDGE('',*,*,#1322,.T.);
#1322 = EDGE_CURVE('',#1297,#1323,#1325,.T.);
#1323 = VERTEX_POINT('',#1324);
#1324 = CARTESIAN_POINT('',(13.8,5.799999998903,9.5));
#1325 = SURFACE_CURVE('',#1326,(#1331,#1342),.PCURVE_S1.);
#1326 = CIRCLE('',#1327,4.);
#1327 = AXIS2_PLACEMENT_3D('',#1328,#1329,#1330);
#1328 = CARTESIAN_POINT('',(9.8,5.799999998903,9.5));
#1329 = DIRECTION('',(0.,0.,-1.));
#1330 = DIRECTION('',(1.,0.,0.));
#1331 = PCURVE('',#267,#1332);
#1332 = DEFINITIONAL_REPRESENTATION('',(#1333),#1341);
#1333 = ( BOUNDED_CURVE() B_SPLINE_CURVE(2,(#1334,#1335,#1336,#1337,
#1338,#1339,#1340),.UNSPECIFIED.,.T.,.F.) B_SPLINE_CURVE_WITH_KNOTS((1,2
    ,2,2,2,1),(-2.094395102393,0.,2.094395102393,4.188790204786,
6.28318530718,8.377580409573),.UNSPECIFIED.) CURVE() 
GEOMETRIC_REPRESENTATION_ITEM() RATIONAL_B_SPLINE_CURVE((1.,0.5,1.,0.5,
1.,0.5,1.)) REPRESENTATION_ITEM('') );
#1334 = CARTESIAN_POINT('',(13.800000001179,5.800000001315));
#1335 = CARTESIAN_POINT('',(13.800000001179,-1.12820322896));
#1336 = CARTESIAN_POINT('',(7.800000001179,2.335898386177));
#1337 = CARTESIAN_POINT('',(1.800000001179,5.800000001315));
#1338 = CARTESIAN_POINT('',(7.800000001179,9.264101616453));
#1339 = CARTESIAN_POINT('',(13.800000001178,12.728203231591));
#1340 = CARTESIAN_POINT('',(13.800000001179,5.800000001315));
#1341 = ( GEOMETRIC_REPRESENTATION_CONTEXT(2) 
PARAMETRIC_REPRESENTATION_CONTEXT() REPRESENTATION_CONTEXT('2D SPACE',''
  ) );
#1342 = PCURVE('',#1343,#1348);
#1343 = CYLINDRICAL_SURFACE('',#1344,4.);
#1344 = AXIS2_PLACEMENT_3D('',#1345,#1346,#1347);
#1345 = CARTESIAN_POINT('',(9.8,5.799999998903,9.48));
#1346 = DIRECTION('',(-0.,-0.,-1.));
#1347 = DIRECTION('',(1.,0.,0.));
#1348 = DEFINITIONAL_REPRESENTATION('',(#1349),#1353);
#1349 = LINE('',#1350,#1351);
#1350 = CARTESIAN_POINT('',(-6.28318530718,-2.E-02));
#1351 = VECTOR('',#1352,1.);
#1352 = DIRECTION('',(1.,-0.));
#1353 = ( GEOMETRIC_REPRESENTATION_CONTEXT(2) 
PARAMETRIC_REPRESENTATION_CONTEXT() REPRESENTATION_CONTEXT('2D SPACE',''
  ) );
#1354 = ORIENTED_EDGE('',*,*,#1355,.T.);
#1355 = EDGE_CURVE('',#1323,#1356,#1358,.T.);
#1356 = VERTEX_POINT('',#1357);
#1357 = CARTESIAN_POINT('',(13.8,-5.8,9.5));
#1358 = SURFACE_CURVE('',#1359,(#1363,#1369),.PCURVE_S1.);
#1359 = LINE('',#1360,#1361);
#1360 = CARTESIAN_POINT('',(13.8,-2.900000001206,9.5));
#1361 = VECTOR('',#1362,1.);
#1362 = DIRECTION('',(0.,-1.,0.));
#1363 = PCURVE('',#267,#1364);
#1364 = DEFINITIONAL_REPRESENTATION('',(#1365),#1368);
#1365 = B_SPLINE_CURVE_WITH_KNOTS('',1,(#1366,#1367),.UNSPECIFIED.,.F.,
  .F.,(2,2),(-8.700000000109,2.899999998794),.PIECEWISE_BEZIER_KNOTS.);
#1366 = CARTESIAN_POINT('',(13.800000001179,5.800000001315));
#1367 = CARTESIAN_POINT('',(13.800000001179,-5.799999997588));
#1368 = ( GEOMETRIC_REPRESENTATION_CONTEXT(2) 
PARAMETRIC_REPRESENTATION_CONTEXT() REPRESENTATION_CONTEXT('2D SPACE',''
  ) );
#1369 = PCURVE('',#1370,#1375);
#1370 = PLANE('',#1371);
#1371 = AXIS2_PLACEMENT_3D('',#1372,#1373,#1374);
#1372 = CARTESIAN_POINT('',(13.8,-5.8,9.48));
#1373 = DIRECTION('',(-1.,0.,0.));
#1374 = DIRECTION('',(0.,1.,0.));
#1375 = DEFINITIONAL_REPRESENTATION('',(#1376),#1379);
#1376 = B_SPLINE_CURVE_WITH_KNOTS('',1,(#1377,#1378),.UNSPECIFIED.,.F.,
  .F.,(2,2),(-8.700000000109,2.899999998794),.PIECEWISE_BEZIER_KNOTS.);
#1377 = CARTESIAN_POINT('',(11.599999998903,-2.E-02));
#1378 = CARTESIAN_POINT('',(-8.881784197001E-16,-2.E-02));
#1379 = ( GEOMETRIC_REPRESENTATION_CONTEXT(2) 
PARAMETRIC_REPRESENTATION_CONTEXT() REPRESENTATION_CONTEXT('2D SPACE',''
  ) );
#1380 = ORIENTED_EDGE('',*,*,#1381,.T.);
#1381 = EDGE_CURVE('',#1356,#1382,#1384,.T.);
#1382 = VERTEX_POINT('',#1383);
#1383 = CARTESIAN_POINT('',(9.8,-9.8,9.5));
#1384 = SURFACE_CURVE('',#1385,(#1390,#1401),.PCURVE_S1.);
#1385 = CIRCLE('',#1386,4.);
#1386 = AXIS2_PLACEMENT_3D('',#1387,#1388,#1389);
#1387 = CARTESIAN_POINT('',(9.8,-5.8,9.5));
#1388 = DIRECTION('',(0.,0.,-1.));
#1389 = DIRECTION('',(1.,0.,0.));
#1390 = PCURVE('',#267,#1391);
#1391 = DEFINITIONAL_REPRESENTATION('',(#1392),#1400);
#1392 = ( BOUNDED_CURVE() B_SPLINE_CURVE(2,(#1393,#1394,#1395,#1396,
#1397,#1398,#1399),.UNSPECIFIED.,.T.,.F.) B_SPLINE_CURVE_WITH_KNOTS((1,2
    ,2,2,2,1),(-2.094395102393,0.,2.094395102393,4.188790204786,
6.28318530718,8.377580409573),.UNSPECIFIED.) CURVE() 
GEOMETRIC_REPRESENTATION_ITEM() RATIONAL_B_SPLINE_CURVE((1.,0.5,1.,0.5,
1.,0.5,1.)) REPRESENTATION_ITEM('') );
#1393 = CARTESIAN_POINT('',(13.800000001179,-5.799999997588));
#1394 = CARTESIAN_POINT('',(13.800000001179,-12.72820322786));
#1395 = CARTESIAN_POINT('',(7.800000001179,-9.264101612725));
#1396 = CARTESIAN_POINT('',(1.800000001179,-5.799999997588));
#1397 = CARTESIAN_POINT('',(7.800000001179,-2.33589838245));
#1398 = CARTESIAN_POINT('',(13.800000001178,1.128203232688));
#1399 = CARTESIAN_POINT('',(13.800000001179,-5.799999997588));
#1400 = ( GEOMETRIC_REPRESENTATION_CONTEXT(2) 
PARAMETRIC_REPRESENTATION_CONTEXT() REPRESENTATION_CONTEXT('2D SPACE',''
  ) );
#1401 = PCURVE('',#1402,#1407);
#1402 = CYLINDRICAL_SURFACE('',#1403,4.);
#1403 = AXIS2_PLACEMENT_3D('',#1404,#1405,#1406);
#1404 = CARTESIAN_POINT('',(9.8,-5.8,9.48));
#1405 = DIRECTION('',(-0.,-0.,-1.));
#1406 = DIRECTION('',(1.,0.,0.));
#1407 = DEFINITIONAL_REPRESENTATION('',(#1408),#1412);
#1408 = LINE('',#1409,#1410);
#1409 = CARTESIAN_POINT('',(-6.28318530718,-2.E-02));
#1410 = VECTOR('',#1411,1.);
#1411 = DIRECTION('',(1.,-0.));
#1412 = ( GEOMETRIC_REPRESENTATION_CONTEXT(2) 
PARAMETRIC_REPRESENTATION_CONTEXT() REPRESENTATION_CONTEXT('2D SPACE',''
  ) );
#1413 = ORIENTED_EDGE('',*,*,#1414,.T.);
#1414 = EDGE_CURVE('',#1382,#1415,#1417,.T.);
#1415 = VERTEX_POINT('',#1416);
#1416 = CARTESIAN_POINT('',(-9.8,-9.8,9.5));
#1417 = SURFACE_CURVE('',#1418,(#1422,#1428),.PCURVE_S1.);
#1418 = LINE('',#1419,#1420);
#1419 = CARTESIAN_POINT('',(-4.900000000589,-9.8,9.5));
#1420 = VECTOR('',#1421,1.);
#1421 = DIRECTION('',(-1.,0.,0.));
#1422 = PCURVE('',#267,#1423);
#1423 = DEFINITIONAL_REPRESENTATION('',(#1424),#1427);
#1424 = B_SPLINE_CURVE_WITH_KNOTS('',1,(#1425,#1426),.UNSPECIFIED.,.F.,
  .F.,(2,2),(-14.70000000058,4.899999999411),.PIECEWISE_BEZIER_KNOTS.);
#1425 = CARTESIAN_POINT('',(9.800000001179,-9.799999997588));
#1426 = CARTESIAN_POINT('',(-9.799999998821,-9.799999997588));
#1427 = ( GEOMETRIC_REPRESENTATION_CONTEXT(2) 
PARAMETRIC_REPRESENTATION_CONTEXT() REPRESENTATION_CONTEXT('2D SPACE',''
  ) );
#1428 = PCURVE('',#1429,#1434);
#1429 = PLANE('',#1430);
#1430 = AXIS2_PLACEMENT_3D('',#1431,#1432,#1433);
#1431 = CARTESIAN_POINT('',(-9.8,-9.8,9.48));
#1432 = DIRECTION('',(0.,1.,0.));
#1433 = DIRECTION('',(1.,0.,0.));
#1434 = DEFINITIONAL_REPRESENTATION('',(#1435),#1438);
#1435 = B_SPLINE_CURVE_WITH_KNOTS('',1,(#1436,#1437),.UNSPECIFIED.,.F.,
  .F.,(2,2),(-14.70000000058,4.899999999411),.PIECEWISE_BEZIER_KNOTS.);
#1436 = CARTESIAN_POINT('',(19.6,-2.E-02));
#1437 = CARTESIAN_POINT('',(0.,-2.E-02));
#1438 = ( GEOMETRIC_REPRESENTATION_CONTEXT(2) 
PARAMETRIC_REPRESENTATION_CONTEXT() REPRESENTATION_CONTEXT('2D SPACE',''
  ) );
#1439 = ORIENTED_EDGE('',*,*,#1440,.T.);
#1440 = EDGE_CURVE('',#1415,#1238,#1441,.T.);
#1441 = SURFACE_CURVE('',#1442,(#1447,#1458),.PCURVE_S1.);
#1442 = CIRCLE('',#1443,4.);
#1443 = AXIS2_PLACEMENT_3D('',#1444,#1445,#1446);
#1444 = CARTESIAN_POINT('',(-9.8,-5.8,9.5));
#1445 = DIRECTION('',(0.,0.,-1.));
#1446 = DIRECTION('',(1.,0.,0.));
#1447 = PCURVE('',#267,#1448);
#1448 = DEFINITIONAL_REPRESENTATION('',(#1449),#1457);
#1449 = ( BOUNDED_CURVE() B_SPLINE_CURVE(2,(#1450,#1451,#1452,#1453,
#1454,#1455,#1456),.UNSPECIFIED.,.T.,.F.) B_SPLINE_CURVE_WITH_KNOTS((1,2
    ,2,2,2,1),(-2.094395102393,0.,2.094395102393,4.188790204786,
6.28318530718,8.377580409573),.UNSPECIFIED.) CURVE() 
GEOMETRIC_REPRESENTATION_ITEM() RATIONAL_B_SPLINE_CURVE((1.,0.5,1.,0.5,
1.,0.5,1.)) REPRESENTATION_ITEM('') );
#1450 = CARTESIAN_POINT('',(-5.799999998821,-5.799999997588));
#1451 = CARTESIAN_POINT('',(-5.799999998821,-12.72820322786));
#1452 = CARTESIAN_POINT('',(-11.79999999882,-9.264101612725));
#1453 = CARTESIAN_POINT('',(-17.79999999882,-5.799999997588));
#1454 = CARTESIAN_POINT('',(-11.79999999882,-2.33589838245));
#1455 = CARTESIAN_POINT('',(-5.799999998822,1.128203232688));
#1456 = CARTESIAN_POINT('',(-5.799999998821,-5.799999997588));
#1457 = ( GEOMETRIC_REPRESENTATION_CONTEXT(2) 
PARAMETRIC_REPRESENTATION_CONTEXT() REPRESENTATION_CONTEXT('2D SPACE',''
  ) );
#1458 = PCURVE('',#1459,#1464);
#1459 = CYLINDRICAL_SURFACE('',#1460,4.);
#1460 = AXIS2_PLACEMENT_3D('',#1461,#1462,#1463);
#1461 = CARTESIAN_POINT('',(-9.8,-5.8,9.48));
#1462 = DIRECTION('',(-0.,-0.,-1.));
#1463 = DIRECTION('',(1.,0.,0.));
#1464 = DEFINITIONAL_REPRESENTATION('',(#1465),#1469);
#1465 = LINE('',#1466,#1467);
#1466 = CARTESIAN_POINT('',(-6.28318530718,-2.E-02));
#1467 = VECTOR('',#1468,1.);
#1468 = DIRECTION('',(1.,-0.));
#1469 = ( GEOMETRIC_REPRESENTATION_CONTEXT(2) 
PARAMETRIC_REPRESENTATION_CONTEXT() REPRESENTATION_CONTEXT('2D SPACE',''
  ) );
#1470 = FACE_BOUND('',#1471,.F.);
#1471 = EDGE_LOOP('',(#1472));
#1472 = ORIENTED_EDGE('',*,*,#1473,.F.);
#1473 = EDGE_CURVE('',#1474,#1474,#1476,.T.);
#1474 = VERTEX_POINT('',#1475);
#1475 = CARTESIAN_POINT('',(2.05,16.5,9.5));
#1476 = SURFACE_CURVE('',#1477,(#1482,#1489),.PCURVE_S1.);
#1477 = CIRCLE('',#1478,0.65);
#1478 = AXIS2_PLACEMENT_3D('',#1479,#1480,#1481);
#1479 = CARTESIAN_POINT('',(1.4,16.5,9.5));
#1480 = DIRECTION('',(0.,0.,1.));
#1481 = DIRECTION('',(1.,0.,-0.));
#1482 = PCURVE('',#267,#1483);
#1483 = DEFINITIONAL_REPRESENTATION('',(#1484),#1488);
#1484 = CIRCLE('',#1485,0.65);
#1485 = AXIS2_PLACEMENT_2D('',#1486,#1487);
#1486 = CARTESIAN_POINT('',(1.400000001179,16.500000002412));
#1487 = DIRECTION('',(1.,0.));
#1488 = ( GEOMETRIC_REPRESENTATION_CONTEXT(2) 
PARAMETRIC_REPRESENTATION_CONTEXT() REPRESENTATION_CONTEXT('2D SPACE',''
  ) );
#1489 = PCURVE('',#1490,#1495);
#1490 = CYLINDRICAL_SURFACE('',#1491,0.65);
#1491 = AXIS2_PLACEMENT_3D('',#1492,#1493,#1494);
#1492 = CARTESIAN_POINT('',(1.4,16.5,9.45));
#1493 = DIRECTION('',(0.,0.,1.));
#1494 = DIRECTION('',(1.,0.,-0.));
#1495 = DEFINITIONAL_REPRESENTATION('',(#1496),#1500);
#1496 = LINE('',#1497,#1498);
#1497 = CARTESIAN_POINT('',(0.,5.E-02));
#1498 = VECTOR('',#1499,1.);
#1499 = DIRECTION('',(1.,0.));
#1500 = ( GEOMETRIC_REPRESENTATION_CONTEXT(2) 
PARAMETRIC_REPRESENTATION_CONTEXT() REPRESENTATION_CONTEXT('2D SPACE',''
  ) );
#1501 = FACE_BOUND('',#1502,.F.);
#1502 = EDGE_LOOP('',(#1503));
#1503 = ORIENTED_EDGE('',*,*,#1504,.F.);
#1504 = EDGE_CURVE('',#1505,#1505,#1507,.T.);
#1505 = VERTEX_POINT('',#1506);
#1506 = CARTESIAN_POINT('',(16.2,15.5,9.5));
#1507 = SURFACE_CURVE('',#1508,(#1513,#1520),.PCURVE_S1.);
#1508 = CIRCLE('',#1509,1.2);
#1509 = AXIS2_PLACEMENT_3D('',#1510,#1511,#1512);
#1510 = CARTESIAN_POINT('',(15.,15.5,9.5));
#1511 = DIRECTION('',(0.,0.,1.));
#1512 = DIRECTION('',(1.,0.,-0.));
#1513 = PCURVE('',#267,#1514);
#1514 = DEFINITIONAL_REPRESENTATION('',(#1515),#1519);
#1515 = CIRCLE('',#1516,1.2);
#1516 = AXIS2_PLACEMENT_2D('',#1517,#1518);
#1517 = CARTESIAN_POINT('',(15.000000001179,15.500000002412));
#1518 = DIRECTION('',(1.,0.));
#1519 = ( GEOMETRIC_REPRESENTATION_CONTEXT(2) 
PARAMETRIC_REPRESENTATION_CONTEXT() REPRESENTATION_CONTEXT('2D SPACE',''
  ) );
#1520 = PCURVE('',#1521,#1526);
#1521 = CYLINDRICAL_SURFACE('',#1522,1.2);
#1522 = AXIS2_PLACEMENT_3D('',#1523,#1524,#1525);
#1523 = CARTESIAN_POINT('',(15.,15.5,9.45));
#1524 = DIRECTION('',(0.,0.,1.));
#1525 = DIRECTION('',(1.,0.,-0.));
#1526 = DEFINITIONAL_REPRESENTATION('',(#1527),#1531);
#1527 = LINE('',#1528,#1529);
#1528 = CARTESIAN_POINT('',(0.,5.E-02));
#1529 = VECTOR('',#1530,1.);
#1530 = DIRECTION('',(1.,0.));
#1531 = ( GEOMETRIC_REPRESENTATION_CONTEXT(2) 
PARAMETRIC_REPRESENTATION_CONTEXT() REPRESENTATION_CONTEXT('2D SPACE',''
  ) );
#1532 = ADVANCED_FACE('',(#1533),#293,.T.);
#1533 = FACE_BOUND('',#1534,.T.);
#1534 = EDGE_LOOP('',(#1535,#1536,#1537,#1557));
#1535 = ORIENTED_EDGE('',*,*,#279,.F.);
#1536 = ORIENTED_EDGE('',*,*,#440,.T.);
#1537 = ORIENTED_EDGE('',*,*,#1538,.T.);
#1538 = EDGE_CURVE('',#413,#777,#1539,.T.);
#1539 = SURFACE_CURVE('',#1540,(#1545,#1551),.PCURVE_S1.);
#1540 = CIRCLE('',#1541,0.3);
#1541 = AXIS2_PLACEMENT_3D('',#1542,#1543,#1544);
#1542 = CARTESIAN_POINT('',(-12.5,21.699999984226,9.8));
#1543 = DIRECTION('',(-1.,-6.123233995737E-17,0.));
#1544 = DIRECTION('',(-6.123233995737E-17,1.,0.));
#1545 = PCURVE('',#293,#1546);
#1546 = DEFINITIONAL_REPRESENTATION('',(#1547),#1550);
#1547 = B_SPLINE_CURVE_WITH_KNOTS('',1,(#1548,#1549),.UNSPECIFIED.,.F.,
  .F.,(2,2),(0.,1.570796326795),.PIECEWISE_BEZIER_KNOTS.);
#1548 = CARTESIAN_POINT('',(1.570796326795,0.));
#1549 = CARTESIAN_POINT('',(1.570796326795,1.570796326795));
#1550 = ( GEOMETRIC_REPRESENTATION_CONTEXT(2) 
PARAMETRIC_REPRESENTATION_CONTEXT() REPRESENTATION_CONTEXT('2D SPACE',''
  ) );
#1551 = PCURVE('',#792,#1552);
#1552 = DEFINITIONAL_REPRESENTATION('',(#1553),#1556);
#1553 = B_SPLINE_CURVE_WITH_KNOTS('',1,(#1554,#1555),.UNSPECIFIED.,.F.,
  .F.,(2,2),(0.,1.570796326795),.PIECEWISE_BEZIER_KNOTS.);
#1554 = CARTESIAN_POINT('',(0.,0.));
#1555 = CARTESIAN_POINT('',(-1.570796326795,0.));
#1556 = ( GEOMETRIC_REPRESENTATION_CONTEXT(2) 
PARAMETRIC_REPRESENTATION_CONTEXT() REPRESENTATION_CONTEXT('2D SPACE',''
  ) );
#1557 = ORIENTED_EDGE('',*,*,#804,.F.);
#1558 = ADVANCED_FACE('',(#1559,#1734,#1765,#1791,#1817,#1843,#1869,
    #1895,#1921,#1947,#1973,#1999,#2030,#2061,#2087,#2325,#2351),#346,
  .T.);
#1559 = FACE_BOUND('',#1560,.T.);
#1560 = EDGE_LOOP('',(#1561,#1562,#1563,#1586,#1619,#1647,#1680,#1708));
#1561 = ORIENTED_EDGE('',*,*,#330,.F.);
#1562 = ORIENTED_EDGE('',*,*,#628,.F.);
#1563 = ORIENTED_EDGE('',*,*,#1564,.F.);
#1564 = EDGE_CURVE('',#1565,#605,#1567,.T.);
#1565 = VERTEX_POINT('',#1566);
#1566 = CARTESIAN_POINT('',(12.49999998742,-21.65,12.));
#1567 = SURFACE_CURVE('',#1568,(#1572,#1579),.PCURVE_S1.);
#1568 = LINE('',#1569,#1570);
#1569 = CARTESIAN_POINT('',(12.49999998742,-21.65,12.));
#1570 = VECTOR('',#1571,1.);
#1571 = DIRECTION('',(-1.,-0.,-0.));
#1572 = PCURVE('',#346,#1573);
#1573 = DEFINITIONAL_REPRESENTATION('',(#1574),#1578);
#1574 = LINE('',#1575,#1576);
#1575 = CARTESIAN_POINT('',(12.499999988599,-21.64999999758));
#1576 = VECTOR('',#1577,1.);
#1577 = DIRECTION('',(-1.,0.));
#1578 = ( GEOMETRIC_REPRESENTATION_CONTEXT(2) 
PARAMETRIC_REPRESENTATION_CONTEXT() REPRESENTATION_CONTEXT('2D SPACE',''
  ) );
#1579 = PCURVE('',#482,#1580);
#1580 = DEFINITIONAL_REPRESENTATION('',(#1581),#1585);
#1581 = LINE('',#1582,#1583);
#1582 = CARTESIAN_POINT('',(1.570796326795,0.));
#1583 = VECTOR('',#1584,1.);
#1584 = DIRECTION('',(0.,1.));
#1585 = ( GEOMETRIC_REPRESENTATION_CONTEXT(2) 
PARAMETRIC_REPRESENTATION_CONTEXT() REPRESENTATION_CONTEXT('2D SPACE',''
  ) );
#1586 = ORIENTED_EDGE('',*,*,#1587,.F.);
#1587 = EDGE_CURVE('',#1588,#1565,#1590,.T.);
#1588 = VERTEX_POINT('',#1589);
#1589 = CARTESIAN_POINT('',(23.65,-10.5,12.));
#1590 = SURFACE_CURVE('',#1591,(#1596,#1607),.PCURVE_S1.);
#1591 = CIRCLE('',#1592,11.15);
#1592 = AXIS2_PLACEMENT_3D('',#1593,#1594,#1595);
#1593 = CARTESIAN_POINT('',(12.49999998742,-10.5,12.));
#1594 = DIRECTION('',(0.,-0.,-1.));
#1595 = DIRECTION('',(1.,1.544658121218E-16,-0.));
#1596 = PCURVE('',#346,#1597);
#1597 = DEFINITIONAL_REPRESENTATION('',(#1598),#1606);
#1598 = ( BOUNDED_CURVE() B_SPLINE_CURVE(2,(#1599,#1600,#1601,#1602,
#1603,#1604,#1605),.UNSPECIFIED.,.T.,.F.) B_SPLINE_CURVE_WITH_KNOTS((1,2
    ,2,2,2,1),(-2.094395102393,0.,2.094395102393,4.188790204786,
6.28318530718,8.377580409573),.UNSPECIFIED.) CURVE() 
GEOMETRIC_REPRESENTATION_ITEM() RATIONAL_B_SPLINE_CURVE((1.,0.5,1.,0.5,
1.,0.5,1.)) REPRESENTATION_ITEM('') );
#1599 = CARTESIAN_POINT('',(23.649999988599,-10.49999999758));
#1600 = CARTESIAN_POINT('',(23.649999988599,-29.81236650198));
#1601 = CARTESIAN_POINT('',(6.924999988599,-20.15618324978));
#1602 = CARTESIAN_POINT('',(-9.800000011401,-10.49999999758));
#1603 = CARTESIAN_POINT('',(6.924999988599,-0.843816745391));
#1604 = CARTESIAN_POINT('',(23.649999988599,8.812366506805));
#1605 = CARTESIAN_POINT('',(23.649999988599,-10.49999999758));
#1606 = ( GEOMETRIC_REPRESENTATION_CONTEXT(2) 
PARAMETRIC_REPRESENTATION_CONTEXT() REPRESENTATION_CONTEXT('2D SPACE',''
  ) );
#1607 = PCURVE('',#1608,#1613);
#1608 = TOROIDAL_SURFACE('',#1609,11.15,0.35);
#1609 = AXIS2_PLACEMENT_3D('',#1610,#1611,#1612);
#1610 = CARTESIAN_POINT('',(12.49999998742,-10.5,11.65));
#1611 = DIRECTION('',(0.,0.,1.));
#1612 = DIRECTION('',(1.,1.544658121218E-16,-0.));
#1613 = DEFINITIONAL_REPRESENTATION('',(#1614),#1618);
#1614 = LINE('',#1615,#1616);
#1615 = CARTESIAN_POINT('',(-0.,1.570796326795));
#1616 = VECTOR('',#1617,1.);
#1617 = DIRECTION('',(-1.,0.));
#1618 = ( GEOMETRIC_REPRESENTATION_CONTEXT(2) 
PARAMETRIC_REPRESENTATION_CONTEXT() REPRESENTATION_CONTEXT('2D SPACE',''
  ) );
#1619 = ORIENTED_EDGE('',*,*,#1620,.F.);
#1620 = EDGE_CURVE('',#1621,#1588,#1623,.T.);
#1621 = VERTEX_POINT('',#1622);
#1622 = CARTESIAN_POINT('',(23.65,10.499999992113,12.));
#1623 = SURFACE_CURVE('',#1624,(#1628,#1635),.PCURVE_S1.);
#1624 = LINE('',#1625,#1626);
#1625 = CARTESIAN_POINT('',(23.65,10.499999992113,12.));
#1626 = VECTOR('',#1627,1.);
#1627 = DIRECTION('',(-0.,-1.,-0.));
#1628 = PCURVE('',#346,#1629);
#1629 = DEFINITIONAL_REPRESENTATION('',(#1630),#1634);
#1630 = LINE('',#1631,#1632);
#1631 = CARTESIAN_POINT('',(23.650000001179,10.499999994525));
#1632 = VECTOR('',#1633,1.);
#1633 = DIRECTION('',(0.,-1.));
#1634 = ( GEOMETRIC_REPRESENTATION_CONTEXT(2) 
PARAMETRIC_REPRESENTATION_CONTEXT() REPRESENTATION_CONTEXT('2D SPACE',''
  ) );
#1635 = PCURVE('',#1636,#1641);
#1636 = CYLINDRICAL_SURFACE('',#1637,0.35);
#1637 = AXIS2_PLACEMENT_3D('',#1638,#1639,#1640);
#1638 = CARTESIAN_POINT('',(23.65,10.499999992113,11.65));
#1639 = DIRECTION('',(-0.,-1.,-0.));
#1640 = DIRECTION('',(1.,-0.,0.));
#1641 = DEFINITIONAL_REPRESENTATION('',(#1642),#1646);
#1642 = LINE('',#1643,#1644);
#1643 = CARTESIAN_POINT('',(1.570796326795,0.));
#1644 = VECTOR('',#1645,1.);
#1645 = DIRECTION('',(0.,1.));
#1646 = ( GEOMETRIC_REPRESENTATION_CONTEXT(2) 
PARAMETRIC_REPRESENTATION_CONTEXT() REPRESENTATION_CONTEXT('2D SPACE',''
  ) );
#1647 = ORIENTED_EDGE('',*,*,#1648,.F.);
#1648 = EDGE_CURVE('',#1649,#1621,#1651,.T.);
#1649 = VERTEX_POINT('',#1650);
#1650 = CARTESIAN_POINT('',(12.5,21.65,12.));
#1651 = SURFACE_CURVE('',#1652,(#1657,#1668),.PCURVE_S1.);
#1652 = CIRCLE('',#1653,11.15);
#1653 = AXIS2_PLACEMENT_3D('',#1654,#1655,#1656);
#1654 = CARTESIAN_POINT('',(12.5,10.499999992113,12.));
#1655 = DIRECTION('',(0.,-0.,-1.));
#1656 = DIRECTION('',(0.,1.,-0.));
#1657 = PCURVE('',#346,#1658);
#1658 = DEFINITIONAL_REPRESENTATION('',(#1659),#1667);
#1659 = ( BOUNDED_CURVE() B_SPLINE_CURVE(2,(#1660,#1661,#1662,#1663,
#1664,#1665,#1666),.UNSPECIFIED.,.T.,.F.) B_SPLINE_CURVE_WITH_KNOTS((1,2
    ,2,2,2,1),(-2.094395102393,0.,2.094395102393,4.188790204786,
6.28318530718,8.377580409573),.UNSPECIFIED.) CURVE() 
GEOMETRIC_REPRESENTATION_ITEM() RATIONAL_B_SPLINE_CURVE((1.,0.5,1.,0.5,
1.,0.5,1.)) REPRESENTATION_ITEM('') );
#1660 = CARTESIAN_POINT('',(12.500000001179,21.649999994525));
#1661 = CARTESIAN_POINT('',(31.812366505571,21.649999994525));
#1662 = CARTESIAN_POINT('',(22.156183253375,4.924999994525));
#1663 = CARTESIAN_POINT('',(12.500000001179,-11.80000000547));
#1664 = CARTESIAN_POINT('',(2.843816748982,4.924999994525));
#1665 = CARTESIAN_POINT('',(-6.812366503214,21.649999994525));
#1666 = CARTESIAN_POINT('',(12.500000001179,21.649999994525));
#1667 = ( GEOMETRIC_REPRESENTATION_CONTEXT(2) 
PARAMETRIC_REPRESENTATION_CONTEXT() REPRESENTATION_CONTEXT('2D SPACE',''
  ) );
#1668 = PCURVE('',#1669,#1674);
#1669 = TOROIDAL_SURFACE('',#1670,11.15,0.35);
#1670 = AXIS2_PLACEMENT_3D('',#1671,#1672,#1673);
#1671 = CARTESIAN_POINT('',(12.5,10.499999992113,11.65));
#1672 = DIRECTION('',(0.,0.,1.));
#1673 = DIRECTION('',(0.,1.,-0.));
#1674 = DEFINITIONAL_REPRESENTATION('',(#1675),#1679);
#1675 = LINE('',#1676,#1677);
#1676 = CARTESIAN_POINT('',(-0.,1.570796326795));
#1677 = VECTOR('',#1678,1.);
#1678 = DIRECTION('',(-1.,0.));
#1679 = ( GEOMETRIC_REPRESENTATION_CONTEXT(2) 
PARAMETRIC_REPRESENTATION_CONTEXT() REPRESENTATION_CONTEXT('2D SPACE',''
  ) );
#1680 = ORIENTED_EDGE('',*,*,#1681,.F.);
#1681 = EDGE_CURVE('',#1682,#1649,#1684,.T.);
#1682 = VERTEX_POINT('',#1683);
#1683 = CARTESIAN_POINT('',(-12.5,21.649999984226,12.));
#1684 = SURFACE_CURVE('',#1685,(#1689,#1696),.PCURVE_S1.);
#1685 = LINE('',#1686,#1687);
#1686 = CARTESIAN_POINT('',(-12.5,21.65,12.));
#1687 = VECTOR('',#1688,1.);
#1688 = DIRECTION('',(1.,0.,0.));
#1689 = PCURVE('',#346,#1690);
#1690 = DEFINITIONAL_REPRESENTATION('',(#1691),#1695);
#1691 = LINE('',#1692,#1693);
#1692 = CARTESIAN_POINT('',(-12.49999999882,21.650000002412));
#1693 = VECTOR('',#1694,1.);
#1694 = DIRECTION('',(1.,0.));
#1695 = ( GEOMETRIC_REPRESENTATION_CONTEXT(2) 
PARAMETRIC_REPRESENTATION_CONTEXT() REPRESENTATION_CONTEXT('2D SPACE',''
  ) );
#1696 = PCURVE('',#1697,#1702);
#1697 = CYLINDRICAL_SURFACE('',#1698,0.35);
#1698 = AXIS2_PLACEMENT_3D('',#1699,#1700,#1701);
#1699 = CARTESIAN_POINT('',(-12.5,21.65,11.65));
#1700 = DIRECTION('',(1.,0.,0.));
#1701 = DIRECTION('',(-0.,1.,0.));
#1702 = DEFINITIONAL_REPRESENTATION('',(#1703),#1707);
#1703 = LINE('',#1704,#1705);
#1704 = CARTESIAN_POINT('',(1.570796326795,0.));
#1705 = VECTOR('',#1706,1.);
#1706 = DIRECTION('',(0.,1.));
#1707 = ( GEOMETRIC_REPRESENTATION_CONTEXT(2) 
PARAMETRIC_REPRESENTATION_CONTEXT() REPRESENTATION_CONTEXT('2D SPACE',''
  ) );
#1708 = ORIENTED_EDGE('',*,*,#1709,.F.);
#1709 = EDGE_CURVE('',#331,#1682,#1710,.T.);
#1710 = SURFACE_CURVE('',#1711,(#1716,#1727),.PCURVE_S1.);
#1711 = CIRCLE('',#1712,11.15);
#1712 = AXIS2_PLACEMENT_3D('',#1713,#1714,#1715);
#1713 = CARTESIAN_POINT('',(-12.5,10.499999984226,12.));
#1714 = DIRECTION('',(-0.,0.,-1.));
#1715 = DIRECTION('',(-1.,0.,0.));
#1716 = PCURVE('',#346,#1717);
#1717 = DEFINITIONAL_REPRESENTATION('',(#1718),#1726);
#1718 = ( BOUNDED_CURVE() B_SPLINE_CURVE(2,(#1719,#1720,#1721,#1722,
#1723,#1724,#1725),.UNSPECIFIED.,.T.,.F.) B_SPLINE_CURVE_WITH_KNOTS((1,2
    ,2,2,2,1),(-2.094395102393,0.,2.094395102393,4.188790204786,
6.28318530718,8.377580409573),.UNSPECIFIED.) CURVE() 
GEOMETRIC_REPRESENTATION_ITEM() RATIONAL_B_SPLINE_CURVE((1.,0.5,1.,0.5,
1.,0.5,1.)) REPRESENTATION_ITEM('') );
#1719 = CARTESIAN_POINT('',(-23.64999999882,10.499999986638));
#1720 = CARTESIAN_POINT('',(-23.64999999882,29.812366491031));
#1721 = CARTESIAN_POINT('',(-6.924999998821,20.156183238835));
#1722 = CARTESIAN_POINT('',(9.800000001179,10.499999986638));
#1723 = CARTESIAN_POINT('',(-6.924999998821,0.843816734442));
#1724 = CARTESIAN_POINT('',(-23.64999999882,-8.812366517755));
#1725 = CARTESIAN_POINT('',(-23.64999999882,10.499999986638));
#1726 = ( GEOMETRIC_REPRESENTATION_CONTEXT(2) 
PARAMETRIC_REPRESENTATION_CONTEXT() REPRESENTATION_CONTEXT('2D SPACE',''
  ) );
#1727 = PCURVE('',#372,#1728);
#1728 = DEFINITIONAL_REPRESENTATION('',(#1729),#1733);
#1729 = LINE('',#1730,#1731);
#1730 = CARTESIAN_POINT('',(-0.,1.570796326795));
#1731 = VECTOR('',#1732,1.);
#1732 = DIRECTION('',(-1.,0.));
#1733 = ( GEOMETRIC_REPRESENTATION_CONTEXT(2) 
PARAMETRIC_REPRESENTATION_CONTEXT() REPRESENTATION_CONTEXT('2D SPACE',''
  ) );
#1734 = FACE_BOUND('',#1735,.T.);
#1735 = EDGE_LOOP('',(#1736));
#1736 = ORIENTED_EDGE('',*,*,#1737,.F.);
#1737 = EDGE_CURVE('',#1738,#1738,#1740,.T.);
#1738 = VERTEX_POINT('',#1739);
#1739 = CARTESIAN_POINT('',(-13.1,-15.5,12.));
#1740 = SURFACE_CURVE('',#1741,(#1746,#1753),.PCURVE_S1.);
#1741 = CIRCLE('',#1742,1.9);
#1742 = AXIS2_PLACEMENT_3D('',#1743,#1744,#1745);
#1743 = CARTESIAN_POINT('',(-15.,-15.5,12.));
#1744 = DIRECTION('',(0.,0.,1.));
#1745 = DIRECTION('',(1.,0.,-0.));
#1746 = PCURVE('',#346,#1747);
#1747 = DEFINITIONAL_REPRESENTATION('',(#1748),#1752);
#1748 = CIRCLE('',#1749,1.9);
#1749 = AXIS2_PLACEMENT_2D('',#1750,#1751);
#1750 = CARTESIAN_POINT('',(-14.99999999882,-15.49999999758));
#1751 = DIRECTION('',(1.,0.));
#1752 = ( GEOMETRIC_REPRESENTATION_CONTEXT(2) 
PARAMETRIC_REPRESENTATION_CONTEXT() REPRESENTATION_CONTEXT('2D SPACE',''
  ) );
#1753 = PCURVE('',#1754,#1759);
#1754 = CYLINDRICAL_SURFACE('',#1755,1.9);
#1755 = AXIS2_PLACEMENT_3D('',#1756,#1757,#1758);
#1756 = CARTESIAN_POINT('',(-15.,-15.5,11.3));
#1757 = DIRECTION('',(0.,0.,1.));
#1758 = DIRECTION('',(1.,0.,-0.));
#1759 = DEFINITIONAL_REPRESENTATION('',(#1760),#1764);
#1760 = LINE('',#1761,#1762);
#1761 = CARTESIAN_POINT('',(0.,0.7));
#1762 = VECTOR('',#1763,1.);
#1763 = DIRECTION('',(1.,0.));
#1764 = ( GEOMETRIC_REPRESENTATION_CONTEXT(2) 
PARAMETRIC_REPRESENTATION_CONTEXT() REPRESENTATION_CONTEXT('2D SPACE',''
  ) );
#1765 = FACE_BOUND('',#1766,.T.);
#1766 = EDGE_LOOP('',(#1767));
#1767 = ORIENTED_EDGE('',*,*,#1768,.F.);
#1768 = EDGE_CURVE('',#1769,#1769,#1771,.T.);
#1769 = VERTEX_POINT('',#1770);
#1770 = CARTESIAN_POINT('',(-4.2,-16.,12.));
#1771 = SURFACE_CURVE('',#1772,(#1777,#1784),.PCURVE_S1.);
#1772 = CIRCLE('',#1773,0.6);
#1773 = AXIS2_PLACEMENT_3D('',#1774,#1775,#1776);
#1774 = CARTESIAN_POINT('',(-4.8,-16.,12.));
#1775 = DIRECTION('',(0.,0.,1.));
#1776 = DIRECTION('',(1.,0.,-0.));
#1777 = PCURVE('',#346,#1778);
#1778 = DEFINITIONAL_REPRESENTATION('',(#1779),#1783);
#1779 = CIRCLE('',#1780,0.6);
#1780 = AXIS2_PLACEMENT_2D('',#1781,#1782);
#1781 = CARTESIAN_POINT('',(-4.799999998821,-15.99999999758));
#1782 = DIRECTION('',(1.,0.));
#1783 = ( GEOMETRIC_REPRESENTATION_CONTEXT(2) 
PARAMETRIC_REPRESENTATION_CONTEXT() REPRESENTATION_CONTEXT('2D SPACE',''
  ) );
#1784 = PCURVE('',#880,#1785);
#1785 = DEFINITIONAL_REPRESENTATION('',(#1786),#1790);
#1786 = LINE('',#1787,#1788);
#1787 = CARTESIAN_POINT('',(0.,2.55));
#1788 = VECTOR('',#1789,1.);
#1789 = DIRECTION('',(1.,0.));
#1790 = ( GEOMETRIC_REPRESENTATION_CONTEXT(2) 
PARAMETRIC_REPRESENTATION_CONTEXT() REPRESENTATION_CONTEXT('2D SPACE',''
  ) );
#1791 = FACE_BOUND('',#1792,.T.);
#1792 = EDGE_LOOP('',(#1793));
#1793 = ORIENTED_EDGE('',*,*,#1794,.F.);
#1794 = EDGE_CURVE('',#1795,#1795,#1797,.T.);
#1795 = VERTEX_POINT('',#1796);
#1796 = CARTESIAN_POINT('',(-3.,-18.4,12.));
#1797 = SURFACE_CURVE('',#1798,(#1803,#1810),.PCURVE_S1.);
#1798 = CIRCLE('',#1799,0.6);
#1799 = AXIS2_PLACEMENT_3D('',#1800,#1801,#1802);
#1800 = CARTESIAN_POINT('',(-3.6,-18.4,12.));
#1801 = DIRECTION('',(0.,0.,1.));
#1802 = DIRECTION('',(1.,0.,-0.));
#1803 = PCURVE('',#346,#1804);
#1804 = DEFINITIONAL_REPRESENTATION('',(#1805),#1809);
#1805 = CIRCLE('',#1806,0.6);
#1806 = AXIS2_PLACEMENT_2D('',#1807,#1808);
#1807 = CARTESIAN_POINT('',(-3.599999998821,-18.39999999758));
#1808 = DIRECTION('',(1.,0.));
#1809 = ( GEOMETRIC_REPRESENTATION_CONTEXT(2) 
PARAMETRIC_REPRESENTATION_CONTEXT() REPRESENTATION_CONTEXT('2D SPACE',''
  ) );
#1810 = PCURVE('',#911,#1811);
#1811 = DEFINITIONAL_REPRESENTATION('',(#1812),#1816);
#1812 = LINE('',#1813,#1814);
#1813 = CARTESIAN_POINT('',(0.,2.55));
#1814 = VECTOR('',#1815,1.);
#1815 = DIRECTION('',(1.,0.));
#1816 = ( GEOMETRIC_REPRESENTATION_CONTEXT(2) 
PARAMETRIC_REPRESENTATION_CONTEXT() REPRESENTATION_CONTEXT('2D SPACE',''
  ) );
#1817 = FACE_BOUND('',#1818,.T.);
#1818 = EDGE_LOOP('',(#1819));
#1819 = ORIENTED_EDGE('',*,*,#1820,.F.);
#1820 = EDGE_CURVE('',#1821,#1821,#1823,.T.);
#1821 = VERTEX_POINT('',#1822);
#1822 = CARTESIAN_POINT('',(-0.6,-18.4,12.));
#1823 = SURFACE_CURVE('',#1824,(#1829,#1836),.PCURVE_S1.);
#1824 = CIRCLE('',#1825,0.6);
#1825 = AXIS2_PLACEMENT_3D('',#1826,#1827,#1828);
#1826 = CARTESIAN_POINT('',(-1.2,-18.4,12.));
#1827 = DIRECTION('',(0.,0.,1.));
#1828 = DIRECTION('',(1.,0.,-0.));
#1829 = PCURVE('',#346,#1830);
#1830 = DEFINITIONAL_REPRESENTATION('',(#1831),#1835);
#1831 = CIRCLE('',#1832,0.6);
#1832 = AXIS2_PLACEMENT_2D('',#1833,#1834);
#1833 = CARTESIAN_POINT('',(-1.199999998821,-18.39999999758));
#1834 = DIRECTION('',(1.,0.));
#1835 = ( GEOMETRIC_REPRESENTATION_CONTEXT(2) 
PARAMETRIC_REPRESENTATION_CONTEXT() REPRESENTATION_CONTEXT('2D SPACE',''
  ) );
#1836 = PCURVE('',#942,#1837);
#1837 = DEFINITIONAL_REPRESENTATION('',(#1838),#1842);
#1838 = LINE('',#1839,#1840);
#1839 = CARTESIAN_POINT('',(0.,2.55));
#1840 = VECTOR('',#1841,1.);
#1841 = DIRECTION('',(1.,0.));
#1842 = ( GEOMETRIC_REPRESENTATION_CONTEXT(2) 
PARAMETRIC_REPRESENTATION_CONTEXT() REPRESENTATION_CONTEXT('2D SPACE',''
  ) );
#1843 = FACE_BOUND('',#1844,.T.);
#1844 = EDGE_LOOP('',(#1845));
#1845 = ORIENTED_EDGE('',*,*,#1846,.F.);
#1846 = EDGE_CURVE('',#1847,#1847,#1849,.T.);
#1847 = VERTEX_POINT('',#1848);
#1848 = CARTESIAN_POINT('',(-1.8,-16.,12.));
#1849 = SURFACE_CURVE('',#1850,(#1855,#1862),.PCURVE_S1.);
#1850 = CIRCLE('',#1851,0.6);
#1851 = AXIS2_PLACEMENT_3D('',#1852,#1853,#1854);
#1852 = CARTESIAN_POINT('',(-2.4,-16.,12.));
#1853 = DIRECTION('',(0.,0.,1.));
#1854 = DIRECTION('',(1.,0.,-0.));
#1855 = PCURVE('',#346,#1856);
#1856 = DEFINITIONAL_REPRESENTATION('',(#1857),#1861);
#1857 = CIRCLE('',#1858,0.6);
#1858 = AXIS2_PLACEMENT_2D('',#1859,#1860);
#1859 = CARTESIAN_POINT('',(-2.399999998821,-15.99999999758));
#1860 = DIRECTION('',(1.,0.));
#1861 = ( GEOMETRIC_REPRESENTATION_CONTEXT(2) 
PARAMETRIC_REPRESENTATION_CONTEXT() REPRESENTATION_CONTEXT('2D SPACE',''
  ) );
#1862 = PCURVE('',#973,#1863);
#1863 = DEFINITIONAL_REPRESENTATION('',(#1864),#1868);
#1864 = LINE('',#1865,#1866);
#1865 = CARTESIAN_POINT('',(0.,2.55));
#1866 = VECTOR('',#1867,1.);
#1867 = DIRECTION('',(1.,0.));
#1868 = ( GEOMETRIC_REPRESENTATION_CONTEXT(2) 
PARAMETRIC_REPRESENTATION_CONTEXT() REPRESENTATION_CONTEXT('2D SPACE',''
  ) );
#1869 = FACE_BOUND('',#1870,.T.);
#1870 = EDGE_LOOP('',(#1871));
#1871 = ORIENTED_EDGE('',*,*,#1872,.F.);
#1872 = EDGE_CURVE('',#1873,#1873,#1875,.T.);
#1873 = VERTEX_POINT('',#1874);
#1874 = CARTESIAN_POINT('',(1.8,-18.4,12.));
#1875 = SURFACE_CURVE('',#1876,(#1881,#1888),.PCURVE_S1.);
#1876 = CIRCLE('',#1877,0.6);
#1877 = AXIS2_PLACEMENT_3D('',#1878,#1879,#1880);
#1878 = CARTESIAN_POINT('',(1.2,-18.4,12.));
#1879 = DIRECTION('',(0.,0.,1.));
#1880 = DIRECTION('',(1.,0.,-0.));
#1881 = PCURVE('',#346,#1882);
#1882 = DEFINITIONAL_REPRESENTATION('',(#1883),#1887);
#1883 = CIRCLE('',#1884,0.6);
#1884 = AXIS2_PLACEMENT_2D('',#1885,#1886);
#1885 = CARTESIAN_POINT('',(1.200000001179,-18.39999999758));
#1886 = DIRECTION('',(1.,0.));
#1887 = ( GEOMETRIC_REPRESENTATION_CONTEXT(2) 
PARAMETRIC_REPRESENTATION_CONTEXT() REPRESENTATION_CONTEXT('2D SPACE',''
  ) );
#1888 = PCURVE('',#1004,#1889);
#1889 = DEFINITIONAL_REPRESENTATION('',(#1890),#1894);
#1890 = LINE('',#1891,#1892);
#1891 = CARTESIAN_POINT('',(0.,2.55));
#1892 = VECTOR('',#1893,1.);
#1893 = DIRECTION('',(1.,0.));
#1894 = ( GEOMETRIC_REPRESENTATION_CONTEXT(2) 
PARAMETRIC_REPRESENTATION_CONTEXT() REPRESENTATION_CONTEXT('2D SPACE',''
  ) );
#1895 = FACE_BOUND('',#1896,.T.);
#1896 = EDGE_LOOP('',(#1897));
#1897 = ORIENTED_EDGE('',*,*,#1898,.F.);
#1898 = EDGE_CURVE('',#1899,#1899,#1901,.T.);
#1899 = VERTEX_POINT('',#1900);
#1900 = CARTESIAN_POINT('',(4.2,-18.4,12.));
#1901 = SURFACE_CURVE('',#1902,(#1907,#1914),.PCURVE_S1.);
#1902 = CIRCLE('',#1903,0.6);
#1903 = AXIS2_PLACEMENT_3D('',#1904,#1905,#1906);
#1904 = CARTESIAN_POINT('',(3.6,-18.4,12.));
#1905 = DIRECTION('',(0.,0.,1.));
#1906 = DIRECTION('',(1.,0.,-0.));
#1907 = PCURVE('',#346,#1908);
#1908 = DEFINITIONAL_REPRESENTATION('',(#1909),#1913);
#1909 = CIRCLE('',#1910,0.6);
#1910 = AXIS2_PLACEMENT_2D('',#1911,#1912);
#1911 = CARTESIAN_POINT('',(3.600000001179,-18.39999999758));
#1912 = DIRECTION('',(1.,0.));
#1913 = ( GEOMETRIC_REPRESENTATION_CONTEXT(2) 
PARAMETRIC_REPRESENTATION_CONTEXT() REPRESENTATION_CONTEXT('2D SPACE',''
  ) );
#1914 = PCURVE('',#1035,#1915);
#1915 = DEFINITIONAL_REPRESENTATION('',(#1916),#1920);
#1916 = LINE('',#1917,#1918);
#1917 = CARTESIAN_POINT('',(0.,2.55));
#1918 = VECTOR('',#1919,1.);
#1919 = DIRECTION('',(1.,0.));
#1920 = ( GEOMETRIC_REPRESENTATION_CONTEXT(2) 
PARAMETRIC_REPRESENTATION_CONTEXT() REPRESENTATION_CONTEXT('2D SPACE',''
  ) );
#1921 = FACE_BOUND('',#1922,.T.);
#1922 = EDGE_LOOP('',(#1923));
#1923 = ORIENTED_EDGE('',*,*,#1924,.F.);
#1924 = EDGE_CURVE('',#1925,#1925,#1927,.T.);
#1925 = VERTEX_POINT('',#1926);
#1926 = CARTESIAN_POINT('',(0.6,-16.,12.));
#1927 = SURFACE_CURVE('',#1928,(#1933,#1940),.PCURVE_S1.);
#1928 = CIRCLE('',#1929,0.6);
#1929 = AXIS2_PLACEMENT_3D('',#1930,#1931,#1932);
#1930 = CARTESIAN_POINT('',(0.,-16.,12.));
#1931 = DIRECTION('',(0.,0.,1.));
#1932 = DIRECTION('',(1.,0.,-0.));
#1933 = PCURVE('',#346,#1934);
#1934 = DEFINITIONAL_REPRESENTATION('',(#1935),#1939);
#1935 = CIRCLE('',#1936,0.6);
#1936 = AXIS2_PLACEMENT_2D('',#1937,#1938);
#1937 = CARTESIAN_POINT('',(1.178506503405E-09,-15.99999999758));
#1938 = DIRECTION('',(1.,0.));
#1939 = ( GEOMETRIC_REPRESENTATION_CONTEXT(2) 
PARAMETRIC_REPRESENTATION_CONTEXT() REPRESENTATION_CONTEXT('2D SPACE',''
  ) );
#1940 = PCURVE('',#1066,#1941);
#1941 = DEFINITIONAL_REPRESENTATION('',(#1942),#1946);
#1942 = LINE('',#1943,#1944);
#1943 = CARTESIAN_POINT('',(0.,2.55));
#1944 = VECTOR('',#1945,1.);
#1945 = DIRECTION('',(1.,0.));
#1946 = ( GEOMETRIC_REPRESENTATION_CONTEXT(2) 
PARAMETRIC_REPRESENTATION_CONTEXT() REPRESENTATION_CONTEXT('2D SPACE',''
  ) );
#1947 = FACE_BOUND('',#1948,.T.);
#1948 = EDGE_LOOP('',(#1949));
#1949 = ORIENTED_EDGE('',*,*,#1950,.F.);
#1950 = EDGE_CURVE('',#1951,#1951,#1953,.T.);
#1951 = VERTEX_POINT('',#1952);
#1952 = CARTESIAN_POINT('',(3.,-16.,12.));
#1953 = SURFACE_CURVE('',#1954,(#1959,#1966),.PCURVE_S1.);
#1954 = CIRCLE('',#1955,0.6);
#1955 = AXIS2_PLACEMENT_3D('',#1956,#1957,#1958);
#1956 = CARTESIAN_POINT('',(2.4,-16.,12.));
#1957 = DIRECTION('',(0.,0.,1.));
#1958 = DIRECTION('',(1.,0.,-0.));
#1959 = PCURVE('',#346,#1960);
#1960 = DEFINITIONAL_REPRESENTATION('',(#1961),#1965);
#1961 = CIRCLE('',#1962,0.6);
#1962 = AXIS2_PLACEMENT_2D('',#1963,#1964);
#1963 = CARTESIAN_POINT('',(2.400000001179,-15.99999999758));
#1964 = DIRECTION('',(1.,0.));
#1965 = ( GEOMETRIC_REPRESENTATION_CONTEXT(2) 
PARAMETRIC_REPRESENTATION_CONTEXT() REPRESENTATION_CONTEXT('2D SPACE',''
  ) );
#1966 = PCURVE('',#1097,#1967);
#1967 = DEFINITIONAL_REPRESENTATION('',(#1968),#1972);
#1968 = LINE('',#1969,#1970);
#1969 = CARTESIAN_POINT('',(0.,2.55));
#1970 = VECTOR('',#1971,1.);
#1971 = DIRECTION('',(1.,0.));
#1972 = ( GEOMETRIC_REPRESENTATION_CONTEXT(2) 
PARAMETRIC_REPRESENTATION_CONTEXT() REPRESENTATION_CONTEXT('2D SPACE',''
  ) );
#1973 = FACE_BOUND('',#1974,.T.);
#1974 = EDGE_LOOP('',(#1975));
#1975 = ORIENTED_EDGE('',*,*,#1976,.F.);
#1976 = EDGE_CURVE('',#1977,#1977,#1979,.T.);
#1977 = VERTEX_POINT('',#1978);
#1978 = CARTESIAN_POINT('',(5.4,-16.,12.));
#1979 = SURFACE_CURVE('',#1980,(#1985,#1992),.PCURVE_S1.);
#1980 = CIRCLE('',#1981,0.6);
#1981 = AXIS2_PLACEMENT_3D('',#1982,#1983,#1984);
#1982 = CARTESIAN_POINT('',(4.8,-16.,12.));
#1983 = DIRECTION('',(0.,0.,1.));
#1984 = DIRECTION('',(1.,0.,-0.));
#1985 = PCURVE('',#346,#1986);
#1986 = DEFINITIONAL_REPRESENTATION('',(#1987),#1991);
#1987 = CIRCLE('',#1988,0.6);
#1988 = AXIS2_PLACEMENT_2D('',#1989,#1990);
#1989 = CARTESIAN_POINT('',(4.800000001179,-15.99999999758));
#1990 = DIRECTION('',(1.,0.));
#1991 = ( GEOMETRIC_REPRESENTATION_CONTEXT(2) 
PARAMETRIC_REPRESENTATION_CONTEXT() REPRESENTATION_CONTEXT('2D SPACE',''
  ) );
#1992 = PCURVE('',#1128,#1993);
#1993 = DEFINITIONAL_REPRESENTATION('',(#1994),#1998);
#1994 = LINE('',#1995,#1996);
#1995 = CARTESIAN_POINT('',(0.,2.55));
#1996 = VECTOR('',#1997,1.);
#1997 = DIRECTION('',(1.,0.));
#1998 = ( GEOMETRIC_REPRESENTATION_CONTEXT(2) 
PARAMETRIC_REPRESENTATION_CONTEXT() REPRESENTATION_CONTEXT('2D SPACE',''
  ) );
#1999 = FACE_BOUND('',#2000,.T.);
#2000 = EDGE_LOOP('',(#2001));
#2001 = ORIENTED_EDGE('',*,*,#2002,.F.);
#2002 = EDGE_CURVE('',#2003,#2003,#2005,.T.);
#2003 = VERTEX_POINT('',#2004);
#2004 = CARTESIAN_POINT('',(16.9,-15.5,12.));
#2005 = SURFACE_CURVE('',#2006,(#2011,#2018),.PCURVE_S1.);
#2006 = CIRCLE('',#2007,1.9);
#2007 = AXIS2_PLACEMENT_3D('',#2008,#2009,#2010);
#2008 = CARTESIAN_POINT('',(15.,-15.5,12.));
#2009 = DIRECTION('',(0.,0.,1.));
#2010 = DIRECTION('',(1.,0.,-0.));
#2011 = PCURVE('',#346,#2012);
#2012 = DEFINITIONAL_REPRESENTATION('',(#2013),#2017);
#2013 = CIRCLE('',#2014,1.9);
#2014 = AXIS2_PLACEMENT_2D('',#2015,#2016);
#2015 = CARTESIAN_POINT('',(15.000000001179,-15.49999999758));
#2016 = DIRECTION('',(1.,0.));
#2017 = ( GEOMETRIC_REPRESENTATION_CONTEXT(2) 
PARAMETRIC_REPRESENTATION_CONTEXT() REPRESENTATION_CONTEXT('2D SPACE',''
  ) );
#2018 = PCURVE('',#2019,#2024);
#2019 = CYLINDRICAL_SURFACE('',#2020,1.9);
#2020 = AXIS2_PLACEMENT_3D('',#2021,#2022,#2023);
#2021 = CARTESIAN_POINT('',(15.,-15.5,11.3));
#2022 = DIRECTION('',(0.,0.,1.));
#2023 = DIRECTION('',(1.,0.,-0.));
#2024 = DEFINITIONAL_REPRESENTATION('',(#2025),#2029);
#2025 = LINE('',#2026,#2027);
#2026 = CARTESIAN_POINT('',(0.,0.7));
#2027 = VECTOR('',#2028,1.);
#2028 = DIRECTION('',(1.,0.));
#2029 = ( GEOMETRIC_REPRESENTATION_CONTEXT(2) 
PARAMETRIC_REPRESENTATION_CONTEXT() REPRESENTATION_CONTEXT('2D SPACE',''
  ) );
#2030 = FACE_BOUND('',#2031,.T.);
#2031 = EDGE_LOOP('',(#2032));
#2032 = ORIENTED_EDGE('',*,*,#2033,.F.);
#2033 = EDGE_CURVE('',#2034,#2034,#2036,.T.);
#2034 = VERTEX_POINT('',#2035);
#2035 = CARTESIAN_POINT('',(-13.1,15.5,12.));
#2036 = SURFACE_CURVE('',#2037,(#2042,#2049),.PCURVE_S1.);
#2037 = CIRCLE('',#2038,1.9);
#2038 = AXIS2_PLACEMENT_3D('',#2039,#2040,#2041);
#2039 = CARTESIAN_POINT('',(-15.,15.5,12.));
#2040 = DIRECTION('',(0.,0.,1.));
#2041 = DIRECTION('',(1.,0.,-0.));
#2042 = PCURVE('',#346,#2043);
#2043 = DEFINITIONAL_REPRESENTATION('',(#2044),#2048);
#2044 = CIRCLE('',#2045,1.9);
#2045 = AXIS2_PLACEMENT_2D('',#2046,#2047);
#2046 = CARTESIAN_POINT('',(-14.99999999882,15.500000002412));
#2047 = DIRECTION('',(1.,0.));
#2048 = ( GEOMETRIC_REPRESENTATION_CONTEXT(2) 
PARAMETRIC_REPRESENTATION_CONTEXT() REPRESENTATION_CONTEXT('2D SPACE',''
  ) );
#2049 = PCURVE('',#2050,#2055);
#2050 = CYLINDRICAL_SURFACE('',#2051,1.9);
#2051 = AXIS2_PLACEMENT_3D('',#2052,#2053,#2054);
#2052 = CARTESIAN_POINT('',(-15.,15.5,11.3));
#2053 = DIRECTION('',(0.,0.,1.));
#2054 = DIRECTION('',(1.,0.,-0.));
#2055 = DEFINITIONAL_REPRESENTATION('',(#2056),#2060);
#2056 = LINE('',#2057,#2058);
#2057 = CARTESIAN_POINT('',(0.,0.7));
#2058 = VECTOR('',#2059,1.);
#2059 = DIRECTION('',(1.,0.));
#2060 = ( GEOMETRIC_REPRESENTATION_CONTEXT(2) 
PARAMETRIC_REPRESENTATION_CONTEXT() REPRESENTATION_CONTEXT('2D SPACE',''
  ) );
#2061 = FACE_BOUND('',#2062,.T.);
#2062 = EDGE_LOOP('',(#2063));
#2063 = ORIENTED_EDGE('',*,*,#2064,.F.);
#2064 = EDGE_CURVE('',#2065,#2065,#2067,.T.);
#2065 = VERTEX_POINT('',#2066);
#2066 = CARTESIAN_POINT('',(-0.75,16.5,12.));
#2067 = SURFACE_CURVE('',#2068,(#2073,#2080),.PCURVE_S1.);
#2068 = CIRCLE('',#2069,0.65);
#2069 = AXIS2_PLACEMENT_3D('',#2070,#2071,#2072);
#2070 = CARTESIAN_POINT('',(-1.4,16.5,12.));
#2071 = DIRECTION('',(0.,0.,1.));
#2072 = DIRECTION('',(1.,0.,-0.));
#2073 = PCURVE('',#346,#2074);
#2074 = DEFINITIONAL_REPRESENTATION('',(#2075),#2079);
#2075 = CIRCLE('',#2076,0.65);
#2076 = AXIS2_PLACEMENT_2D('',#2077,#2078);
#2077 = CARTESIAN_POINT('',(-1.399999998821,16.500000002412));
#2078 = DIRECTION('',(1.,0.));
#2079 = ( GEOMETRIC_REPRESENTATION_CONTEXT(2) 
PARAMETRIC_REPRESENTATION_CONTEXT() REPRESENTATION_CONTEXT('2D SPACE',''
  ) );
#2080 = PCURVE('',#1221,#2081);
#2081 = DEFINITIONAL_REPRESENTATION('',(#2082),#2086);
#2082 = LINE('',#2083,#2084);
#2083 = CARTESIAN_POINT('',(0.,2.55));
#2084 = VECTOR('',#2085,1.);
#2085 = DIRECTION('',(1.,0.));
#2086 = ( GEOMETRIC_REPRESENTATION_CONTEXT(2) 
PARAMETRIC_REPRESENTATION_CONTEXT() REPRESENTATION_CONTEXT('2D SPACE',''
  ) );
#2087 = FACE_BOUND('',#2088,.T.);
#2088 = EDGE_LOOP('',(#2089,#2117,#2150,#2176,#2209,#2235,#2268,#2294));
#2089 = ORIENTED_EDGE('',*,*,#2090,.F.);
#2090 = EDGE_CURVE('',#2091,#2093,#2095,.T.);
#2091 = VERTEX_POINT('',#2092);
#2092 = CARTESIAN_POINT('',(-11.7,3.899999985662,12.));
#2093 = VERTEX_POINT('',#2094);
#2094 = CARTESIAN_POINT('',(-11.7,-3.9,12.));
#2095 = SURFACE_CURVE('',#2096,(#2100,#2106),.PCURVE_S1.);
#2096 = LINE('',#2097,#2098);
#2097 = CARTESIAN_POINT('',(-11.7,-1.950000001206,12.));
#2098 = VECTOR('',#2099,1.);
#2099 = DIRECTION('',(0.,-1.,0.));
#2100 = PCURVE('',#346,#2101);
#2101 = DEFINITIONAL_REPRESENTATION('',(#2102),#2105);
#2102 = B_SPLINE_CURVE_WITH_KNOTS('',1,(#2103,#2104),.UNSPECIFIED.,.F.,
  .F.,(2,2),(-5.849999986868,1.949999998794),.PIECEWISE_BEZIER_KNOTS.);
#2103 = CARTESIAN_POINT('',(-11.69999999882,3.899999988074));
#2104 = CARTESIAN_POINT('',(-11.69999999882,-3.899999997588));
#2105 = ( GEOMETRIC_REPRESENTATION_CONTEXT(2) 
PARAMETRIC_REPRESENTATION_CONTEXT() REPRESENTATION_CONTEXT('2D SPACE',''
  ) );
#2106 = PCURVE('',#2107,#2112);
#2107 = PLANE('',#2108);
#2108 = AXIS2_PLACEMENT_3D('',#2109,#2110,#2111);
#2109 = CARTESIAN_POINT('',(-11.7,-3.9,11.18));
#2110 = DIRECTION('',(-1.,0.,0.));
#2111 = DIRECTION('',(0.,1.,0.));
#2112 = DEFINITIONAL_REPRESENTATION('',(#2113),#2116);
#2113 = B_SPLINE_CURVE_WITH_KNOTS('',1,(#2114,#2115),.UNSPECIFIED.,.F.,
  .F.,(2,2),(-5.849999986868,1.949999998794),.PIECEWISE_BEZIER_KNOTS.);
#2114 = CARTESIAN_POINT('',(7.799999985662,-0.82));
#2115 = CARTESIAN_POINT('',(-4.440892098501E-16,-0.82));
#2116 = ( GEOMETRIC_REPRESENTATION_CONTEXT(2) 
PARAMETRIC_REPRESENTATION_CONTEXT() REPRESENTATION_CONTEXT('2D SPACE',''
  ) );
#2117 = ORIENTED_EDGE('',*,*,#2118,.T.);
#2118 = EDGE_CURVE('',#2091,#2119,#2121,.T.);
#2119 = VERTEX_POINT('',#2120);
#2120 = CARTESIAN_POINT('',(-7.9,7.699999992831,12.));
#2121 = SURFACE_CURVE('',#2122,(#2127,#2138),.PCURVE_S1.);
#2122 = CIRCLE('',#2123,3.8);
#2123 = AXIS2_PLACEMENT_3D('',#2124,#2125,#2126);
#2124 = CARTESIAN_POINT('',(-7.9,3.899999985662,12.));
#2125 = DIRECTION('',(0.,0.,-1.));
#2126 = DIRECTION('',(-1.,0.,0.));
#2127 = PCURVE('',#346,#2128);
#2128 = DEFINITIONAL_REPRESENTATION('',(#2129),#2137);
#2129 = ( BOUNDED_CURVE() B_SPLINE_CURVE(2,(#2130,#2131,#2132,#2133,
#2134,#2135,#2136),.UNSPECIFIED.,.T.,.F.) B_SPLINE_CURVE_WITH_KNOTS((1,2
    ,2,2,2,1),(-2.094395102393,0.,2.094395102393,4.188790204786,
6.28318530718,8.377580409573),.UNSPECIFIED.) CURVE() 
GEOMETRIC_REPRESENTATION_ITEM() RATIONAL_B_SPLINE_CURVE((1.,0.5,1.,0.5,
1.,0.5,1.)) REPRESENTATION_ITEM('') );
#2130 = CARTESIAN_POINT('',(-11.69999999882,3.899999988074));
#2131 = CARTESIAN_POINT('',(-11.69999999882,10.481793056836));
#2132 = CARTESIAN_POINT('',(-5.999999998821,7.190896522455));
#2133 = CARTESIAN_POINT('',(-0.299999998821,3.899999988074));
#2134 = CARTESIAN_POINT('',(-5.999999998821,0.609103453693));
#2135 = CARTESIAN_POINT('',(-11.69999999882,-2.681793080688));
#2136 = CARTESIAN_POINT('',(-11.69999999882,3.899999988074));
#2137 = ( GEOMETRIC_REPRESENTATION_CONTEXT(2) 
PARAMETRIC_REPRESENTATION_CONTEXT() REPRESENTATION_CONTEXT('2D SPACE',''
  ) );
#2138 = PCURVE('',#2139,#2144);
#2139 = CYLINDRICAL_SURFACE('',#2140,3.8);
#2140 = AXIS2_PLACEMENT_3D('',#2141,#2142,#2143);
#2141 = CARTESIAN_POINT('',(-7.9,3.899999985662,11.18));
#2142 = DIRECTION('',(0.,0.,-1.));
#2143 = DIRECTION('',(-1.,0.,0.));
#2144 = DEFINITIONAL_REPRESENTATION('',(#2145),#2149);
#2145 = LINE('',#2146,#2147);
#2146 = CARTESIAN_POINT('',(0.,-0.82));
#2147 = VECTOR('',#2148,1.);
#2148 = DIRECTION('',(1.,0.));
#2149 = ( GEOMETRIC_REPRESENTATION_CONTEXT(2) 
PARAMETRIC_REPRESENTATION_CONTEXT() REPRESENTATION_CONTEXT('2D SPACE',''
  ) );
#2150 = ORIENTED_EDGE('',*,*,#2151,.F.);
#2151 = EDGE_CURVE('',#2152,#2119,#2154,.T.);
#2152 = VERTEX_POINT('',#2153);
#2153 = CARTESIAN_POINT('',(7.9,7.699999992831,12.));
#2154 = SURFACE_CURVE('',#2155,(#2159,#2165),.PCURVE_S1.);
#2155 = LINE('',#2156,#2157);
#2156 = CARTESIAN_POINT('',(-3.950000000589,7.7,12.));
#2157 = VECTOR('',#2158,1.);
#2158 = DIRECTION('',(-1.,0.,0.));
#2159 = PCURVE('',#346,#2160);
#2160 = DEFINITIONAL_REPRESENTATION('',(#2161),#2164);
#2161 = B_SPLINE_CURVE_WITH_KNOTS('',1,(#2162,#2163),.UNSPECIFIED.,.F.,
  .F.,(2,2),(-11.85000000058,3.949999999411),.PIECEWISE_BEZIER_KNOTS.);
#2162 = CARTESIAN_POINT('',(7.900000001179,7.700000002412));
#2163 = CARTESIAN_POINT('',(-7.899999998821,7.700000002412));
#2164 = ( GEOMETRIC_REPRESENTATION_CONTEXT(2) 
PARAMETRIC_REPRESENTATION_CONTEXT() REPRESENTATION_CONTEXT('2D SPACE',''
  ) );
#2165 = PCURVE('',#2166,#2171);
#2166 = PLANE('',#2167);
#2167 = AXIS2_PLACEMENT_3D('',#2168,#2169,#2170);
#2168 = CARTESIAN_POINT('',(-7.9,7.7,11.18));
#2169 = DIRECTION('',(0.,1.,0.));
#2170 = DIRECTION('',(1.,0.,0.));
#2171 = DEFINITIONAL_REPRESENTATION('',(#2172),#2175);
#2172 = B_SPLINE_CURVE_WITH_KNOTS('',1,(#2173,#2174),.UNSPECIFIED.,.F.,
  .F.,(2,2),(-11.85000000058,3.949999999411),.PIECEWISE_BEZIER_KNOTS.);
#2173 = CARTESIAN_POINT('',(15.8,-0.82));
#2174 = CARTESIAN_POINT('',(0.,-0.82));
#2175 = ( GEOMETRIC_REPRESENTATION_CONTEXT(2) 
PARAMETRIC_REPRESENTATION_CONTEXT() REPRESENTATION_CONTEXT('2D SPACE',''
  ) );
#2176 = ORIENTED_EDGE('',*,*,#2177,.T.);
#2177 = EDGE_CURVE('',#2152,#2178,#2180,.T.);
#2178 = VERTEX_POINT('',#2179);
#2179 = CARTESIAN_POINT('',(11.7,3.899999985662,12.));
#2180 = SURFACE_CURVE('',#2181,(#2186,#2197),.PCURVE_S1.);
#2181 = CIRCLE('',#2182,3.8);
#2182 = AXIS2_PLACEMENT_3D('',#2183,#2184,#2185);
#2183 = CARTESIAN_POINT('',(7.9,3.899999985662,12.));
#2184 = DIRECTION('',(0.,0.,-1.));
#2185 = DIRECTION('',(-1.,0.,0.));
#2186 = PCURVE('',#346,#2187);
#2187 = DEFINITIONAL_REPRESENTATION('',(#2188),#2196);
#2188 = ( BOUNDED_CURVE() B_SPLINE_CURVE(2,(#2189,#2190,#2191,#2192,
#2193,#2194,#2195),.UNSPECIFIED.,.T.,.F.) B_SPLINE_CURVE_WITH_KNOTS((1,2
    ,2,2,2,1),(-2.094395102393,0.,2.094395102393,4.188790204786,
6.28318530718,8.377580409573),.UNSPECIFIED.) CURVE() 
GEOMETRIC_REPRESENTATION_ITEM() RATIONAL_B_SPLINE_CURVE((1.,0.5,1.,0.5,
1.,0.5,1.)) REPRESENTATION_ITEM('') );
#2189 = CARTESIAN_POINT('',(4.100000001179,3.899999988074));
#2190 = CARTESIAN_POINT('',(4.100000001179,10.481793056836));
#2191 = CARTESIAN_POINT('',(9.800000001179,7.190896522455));
#2192 = CARTESIAN_POINT('',(15.500000001179,3.899999988074));
#2193 = CARTESIAN_POINT('',(9.800000001179,0.609103453693));
#2194 = CARTESIAN_POINT('',(4.100000001179,-2.681793080688));
#2195 = CARTESIAN_POINT('',(4.100000001179,3.899999988074));
#2196 = ( GEOMETRIC_REPRESENTATION_CONTEXT(2) 
PARAMETRIC_REPRESENTATION_CONTEXT() REPRESENTATION_CONTEXT('2D SPACE',''
  ) );
#2197 = PCURVE('',#2198,#2203);
#2198 = CYLINDRICAL_SURFACE('',#2199,3.8);
#2199 = AXIS2_PLACEMENT_3D('',#2200,#2201,#2202);
#2200 = CARTESIAN_POINT('',(7.9,3.899999985662,11.18));
#2201 = DIRECTION('',(0.,0.,-1.));
#2202 = DIRECTION('',(-1.,0.,0.));
#2203 = DEFINITIONAL_REPRESENTATION('',(#2204),#2208);
#2204 = LINE('',#2205,#2206);
#2205 = CARTESIAN_POINT('',(0.,-0.82));
#2206 = VECTOR('',#2207,1.);
#2207 = DIRECTION('',(1.,0.));
#2208 = ( GEOMETRIC_REPRESENTATION_CONTEXT(2) 
PARAMETRIC_REPRESENTATION_CONTEXT() REPRESENTATION_CONTEXT('2D SPACE',''
  ) );
#2209 = ORIENTED_EDGE('',*,*,#2210,.T.);
#2210 = EDGE_CURVE('',#2178,#2211,#2213,.T.);
#2211 = VERTEX_POINT('',#2212);
#2212 = CARTESIAN_POINT('',(11.7,-3.9,12.));
#2213 = SURFACE_CURVE('',#2214,(#2218,#2224),.PCURVE_S1.);
#2214 = LINE('',#2215,#2216);
#2215 = CARTESIAN_POINT('',(11.7,-1.950000001206,12.));
#2216 = VECTOR('',#2217,1.);
#2217 = DIRECTION('',(0.,-1.,0.));
#2218 = PCURVE('',#346,#2219);
#2219 = DEFINITIONAL_REPRESENTATION('',(#2220),#2223);
#2220 = B_SPLINE_CURVE_WITH_KNOTS('',1,(#2221,#2222),.UNSPECIFIED.,.F.,
  .F.,(2,2),(-5.849999986868,1.949999998794),.PIECEWISE_BEZIER_KNOTS.);
#2221 = CARTESIAN_POINT('',(11.700000001179,3.899999988074));
#2222 = CARTESIAN_POINT('',(11.700000001179,-3.899999997588));
#2223 = ( GEOMETRIC_REPRESENTATION_CONTEXT(2) 
PARAMETRIC_REPRESENTATION_CONTEXT() REPRESENTATION_CONTEXT('2D SPACE',''
  ) );
#2224 = PCURVE('',#2225,#2230);
#2225 = PLANE('',#2226);
#2226 = AXIS2_PLACEMENT_3D('',#2227,#2228,#2229);
#2227 = CARTESIAN_POINT('',(11.7,-3.9,11.18));
#2228 = DIRECTION('',(-1.,0.,0.));
#2229 = DIRECTION('',(0.,1.,0.));
#2230 = DEFINITIONAL_REPRESENTATION('',(#2231),#2234);
#2231 = B_SPLINE_CURVE_WITH_KNOTS('',1,(#2232,#2233),.UNSPECIFIED.,.F.,
  .F.,(2,2),(-5.849999986868,1.949999998794),.PIECEWISE_BEZIER_KNOTS.);
#2232 = CARTESIAN_POINT('',(7.799999985662,-0.82));
#2233 = CARTESIAN_POINT('',(0.,-0.82));
#2234 = ( GEOMETRIC_REPRESENTATION_CONTEXT(2) 
PARAMETRIC_REPRESENTATION_CONTEXT() REPRESENTATION_CONTEXT('2D SPACE',''
  ) );
#2235 = ORIENTED_EDGE('',*,*,#2236,.T.);
#2236 = EDGE_CURVE('',#2211,#2237,#2239,.T.);
#2237 = VERTEX_POINT('',#2238);
#2238 = CARTESIAN_POINT('',(7.9,-7.7,12.));
#2239 = SURFACE_CURVE('',#2240,(#2245,#2256),.PCURVE_S1.);
#2240 = CIRCLE('',#2241,3.8);
#2241 = AXIS2_PLACEMENT_3D('',#2242,#2243,#2244);
#2242 = CARTESIAN_POINT('',(7.9,-3.9,12.));
#2243 = DIRECTION('',(0.,0.,-1.));
#2244 = DIRECTION('',(-1.,0.,0.));
#2245 = PCURVE('',#346,#2246);
#2246 = DEFINITIONAL_REPRESENTATION('',(#2247),#2255);
#2247 = ( BOUNDED_CURVE() B_SPLINE_CURVE(2,(#2248,#2249,#2250,#2251,
#2252,#2253,#2254),.UNSPECIFIED.,.T.,.F.) B_SPLINE_CURVE_WITH_KNOTS((1,2
    ,2,2,2,1),(-2.094395102393,0.,2.094395102393,4.188790204786,
6.28318530718,8.377580409573),.UNSPECIFIED.) CURVE() 
GEOMETRIC_REPRESENTATION_ITEM() RATIONAL_B_SPLINE_CURVE((1.,0.5,1.,0.5,
1.,0.5,1.)) REPRESENTATION_ITEM('') );
#2248 = CARTESIAN_POINT('',(4.100000001179,-3.899999997588));
#2249 = CARTESIAN_POINT('',(4.100000001179,2.681793071174));
#2250 = CARTESIAN_POINT('',(9.800000001179,-0.609103463207));
#2251 = CARTESIAN_POINT('',(15.500000001179,-3.899999997588));
#2252 = CARTESIAN_POINT('',(9.800000001179,-7.190896531969));
#2253 = CARTESIAN_POINT('',(4.100000001179,-10.48179306634));
#2254 = CARTESIAN_POINT('',(4.100000001179,-3.899999997588));
#2255 = ( GEOMETRIC_REPRESENTATION_CONTEXT(2) 
PARAMETRIC_REPRESENTATION_CONTEXT() REPRESENTATION_CONTEXT('2D SPACE',''
  ) );
#2256 = PCURVE('',#2257,#2262);
#2257 = CYLINDRICAL_SURFACE('',#2258,3.8);
#2258 = AXIS2_PLACEMENT_3D('',#2259,#2260,#2261);
#2259 = CARTESIAN_POINT('',(7.9,-3.9,11.18));
#2260 = DIRECTION('',(0.,0.,-1.));
#2261 = DIRECTION('',(-1.,0.,0.));
#2262 = DEFINITIONAL_REPRESENTATION('',(#2263),#2267);
#2263 = LINE('',#2264,#2265);
#2264 = CARTESIAN_POINT('',(0.,-0.82));
#2265 = VECTOR('',#2266,1.);
#2266 = DIRECTION('',(1.,0.));
#2267 = ( GEOMETRIC_REPRESENTATION_CONTEXT(2) 
PARAMETRIC_REPRESENTATION_CONTEXT() REPRESENTATION_CONTEXT('2D SPACE',''
  ) );
#2268 = ORIENTED_EDGE('',*,*,#2269,.T.);
#2269 = EDGE_CURVE('',#2237,#2270,#2272,.T.);
#2270 = VERTEX_POINT('',#2271);
#2271 = CARTESIAN_POINT('',(-7.9,-7.7,12.));
#2272 = SURFACE_CURVE('',#2273,(#2277,#2283),.PCURVE_S1.);
#2273 = LINE('',#2274,#2275);
#2274 = CARTESIAN_POINT('',(-3.950000000589,-7.7,12.));
#2275 = VECTOR('',#2276,1.);
#2276 = DIRECTION('',(-1.,0.,0.));
#2277 = PCURVE('',#346,#2278);
#2278 = DEFINITIONAL_REPRESENTATION('',(#2279),#2282);
#2279 = B_SPLINE_CURVE_WITH_KNOTS('',1,(#2280,#2281),.UNSPECIFIED.,.F.,
  .F.,(2,2),(-11.85000000058,3.949999999411),.PIECEWISE_BEZIER_KNOTS.);
#2280 = CARTESIAN_POINT('',(7.900000001179,-7.699999997588));
#2281 = CARTESIAN_POINT('',(-7.899999998821,-7.699999997588));
#2282 = ( GEOMETRIC_REPRESENTATION_CONTEXT(2) 
PARAMETRIC_REPRESENTATION_CONTEXT() REPRESENTATION_CONTEXT('2D SPACE',''
  ) );
#2283 = PCURVE('',#2284,#2289);
#2284 = PLANE('',#2285);
#2285 = AXIS2_PLACEMENT_3D('',#2286,#2287,#2288);
#2286 = CARTESIAN_POINT('',(-7.9,-7.7,11.18));
#2287 = DIRECTION('',(0.,1.,0.));
#2288 = DIRECTION('',(1.,0.,0.));
#2289 = DEFINITIONAL_REPRESENTATION('',(#2290),#2293);
#2290 = B_SPLINE_CURVE_WITH_KNOTS('',1,(#2291,#2292),.UNSPECIFIED.,.F.,
  .F.,(2,2),(-11.85000000058,3.949999999411),.PIECEWISE_BEZIER_KNOTS.);
#2291 = CARTESIAN_POINT('',(15.8,-0.82));
#2292 = CARTESIAN_POINT('',(0.,-0.82));
#2293 = ( GEOMETRIC_REPRESENTATION_CONTEXT(2) 
PARAMETRIC_REPRESENTATION_CONTEXT() REPRESENTATION_CONTEXT('2D SPACE',''
  ) );
#2294 = ORIENTED_EDGE('',*,*,#2295,.T.);
#2295 = EDGE_CURVE('',#2270,#2093,#2296,.T.);
#2296 = SURFACE_CURVE('',#2297,(#2302,#2313),.PCURVE_S1.);
#2297 = CIRCLE('',#2298,3.8);
#2298 = AXIS2_PLACEMENT_3D('',#2299,#2300,#2301);
#2299 = CARTESIAN_POINT('',(-7.9,-3.9,12.));
#2300 = DIRECTION('',(0.,0.,-1.));
#2301 = DIRECTION('',(-1.,0.,0.));
#2302 = PCURVE('',#346,#2303);
#2303 = DEFINITIONAL_REPRESENTATION('',(#2304),#2312);
#2304 = ( BOUNDED_CURVE() B_SPLINE_CURVE(2,(#2305,#2306,#2307,#2308,
#2309,#2310,#2311),.UNSPECIFIED.,.T.,.F.) B_SPLINE_CURVE_WITH_KNOTS((1,2
    ,2,2,2,1),(-2.094395102393,0.,2.094395102393,4.188790204786,
6.28318530718,8.377580409573),.UNSPECIFIED.) CURVE() 
GEOMETRIC_REPRESENTATION_ITEM() RATIONAL_B_SPLINE_CURVE((1.,0.5,1.,0.5,
1.,0.5,1.)) REPRESENTATION_ITEM('') );
#2305 = CARTESIAN_POINT('',(-11.69999999882,-3.899999997588));
#2306 = CARTESIAN_POINT('',(-11.69999999882,2.681793071174));
#2307 = CARTESIAN_POINT('',(-5.999999998821,-0.609103463207));
#2308 = CARTESIAN_POINT('',(-0.299999998821,-3.899999997588));
#2309 = CARTESIAN_POINT('',(-5.999999998821,-7.190896531969));
#2310 = CARTESIAN_POINT('',(-11.69999999882,-10.48179306634));
#2311 = CARTESIAN_POINT('',(-11.69999999882,-3.899999997588));
#2312 = ( GEOMETRIC_REPRESENTATION_CONTEXT(2) 
PARAMETRIC_REPRESENTATION_CONTEXT() REPRESENTATION_CONTEXT('2D SPACE',''
  ) );
#2313 = PCURVE('',#2314,#2319);
#2314 = CYLINDRICAL_SURFACE('',#2315,3.8);
#2315 = AXIS2_PLACEMENT_3D('',#2316,#2317,#2318);
#2316 = CARTESIAN_POINT('',(-7.9,-3.9,11.18));
#2317 = DIRECTION('',(0.,0.,-1.));
#2318 = DIRECTION('',(-1.,0.,0.));
#2319 = DEFINITIONAL_REPRESENTATION('',(#2320),#2324);
#2320 = LINE('',#2321,#2322);
#2321 = CARTESIAN_POINT('',(0.,-0.82));
#2322 = VECTOR('',#2323,1.);
#2323 = DIRECTION('',(1.,0.));
#2324 = ( GEOMETRIC_REPRESENTATION_CONTEXT(2) 
PARAMETRIC_REPRESENTATION_CONTEXT() REPRESENTATION_CONTEXT('2D SPACE',''
  ) );
#2325 = FACE_BOUND('',#2326,.T.);
#2326 = EDGE_LOOP('',(#2327));
#2327 = ORIENTED_EDGE('',*,*,#2328,.F.);
#2328 = EDGE_CURVE('',#2329,#2329,#2331,.T.);
#2329 = VERTEX_POINT('',#2330);
#2330 = CARTESIAN_POINT('',(2.05,16.5,12.));
#2331 = SURFACE_CURVE('',#2332,(#2337,#2344),.PCURVE_S1.);
#2332 = CIRCLE('',#2333,0.65);
#2333 = AXIS2_PLACEMENT_3D('',#2334,#2335,#2336);
#2334 = CARTESIAN_POINT('',(1.4,16.5,12.));
#2335 = DIRECTION('',(0.,0.,1.));
#2336 = DIRECTION('',(1.,0.,-0.));
#2337 = PCURVE('',#346,#2338);
#2338 = DEFINITIONAL_REPRESENTATION('',(#2339),#2343);
#2339 = CIRCLE('',#2340,0.65);
#2340 = AXIS2_PLACEMENT_2D('',#2341,#2342);
#2341 = CARTESIAN_POINT('',(1.400000001179,16.500000002412));
#2342 = DIRECTION('',(1.,0.));
#2343 = ( GEOMETRIC_REPRESENTATION_CONTEXT(2) 
PARAMETRIC_REPRESENTATION_CONTEXT() REPRESENTATION_CONTEXT('2D SPACE',''
  ) );
#2344 = PCURVE('',#1490,#2345);
#2345 = DEFINITIONAL_REPRESENTATION('',(#2346),#2350);
#2346 = LINE('',#2347,#2348);
#2347 = CARTESIAN_POINT('',(0.,2.55));
#2348 = VECTOR('',#2349,1.);
#2349 = DIRECTION('',(1.,0.));
#2350 = ( GEOMETRIC_REPRESENTATION_CONTEXT(2) 
PARAMETRIC_REPRESENTATION_CONTEXT() REPRESENTATION_CONTEXT('2D SPACE',''
  ) );
#2351 = FACE_BOUND('',#2352,.T.);
#2352 = EDGE_LOOP('',(#2353));
#2353 = ORIENTED_EDGE('',*,*,#2354,.F.);
#2354 = EDGE_CURVE('',#2355,#2355,#2357,.T.);
#2355 = VERTEX_POINT('',#2356);
#2356 = CARTESIAN_POINT('',(16.9,15.5,12.));
#2357 = SURFACE_CURVE('',#2358,(#2363,#2370),.PCURVE_S1.);
#2358 = CIRCLE('',#2359,1.9);
#2359 = AXIS2_PLACEMENT_3D('',#2360,#2361,#2362);
#2360 = CARTESIAN_POINT('',(15.,15.5,12.));
#2361 = DIRECTION('',(0.,0.,1.));
#2362 = DIRECTION('',(1.,0.,-0.));
#2363 = PCURVE('',#346,#2364);
#2364 = DEFINITIONAL_REPRESENTATION('',(#2365),#2369);
#2365 = CIRCLE('',#2366,1.9);
#2366 = AXIS2_PLACEMENT_2D('',#2367,#2368);
#2367 = CARTESIAN_POINT('',(15.000000001179,15.500000002412));
#2368 = DIRECTION('',(1.,0.));
#2369 = ( GEOMETRIC_REPRESENTATION_CONTEXT(2) 
PARAMETRIC_REPRESENTATION_CONTEXT() REPRESENTATION_CONTEXT('2D SPACE',''
  ) );
#2370 = PCURVE('',#2371,#2376);
#2371 = CYLINDRICAL_SURFACE('',#2372,1.9);
#2372 = AXIS2_PLACEMENT_3D('',#2373,#2374,#2375);
#2373 = CARTESIAN_POINT('',(15.,15.5,11.3));
#2374 = DIRECTION('',(0.,0.,1.));
#2375 = DIRECTION('',(1.,0.,-0.));
#2376 = DEFINITIONAL_REPRESENTATION('',(#2377),#2381);
#2377 = LINE('',#2378,#2379);
#2378 = CARTESIAN_POINT('',(0.,0.7));
#2379 = VECTOR('',#2380,1.);
#2380 = DIRECTION('',(1.,0.));
#2381 = ( GEOMETRIC_REPRESENTATION_CONTEXT(2) 
PARAMETRIC_REPRESENTATION_CONTEXT() REPRESENTATION_CONTEXT('2D SPACE',''
  ) );
#2382 = ADVANCED_FACE('',(#2383),#372,.T.);
#2383 = FACE_BOUND('',#2384,.F.);
#2384 = EDGE_LOOP('',(#2385,#2386,#2387,#2407));
#2385 = ORIENTED_EDGE('',*,*,#358,.F.);
#2386 = ORIENTED_EDGE('',*,*,#388,.T.);
#2387 = ORIENTED_EDGE('',*,*,#2388,.T.);
#2388 = EDGE_CURVE('',#389,#1682,#2389,.T.);
#2389 = SURFACE_CURVE('',#2390,(#2395,#2401),.PCURVE_S1.);
#2390 = CIRCLE('',#2391,0.35);
#2391 = AXIS2_PLACEMENT_3D('',#2392,#2393,#2394);
#2392 = CARTESIAN_POINT('',(-12.5,21.649999984226,11.65));
#2393 = DIRECTION('',(1.,6.123233995737E-17,-0.));
#2394 = DIRECTION('',(-6.123233995737E-17,1.,0.));
#2395 = PCURVE('',#372,#2396);
#2396 = DEFINITIONAL_REPRESENTATION('',(#2397),#2400);
#2397 = B_SPLINE_CURVE_WITH_KNOTS('',1,(#2398,#2399),.UNSPECIFIED.,.F.,
  .F.,(2,2),(0.,1.570796326795),.PIECEWISE_BEZIER_KNOTS.);
#2398 = CARTESIAN_POINT('',(-1.570796326795,0.));
#2399 = CARTESIAN_POINT('',(-1.570796326795,1.570796326795));
#2400 = ( GEOMETRIC_REPRESENTATION_CONTEXT(2) 
PARAMETRIC_REPRESENTATION_CONTEXT() REPRESENTATION_CONTEXT('2D SPACE',''
  ) );
#2401 = PCURVE('',#1697,#2402);
#2402 = DEFINITIONAL_REPRESENTATION('',(#2403),#2406);
#2403 = B_SPLINE_CURVE_WITH_KNOTS('',1,(#2404,#2405),.UNSPECIFIED.,.F.,
  .F.,(2,2),(0.,1.570796326795),.PIECEWISE_BEZIER_KNOTS.);
#2404 = CARTESIAN_POINT('',(0.,0.));
#2405 = CARTESIAN_POINT('',(1.570796326795,0.));
#2406 = ( GEOMETRIC_REPRESENTATION_CONTEXT(2) 
PARAMETRIC_REPRESENTATION_CONTEXT() REPRESENTATION_CONTEXT('2D SPACE',''
  ) );
#2407 = ORIENTED_EDGE('',*,*,#1709,.F.);
#2408 = ADVANCED_FACE('',(#2409),#428,.T.);
#2409 = FACE_BOUND('',#2410,.T.);
#2410 = EDGE_LOOP('',(#2411,#2412,#2435,#2463));
#2411 = ORIENTED_EDGE('',*,*,#412,.T.);
#2412 = ORIENTED_EDGE('',*,*,#2413,.T.);
#2413 = EDGE_CURVE('',#389,#2414,#2416,.T.);
#2414 = VERTEX_POINT('',#2415);
#2415 = CARTESIAN_POINT('',(12.5,22.,11.65));
#2416 = SURFACE_CURVE('',#2417,(#2421,#2428),.PCURVE_S1.);
#2417 = LINE('',#2418,#2419);
#2418 = CARTESIAN_POINT('',(-12.5,22.,11.65));
#2419 = VECTOR('',#2420,1.);
#2420 = DIRECTION('',(1.,0.,0.));
#2421 = PCURVE('',#428,#2422);
#2422 = DEFINITIONAL_REPRESENTATION('',(#2423),#2427);
#2423 = LINE('',#2424,#2425);
#2424 = CARTESIAN_POINT('',(0.,-2.15));
#2425 = VECTOR('',#2426,1.);
#2426 = DIRECTION('',(1.,0.));
#2427 = ( GEOMETRIC_REPRESENTATION_CONTEXT(2) 
PARAMETRIC_REPRESENTATION_CONTEXT() REPRESENTATION_CONTEXT('2D SPACE',''
  ) );
#2428 = PCURVE('',#1697,#2429);
#2429 = DEFINITIONAL_REPRESENTATION('',(#2430),#2434);
#2430 = LINE('',#2431,#2432);
#2431 = CARTESIAN_POINT('',(0.,0.));
#2432 = VECTOR('',#2433,1.);
#2433 = DIRECTION('',(0.,1.));
#2434 = ( GEOMETRIC_REPRESENTATION_CONTEXT(2) 
PARAMETRIC_REPRESENTATION_CONTEXT() REPRESENTATION_CONTEXT('2D SPACE',''
  ) );
#2435 = ORIENTED_EDGE('',*,*,#2436,.F.);
#2436 = EDGE_CURVE('',#2437,#2414,#2439,.T.);
#2437 = VERTEX_POINT('',#2438);
#2438 = CARTESIAN_POINT('',(12.5,22.,9.8));
#2439 = SURFACE_CURVE('',#2440,(#2444,#2451),.PCURVE_S1.);
#2440 = LINE('',#2441,#2442);
#2441 = CARTESIAN_POINT('',(12.5,21.999999996056,9.5));
#2442 = VECTOR('',#2443,1.);
#2443 = DIRECTION('',(0.,0.,1.));
#2444 = PCURVE('',#428,#2445);
#2445 = DEFINITIONAL_REPRESENTATION('',(#2446),#2450);
#2446 = LINE('',#2447,#2448);
#2447 = CARTESIAN_POINT('',(25.,0.));
#2448 = VECTOR('',#2449,1.);
#2449 = DIRECTION('',(0.,-1.));
#2450 = ( GEOMETRIC_REPRESENTATION_CONTEXT(2) 
PARAMETRIC_REPRESENTATION_CONTEXT() REPRESENTATION_CONTEXT('2D SPACE',''
  ) );
#2451 = PCURVE('',#2452,#2457);
#2452 = CYLINDRICAL_SURFACE('',#2453,11.5);
#2453 = AXIS2_PLACEMENT_3D('',#2454,#2455,#2456);
#2454 = CARTESIAN_POINT('',(12.5,10.499999992113,9.5));
#2455 = DIRECTION('',(0.,0.,-1.));
#2456 = DIRECTION('',(-1.,0.,0.));
#2457 = DEFINITIONAL_REPRESENTATION('',(#2458),#2462);
#2458 = LINE('',#2459,#2460);
#2459 = CARTESIAN_POINT('',(1.570796326795,0.));
#2460 = VECTOR('',#2461,1.);
#2461 = DIRECTION('',(0.,-1.));
#2462 = ( GEOMETRIC_REPRESENTATION_CONTEXT(2) 
PARAMETRIC_REPRESENTATION_CONTEXT() REPRESENTATION_CONTEXT('2D SPACE',''
  ) );
#2463 = ORIENTED_EDGE('',*,*,#2464,.F.);
#2464 = EDGE_CURVE('',#413,#2437,#2465,.T.);
#2465 = SURFACE_CURVE('',#2466,(#2470,#2477),.PCURVE_S1.);
#2466 = LINE('',#2467,#2468);
#2467 = CARTESIAN_POINT('',(-12.5,22.,9.8));
#2468 = VECTOR('',#2469,1.);
#2469 = DIRECTION('',(1.,0.,0.));
#2470 = PCURVE('',#428,#2471);
#2471 = DEFINITIONAL_REPRESENTATION('',(#2472),#2476);
#2472 = LINE('',#2473,#2474);
#2473 = CARTESIAN_POINT('',(0.,-0.3));
#2474 = VECTOR('',#2475,1.);
#2475 = DIRECTION('',(1.,0.));
#2476 = ( GEOMETRIC_REPRESENTATION_CONTEXT(2) 
PARAMETRIC_REPRESENTATION_CONTEXT() REPRESENTATION_CONTEXT('2D SPACE',''
  ) );
#2477 = PCURVE('',#792,#2478);
#2478 = DEFINITIONAL_REPRESENTATION('',(#2479),#2483);
#2479 = LINE('',#2480,#2481);
#2480 = CARTESIAN_POINT('',(-0.,0.));
#2481 = VECTOR('',#2482,1.);
#2482 = DIRECTION('',(-0.,1.));
#2483 = ( GEOMETRIC_REPRESENTATION_CONTEXT(2) 
PARAMETRIC_REPRESENTATION_CONTEXT() REPRESENTATION_CONTEXT('2D SPACE',''
  ) );
#2484 = ADVANCED_FACE('',(#2485),#536,.T.);
#2485 = FACE_BOUND('',#2486,.F.);
#2486 = EDGE_LOOP('',(#2487,#2507,#2508,#2509));
#2487 = ORIENTED_EDGE('',*,*,#2488,.T.);
#2488 = EDGE_CURVE('',#495,#660,#2489,.T.);
#2489 = SURFACE_CURVE('',#2490,(#2495,#2501),.PCURVE_S1.);
#2490 = CIRCLE('',#2491,0.3);
#2491 = AXIS2_PLACEMENT_3D('',#2492,#2493,#2494);
#2492 = CARTESIAN_POINT('',(12.49999998742,-21.7,9.8));
#2493 = DIRECTION('',(1.,2.156981520791E-16,0.));
#2494 = DIRECTION('',(2.156981520791E-16,-1.,0.));
#2495 = PCURVE('',#536,#2496);
#2496 = DEFINITIONAL_REPRESENTATION('',(#2497),#2500);
#2497 = B_SPLINE_CURVE_WITH_KNOTS('',1,(#2498,#2499),.UNSPECIFIED.,.F.,
  .F.,(2,2),(0.,1.570796326795),.PIECEWISE_BEZIER_KNOTS.);
#2498 = CARTESIAN_POINT('',(0.,0.));
#2499 = CARTESIAN_POINT('',(-1.570796326795,0.));
#2500 = ( GEOMETRIC_REPRESENTATION_CONTEXT(2) 
PARAMETRIC_REPRESENTATION_CONTEXT() REPRESENTATION_CONTEXT('2D SPACE',''
  ) );
#2501 = PCURVE('',#703,#2502);
#2502 = DEFINITIONAL_REPRESENTATION('',(#2503),#2506);
#2503 = B_SPLINE_CURVE_WITH_KNOTS('',1,(#2504,#2505),.UNSPECIFIED.,.F.,
  .F.,(2,2),(0.,1.570796326795),.PIECEWISE_BEZIER_KNOTS.);
#2504 = CARTESIAN_POINT('',(1.570796326795,0.));
#2505 = CARTESIAN_POINT('',(1.570796326795,1.570796326795));
#2506 = ( GEOMETRIC_REPRESENTATION_CONTEXT(2) 
PARAMETRIC_REPRESENTATION_CONTEXT() REPRESENTATION_CONTEXT('2D SPACE',''
  ) );
#2507 = ORIENTED_EDGE('',*,*,#659,.T.);
#2508 = ORIENTED_EDGE('',*,*,#551,.F.);
#2509 = ORIENTED_EDGE('',*,*,#522,.F.);
#2510 = ADVANCED_FACE('',(#2511),#482,.T.);
#2511 = FACE_BOUND('',#2512,.T.);
#2512 = EDGE_LOOP('',(#2513,#2533,#2534,#2535));
#2513 = ORIENTED_EDGE('',*,*,#2514,.T.);
#2514 = EDGE_CURVE('',#467,#1565,#2515,.T.);
#2515 = SURFACE_CURVE('',#2516,(#2521,#2527),.PCURVE_S1.);
#2516 = CIRCLE('',#2517,0.35);
#2517 = AXIS2_PLACEMENT_3D('',#2518,#2519,#2520);
#2518 = CARTESIAN_POINT('',(12.49999998742,-21.65,11.65));
#2519 = DIRECTION('',(-1.,-2.156981520791E-16,0.));
#2520 = DIRECTION('',(2.156981520791E-16,-1.,-0.));
#2521 = PCURVE('',#482,#2522);
#2522 = DEFINITIONAL_REPRESENTATION('',(#2523),#2526);
#2523 = B_SPLINE_CURVE_WITH_KNOTS('',1,(#2524,#2525),.UNSPECIFIED.,.F.,
  .F.,(2,2),(0.,1.570796326795),.PIECEWISE_BEZIER_KNOTS.);
#2524 = CARTESIAN_POINT('',(0.,0.));
#2525 = CARTESIAN_POINT('',(1.570796326795,0.));
#2526 = ( GEOMETRIC_REPRESENTATION_CONTEXT(2) 
PARAMETRIC_REPRESENTATION_CONTEXT() REPRESENTATION_CONTEXT('2D SPACE',''
  ) );
#2527 = PCURVE('',#1608,#2528);
#2528 = DEFINITIONAL_REPRESENTATION('',(#2529),#2532);
#2529 = B_SPLINE_CURVE_WITH_KNOTS('',1,(#2530,#2531),.UNSPECIFIED.,.F.,
  .F.,(2,2),(0.,1.570796326795),.PIECEWISE_BEZIER_KNOTS.);
#2530 = CARTESIAN_POINT('',(-1.570796326795,0.));
#2531 = CARTESIAN_POINT('',(-1.570796326795,1.570796326795));
#2532 = ( GEOMETRIC_REPRESENTATION_CONTEXT(2) 
PARAMETRIC_REPRESENTATION_CONTEXT() REPRESENTATION_CONTEXT('2D SPACE',''
  ) );
#2533 = ORIENTED_EDGE('',*,*,#1564,.T.);
#2534 = ORIENTED_EDGE('',*,*,#604,.F.);
#2535 = ORIENTED_EDGE('',*,*,#466,.F.);
#2536 = ADVANCED_FACE('',(#2537),#510,.T.);
#2537 = FACE_BOUND('',#2538,.T.);
#2538 = EDGE_LOOP('',(#2539,#2569,#2591,#2592));
#2539 = ORIENTED_EDGE('',*,*,#2540,.T.);
#2540 = EDGE_CURVE('',#2541,#2543,#2545,.T.);
#2541 = VERTEX_POINT('',#2542);
#2542 = CARTESIAN_POINT('',(24.,-10.5,9.8));
#2543 = VERTEX_POINT('',#2544);
#2544 = CARTESIAN_POINT('',(24.,-10.5,11.65));
#2545 = SURFACE_CURVE('',#2546,(#2550,#2557),.PCURVE_S1.);
#2546 = LINE('',#2547,#2548);
#2547 = CARTESIAN_POINT('',(23.99999999371,-10.5,9.5));
#2548 = VECTOR('',#2549,1.);
#2549 = DIRECTION('',(0.,0.,1.));
#2550 = PCURVE('',#510,#2551);
#2551 = DEFINITIONAL_REPRESENTATION('',(#2552),#2556);
#2552 = LINE('',#2553,#2554);
#2553 = CARTESIAN_POINT('',(3.14159265359,0.));
#2554 = VECTOR('',#2555,1.);
#2555 = DIRECTION('',(0.,-1.));
#2556 = ( GEOMETRIC_REPRESENTATION_CONTEXT(2) 
PARAMETRIC_REPRESENTATION_CONTEXT() REPRESENTATION_CONTEXT('2D SPACE',''
  ) );
#2557 = PCURVE('',#2558,#2563);
#2558 = PLANE('',#2559);
#2559 = AXIS2_PLACEMENT_3D('',#2560,#2561,#2562);
#2560 = CARTESIAN_POINT('',(24.,-10.5,9.5));
#2561 = DIRECTION('',(-1.,0.,0.));
#2562 = DIRECTION('',(0.,1.,0.));
#2563 = DEFINITIONAL_REPRESENTATION('',(#2564),#2568);
#2564 = LINE('',#2565,#2566);
#2565 = CARTESIAN_POINT('',(0.,0.));
#2566 = VECTOR('',#2567,1.);
#2567 = DIRECTION('',(0.,-1.));
#2568 = ( GEOMETRIC_REPRESENTATION_CONTEXT(2) 
PARAMETRIC_REPRESENTATION_CONTEXT() REPRESENTATION_CONTEXT('2D SPACE',''
  ) );
#2569 = ORIENTED_EDGE('',*,*,#2570,.T.);
#2570 = EDGE_CURVE('',#2543,#467,#2571,.T.);
#2571 = SURFACE_CURVE('',#2572,(#2577,#2584),.PCURVE_S1.);
#2572 = CIRCLE('',#2573,11.5);
#2573 = AXIS2_PLACEMENT_3D('',#2574,#2575,#2576);
#2574 = CARTESIAN_POINT('',(12.49999998742,-10.5,11.65));
#2575 = DIRECTION('',(0.,-0.,-1.));
#2576 = DIRECTION('',(1.,1.544658121218E-16,-0.));
#2577 = PCURVE('',#510,#2578);
#2578 = DEFINITIONAL_REPRESENTATION('',(#2579),#2583);
#2579 = LINE('',#2580,#2581);
#2580 = CARTESIAN_POINT('',(3.14159265359,-2.15));
#2581 = VECTOR('',#2582,1.);
#2582 = DIRECTION('',(1.,0.));
#2583 = ( GEOMETRIC_REPRESENTATION_CONTEXT(2) 
PARAMETRIC_REPRESENTATION_CONTEXT() REPRESENTATION_CONTEXT('2D SPACE',''
  ) );
#2584 = PCURVE('',#1608,#2585);
#2585 = DEFINITIONAL_REPRESENTATION('',(#2586),#2590);
#2586 = LINE('',#2587,#2588);
#2587 = CARTESIAN_POINT('',(-0.,0.));
#2588 = VECTOR('',#2589,1.);
#2589 = DIRECTION('',(-1.,0.));
#2590 = ( GEOMETRIC_REPRESENTATION_CONTEXT(2) 
PARAMETRIC_REPRESENTATION_CONTEXT() REPRESENTATION_CONTEXT('2D SPACE',''
  ) );
#2591 = ORIENTED_EDGE('',*,*,#494,.F.);
#2592 = ORIENTED_EDGE('',*,*,#2593,.F.);
#2593 = EDGE_CURVE('',#2541,#495,#2594,.T.);
#2594 = SURFACE_CURVE('',#2595,(#2600,#2607),.PCURVE_S1.);
#2595 = CIRCLE('',#2596,11.5);
#2596 = AXIS2_PLACEMENT_3D('',#2597,#2598,#2599);
#2597 = CARTESIAN_POINT('',(12.49999998742,-10.5,9.8));
#2598 = DIRECTION('',(0.,-0.,-1.));
#2599 = DIRECTION('',(1.,1.544658121218E-16,-0.));
#2600 = PCURVE('',#510,#2601);
#2601 = DEFINITIONAL_REPRESENTATION('',(#2602),#2606);
#2602 = LINE('',#2603,#2604);
#2603 = CARTESIAN_POINT('',(3.14159265359,-0.3));
#2604 = VECTOR('',#2605,1.);
#2605 = DIRECTION('',(1.,0.));
#2606 = ( GEOMETRIC_REPRESENTATION_CONTEXT(2) 
PARAMETRIC_REPRESENTATION_CONTEXT() REPRESENTATION_CONTEXT('2D SPACE',''
  ) );
#2607 = PCURVE('',#703,#2608);
#2608 = DEFINITIONAL_REPRESENTATION('',(#2609),#2613);
#2609 = LINE('',#2610,#2611);
#2610 = CARTESIAN_POINT('',(0.,0.));
#2611 = VECTOR('',#2612,1.);
#2612 = DIRECTION('',(1.,0.));
#2613 = ( GEOMETRIC_REPRESENTATION_CONTEXT(2) 
PARAMETRIC_REPRESENTATION_CONTEXT() REPRESENTATION_CONTEXT('2D SPACE',''
  ) );
#2614 = ADVANCED_FACE('',(#2615),#792,.T.);
#2615 = FACE_BOUND('',#2616,.F.);
#2616 = EDGE_LOOP('',(#2617,#2618,#2619,#2639));
#2617 = ORIENTED_EDGE('',*,*,#1538,.T.);
#2618 = ORIENTED_EDGE('',*,*,#776,.T.);
#2619 = ORIENTED_EDGE('',*,*,#2620,.F.);
#2620 = EDGE_CURVE('',#2437,#744,#2621,.T.);
#2621 = SURFACE_CURVE('',#2622,(#2627,#2633),.PCURVE_S1.);
#2622 = CIRCLE('',#2623,0.3);
#2623 = AXIS2_PLACEMENT_3D('',#2624,#2625,#2626);
#2624 = CARTESIAN_POINT('',(12.5,21.7,9.8));
#2625 = DIRECTION('',(-1.,0.,-0.));
#2626 = DIRECTION('',(-0.,1.,0.));
#2627 = PCURVE('',#792,#2628);
#2628 = DEFINITIONAL_REPRESENTATION('',(#2629),#2632);
#2629 = B_SPLINE_CURVE_WITH_KNOTS('',1,(#2630,#2631),.UNSPECIFIED.,.F.,
  .F.,(2,2),(0.,1.570796326795),.PIECEWISE_BEZIER_KNOTS.);
#2630 = CARTESIAN_POINT('',(0.,25.));
#2631 = CARTESIAN_POINT('',(-1.570796326795,25.));
#2632 = ( GEOMETRIC_REPRESENTATION_CONTEXT(2) 
PARAMETRIC_REPRESENTATION_CONTEXT() REPRESENTATION_CONTEXT('2D SPACE',''
  ) );
#2633 = PCURVE('',#764,#2634);
#2634 = DEFINITIONAL_REPRESENTATION('',(#2635),#2638);
#2635 = B_SPLINE_CURVE_WITH_KNOTS('',1,(#2636,#2637),.UNSPECIFIED.,.F.,
  .F.,(2,2),(0.,1.570796326795),.PIECEWISE_BEZIER_KNOTS.);
#2636 = CARTESIAN_POINT('',(0.,0.));
#2637 = CARTESIAN_POINT('',(0.,1.570796326795));
#2638 = ( GEOMETRIC_REPRESENTATION_CONTEXT(2) 
PARAMETRIC_REPRESENTATION_CONTEXT() REPRESENTATION_CONTEXT('2D SPACE',''
  ) );
#2639 = ORIENTED_EDGE('',*,*,#2464,.F.);
#2640 = ADVANCED_FACE('',(#2641),#703,.T.);
#2641 = FACE_BOUND('',#2642,.T.);
#2642 = EDGE_LOOP('',(#2643,#2663,#2664,#2665));
#2643 = ORIENTED_EDGE('',*,*,#2644,.F.);
#2644 = EDGE_CURVE('',#2541,#683,#2645,.T.);
#2645 = SURFACE_CURVE('',#2646,(#2651,#2657),.PCURVE_S1.);
#2646 = CIRCLE('',#2647,0.3);
#2647 = AXIS2_PLACEMENT_3D('',#2648,#2649,#2650);
#2648 = CARTESIAN_POINT('',(23.7,-10.5,9.8));
#2649 = DIRECTION('',(0.,1.,0.));
#2650 = DIRECTION('',(1.,-0.,0.));
#2651 = PCURVE('',#703,#2652);
#2652 = DEFINITIONAL_REPRESENTATION('',(#2653),#2656);
#2653 = B_SPLINE_CURVE_WITH_KNOTS('',1,(#2654,#2655),.UNSPECIFIED.,.F.,
  .F.,(2,2),(0.,1.570796326795),.PIECEWISE_BEZIER_KNOTS.);
#2654 = CARTESIAN_POINT('',(0.,0.));
#2655 = CARTESIAN_POINT('',(0.,1.570796326795));
#2656 = ( GEOMETRIC_REPRESENTATION_CONTEXT(2) 
PARAMETRIC_REPRESENTATION_CONTEXT() REPRESENTATION_CONTEXT('2D SPACE',''
  ) );
#2657 = PCURVE('',#731,#2658);
#2658 = DEFINITIONAL_REPRESENTATION('',(#2659),#2662);
#2659 = B_SPLINE_CURVE_WITH_KNOTS('',1,(#2660,#2661),.UNSPECIFIED.,.F.,
  .F.,(2,2),(0.,1.570796326795),.PIECEWISE_BEZIER_KNOTS.);
#2660 = CARTESIAN_POINT('',(0.,20.999999992113));
#2661 = CARTESIAN_POINT('',(-1.570796326795,20.999999992113));
#2662 = ( GEOMETRIC_REPRESENTATION_CONTEXT(2) 
PARAMETRIC_REPRESENTATION_CONTEXT() REPRESENTATION_CONTEXT('2D SPACE',''
  ) );
#2663 = ORIENTED_EDGE('',*,*,#2593,.T.);
#2664 = ORIENTED_EDGE('',*,*,#2488,.T.);
#2665 = ORIENTED_EDGE('',*,*,#682,.F.);
#2666 = ADVANCED_FACE('',(#2667),#764,.T.);
#2667 = FACE_BOUND('',#2668,.T.);
#2668 = EDGE_LOOP('',(#2669,#2670,#2694,#2714));
#2669 = ORIENTED_EDGE('',*,*,#2620,.F.);
#2670 = ORIENTED_EDGE('',*,*,#2671,.T.);
#2671 = EDGE_CURVE('',#2437,#2672,#2674,.T.);
#2672 = VERTEX_POINT('',#2673);
#2673 = CARTESIAN_POINT('',(24.,10.499999992113,9.8));
#2674 = SURFACE_CURVE('',#2675,(#2680,#2687),.PCURVE_S1.);
#2675 = CIRCLE('',#2676,11.5);
#2676 = AXIS2_PLACEMENT_3D('',#2677,#2678,#2679);
#2677 = CARTESIAN_POINT('',(12.5,10.499999992113,9.8));
#2678 = DIRECTION('',(0.,-0.,-1.));
#2679 = DIRECTION('',(0.,1.,-0.));
#2680 = PCURVE('',#764,#2681);
#2681 = DEFINITIONAL_REPRESENTATION('',(#2682),#2686);
#2682 = LINE('',#2683,#2684);
#2683 = CARTESIAN_POINT('',(0.,0.));
#2684 = VECTOR('',#2685,1.);
#2685 = DIRECTION('',(1.,0.));
#2686 = ( GEOMETRIC_REPRESENTATION_CONTEXT(2) 
PARAMETRIC_REPRESENTATION_CONTEXT() REPRESENTATION_CONTEXT('2D SPACE',''
  ) );
#2687 = PCURVE('',#2452,#2688);
#2688 = DEFINITIONAL_REPRESENTATION('',(#2689),#2693);
#2689 = LINE('',#2690,#2691);
#2690 = CARTESIAN_POINT('',(1.570796326795,-0.3));
#2691 = VECTOR('',#2692,1.);
#2692 = DIRECTION('',(1.,0.));
#2693 = ( GEOMETRIC_REPRESENTATION_CONTEXT(2) 
PARAMETRIC_REPRESENTATION_CONTEXT() REPRESENTATION_CONTEXT('2D SPACE',''
  ) );
#2694 = ORIENTED_EDGE('',*,*,#2695,.T.);
#2695 = EDGE_CURVE('',#2672,#716,#2696,.T.);
#2696 = SURFACE_CURVE('',#2697,(#2702,#2708),.PCURVE_S1.);
#2697 = CIRCLE('',#2698,0.3);
#2698 = AXIS2_PLACEMENT_3D('',#2699,#2700,#2701);
#2699 = CARTESIAN_POINT('',(23.7,10.499999992113,9.8));
#2700 = DIRECTION('',(-6.123233995737E-17,1.,0.));
#2701 = DIRECTION('',(1.,6.123233995737E-17,0.));
#2702 = PCURVE('',#764,#2703);
#2703 = DEFINITIONAL_REPRESENTATION('',(#2704),#2707);
#2704 = B_SPLINE_CURVE_WITH_KNOTS('',1,(#2705,#2706),.UNSPECIFIED.,.F.,
  .F.,(2,2),(0.,1.570796326795),.PIECEWISE_BEZIER_KNOTS.);
#2705 = CARTESIAN_POINT('',(1.570796326795,0.));
#2706 = CARTESIAN_POINT('',(1.570796326795,1.570796326795));
#2707 = ( GEOMETRIC_REPRESENTATION_CONTEXT(2) 
PARAMETRIC_REPRESENTATION_CONTEXT() REPRESENTATION_CONTEXT('2D SPACE',''
  ) );
#2708 = PCURVE('',#731,#2709);
#2709 = DEFINITIONAL_REPRESENTATION('',(#2710),#2713);
#2710 = B_SPLINE_CURVE_WITH_KNOTS('',1,(#2711,#2712),.UNSPECIFIED.,.F.,
  .F.,(2,2),(0.,1.570796326795),.PIECEWISE_BEZIER_KNOTS.);
#2711 = CARTESIAN_POINT('',(0.,-3.552713678801E-15));
#2712 = CARTESIAN_POINT('',(-1.570796326795,-3.552713678801E-15));
#2713 = ( GEOMETRIC_REPRESENTATION_CONTEXT(2) 
PARAMETRIC_REPRESENTATION_CONTEXT() REPRESENTATION_CONTEXT('2D SPACE',''
  ) );
#2714 = ORIENTED_EDGE('',*,*,#743,.F.);
#2715 = ADVANCED_FACE('',(#2716),#731,.T.);
#2716 = FACE_BOUND('',#2717,.F.);
#2717 = EDGE_LOOP('',(#2718,#2719,#2720,#2721));
#2718 = ORIENTED_EDGE('',*,*,#2695,.T.);
#2719 = ORIENTED_EDGE('',*,*,#715,.T.);
#2720 = ORIENTED_EDGE('',*,*,#2644,.F.);
#2721 = ORIENTED_EDGE('',*,*,#2722,.F.);
#2722 = EDGE_CURVE('',#2672,#2541,#2723,.T.);
#2723 = SURFACE_CURVE('',#2724,(#2728,#2735),.PCURVE_S1.);
#2724 = LINE('',#2725,#2726);
#2725 = CARTESIAN_POINT('',(24.,10.499999992113,9.8));
#2726 = VECTOR('',#2727,1.);
#2727 = DIRECTION('',(-0.,-1.,-0.));
#2728 = PCURVE('',#731,#2729);
#2729 = DEFINITIONAL_REPRESENTATION('',(#2730),#2734);
#2730 = LINE('',#2731,#2732);
#2731 = CARTESIAN_POINT('',(-0.,0.));
#2732 = VECTOR('',#2733,1.);
#2733 = DIRECTION('',(-0.,1.));
#2734 = ( GEOMETRIC_REPRESENTATION_CONTEXT(2) 
PARAMETRIC_REPRESENTATION_CONTEXT() REPRESENTATION_CONTEXT('2D SPACE',''
  ) );
#2735 = PCURVE('',#2558,#2736);
#2736 = DEFINITIONAL_REPRESENTATION('',(#2737),#2741);
#2737 = LINE('',#2738,#2739);
#2738 = CARTESIAN_POINT('',(20.999999992113,-0.3));
#2739 = VECTOR('',#2740,1.);
#2740 = DIRECTION('',(-1.,0.));
#2741 = ( GEOMETRIC_REPRESENTATION_CONTEXT(2) 
PARAMETRIC_REPRESENTATION_CONTEXT() REPRESENTATION_CONTEXT('2D SPACE',''
  ) );
#2742 = ADVANCED_FACE('',(#2743),#849,.F.);
#2743 = FACE_BOUND('',#2744,.F.);
#2744 = EDGE_LOOP('',(#2745,#2774,#2795,#2796));
#2745 = ORIENTED_EDGE('',*,*,#2746,.F.);
#2746 = EDGE_CURVE('',#2747,#2747,#2749,.T.);
#2747 = VERTEX_POINT('',#2748);
#2748 = CARTESIAN_POINT('',(-13.8,-15.5,11.3));
#2749 = SURFACE_CURVE('',#2750,(#2755,#2762),.PCURVE_S1.);
#2750 = CIRCLE('',#2751,1.2);
#2751 = AXIS2_PLACEMENT_3D('',#2752,#2753,#2754);
#2752 = CARTESIAN_POINT('',(-15.,-15.5,11.3));
#2753 = DIRECTION('',(0.,0.,1.));
#2754 = DIRECTION('',(1.,0.,-0.));
#2755 = PCURVE('',#849,#2756);
#2756 = DEFINITIONAL_REPRESENTATION('',(#2757),#2761);
#2757 = LINE('',#2758,#2759);
#2758 = CARTESIAN_POINT('',(0.,1.85));
#2759 = VECTOR('',#2760,1.);
#2760 = DIRECTION('',(1.,0.));
#2761 = ( GEOMETRIC_REPRESENTATION_CONTEXT(2) 
PARAMETRIC_REPRESENTATION_CONTEXT() REPRESENTATION_CONTEXT('2D SPACE',''
  ) );
#2762 = PCURVE('',#2763,#2768);
#2763 = PLANE('',#2764);
#2764 = AXIS2_PLACEMENT_3D('',#2765,#2766,#2767);
#2765 = CARTESIAN_POINT('',(-15.,-15.5,11.3));
#2766 = DIRECTION('',(0.,0.,1.));
#2767 = DIRECTION('',(1.,0.,-0.));
#2768 = DEFINITIONAL_REPRESENTATION('',(#2769),#2773);
#2769 = CIRCLE('',#2770,1.2);
#2770 = AXIS2_PLACEMENT_2D('',#2771,#2772);
#2771 = CARTESIAN_POINT('',(0.,0.));
#2772 = DIRECTION('',(1.,0.));
#2773 = ( GEOMETRIC_REPRESENTATION_CONTEXT(2) 
PARAMETRIC_REPRESENTATION_CONTEXT() REPRESENTATION_CONTEXT('2D SPACE',''
  ) );
#2774 = ORIENTED_EDGE('',*,*,#2775,.F.);
#2775 = EDGE_CURVE('',#833,#2747,#2776,.T.);
#2776 = SEAM_CURVE('',#2777,(#2781,#2788),.PCURVE_S1.);
#2777 = LINE('',#2778,#2779);
#2778 = CARTESIAN_POINT('',(-13.8,-15.5,9.45));
#2779 = VECTOR('',#2780,1.);
#2780 = DIRECTION('',(0.,0.,1.));
#2781 = PCURVE('',#849,#2782);
#2782 = DEFINITIONAL_REPRESENTATION('',(#2783),#2787);
#2783 = LINE('',#2784,#2785);
#2784 = CARTESIAN_POINT('',(6.28318530718,-0.));
#2785 = VECTOR('',#2786,1.);
#2786 = DIRECTION('',(0.,1.));
#2787 = ( GEOMETRIC_REPRESENTATION_CONTEXT(2) 
PARAMETRIC_REPRESENTATION_CONTEXT() REPRESENTATION_CONTEXT('2D SPACE',''
  ) );
#2788 = PCURVE('',#849,#2789);
#2789 = DEFINITIONAL_REPRESENTATION('',(#2790),#2794);
#2790 = LINE('',#2791,#2792);
#2791 = CARTESIAN_POINT('',(0.,-0.));
#2792 = VECTOR('',#2793,1.);
#2793 = DIRECTION('',(0.,1.));
#2794 = ( GEOMETRIC_REPRESENTATION_CONTEXT(2) 
PARAMETRIC_REPRESENTATION_CONTEXT() REPRESENTATION_CONTEXT('2D SPACE',''
  ) );
#2795 = ORIENTED_EDGE('',*,*,#832,.T.);
#2796 = ORIENTED_EDGE('',*,*,#2775,.T.);
#2797 = ADVANCED_FACE('',(#2798),#880,.F.);
#2798 = FACE_BOUND('',#2799,.F.);
#2799 = EDGE_LOOP('',(#2800,#2801,#2822,#2823));
#2800 = ORIENTED_EDGE('',*,*,#1768,.F.);
#2801 = ORIENTED_EDGE('',*,*,#2802,.F.);
#2802 = EDGE_CURVE('',#864,#1769,#2803,.T.);
#2803 = SEAM_CURVE('',#2804,(#2808,#2815),.PCURVE_S1.);
#2804 = LINE('',#2805,#2806);
#2805 = CARTESIAN_POINT('',(-4.2,-16.,9.45));
#2806 = VECTOR('',#2807,1.);
#2807 = DIRECTION('',(0.,0.,1.));
#2808 = PCURVE('',#880,#2809);
#2809 = DEFINITIONAL_REPRESENTATION('',(#2810),#2814);
#2810 = LINE('',#2811,#2812);
#2811 = CARTESIAN_POINT('',(6.28318530718,-0.));
#2812 = VECTOR('',#2813,1.);
#2813 = DIRECTION('',(0.,1.));
#2814 = ( GEOMETRIC_REPRESENTATION_CONTEXT(2) 
PARAMETRIC_REPRESENTATION_CONTEXT() REPRESENTATION_CONTEXT('2D SPACE',''
  ) );
#2815 = PCURVE('',#880,#2816);
#2816 = DEFINITIONAL_REPRESENTATION('',(#2817),#2821);
#2817 = LINE('',#2818,#2819);
#2818 = CARTESIAN_POINT('',(0.,-0.));
#2819 = VECTOR('',#2820,1.);
#2820 = DIRECTION('',(0.,1.));
#2821 = ( GEOMETRIC_REPRESENTATION_CONTEXT(2) 
PARAMETRIC_REPRESENTATION_CONTEXT() REPRESENTATION_CONTEXT('2D SPACE',''
  ) );
#2822 = ORIENTED_EDGE('',*,*,#863,.T.);
#2823 = ORIENTED_EDGE('',*,*,#2802,.T.);
#2824 = ADVANCED_FACE('',(#2825),#911,.F.);
#2825 = FACE_BOUND('',#2826,.F.);
#2826 = EDGE_LOOP('',(#2827,#2828,#2849,#2850));
#2827 = ORIENTED_EDGE('',*,*,#1794,.F.);
#2828 = ORIENTED_EDGE('',*,*,#2829,.F.);
#2829 = EDGE_CURVE('',#895,#1795,#2830,.T.);
#2830 = SEAM_CURVE('',#2831,(#2835,#2842),.PCURVE_S1.);
#2831 = LINE('',#2832,#2833);
#2832 = CARTESIAN_POINT('',(-3.,-18.4,9.45));
#2833 = VECTOR('',#2834,1.);
#2834 = DIRECTION('',(0.,0.,1.));
#2835 = PCURVE('',#911,#2836);
#2836 = DEFINITIONAL_REPRESENTATION('',(#2837),#2841);
#2837 = LINE('',#2838,#2839);
#2838 = CARTESIAN_POINT('',(6.28318530718,-0.));
#2839 = VECTOR('',#2840,1.);
#2840 = DIRECTION('',(0.,1.));
#2841 = ( GEOMETRIC_REPRESENTATION_CONTEXT(2) 
PARAMETRIC_REPRESENTATION_CONTEXT() REPRESENTATION_CONTEXT('2D SPACE',''
  ) );
#2842 = PCURVE('',#911,#2843);
#2843 = DEFINITIONAL_REPRESENTATION('',(#2844),#2848);
#2844 = LINE('',#2845,#2846);
#2845 = CARTESIAN_POINT('',(0.,-0.));
#2846 = VECTOR('',#2847,1.);
#2847 = DIRECTION('',(0.,1.));
#2848 = ( GEOMETRIC_REPRESENTATION_CONTEXT(2) 
PARAMETRIC_REPRESENTATION_CONTEXT() REPRESENTATION_CONTEXT('2D SPACE',''
  ) );
#2849 = ORIENTED_EDGE('',*,*,#894,.T.);
#2850 = ORIENTED_EDGE('',*,*,#2829,.T.);
#2851 = ADVANCED_FACE('',(#2852),#942,.F.);
#2852 = FACE_BOUND('',#2853,.F.);
#2853 = EDGE_LOOP('',(#2854,#2855,#2876,#2877));
#2854 = ORIENTED_EDGE('',*,*,#1820,.F.);
#2855 = ORIENTED_EDGE('',*,*,#2856,.F.);
#2856 = EDGE_CURVE('',#926,#1821,#2857,.T.);
#2857 = SEAM_CURVE('',#2858,(#2862,#2869),.PCURVE_S1.);
#2858 = LINE('',#2859,#2860);
#2859 = CARTESIAN_POINT('',(-0.6,-18.4,9.45));
#2860 = VECTOR('',#2861,1.);
#2861 = DIRECTION('',(0.,0.,1.));
#2862 = PCURVE('',#942,#2863);
#2863 = DEFINITIONAL_REPRESENTATION('',(#2864),#2868);
#2864 = LINE('',#2865,#2866);
#2865 = CARTESIAN_POINT('',(6.28318530718,-0.));
#2866 = VECTOR('',#2867,1.);
#2867 = DIRECTION('',(0.,1.));
#2868 = ( GEOMETRIC_REPRESENTATION_CONTEXT(2) 
PARAMETRIC_REPRESENTATION_CONTEXT() REPRESENTATION_CONTEXT('2D SPACE',''
  ) );
#2869 = PCURVE('',#942,#2870);
#2870 = DEFINITIONAL_REPRESENTATION('',(#2871),#2875);
#2871 = LINE('',#2872,#2873);
#2872 = CARTESIAN_POINT('',(0.,-0.));
#2873 = VECTOR('',#2874,1.);
#2874 = DIRECTION('',(0.,1.));
#2875 = ( GEOMETRIC_REPRESENTATION_CONTEXT(2) 
PARAMETRIC_REPRESENTATION_CONTEXT() REPRESENTATION_CONTEXT('2D SPACE',''
  ) );
#2876 = ORIENTED_EDGE('',*,*,#925,.T.);
#2877 = ORIENTED_EDGE('',*,*,#2856,.T.);
#2878 = ADVANCED_FACE('',(#2879),#973,.F.);
#2879 = FACE_BOUND('',#2880,.F.);
#2880 = EDGE_LOOP('',(#2881,#2882,#2903,#2904));
#2881 = ORIENTED_EDGE('',*,*,#1846,.F.);
#2882 = ORIENTED_EDGE('',*,*,#2883,.F.);
#2883 = EDGE_CURVE('',#957,#1847,#2884,.T.);
#2884 = SEAM_CURVE('',#2885,(#2889,#2896),.PCURVE_S1.);
#2885 = LINE('',#2886,#2887);
#2886 = CARTESIAN_POINT('',(-1.8,-16.,9.45));
#2887 = VECTOR('',#2888,1.);
#2888 = DIRECTION('',(0.,0.,1.));
#2889 = PCURVE('',#973,#2890);
#2890 = DEFINITIONAL_REPRESENTATION('',(#2891),#2895);
#2891 = LINE('',#2892,#2893);
#2892 = CARTESIAN_POINT('',(6.28318530718,-0.));
#2893 = VECTOR('',#2894,1.);
#2894 = DIRECTION('',(0.,1.));
#2895 = ( GEOMETRIC_REPRESENTATION_CONTEXT(2) 
PARAMETRIC_REPRESENTATION_CONTEXT() REPRESENTATION_CONTEXT('2D SPACE',''
  ) );
#2896 = PCURVE('',#973,#2897);
#2897 = DEFINITIONAL_REPRESENTATION('',(#2898),#2902);
#2898 = LINE('',#2899,#2900);
#2899 = CARTESIAN_POINT('',(0.,-0.));
#2900 = VECTOR('',#2901,1.);
#2901 = DIRECTION('',(0.,1.));
#2902 = ( GEOMETRIC_REPRESENTATION_CONTEXT(2) 
PARAMETRIC_REPRESENTATION_CONTEXT() REPRESENTATION_CONTEXT('2D SPACE',''
  ) );
#2903 = ORIENTED_EDGE('',*,*,#956,.T.);
#2904 = ORIENTED_EDGE('',*,*,#2883,.T.);
#2905 = ADVANCED_FACE('',(#2906),#1004,.F.);
#2906 = FACE_BOUND('',#2907,.F.);
#2907 = EDGE_LOOP('',(#2908,#2909,#2930,#2931));
#2908 = ORIENTED_EDGE('',*,*,#1872,.F.);
#2909 = ORIENTED_EDGE('',*,*,#2910,.F.);
#2910 = EDGE_CURVE('',#988,#1873,#2911,.T.);
#2911 = SEAM_CURVE('',#2912,(#2916,#2923),.PCURVE_S1.);
#2912 = LINE('',#2913,#2914);
#2913 = CARTESIAN_POINT('',(1.8,-18.4,9.45));
#2914 = VECTOR('',#2915,1.);
#2915 = DIRECTION('',(0.,0.,1.));
#2916 = PCURVE('',#1004,#2917);
#2917 = DEFINITIONAL_REPRESENTATION('',(#2918),#2922);
#2918 = LINE('',#2919,#2920);
#2919 = CARTESIAN_POINT('',(6.28318530718,-0.));
#2920 = VECTOR('',#2921,1.);
#2921 = DIRECTION('',(0.,1.));
#2922 = ( GEOMETRIC_REPRESENTATION_CONTEXT(2) 
PARAMETRIC_REPRESENTATION_CONTEXT() REPRESENTATION_CONTEXT('2D SPACE',''
  ) );
#2923 = PCURVE('',#1004,#2924);
#2924 = DEFINITIONAL_REPRESENTATION('',(#2925),#2929);
#2925 = LINE('',#2926,#2927);
#2926 = CARTESIAN_POINT('',(0.,-0.));
#2927 = VECTOR('',#2928,1.);
#2928 = DIRECTION('',(0.,1.));
#2929 = ( GEOMETRIC_REPRESENTATION_CONTEXT(2) 
PARAMETRIC_REPRESENTATION_CONTEXT() REPRESENTATION_CONTEXT('2D SPACE',''
  ) );
#2930 = ORIENTED_EDGE('',*,*,#987,.T.);
#2931 = ORIENTED_EDGE('',*,*,#2910,.T.);
#2932 = ADVANCED_FACE('',(#2933),#1035,.F.);
#2933 = FACE_BOUND('',#2934,.F.);
#2934 = EDGE_LOOP('',(#2935,#2936,#2957,#2958));
#2935 = ORIENTED_EDGE('',*,*,#1898,.F.);
#2936 = ORIENTED_EDGE('',*,*,#2937,.F.);
#2937 = EDGE_CURVE('',#1019,#1899,#2938,.T.);
#2938 = SEAM_CURVE('',#2939,(#2943,#2950),.PCURVE_S1.);
#2939 = LINE('',#2940,#2941);
#2940 = CARTESIAN_POINT('',(4.2,-18.4,9.45));
#2941 = VECTOR('',#2942,1.);
#2942 = DIRECTION('',(0.,0.,1.));
#2943 = PCURVE('',#1035,#2944);
#2944 = DEFINITIONAL_REPRESENTATION('',(#2945),#2949);
#2945 = LINE('',#2946,#2947);
#2946 = CARTESIAN_POINT('',(6.28318530718,-0.));
#2947 = VECTOR('',#2948,1.);
#2948 = DIRECTION('',(0.,1.));
#2949 = ( GEOMETRIC_REPRESENTATION_CONTEXT(2) 
PARAMETRIC_REPRESENTATION_CONTEXT() REPRESENTATION_CONTEXT('2D SPACE',''
  ) );
#2950 = PCURVE('',#1035,#2951);
#2951 = DEFINITIONAL_REPRESENTATION('',(#2952),#2956);
#2952 = LINE('',#2953,#2954);
#2953 = CARTESIAN_POINT('',(0.,-0.));
#2954 = VECTOR('',#2955,1.);
#2955 = DIRECTION('',(0.,1.));
#2956 = ( GEOMETRIC_REPRESENTATION_CONTEXT(2) 
PARAMETRIC_REPRESENTATION_CONTEXT() REPRESENTATION_CONTEXT('2D SPACE',''
  ) );
#2957 = ORIENTED_EDGE('',*,*,#1018,.T.);
#2958 = ORIENTED_EDGE('',*,*,#2937,.T.);
#2959 = ADVANCED_FACE('',(#2960),#1066,.F.);
#2960 = FACE_BOUND('',#2961,.F.);
#2961 = EDGE_LOOP('',(#2962,#2963,#2984,#2985));
#2962 = ORIENTED_EDGE('',*,*,#1924,.F.);
#2963 = ORIENTED_EDGE('',*,*,#2964,.F.);
#2964 = EDGE_CURVE('',#1050,#1925,#2965,.T.);
#2965 = SEAM_CURVE('',#2966,(#2970,#2977),.PCURVE_S1.);
#2966 = LINE('',#2967,#2968);
#2967 = CARTESIAN_POINT('',(0.6,-16.,9.45));
#2968 = VECTOR('',#2969,1.);
#2969 = DIRECTION('',(0.,0.,1.));
#2970 = PCURVE('',#1066,#2971);
#2971 = DEFINITIONAL_REPRESENTATION('',(#2972),#2976);
#2972 = LINE('',#2973,#2974);
#2973 = CARTESIAN_POINT('',(6.28318530718,-0.));
#2974 = VECTOR('',#2975,1.);
#2975 = DIRECTION('',(0.,1.));
#2976 = ( GEOMETRIC_REPRESENTATION_CONTEXT(2) 
PARAMETRIC_REPRESENTATION_CONTEXT() REPRESENTATION_CONTEXT('2D SPACE',''
  ) );
#2977 = PCURVE('',#1066,#2978);
#2978 = DEFINITIONAL_REPRESENTATION('',(#2979),#2983);
#2979 = LINE('',#2980,#2981);
#2980 = CARTESIAN_POINT('',(0.,-0.));
#2981 = VECTOR('',#2982,1.);
#2982 = DIRECTION('',(0.,1.));
#2983 = ( GEOMETRIC_REPRESENTATION_CONTEXT(2) 
PARAMETRIC_REPRESENTATION_CONTEXT() REPRESENTATION_CONTEXT('2D SPACE',''
  ) );
#2984 = ORIENTED_EDGE('',*,*,#1049,.T.);
#2985 = ORIENTED_EDGE('',*,*,#2964,.T.);
#2986 = ADVANCED_FACE('',(#2987),#1097,.F.);
#2987 = FACE_BOUND('',#2988,.F.);
#2988 = EDGE_LOOP('',(#2989,#2990,#3011,#3012));
#2989 = ORIENTED_EDGE('',*,*,#1950,.F.);
#2990 = ORIENTED_EDGE('',*,*,#2991,.F.);
#2991 = EDGE_CURVE('',#1081,#1951,#2992,.T.);
#2992 = SEAM_CURVE('',#2993,(#2997,#3004),.PCURVE_S1.);
#2993 = LINE('',#2994,#2995);
#2994 = CARTESIAN_POINT('',(3.,-16.,9.45));
#2995 = VECTOR('',#2996,1.);
#2996 = DIRECTION('',(0.,0.,1.));
#2997 = PCURVE('',#1097,#2998);
#2998 = DEFINITIONAL_REPRESENTATION('',(#2999),#3003);
#2999 = LINE('',#3000,#3001);
#3000 = CARTESIAN_POINT('',(6.28318530718,-0.));
#3001 = VECTOR('',#3002,1.);
#3002 = DIRECTION('',(0.,1.));
#3003 = ( GEOMETRIC_REPRESENTATION_CONTEXT(2) 
PARAMETRIC_REPRESENTATION_CONTEXT() REPRESENTATION_CONTEXT('2D SPACE',''
  ) );
#3004 = PCURVE('',#1097,#3005);
#3005 = DEFINITIONAL_REPRESENTATION('',(#3006),#3010);
#3006 = LINE('',#3007,#3008);
#3007 = CARTESIAN_POINT('',(0.,-0.));
#3008 = VECTOR('',#3009,1.);
#3009 = DIRECTION('',(0.,1.));
#3010 = ( GEOMETRIC_REPRESENTATION_CONTEXT(2) 
PARAMETRIC_REPRESENTATION_CONTEXT() REPRESENTATION_CONTEXT('2D SPACE',''
  ) );
#3011 = ORIENTED_EDGE('',*,*,#1080,.T.);
#3012 = ORIENTED_EDGE('',*,*,#2991,.T.);
#3013 = ADVANCED_FACE('',(#3014),#1128,.F.);
#3014 = FACE_BOUND('',#3015,.F.);
#3015 = EDGE_LOOP('',(#3016,#3017,#3038,#3039));
#3016 = ORIENTED_EDGE('',*,*,#1976,.F.);
#3017 = ORIENTED_EDGE('',*,*,#3018,.F.);
#3018 = EDGE_CURVE('',#1112,#1977,#3019,.T.);
#3019 = SEAM_CURVE('',#3020,(#3024,#3031),.PCURVE_S1.);
#3020 = LINE('',#3021,#3022);
#3021 = CARTESIAN_POINT('',(5.4,-16.,9.45));
#3022 = VECTOR('',#3023,1.);
#3023 = DIRECTION('',(0.,0.,1.));
#3024 = PCURVE('',#1128,#3025);
#3025 = DEFINITIONAL_REPRESENTATION('',(#3026),#3030);
#3026 = LINE('',#3027,#3028);
#3027 = CARTESIAN_POINT('',(6.28318530718,-0.));
#3028 = VECTOR('',#3029,1.);
#3029 = DIRECTION('',(0.,1.));
#3030 = ( GEOMETRIC_REPRESENTATION_CONTEXT(2) 
PARAMETRIC_REPRESENTATION_CONTEXT() REPRESENTATION_CONTEXT('2D SPACE',''
  ) );
#3031 = PCURVE('',#1128,#3032);
#3032 = DEFINITIONAL_REPRESENTATION('',(#3033),#3037);
#3033 = LINE('',#3034,#3035);
#3034 = CARTESIAN_POINT('',(0.,-0.));
#3035 = VECTOR('',#3036,1.);
#3036 = DIRECTION('',(0.,1.));
#3037 = ( GEOMETRIC_REPRESENTATION_CONTEXT(2) 
PARAMETRIC_REPRESENTATION_CONTEXT() REPRESENTATION_CONTEXT('2D SPACE',''
  ) );
#3038 = ORIENTED_EDGE('',*,*,#1111,.T.);
#3039 = ORIENTED_EDGE('',*,*,#3018,.T.);
#3040 = ADVANCED_FACE('',(#3041),#1159,.F.);
#3041 = FACE_BOUND('',#3042,.F.);
#3042 = EDGE_LOOP('',(#3043,#3072,#3093,#3094));
#3043 = ORIENTED_EDGE('',*,*,#3044,.F.);
#3044 = EDGE_CURVE('',#3045,#3045,#3047,.T.);
#3045 = VERTEX_POINT('',#3046);
#3046 = CARTESIAN_POINT('',(16.2,-15.5,11.3));
#3047 = SURFACE_CURVE('',#3048,(#3053,#3060),.PCURVE_S1.);
#3048 = CIRCLE('',#3049,1.2);
#3049 = AXIS2_PLACEMENT_3D('',#3050,#3051,#3052);
#3050 = CARTESIAN_POINT('',(15.,-15.5,11.3));
#3051 = DIRECTION('',(0.,0.,1.));
#3052 = DIRECTION('',(1.,0.,-0.));
#3053 = PCURVE('',#1159,#3054);
#3054 = DEFINITIONAL_REPRESENTATION('',(#3055),#3059);
#3055 = LINE('',#3056,#3057);
#3056 = CARTESIAN_POINT('',(0.,1.85));
#3057 = VECTOR('',#3058,1.);
#3058 = DIRECTION('',(1.,0.));
#3059 = ( GEOMETRIC_REPRESENTATION_CONTEXT(2) 
PARAMETRIC_REPRESENTATION_CONTEXT() REPRESENTATION_CONTEXT('2D SPACE',''
  ) );
#3060 = PCURVE('',#3061,#3066);
#3061 = PLANE('',#3062);
#3062 = AXIS2_PLACEMENT_3D('',#3063,#3064,#3065);
#3063 = CARTESIAN_POINT('',(15.,-15.5,11.3));
#3064 = DIRECTION('',(0.,0.,1.));
#3065 = DIRECTION('',(1.,0.,-0.));
#3066 = DEFINITIONAL_REPRESENTATION('',(#3067),#3071);
#3067 = CIRCLE('',#3068,1.2);
#3068 = AXIS2_PLACEMENT_2D('',#3069,#3070);
#3069 = CARTESIAN_POINT('',(0.,0.));
#3070 = DIRECTION('',(1.,0.));
#3071 = ( GEOMETRIC_REPRESENTATION_CONTEXT(2) 
PARAMETRIC_REPRESENTATION_CONTEXT() REPRESENTATION_CONTEXT('2D SPACE',''
  ) );
#3072 = ORIENTED_EDGE('',*,*,#3073,.F.);
#3073 = EDGE_CURVE('',#1143,#3045,#3074,.T.);
#3074 = SEAM_CURVE('',#3075,(#3079,#3086),.PCURVE_S1.);
#3075 = LINE('',#3076,#3077);
#3076 = CARTESIAN_POINT('',(16.2,-15.5,9.45));
#3077 = VECTOR('',#3078,1.);
#3078 = DIRECTION('',(0.,0.,1.));
#3079 = PCURVE('',#1159,#3080);
#3080 = DEFINITIONAL_REPRESENTATION('',(#3081),#3085);
#3081 = LINE('',#3082,#3083);
#3082 = CARTESIAN_POINT('',(6.28318530718,-0.));
#3083 = VECTOR('',#3084,1.);
#3084 = DIRECTION('',(0.,1.));
#3085 = ( GEOMETRIC_REPRESENTATION_CONTEXT(2) 
PARAMETRIC_REPRESENTATION_CONTEXT() REPRESENTATION_CONTEXT('2D SPACE',''
  ) );
#3086 = PCURVE('',#1159,#3087);
#3087 = DEFINITIONAL_REPRESENTATION('',(#3088),#3092);
#3088 = LINE('',#3089,#3090);
#3089 = CARTESIAN_POINT('',(0.,-0.));
#3090 = VECTOR('',#3091,1.);
#3091 = DIRECTION('',(0.,1.));
#3092 = ( GEOMETRIC_REPRESENTATION_CONTEXT(2) 
PARAMETRIC_REPRESENTATION_CONTEXT() REPRESENTATION_CONTEXT('2D SPACE',''
  ) );
#3093 = ORIENTED_EDGE('',*,*,#1142,.T.);
#3094 = ORIENTED_EDGE('',*,*,#3073,.T.);
#3095 = ADVANCED_FACE('',(#3096),#1190,.F.);
#3096 = FACE_BOUND('',#3097,.F.);
#3097 = EDGE_LOOP('',(#3098,#3127,#3148,#3149));
#3098 = ORIENTED_EDGE('',*,*,#3099,.F.);
#3099 = EDGE_CURVE('',#3100,#3100,#3102,.T.);
#3100 = VERTEX_POINT('',#3101);
#3101 = CARTESIAN_POINT('',(-13.8,15.5,11.3));
#3102 = SURFACE_CURVE('',#3103,(#3108,#3115),.PCURVE_S1.);
#3103 = CIRCLE('',#3104,1.2);
#3104 = AXIS2_PLACEMENT_3D('',#3105,#3106,#3107);
#3105 = CARTESIAN_POINT('',(-15.,15.5,11.3));
#3106 = DIRECTION('',(0.,0.,1.));
#3107 = DIRECTION('',(1.,0.,-0.));
#3108 = PCURVE('',#1190,#3109);
#3109 = DEFINITIONAL_REPRESENTATION('',(#3110),#3114);
#3110 = LINE('',#3111,#3112);
#3111 = CARTESIAN_POINT('',(0.,1.85));
#3112 = VECTOR('',#3113,1.);
#3113 = DIRECTION('',(1.,0.));
#3114 = ( GEOMETRIC_REPRESENTATION_CONTEXT(2) 
PARAMETRIC_REPRESENTATION_CONTEXT() REPRESENTATION_CONTEXT('2D SPACE',''
  ) );
#3115 = PCURVE('',#3116,#3121);
#3116 = PLANE('',#3117);
#3117 = AXIS2_PLACEMENT_3D('',#3118,#3119,#3120);
#3118 = CARTESIAN_POINT('',(-15.,15.5,11.3));
#3119 = DIRECTION('',(0.,0.,1.));
#3120 = DIRECTION('',(1.,0.,-0.));
#3121 = DEFINITIONAL_REPRESENTATION('',(#3122),#3126);
#3122 = CIRCLE('',#3123,1.2);
#3123 = AXIS2_PLACEMENT_2D('',#3124,#3125);
#3124 = CARTESIAN_POINT('',(0.,0.));
#3125 = DIRECTION('',(1.,0.));
#3126 = ( GEOMETRIC_REPRESENTATION_CONTEXT(2) 
PARAMETRIC_REPRESENTATION_CONTEXT() REPRESENTATION_CONTEXT('2D SPACE',''
  ) );
#3127 = ORIENTED_EDGE('',*,*,#3128,.F.);
#3128 = EDGE_CURVE('',#1174,#3100,#3129,.T.);
#3129 = SEAM_CURVE('',#3130,(#3134,#3141),.PCURVE_S1.);
#3130 = LINE('',#3131,#3132);
#3131 = CARTESIAN_POINT('',(-13.8,15.5,9.45));
#3132 = VECTOR('',#3133,1.);
#3133 = DIRECTION('',(0.,0.,1.));
#3134 = PCURVE('',#1190,#3135);
#3135 = DEFINITIONAL_REPRESENTATION('',(#3136),#3140);
#3136 = LINE('',#3137,#3138);
#3137 = CARTESIAN_POINT('',(6.28318530718,-0.));
#3138 = VECTOR('',#3139,1.);
#3139 = DIRECTION('',(0.,1.));
#3140 = ( GEOMETRIC_REPRESENTATION_CONTEXT(2) 
PARAMETRIC_REPRESENTATION_CONTEXT() REPRESENTATION_CONTEXT('2D SPACE',''
  ) );
#3141 = PCURVE('',#1190,#3142);
#3142 = DEFINITIONAL_REPRESENTATION('',(#3143),#3147);
#3143 = LINE('',#3144,#3145);
#3144 = CARTESIAN_POINT('',(0.,-0.));
#3145 = VECTOR('',#3146,1.);
#3146 = DIRECTION('',(0.,1.));
#3147 = ( GEOMETRIC_REPRESENTATION_CONTEXT(2) 
PARAMETRIC_REPRESENTATION_CONTEXT() REPRESENTATION_CONTEXT('2D SPACE',''
  ) );
#3148 = ORIENTED_EDGE('',*,*,#1173,.T.);
#3149 = ORIENTED_EDGE('',*,*,#3128,.T.);
#3150 = ADVANCED_FACE('',(#3151),#1221,.F.);
#3151 = FACE_BOUND('',#3152,.F.);
#3152 = EDGE_LOOP('',(#3153,#3154,#3175,#3176));
#3153 = ORIENTED_EDGE('',*,*,#2064,.F.);
#3154 = ORIENTED_EDGE('',*,*,#3155,.F.);
#3155 = EDGE_CURVE('',#1205,#2065,#3156,.T.);
#3156 = SEAM_CURVE('',#3157,(#3161,#3168),.PCURVE_S1.);
#3157 = LINE('',#3158,#3159);
#3158 = CARTESIAN_POINT('',(-0.75,16.5,9.45));
#3159 = VECTOR('',#3160,1.);
#3160 = DIRECTION('',(0.,0.,1.));
#3161 = PCURVE('',#1221,#3162);
#3162 = DEFINITIONAL_REPRESENTATION('',(#3163),#3167);
#3163 = LINE('',#3164,#3165);
#3164 = CARTESIAN_POINT('',(6.28318530718,-0.));
#3165 = VECTOR('',#3166,1.);
#3166 = DIRECTION('',(0.,1.));
#3167 = ( GEOMETRIC_REPRESENTATION_CONTEXT(2) 
PARAMETRIC_REPRESENTATION_CONTEXT() REPRESENTATION_CONTEXT('2D SPACE',''
  ) );
#3168 = PCURVE('',#1221,#3169);
#3169 = DEFINITIONAL_REPRESENTATION('',(#3170),#3174);
#3170 = LINE('',#3171,#3172);
#3171 = CARTESIAN_POINT('',(0.,-0.));
#3172 = VECTOR('',#3173,1.);
#3173 = DIRECTION('',(0.,1.));
#3174 = ( GEOMETRIC_REPRESENTATION_CONTEXT(2) 
PARAMETRIC_REPRESENTATION_CONTEXT() REPRESENTATION_CONTEXT('2D SPACE',''
  ) );
#3175 = ORIENTED_EDGE('',*,*,#1204,.T.);
#3176 = ORIENTED_EDGE('',*,*,#3155,.T.);
#3177 = ADVANCED_FACE('',(#3178),#1252,.F.);
#3178 = FACE_BOUND('',#3179,.F.);
#3179 = EDGE_LOOP('',(#3180,#3181,#3204,#3232));
#3180 = ORIENTED_EDGE('',*,*,#1235,.T.);
#3181 = ORIENTED_EDGE('',*,*,#3182,.T.);
#3182 = EDGE_CURVE('',#1238,#3183,#3185,.T.);
#3183 = VERTEX_POINT('',#3184);
#3184 = CARTESIAN_POINT('',(-13.8,-5.8,10.3));
#3185 = SURFACE_CURVE('',#3186,(#3190,#3197),.PCURVE_S1.);
#3186 = LINE('',#3187,#3188);
#3187 = CARTESIAN_POINT('',(-13.8,-5.8,9.48));
#3188 = VECTOR('',#3189,1.);
#3189 = DIRECTION('',(0.,0.,1.));
#3190 = PCURVE('',#1252,#3191);
#3191 = DEFINITIONAL_REPRESENTATION('',(#3192),#3196);
#3192 = LINE('',#3193,#3194);
#3193 = CARTESIAN_POINT('',(0.,0.));
#3194 = VECTOR('',#3195,1.);
#3195 = DIRECTION('',(0.,-1.));
#3196 = ( GEOMETRIC_REPRESENTATION_CONTEXT(2) 
PARAMETRIC_REPRESENTATION_CONTEXT() REPRESENTATION_CONTEXT('2D SPACE',''
  ) );
#3197 = PCURVE('',#1459,#3198);
#3198 = DEFINITIONAL_REPRESENTATION('',(#3199),#3203);
#3199 = LINE('',#3200,#3201);
#3200 = CARTESIAN_POINT('',(-3.14159265359,0.));
#3201 = VECTOR('',#3202,1.);
#3202 = DIRECTION('',(-0.,-1.));
#3203 = ( GEOMETRIC_REPRESENTATION_CONTEXT(2) 
PARAMETRIC_REPRESENTATION_CONTEXT() REPRESENTATION_CONTEXT('2D SPACE',''
  ) );
#3204 = ORIENTED_EDGE('',*,*,#3205,.T.);
#3205 = EDGE_CURVE('',#3183,#3206,#3208,.T.);
#3206 = VERTEX_POINT('',#3207);
#3207 = CARTESIAN_POINT('',(-13.8,5.799999998903,10.3));
#3208 = SURFACE_CURVE('',#3209,(#3213,#3220),.PCURVE_S1.);
#3209 = LINE('',#3210,#3211);
#3210 = CARTESIAN_POINT('',(-13.8,1.06581410364E-14,10.3));
#3211 = VECTOR('',#3212,1.);
#3212 = DIRECTION('',(0.,1.,0.));
#3213 = PCURVE('',#1252,#3214);
#3214 = DEFINITIONAL_REPRESENTATION('',(#3215),#3219);
#3215 = LINE('',#3216,#3217);
#3216 = CARTESIAN_POINT('',(5.8,-0.82));
#3217 = VECTOR('',#3218,1.);
#3218 = DIRECTION('',(1.,0.));
#3219 = ( GEOMETRIC_REPRESENTATION_CONTEXT(2) 
PARAMETRIC_REPRESENTATION_CONTEXT() REPRESENTATION_CONTEXT('2D SPACE',''
  ) );
#3220 = PCURVE('',#3221,#3226);
#3221 = PLANE('',#3222);
#3222 = AXIS2_PLACEMENT_3D('',#3223,#3224,#3225);
#3223 = CARTESIAN_POINT('',(-9.772885202051E-16,-3.021087221987E-10,10.3
    ));
#3224 = DIRECTION('',(0.,0.,1.));
#3225 = DIRECTION('',(1.,0.,-0.));
#3226 = DEFINITIONAL_REPRESENTATION('',(#3227),#3231);
#3227 = LINE('',#3228,#3229);
#3228 = CARTESIAN_POINT('',(-13.8,3.021193803398E-10));
#3229 = VECTOR('',#3230,1.);
#3230 = DIRECTION('',(0.,1.));
#3231 = ( GEOMETRIC_REPRESENTATION_CONTEXT(2) 
PARAMETRIC_REPRESENTATION_CONTEXT() REPRESENTATION_CONTEXT('2D SPACE',''
  ) );
#3232 = ORIENTED_EDGE('',*,*,#3233,.F.);
#3233 = EDGE_CURVE('',#1236,#3206,#3234,.T.);
#3234 = SURFACE_CURVE('',#3235,(#3239,#3246),.PCURVE_S1.);
#3235 = LINE('',#3236,#3237);
#3236 = CARTESIAN_POINT('',(-13.8,5.799999998903,9.48));
#3237 = VECTOR('',#3238,1.);
#3238 = DIRECTION('',(0.,0.,1.));
#3239 = PCURVE('',#1252,#3240);
#3240 = DEFINITIONAL_REPRESENTATION('',(#3241),#3245);
#3241 = LINE('',#3242,#3243);
#3242 = CARTESIAN_POINT('',(11.599999998903,0.));
#3243 = VECTOR('',#3244,1.);
#3244 = DIRECTION('',(0.,-1.));
#3245 = ( GEOMETRIC_REPRESENTATION_CONTEXT(2) 
PARAMETRIC_REPRESENTATION_CONTEXT() REPRESENTATION_CONTEXT('2D SPACE',''
  ) );
#3246 = PCURVE('',#1284,#3247);
#3247 = DEFINITIONAL_REPRESENTATION('',(#3248),#3252);
#3248 = LINE('',#3249,#3250);
#3249 = CARTESIAN_POINT('',(-3.14159265359,0.));
#3250 = VECTOR('',#3251,1.);
#3251 = DIRECTION('',(-0.,-1.));
#3252 = ( GEOMETRIC_REPRESENTATION_CONTEXT(2) 
PARAMETRIC_REPRESENTATION_CONTEXT() REPRESENTATION_CONTEXT('2D SPACE',''
  ) );
#3253 = ADVANCED_FACE('',(#3254),#1284,.F.);
#3254 = FACE_BOUND('',#3255,.T.);
#3255 = EDGE_LOOP('',(#3256,#3257,#3280,#3302));
#3256 = ORIENTED_EDGE('',*,*,#1263,.T.);
#3257 = ORIENTED_EDGE('',*,*,#3258,.T.);
#3258 = EDGE_CURVE('',#1264,#3259,#3261,.T.);
#3259 = VERTEX_POINT('',#3260);
#3260 = CARTESIAN_POINT('',(-9.8,9.799999999451,10.3));
#3261 = SURFACE_CURVE('',#3262,(#3266,#3273),.PCURVE_S1.);
#3262 = LINE('',#3263,#3264);
#3263 = CARTESIAN_POINT('',(-9.8,9.799999999451,9.48));
#3264 = VECTOR('',#3265,1.);
#3265 = DIRECTION('',(0.,0.,1.));
#3266 = PCURVE('',#1284,#3267);
#3267 = DEFINITIONAL_REPRESENTATION('',(#3268),#3272);
#3268 = LINE('',#3269,#3270);
#3269 = CARTESIAN_POINT('',(-1.570796326795,0.));
#3270 = VECTOR('',#3271,1.);
#3271 = DIRECTION('',(-0.,-1.));
#3272 = ( GEOMETRIC_REPRESENTATION_CONTEXT(2) 
PARAMETRIC_REPRESENTATION_CONTEXT() REPRESENTATION_CONTEXT('2D SPACE',''
  ) );
#3273 = PCURVE('',#1311,#3274);
#3274 = DEFINITIONAL_REPRESENTATION('',(#3275),#3279);
#3275 = LINE('',#3276,#3277);
#3276 = CARTESIAN_POINT('',(0.,0.));
#3277 = VECTOR('',#3278,1.);
#3278 = DIRECTION('',(0.,-1.));
#3279 = ( GEOMETRIC_REPRESENTATION_CONTEXT(2) 
PARAMETRIC_REPRESENTATION_CONTEXT() REPRESENTATION_CONTEXT('2D SPACE',''
  ) );
#3280 = ORIENTED_EDGE('',*,*,#3281,.T.);
#3281 = EDGE_CURVE('',#3259,#3206,#3282,.T.);
#3282 = SURFACE_CURVE('',#3283,(#3288,#3295),.PCURVE_S1.);
#3283 = CIRCLE('',#3284,4.);
#3284 = AXIS2_PLACEMENT_3D('',#3285,#3286,#3287);
#3285 = CARTESIAN_POINT('',(-9.8,5.799999998903,10.3));
#3286 = DIRECTION('',(0.,0.,1.));
#3287 = DIRECTION('',(1.,0.,0.));
#3288 = PCURVE('',#1284,#3289);
#3289 = DEFINITIONAL_REPRESENTATION('',(#3290),#3294);
#3290 = LINE('',#3291,#3292);
#3291 = CARTESIAN_POINT('',(-0.,-0.82));
#3292 = VECTOR('',#3293,1.);
#3293 = DIRECTION('',(-1.,0.));
#3294 = ( GEOMETRIC_REPRESENTATION_CONTEXT(2) 
PARAMETRIC_REPRESENTATION_CONTEXT() REPRESENTATION_CONTEXT('2D SPACE',''
  ) );
#3295 = PCURVE('',#3221,#3296);
#3296 = DEFINITIONAL_REPRESENTATION('',(#3297),#3301);
#3297 = CIRCLE('',#3298,4.);
#3298 = AXIS2_PLACEMENT_2D('',#3299,#3300);
#3299 = CARTESIAN_POINT('',(-9.8,5.799999999205));
#3300 = DIRECTION('',(1.,0.));
#3301 = ( GEOMETRIC_REPRESENTATION_CONTEXT(2) 
PARAMETRIC_REPRESENTATION_CONTEXT() REPRESENTATION_CONTEXT('2D SPACE',''
  ) );
#3302 = ORIENTED_EDGE('',*,*,#3233,.F.);
#3303 = ADVANCED_FACE('',(#3304),#1459,.F.);
#3304 = FACE_BOUND('',#3305,.T.);
#3305 = EDGE_LOOP('',(#3306,#3307,#3308,#3332));
#3306 = ORIENTED_EDGE('',*,*,#1440,.T.);
#3307 = ORIENTED_EDGE('',*,*,#3182,.T.);
#3308 = ORIENTED_EDGE('',*,*,#3309,.T.);
#3309 = EDGE_CURVE('',#3183,#3310,#3312,.T.);
#3310 = VERTEX_POINT('',#3311);
#3311 = CARTESIAN_POINT('',(-9.8,-9.8,10.3));
#3312 = SURFACE_CURVE('',#3313,(#3318,#3325),.PCURVE_S1.);
#3313 = CIRCLE('',#3314,4.);
#3314 = AXIS2_PLACEMENT_3D('',#3315,#3316,#3317);
#3315 = CARTESIAN_POINT('',(-9.8,-5.8,10.3));
#3316 = DIRECTION('',(0.,0.,1.));
#3317 = DIRECTION('',(1.,0.,0.));
#3318 = PCURVE('',#1459,#3319);
#3319 = DEFINITIONAL_REPRESENTATION('',(#3320),#3324);
#3320 = LINE('',#3321,#3322);
#3321 = CARTESIAN_POINT('',(-0.,-0.82));
#3322 = VECTOR('',#3323,1.);
#3323 = DIRECTION('',(-1.,0.));
#3324 = ( GEOMETRIC_REPRESENTATION_CONTEXT(2) 
PARAMETRIC_REPRESENTATION_CONTEXT() REPRESENTATION_CONTEXT('2D SPACE',''
  ) );
#3325 = PCURVE('',#3221,#3326);
#3326 = DEFINITIONAL_REPRESENTATION('',(#3327),#3331);
#3327 = CIRCLE('',#3328,4.);
#3328 = AXIS2_PLACEMENT_2D('',#3329,#3330);
#3329 = CARTESIAN_POINT('',(-9.8,-5.799999999698));
#3330 = DIRECTION('',(1.,0.));
#3331 = ( GEOMETRIC_REPRESENTATION_CONTEXT(2) 
PARAMETRIC_REPRESENTATION_CONTEXT() REPRESENTATION_CONTEXT('2D SPACE',''
  ) );
#3332 = ORIENTED_EDGE('',*,*,#3333,.F.);
#3333 = EDGE_CURVE('',#1415,#3310,#3334,.T.);
#3334 = SURFACE_CURVE('',#3335,(#3339,#3346),.PCURVE_S1.);
#3335 = LINE('',#3336,#3337);
#3336 = CARTESIAN_POINT('',(-9.8,-9.8,9.48));
#3337 = VECTOR('',#3338,1.);
#3338 = DIRECTION('',(0.,0.,1.));
#3339 = PCURVE('',#1459,#3340);
#3340 = DEFINITIONAL_REPRESENTATION('',(#3341),#3345);
#3341 = LINE('',#3342,#3343);
#3342 = CARTESIAN_POINT('',(-4.712388980385,0.));
#3343 = VECTOR('',#3344,1.);
#3344 = DIRECTION('',(-0.,-1.));
#3345 = ( GEOMETRIC_REPRESENTATION_CONTEXT(2) 
PARAMETRIC_REPRESENTATION_CONTEXT() REPRESENTATION_CONTEXT('2D SPACE',''
  ) );
#3346 = PCURVE('',#1429,#3347);
#3347 = DEFINITIONAL_REPRESENTATION('',(#3348),#3352);
#3348 = LINE('',#3349,#3350);
#3349 = CARTESIAN_POINT('',(0.,0.));
#3350 = VECTOR('',#3351,1.);
#3351 = DIRECTION('',(0.,-1.));
#3352 = ( GEOMETRIC_REPRESENTATION_CONTEXT(2) 
PARAMETRIC_REPRESENTATION_CONTEXT() REPRESENTATION_CONTEXT('2D SPACE',''
  ) );
#3353 = ADVANCED_FACE('',(#3354),#1311,.F.);
#3354 = FACE_BOUND('',#3355,.F.);
#3355 = EDGE_LOOP('',(#3356,#3357,#3358,#3381));
#3356 = ORIENTED_EDGE('',*,*,#1296,.T.);
#3357 = ORIENTED_EDGE('',*,*,#3258,.T.);
#3358 = ORIENTED_EDGE('',*,*,#3359,.T.);
#3359 = EDGE_CURVE('',#3259,#3360,#3362,.T.);
#3360 = VERTEX_POINT('',#3361);
#3361 = CARTESIAN_POINT('',(9.8,9.799999999451,10.3));
#3362 = SURFACE_CURVE('',#3363,(#3367,#3374),.PCURVE_S1.);
#3363 = LINE('',#3364,#3365);
#3364 = CARTESIAN_POINT('',(0.,9.8,10.3));
#3365 = VECTOR('',#3366,1.);
#3366 = DIRECTION('',(1.,0.,0.));
#3367 = PCURVE('',#1311,#3368);
#3368 = DEFINITIONAL_REPRESENTATION('',(#3369),#3373);
#3369 = LINE('',#3370,#3371);
#3370 = CARTESIAN_POINT('',(9.8,-0.82));
#3371 = VECTOR('',#3372,1.);
#3372 = DIRECTION('',(1.,0.));
#3373 = ( GEOMETRIC_REPRESENTATION_CONTEXT(2) 
PARAMETRIC_REPRESENTATION_CONTEXT() REPRESENTATION_CONTEXT('2D SPACE',''
  ) );
#3374 = PCURVE('',#3221,#3375);
#3375 = DEFINITIONAL_REPRESENTATION('',(#3376),#3380);
#3376 = LINE('',#3377,#3378);
#3377 = CARTESIAN_POINT('',(9.772885202051E-16,9.800000000302));
#3378 = VECTOR('',#3379,1.);
#3379 = DIRECTION('',(1.,0.));
#3380 = ( GEOMETRIC_REPRESENTATION_CONTEXT(2) 
PARAMETRIC_REPRESENTATION_CONTEXT() REPRESENTATION_CONTEXT('2D SPACE',''
  ) );
#3381 = ORIENTED_EDGE('',*,*,#3382,.F.);
#3382 = EDGE_CURVE('',#1297,#3360,#3383,.T.);
#3383 = SURFACE_CURVE('',#3384,(#3388,#3395),.PCURVE_S1.);
#3384 = LINE('',#3385,#3386);
#3385 = CARTESIAN_POINT('',(9.8,9.799999999451,9.48));
#3386 = VECTOR('',#3387,1.);
#3387 = DIRECTION('',(0.,0.,1.));
#3388 = PCURVE('',#1311,#3389);
#3389 = DEFINITIONAL_REPRESENTATION('',(#3390),#3394);
#3390 = LINE('',#3391,#3392);
#3391 = CARTESIAN_POINT('',(19.6,0.));
#3392 = VECTOR('',#3393,1.);
#3393 = DIRECTION('',(0.,-1.));
#3394 = ( GEOMETRIC_REPRESENTATION_CONTEXT(2) 
PARAMETRIC_REPRESENTATION_CONTEXT() REPRESENTATION_CONTEXT('2D SPACE',''
  ) );
#3395 = PCURVE('',#1343,#3396);
#3396 = DEFINITIONAL_REPRESENTATION('',(#3397),#3401);
#3397 = LINE('',#3398,#3399);
#3398 = CARTESIAN_POINT('',(-1.570796326795,0.));
#3399 = VECTOR('',#3400,1.);
#3400 = DIRECTION('',(-0.,-1.));
#3401 = ( GEOMETRIC_REPRESENTATION_CONTEXT(2) 
PARAMETRIC_REPRESENTATION_CONTEXT() REPRESENTATION_CONTEXT('2D SPACE',''
  ) );
#3402 = ADVANCED_FACE('',(#3403),#1429,.T.);
#3403 = FACE_BOUND('',#3404,.T.);
#3404 = EDGE_LOOP('',(#3405,#3406,#3407,#3430));
#3405 = ORIENTED_EDGE('',*,*,#1414,.T.);
#3406 = ORIENTED_EDGE('',*,*,#3333,.T.);
#3407 = ORIENTED_EDGE('',*,*,#3408,.T.);
#3408 = EDGE_CURVE('',#3310,#3409,#3411,.T.);
#3409 = VERTEX_POINT('',#3410);
#3410 = CARTESIAN_POINT('',(9.8,-9.8,10.3));
#3411 = SURFACE_CURVE('',#3412,(#3416,#3423),.PCURVE_S1.);
#3412 = LINE('',#3413,#3414);
#3413 = CARTESIAN_POINT('',(0.,-9.8,10.3));
#3414 = VECTOR('',#3415,1.);
#3415 = DIRECTION('',(1.,0.,0.));
#3416 = PCURVE('',#1429,#3417);
#3417 = DEFINITIONAL_REPRESENTATION('',(#3418),#3422);
#3418 = LINE('',#3419,#3420);
#3419 = CARTESIAN_POINT('',(9.8,-0.82));
#3420 = VECTOR('',#3421,1.);
#3421 = DIRECTION('',(1.,0.));
#3422 = ( GEOMETRIC_REPRESENTATION_CONTEXT(2) 
PARAMETRIC_REPRESENTATION_CONTEXT() REPRESENTATION_CONTEXT('2D SPACE',''
  ) );
#3423 = PCURVE('',#3221,#3424);
#3424 = DEFINITIONAL_REPRESENTATION('',(#3425),#3429);
#3425 = LINE('',#3426,#3427);
#3426 = CARTESIAN_POINT('',(9.772885202051E-16,-9.799999999698));
#3427 = VECTOR('',#3428,1.);
#3428 = DIRECTION('',(1.,0.));
#3429 = ( GEOMETRIC_REPRESENTATION_CONTEXT(2) 
PARAMETRIC_REPRESENTATION_CONTEXT() REPRESENTATION_CONTEXT('2D SPACE',''
  ) );
#3430 = ORIENTED_EDGE('',*,*,#3431,.F.);
#3431 = EDGE_CURVE('',#1382,#3409,#3432,.T.);
#3432 = SURFACE_CURVE('',#3433,(#3437,#3444),.PCURVE_S1.);
#3433 = LINE('',#3434,#3435);
#3434 = CARTESIAN_POINT('',(9.8,-9.8,9.48));
#3435 = VECTOR('',#3436,1.);
#3436 = DIRECTION('',(0.,0.,1.));
#3437 = PCURVE('',#1429,#3438);
#3438 = DEFINITIONAL_REPRESENTATION('',(#3439),#3443);
#3439 = LINE('',#3440,#3441);
#3440 = CARTESIAN_POINT('',(19.6,0.));
#3441 = VECTOR('',#3442,1.);
#3442 = DIRECTION('',(0.,-1.));
#3443 = ( GEOMETRIC_REPRESENTATION_CONTEXT(2) 
PARAMETRIC_REPRESENTATION_CONTEXT() REPRESENTATION_CONTEXT('2D SPACE',''
  ) );
#3444 = PCURVE('',#1402,#3445);
#3445 = DEFINITIONAL_REPRESENTATION('',(#3446),#3450);
#3446 = LINE('',#3447,#3448);
#3447 = CARTESIAN_POINT('',(-4.712388980385,0.));
#3448 = VECTOR('',#3449,1.);
#3449 = DIRECTION('',(-0.,-1.));
#3450 = ( GEOMETRIC_REPRESENTATION_CONTEXT(2) 
PARAMETRIC_REPRESENTATION_CONTEXT() REPRESENTATION_CONTEXT('2D SPACE',''
  ) );
#3451 = ADVANCED_FACE('',(#3452),#1343,.F.);
#3452 = FACE_BOUND('',#3453,.T.);
#3453 = EDGE_LOOP('',(#3454,#3455,#3478,#3500));
#3454 = ORIENTED_EDGE('',*,*,#1322,.T.);
#3455 = ORIENTED_EDGE('',*,*,#3456,.T.);
#3456 = EDGE_CURVE('',#1323,#3457,#3459,.T.);
#3457 = VERTEX_POINT('',#3458);
#3458 = CARTESIAN_POINT('',(13.8,5.799999998903,10.3));
#3459 = SURFACE_CURVE('',#3460,(#3464,#3471),.PCURVE_S1.);
#3460 = LINE('',#3461,#3462);
#3461 = CARTESIAN_POINT('',(13.8,5.799999998903,9.48));
#3462 = VECTOR('',#3463,1.);
#3463 = DIRECTION('',(0.,0.,1.));
#3464 = PCURVE('',#1343,#3465);
#3465 = DEFINITIONAL_REPRESENTATION('',(#3466),#3470);
#3466 = LINE('',#3467,#3468);
#3467 = CARTESIAN_POINT('',(-0.,0.));
#3468 = VECTOR('',#3469,1.);
#3469 = DIRECTION('',(-0.,-1.));
#3470 = ( GEOMETRIC_REPRESENTATION_CONTEXT(2) 
PARAMETRIC_REPRESENTATION_CONTEXT() REPRESENTATION_CONTEXT('2D SPACE',''
  ) );
#3471 = PCURVE('',#1370,#3472);
#3472 = DEFINITIONAL_REPRESENTATION('',(#3473),#3477);
#3473 = LINE('',#3474,#3475);
#3474 = CARTESIAN_POINT('',(11.599999998903,0.));
#3475 = VECTOR('',#3476,1.);
#3476 = DIRECTION('',(0.,-1.));
#3477 = ( GEOMETRIC_REPRESENTATION_CONTEXT(2) 
PARAMETRIC_REPRESENTATION_CONTEXT() REPRESENTATION_CONTEXT('2D SPACE',''
  ) );
#3478 = ORIENTED_EDGE('',*,*,#3479,.T.);
#3479 = EDGE_CURVE('',#3457,#3360,#3480,.T.);
#3480 = SURFACE_CURVE('',#3481,(#3486,#3493),.PCURVE_S1.);
#3481 = CIRCLE('',#3482,4.);
#3482 = AXIS2_PLACEMENT_3D('',#3483,#3484,#3485);
#3483 = CARTESIAN_POINT('',(9.8,5.799999998903,10.3));
#3484 = DIRECTION('',(0.,0.,1.));
#3485 = DIRECTION('',(1.,0.,0.));
#3486 = PCURVE('',#1343,#3487);
#3487 = DEFINITIONAL_REPRESENTATION('',(#3488),#3492);
#3488 = LINE('',#3489,#3490);
#3489 = CARTESIAN_POINT('',(-0.,-0.82));
#3490 = VECTOR('',#3491,1.);
#3491 = DIRECTION('',(-1.,0.));
#3492 = ( GEOMETRIC_REPRESENTATION_CONTEXT(2) 
PARAMETRIC_REPRESENTATION_CONTEXT() REPRESENTATION_CONTEXT('2D SPACE',''
  ) );
#3493 = PCURVE('',#3221,#3494);
#3494 = DEFINITIONAL_REPRESENTATION('',(#3495),#3499);
#3495 = CIRCLE('',#3496,4.);
#3496 = AXIS2_PLACEMENT_2D('',#3497,#3498);
#3497 = CARTESIAN_POINT('',(9.8,5.799999999205));
#3498 = DIRECTION('',(1.,0.));
#3499 = ( GEOMETRIC_REPRESENTATION_CONTEXT(2) 
PARAMETRIC_REPRESENTATION_CONTEXT() REPRESENTATION_CONTEXT('2D SPACE',''
  ) );
#3500 = ORIENTED_EDGE('',*,*,#3382,.F.);
#3501 = ADVANCED_FACE('',(#3502),#1402,.F.);
#3502 = FACE_BOUND('',#3503,.T.);
#3503 = EDGE_LOOP('',(#3504,#3505,#3506,#3530));
#3504 = ORIENTED_EDGE('',*,*,#1381,.T.);
#3505 = ORIENTED_EDGE('',*,*,#3431,.T.);
#3506 = ORIENTED_EDGE('',*,*,#3507,.T.);
#3507 = EDGE_CURVE('',#3409,#3508,#3510,.T.);
#3508 = VERTEX_POINT('',#3509);
#3509 = CARTESIAN_POINT('',(13.8,-5.8,10.3));
#3510 = SURFACE_CURVE('',#3511,(#3516,#3523),.PCURVE_S1.);
#3511 = CIRCLE('',#3512,4.);
#3512 = AXIS2_PLACEMENT_3D('',#3513,#3514,#3515);
#3513 = CARTESIAN_POINT('',(9.8,-5.8,10.3));
#3514 = DIRECTION('',(0.,0.,1.));
#3515 = DIRECTION('',(1.,0.,0.));
#3516 = PCURVE('',#1402,#3517);
#3517 = DEFINITIONAL_REPRESENTATION('',(#3518),#3522);
#3518 = LINE('',#3519,#3520);
#3519 = CARTESIAN_POINT('',(-0.,-0.82));
#3520 = VECTOR('',#3521,1.);
#3521 = DIRECTION('',(-1.,0.));
#3522 = ( GEOMETRIC_REPRESENTATION_CONTEXT(2) 
PARAMETRIC_REPRESENTATION_CONTEXT() REPRESENTATION_CONTEXT('2D SPACE',''
  ) );
#3523 = PCURVE('',#3221,#3524);
#3524 = DEFINITIONAL_REPRESENTATION('',(#3525),#3529);
#3525 = CIRCLE('',#3526,4.);
#3526 = AXIS2_PLACEMENT_2D('',#3527,#3528);
#3527 = CARTESIAN_POINT('',(9.8,-5.799999999698));
#3528 = DIRECTION('',(1.,0.));
#3529 = ( GEOMETRIC_REPRESENTATION_CONTEXT(2) 
PARAMETRIC_REPRESENTATION_CONTEXT() REPRESENTATION_CONTEXT('2D SPACE',''
  ) );
#3530 = ORIENTED_EDGE('',*,*,#3531,.F.);
#3531 = EDGE_CURVE('',#1356,#3508,#3532,.T.);
#3532 = SURFACE_CURVE('',#3533,(#3537,#3544),.PCURVE_S1.);
#3533 = LINE('',#3534,#3535);
#3534 = CARTESIAN_POINT('',(13.8,-5.8,9.48));
#3535 = VECTOR('',#3536,1.);
#3536 = DIRECTION('',(0.,0.,1.));
#3537 = PCURVE('',#1402,#3538);
#3538 = DEFINITIONAL_REPRESENTATION('',(#3539),#3543);
#3539 = LINE('',#3540,#3541);
#3540 = CARTESIAN_POINT('',(-6.28318530718,0.));
#3541 = VECTOR('',#3542,1.);
#3542 = DIRECTION('',(-0.,-1.));
#3543 = ( GEOMETRIC_REPRESENTATION_CONTEXT(2) 
PARAMETRIC_REPRESENTATION_CONTEXT() REPRESENTATION_CONTEXT('2D SPACE',''
  ) );
#3544 = PCURVE('',#1370,#3545);
#3545 = DEFINITIONAL_REPRESENTATION('',(#3546),#3550);
#3546 = LINE('',#3547,#3548);
#3547 = CARTESIAN_POINT('',(-8.881784197001E-16,0.));
#3548 = VECTOR('',#3549,1.);
#3549 = DIRECTION('',(0.,-1.));
#3550 = ( GEOMETRIC_REPRESENTATION_CONTEXT(2) 
PARAMETRIC_REPRESENTATION_CONTEXT() REPRESENTATION_CONTEXT('2D SPACE',''
  ) );
#3551 = ADVANCED_FACE('',(#3552),#1370,.T.);
#3552 = FACE_BOUND('',#3553,.T.);
#3553 = EDGE_LOOP('',(#3554,#3555,#3556,#3577));
#3554 = ORIENTED_EDGE('',*,*,#1355,.T.);
#3555 = ORIENTED_EDGE('',*,*,#3531,.T.);
#3556 = ORIENTED_EDGE('',*,*,#3557,.T.);
#3557 = EDGE_CURVE('',#3508,#3457,#3558,.T.);
#3558 = SURFACE_CURVE('',#3559,(#3563,#3570),.PCURVE_S1.);
#3559 = LINE('',#3560,#3561);
#3560 = CARTESIAN_POINT('',(13.8,1.06581410364E-14,10.3));
#3561 = VECTOR('',#3562,1.);
#3562 = DIRECTION('',(0.,1.,0.));
#3563 = PCURVE('',#1370,#3564);
#3564 = DEFINITIONAL_REPRESENTATION('',(#3565),#3569);
#3565 = LINE('',#3566,#3567);
#3566 = CARTESIAN_POINT('',(5.8,-0.82));
#3567 = VECTOR('',#3568,1.);
#3568 = DIRECTION('',(1.,0.));
#3569 = ( GEOMETRIC_REPRESENTATION_CONTEXT(2) 
PARAMETRIC_REPRESENTATION_CONTEXT() REPRESENTATION_CONTEXT('2D SPACE',''
  ) );
#3570 = PCURVE('',#3221,#3571);
#3571 = DEFINITIONAL_REPRESENTATION('',(#3572),#3576);
#3572 = LINE('',#3573,#3574);
#3573 = CARTESIAN_POINT('',(13.8,3.021193803398E-10));
#3574 = VECTOR('',#3575,1.);
#3575 = DIRECTION('',(0.,1.));
#3576 = ( GEOMETRIC_REPRESENTATION_CONTEXT(2) 
PARAMETRIC_REPRESENTATION_CONTEXT() REPRESENTATION_CONTEXT('2D SPACE',''
  ) );
#3577 = ORIENTED_EDGE('',*,*,#3456,.F.);
#3578 = ADVANCED_FACE('',(#3579),#1490,.F.);
#3579 = FACE_BOUND('',#3580,.F.);
#3580 = EDGE_LOOP('',(#3581,#3582,#3603,#3604));
#3581 = ORIENTED_EDGE('',*,*,#2328,.F.);
#3582 = ORIENTED_EDGE('',*,*,#3583,.F.);
#3583 = EDGE_CURVE('',#1474,#2329,#3584,.T.);
#3584 = SEAM_CURVE('',#3585,(#3589,#3596),.PCURVE_S1.);
#3585 = LINE('',#3586,#3587);
#3586 = CARTESIAN_POINT('',(2.05,16.5,9.45));
#3587 = VECTOR('',#3588,1.);
#3588 = DIRECTION('',(0.,0.,1.));
#3589 = PCURVE('',#1490,#3590);
#3590 = DEFINITIONAL_REPRESENTATION('',(#3591),#3595);
#3591 = LINE('',#3592,#3593);
#3592 = CARTESIAN_POINT('',(6.28318530718,-0.));
#3593 = VECTOR('',#3594,1.);
#3594 = DIRECTION('',(0.,1.));
#3595 = ( GEOMETRIC_REPRESENTATION_CONTEXT(2) 
PARAMETRIC_REPRESENTATION_CONTEXT() REPRESENTATION_CONTEXT('2D SPACE',''
  ) );
#3596 = PCURVE('',#1490,#3597);
#3597 = DEFINITIONAL_REPRESENTATION('',(#3598),#3602);
#3598 = LINE('',#3599,#3600);
#3599 = CARTESIAN_POINT('',(0.,-0.));
#3600 = VECTOR('',#3601,1.);
#3601 = DIRECTION('',(0.,1.));
#3602 = ( GEOMETRIC_REPRESENTATION_CONTEXT(2) 
PARAMETRIC_REPRESENTATION_CONTEXT() REPRESENTATION_CONTEXT('2D SPACE',''
  ) );
#3603 = ORIENTED_EDGE('',*,*,#1473,.T.);
#3604 = ORIENTED_EDGE('',*,*,#3583,.T.);
#3605 = ADVANCED_FACE('',(#3606),#1521,.F.);
#3606 = FACE_BOUND('',#3607,.F.);
#3607 = EDGE_LOOP('',(#3608,#3637,#3658,#3659));
#3608 = ORIENTED_EDGE('',*,*,#3609,.F.);
#3609 = EDGE_CURVE('',#3610,#3610,#3612,.T.);
#3610 = VERTEX_POINT('',#3611);
#3611 = CARTESIAN_POINT('',(16.2,15.5,11.3));
#3612 = SURFACE_CURVE('',#3613,(#3618,#3625),.PCURVE_S1.);
#3613 = CIRCLE('',#3614,1.2);
#3614 = AXIS2_PLACEMENT_3D('',#3615,#3616,#3617);
#3615 = CARTESIAN_POINT('',(15.,15.5,11.3));
#3616 = DIRECTION('',(0.,0.,1.));
#3617 = DIRECTION('',(1.,0.,-0.));
#3618 = PCURVE('',#1521,#3619);
#3619 = DEFINITIONAL_REPRESENTATION('',(#3620),#3624);
#3620 = LINE('',#3621,#3622);
#3621 = CARTESIAN_POINT('',(0.,1.85));
#3622 = VECTOR('',#3623,1.);
#3623 = DIRECTION('',(1.,0.));
#3624 = ( GEOMETRIC_REPRESENTATION_CONTEXT(2) 
PARAMETRIC_REPRESENTATION_CONTEXT() REPRESENTATION_CONTEXT('2D SPACE',''
  ) );
#3625 = PCURVE('',#3626,#3631);
#3626 = PLANE('',#3627);
#3627 = AXIS2_PLACEMENT_3D('',#3628,#3629,#3630);
#3628 = CARTESIAN_POINT('',(15.,15.5,11.3));
#3629 = DIRECTION('',(0.,0.,1.));
#3630 = DIRECTION('',(1.,0.,-0.));
#3631 = DEFINITIONAL_REPRESENTATION('',(#3632),#3636);
#3632 = CIRCLE('',#3633,1.2);
#3633 = AXIS2_PLACEMENT_2D('',#3634,#3635);
#3634 = CARTESIAN_POINT('',(0.,0.));
#3635 = DIRECTION('',(1.,0.));
#3636 = ( GEOMETRIC_REPRESENTATION_CONTEXT(2) 
PARAMETRIC_REPRESENTATION_CONTEXT() REPRESENTATION_CONTEXT('2D SPACE',''
  ) );
#3637 = ORIENTED_EDGE('',*,*,#3638,.F.);
#3638 = EDGE_CURVE('',#1505,#3610,#3639,.T.);
#3639 = SEAM_CURVE('',#3640,(#3644,#3651),.PCURVE_S1.);
#3640 = LINE('',#3641,#3642);
#3641 = CARTESIAN_POINT('',(16.2,15.5,9.45));
#3642 = VECTOR('',#3643,1.);
#3643 = DIRECTION('',(0.,0.,1.));
#3644 = PCURVE('',#1521,#3645);
#3645 = DEFINITIONAL_REPRESENTATION('',(#3646),#3650);
#3646 = LINE('',#3647,#3648);
#3647 = CARTESIAN_POINT('',(6.28318530718,-0.));
#3648 = VECTOR('',#3649,1.);
#3649 = DIRECTION('',(0.,1.));
#3650 = ( GEOMETRIC_REPRESENTATION_CONTEXT(2) 
PARAMETRIC_REPRESENTATION_CONTEXT() REPRESENTATION_CONTEXT('2D SPACE',''
  ) );
#3651 = PCURVE('',#1521,#3652);
#3652 = DEFINITIONAL_REPRESENTATION('',(#3653),#3657);
#3653 = LINE('',#3654,#3655);
#3654 = CARTESIAN_POINT('',(0.,-0.));
#3655 = VECTOR('',#3656,1.);
#3656 = DIRECTION('',(0.,1.));
#3657 = ( GEOMETRIC_REPRESENTATION_CONTEXT(2) 
PARAMETRIC_REPRESENTATION_CONTEXT() REPRESENTATION_CONTEXT('2D SPACE',''
  ) );
#3658 = ORIENTED_EDGE('',*,*,#1504,.T.);
#3659 = ORIENTED_EDGE('',*,*,#3638,.T.);
#3660 = ADVANCED_FACE('',(#3661),#1697,.T.);
#3661 = FACE_BOUND('',#3662,.T.);
#3662 = EDGE_LOOP('',(#3663,#3664,#3665,#3685));
#3663 = ORIENTED_EDGE('',*,*,#2388,.T.);
#3664 = ORIENTED_EDGE('',*,*,#1681,.T.);
#3665 = ORIENTED_EDGE('',*,*,#3666,.F.);
#3666 = EDGE_CURVE('',#2414,#1649,#3667,.T.);
#3667 = SURFACE_CURVE('',#3668,(#3673,#3679),.PCURVE_S1.);
#3668 = CIRCLE('',#3669,0.35);
#3669 = AXIS2_PLACEMENT_3D('',#3670,#3671,#3672);
#3670 = CARTESIAN_POINT('',(12.5,21.65,11.65));
#3671 = DIRECTION('',(1.,0.,0.));
#3672 = DIRECTION('',(-0.,1.,0.));
#3673 = PCURVE('',#1697,#3674);
#3674 = DEFINITIONAL_REPRESENTATION('',(#3675),#3678);
#3675 = B_SPLINE_CURVE_WITH_KNOTS('',1,(#3676,#3677),.UNSPECIFIED.,.F.,
  .F.,(2,2),(0.,1.570796326795),.PIECEWISE_BEZIER_KNOTS.);
#3676 = CARTESIAN_POINT('',(0.,25.));
#3677 = CARTESIAN_POINT('',(1.570796326795,25.));
#3678 = ( GEOMETRIC_REPRESENTATION_CONTEXT(2) 
PARAMETRIC_REPRESENTATION_CONTEXT() REPRESENTATION_CONTEXT('2D SPACE',''
  ) );
#3679 = PCURVE('',#1669,#3680);
#3680 = DEFINITIONAL_REPRESENTATION('',(#3681),#3684);
#3681 = B_SPLINE_CURVE_WITH_KNOTS('',1,(#3682,#3683),.UNSPECIFIED.,.F.,
  .F.,(2,2),(0.,1.570796326795),.PIECEWISE_BEZIER_KNOTS.);
#3682 = CARTESIAN_POINT('',(0.,0.));
#3683 = CARTESIAN_POINT('',(0.,1.570796326795));
#3684 = ( GEOMETRIC_REPRESENTATION_CONTEXT(2) 
PARAMETRIC_REPRESENTATION_CONTEXT() REPRESENTATION_CONTEXT('2D SPACE',''
  ) );
#3685 = ORIENTED_EDGE('',*,*,#2413,.F.);
#3686 = ADVANCED_FACE('',(#3687),#1608,.T.);
#3687 = FACE_BOUND('',#3688,.F.);
#3688 = EDGE_LOOP('',(#3689,#3709,#3710,#3711));
#3689 = ORIENTED_EDGE('',*,*,#3690,.F.);
#3690 = EDGE_CURVE('',#2543,#1588,#3691,.T.);
#3691 = SURFACE_CURVE('',#3692,(#3697,#3703),.PCURVE_S1.);
#3692 = CIRCLE('',#3693,0.35);
#3693 = AXIS2_PLACEMENT_3D('',#3694,#3695,#3696);
#3694 = CARTESIAN_POINT('',(23.65,-10.5,11.65));
#3695 = DIRECTION('',(-0.,-1.,0.));
#3696 = DIRECTION('',(1.,-0.,0.));
#3697 = PCURVE('',#1608,#3698);
#3698 = DEFINITIONAL_REPRESENTATION('',(#3699),#3702);
#3699 = B_SPLINE_CURVE_WITH_KNOTS('',1,(#3700,#3701),.UNSPECIFIED.,.F.,
  .F.,(2,2),(0.,1.570796326795),.PIECEWISE_BEZIER_KNOTS.);
#3700 = CARTESIAN_POINT('',(0.,0.));
#3701 = CARTESIAN_POINT('',(0.,1.570796326795));
#3702 = ( GEOMETRIC_REPRESENTATION_CONTEXT(2) 
PARAMETRIC_REPRESENTATION_CONTEXT() REPRESENTATION_CONTEXT('2D SPACE',''
  ) );
#3703 = PCURVE('',#1636,#3704);
#3704 = DEFINITIONAL_REPRESENTATION('',(#3705),#3708);
#3705 = B_SPLINE_CURVE_WITH_KNOTS('',1,(#3706,#3707),.UNSPECIFIED.,.F.,
  .F.,(2,2),(0.,1.570796326795),.PIECEWISE_BEZIER_KNOTS.);
#3706 = CARTESIAN_POINT('',(0.,20.999999992113));
#3707 = CARTESIAN_POINT('',(1.570796326795,20.999999992113));
#3708 = ( GEOMETRIC_REPRESENTATION_CONTEXT(2) 
PARAMETRIC_REPRESENTATION_CONTEXT() REPRESENTATION_CONTEXT('2D SPACE',''
  ) );
#3709 = ORIENTED_EDGE('',*,*,#2570,.T.);
#3710 = ORIENTED_EDGE('',*,*,#2514,.T.);
#3711 = ORIENTED_EDGE('',*,*,#1587,.F.);
#3712 = ADVANCED_FACE('',(#3713),#1669,.T.);
#3713 = FACE_BOUND('',#3714,.F.);
#3714 = EDGE_LOOP('',(#3715,#3716,#3740,#3760));
#3715 = ORIENTED_EDGE('',*,*,#3666,.F.);
#3716 = ORIENTED_EDGE('',*,*,#3717,.T.);
#3717 = EDGE_CURVE('',#2414,#3718,#3720,.T.);
#3718 = VERTEX_POINT('',#3719);
#3719 = CARTESIAN_POINT('',(24.,10.499999992113,11.65));
#3720 = SURFACE_CURVE('',#3721,(#3726,#3733),.PCURVE_S1.);
#3721 = CIRCLE('',#3722,11.5);
#3722 = AXIS2_PLACEMENT_3D('',#3723,#3724,#3725);
#3723 = CARTESIAN_POINT('',(12.5,10.499999992113,11.65));
#3724 = DIRECTION('',(0.,-0.,-1.));
#3725 = DIRECTION('',(0.,1.,-0.));
#3726 = PCURVE('',#1669,#3727);
#3727 = DEFINITIONAL_REPRESENTATION('',(#3728),#3732);
#3728 = LINE('',#3729,#3730);
#3729 = CARTESIAN_POINT('',(-0.,0.));
#3730 = VECTOR('',#3731,1.);
#3731 = DIRECTION('',(-1.,0.));
#3732 = ( GEOMETRIC_REPRESENTATION_CONTEXT(2) 
PARAMETRIC_REPRESENTATION_CONTEXT() REPRESENTATION_CONTEXT('2D SPACE',''
  ) );
#3733 = PCURVE('',#2452,#3734);
#3734 = DEFINITIONAL_REPRESENTATION('',(#3735),#3739);
#3735 = LINE('',#3736,#3737);
#3736 = CARTESIAN_POINT('',(1.570796326795,-2.15));
#3737 = VECTOR('',#3738,1.);
#3738 = DIRECTION('',(1.,0.));
#3739 = ( GEOMETRIC_REPRESENTATION_CONTEXT(2) 
PARAMETRIC_REPRESENTATION_CONTEXT() REPRESENTATION_CONTEXT('2D SPACE',''
  ) );
#3740 = ORIENTED_EDGE('',*,*,#3741,.T.);
#3741 = EDGE_CURVE('',#3718,#1621,#3742,.T.);
#3742 = SURFACE_CURVE('',#3743,(#3748,#3754),.PCURVE_S1.);
#3743 = CIRCLE('',#3744,0.35);
#3744 = AXIS2_PLACEMENT_3D('',#3745,#3746,#3747);
#3745 = CARTESIAN_POINT('',(23.65,10.499999992113,11.65));
#3746 = DIRECTION('',(6.123233995737E-17,-1.,0.));
#3747 = DIRECTION('',(1.,6.123233995737E-17,0.));
#3748 = PCURVE('',#1669,#3749);
#3749 = DEFINITIONAL_REPRESENTATION('',(#3750),#3753);
#3750 = B_SPLINE_CURVE_WITH_KNOTS('',1,(#3751,#3752),.UNSPECIFIED.,.F.,
  .F.,(2,2),(0.,1.570796326795),.PIECEWISE_BEZIER_KNOTS.);
#3751 = CARTESIAN_POINT('',(-1.570796326795,0.));
#3752 = CARTESIAN_POINT('',(-1.570796326795,1.570796326795));
#3753 = ( GEOMETRIC_REPRESENTATION_CONTEXT(2) 
PARAMETRIC_REPRESENTATION_CONTEXT() REPRESENTATION_CONTEXT('2D SPACE',''
  ) );
#3754 = PCURVE('',#1636,#3755);
#3755 = DEFINITIONAL_REPRESENTATION('',(#3756),#3759);
#3756 = B_SPLINE_CURVE_WITH_KNOTS('',1,(#3757,#3758),.UNSPECIFIED.,.F.,
  .F.,(2,2),(0.,1.570796326795),.PIECEWISE_BEZIER_KNOTS.);
#3757 = CARTESIAN_POINT('',(0.,-3.552713678801E-15));
#3758 = CARTESIAN_POINT('',(1.570796326795,-3.552713678801E-15));
#3759 = ( GEOMETRIC_REPRESENTATION_CONTEXT(2) 
PARAMETRIC_REPRESENTATION_CONTEXT() REPRESENTATION_CONTEXT('2D SPACE',''
  ) );
#3760 = ORIENTED_EDGE('',*,*,#1648,.F.);
#3761 = ADVANCED_FACE('',(#3762),#1636,.T.);
#3762 = FACE_BOUND('',#3763,.T.);
#3763 = EDGE_LOOP('',(#3764,#3765,#3766,#3767));
#3764 = ORIENTED_EDGE('',*,*,#3741,.T.);
#3765 = ORIENTED_EDGE('',*,*,#1620,.T.);
#3766 = ORIENTED_EDGE('',*,*,#3690,.F.);
#3767 = ORIENTED_EDGE('',*,*,#3768,.F.);
#3768 = EDGE_CURVE('',#3718,#2543,#3769,.T.);
#3769 = SURFACE_CURVE('',#3770,(#3774,#3781),.PCURVE_S1.);
#3770 = LINE('',#3771,#3772);
#3771 = CARTESIAN_POINT('',(24.,10.499999992113,11.65));
#3772 = VECTOR('',#3773,1.);
#3773 = DIRECTION('',(-0.,-1.,-0.));
#3774 = PCURVE('',#1636,#3775);
#3775 = DEFINITIONAL_REPRESENTATION('',(#3776),#3780);
#3776 = LINE('',#3777,#3778);
#3777 = CARTESIAN_POINT('',(0.,0.));
#3778 = VECTOR('',#3779,1.);
#3779 = DIRECTION('',(0.,1.));
#3780 = ( GEOMETRIC_REPRESENTATION_CONTEXT(2) 
PARAMETRIC_REPRESENTATION_CONTEXT() REPRESENTATION_CONTEXT('2D SPACE',''
  ) );
#3781 = PCURVE('',#2558,#3782);
#3782 = DEFINITIONAL_REPRESENTATION('',(#3783),#3787);
#3783 = LINE('',#3784,#3785);
#3784 = CARTESIAN_POINT('',(20.999999992113,-2.15));
#3785 = VECTOR('',#3786,1.);
#3786 = DIRECTION('',(-1.,0.));
#3787 = ( GEOMETRIC_REPRESENTATION_CONTEXT(2) 
PARAMETRIC_REPRESENTATION_CONTEXT() REPRESENTATION_CONTEXT('2D SPACE',''
  ) );
#3788 = ADVANCED_FACE('',(#3789),#1754,.F.);
#3789 = FACE_BOUND('',#3790,.F.);
#3790 = EDGE_LOOP('',(#3791,#3792,#3815,#3837));
#3791 = ORIENTED_EDGE('',*,*,#1737,.F.);
#3792 = ORIENTED_EDGE('',*,*,#3793,.F.);
#3793 = EDGE_CURVE('',#3794,#1738,#3796,.T.);
#3794 = VERTEX_POINT('',#3795);
#3795 = CARTESIAN_POINT('',(-13.1,-15.5,11.3));
#3796 = SEAM_CURVE('',#3797,(#3801,#3808),.PCURVE_S1.);
#3797 = LINE('',#3798,#3799);
#3798 = CARTESIAN_POINT('',(-13.1,-15.5,11.3));
#3799 = VECTOR('',#3800,1.);
#3800 = DIRECTION('',(0.,0.,1.));
#3801 = PCURVE('',#1754,#3802);
#3802 = DEFINITIONAL_REPRESENTATION('',(#3803),#3807);
#3803 = LINE('',#3804,#3805);
#3804 = CARTESIAN_POINT('',(6.28318530718,-0.));
#3805 = VECTOR('',#3806,1.);
#3806 = DIRECTION('',(0.,1.));
#3807 = ( GEOMETRIC_REPRESENTATION_CONTEXT(2) 
PARAMETRIC_REPRESENTATION_CONTEXT() REPRESENTATION_CONTEXT('2D SPACE',''
  ) );
#3808 = PCURVE('',#1754,#3809);
#3809 = DEFINITIONAL_REPRESENTATION('',(#3810),#3814);
#3810 = LINE('',#3811,#3812);
#3811 = CARTESIAN_POINT('',(0.,-0.));
#3812 = VECTOR('',#3813,1.);
#3813 = DIRECTION('',(0.,1.));
#3814 = ( GEOMETRIC_REPRESENTATION_CONTEXT(2) 
PARAMETRIC_REPRESENTATION_CONTEXT() REPRESENTATION_CONTEXT('2D SPACE',''
  ) );
#3815 = ORIENTED_EDGE('',*,*,#3816,.T.);
#3816 = EDGE_CURVE('',#3794,#3794,#3817,.T.);
#3817 = SURFACE_CURVE('',#3818,(#3823,#3830),.PCURVE_S1.);
#3818 = CIRCLE('',#3819,1.9);
#3819 = AXIS2_PLACEMENT_3D('',#3820,#3821,#3822);
#3820 = CARTESIAN_POINT('',(-15.,-15.5,11.3));
#3821 = DIRECTION('',(0.,0.,1.));
#3822 = DIRECTION('',(1.,0.,-0.));
#3823 = PCURVE('',#1754,#3824);
#3824 = DEFINITIONAL_REPRESENTATION('',(#3825),#3829);
#3825 = LINE('',#3826,#3827);
#3826 = CARTESIAN_POINT('',(0.,0.));
#3827 = VECTOR('',#3828,1.);
#3828 = DIRECTION('',(1.,0.));
#3829 = ( GEOMETRIC_REPRESENTATION_CONTEXT(2) 
PARAMETRIC_REPRESENTATION_CONTEXT() REPRESENTATION_CONTEXT('2D SPACE',''
  ) );
#3830 = PCURVE('',#2763,#3831);
#3831 = DEFINITIONAL_REPRESENTATION('',(#3832),#3836);
#3832 = CIRCLE('',#3833,1.9);
#3833 = AXIS2_PLACEMENT_2D('',#3834,#3835);
#3834 = CARTESIAN_POINT('',(0.,0.));
#3835 = DIRECTION('',(1.,0.));
#3836 = ( GEOMETRIC_REPRESENTATION_CONTEXT(2) 
PARAMETRIC_REPRESENTATION_CONTEXT() REPRESENTATION_CONTEXT('2D SPACE',''
  ) );
#3837 = ORIENTED_EDGE('',*,*,#3793,.T.);
#3838 = ADVANCED_FACE('',(#3839),#2019,.F.);
#3839 = FACE_BOUND('',#3840,.F.);
#3840 = EDGE_LOOP('',(#3841,#3842,#3865,#3887));
#3841 = ORIENTED_EDGE('',*,*,#2002,.F.);
#3842 = ORIENTED_EDGE('',*,*,#3843,.F.);
#3843 = EDGE_CURVE('',#3844,#2003,#3846,.T.);
#3844 = VERTEX_POINT('',#3845);
#3845 = CARTESIAN_POINT('',(16.9,-15.5,11.3));
#3846 = SEAM_CURVE('',#3847,(#3851,#3858),.PCURVE_S1.);
#3847 = LINE('',#3848,#3849);
#3848 = CARTESIAN_POINT('',(16.9,-15.5,11.3));
#3849 = VECTOR('',#3850,1.);
#3850 = DIRECTION('',(0.,0.,1.));
#3851 = PCURVE('',#2019,#3852);
#3852 = DEFINITIONAL_REPRESENTATION('',(#3853),#3857);
#3853 = LINE('',#3854,#3855);
#3854 = CARTESIAN_POINT('',(6.28318530718,-0.));
#3855 = VECTOR('',#3856,1.);
#3856 = DIRECTION('',(0.,1.));
#3857 = ( GEOMETRIC_REPRESENTATION_CONTEXT(2) 
PARAMETRIC_REPRESENTATION_CONTEXT() REPRESENTATION_CONTEXT('2D SPACE',''
  ) );
#3858 = PCURVE('',#2019,#3859);
#3859 = DEFINITIONAL_REPRESENTATION('',(#3860),#3864);
#3860 = LINE('',#3861,#3862);
#3861 = CARTESIAN_POINT('',(0.,-0.));
#3862 = VECTOR('',#3863,1.);
#3863 = DIRECTION('',(0.,1.));
#3864 = ( GEOMETRIC_REPRESENTATION_CONTEXT(2) 
PARAMETRIC_REPRESENTATION_CONTEXT() REPRESENTATION_CONTEXT('2D SPACE',''
  ) );
#3865 = ORIENTED_EDGE('',*,*,#3866,.T.);
#3866 = EDGE_CURVE('',#3844,#3844,#3867,.T.);
#3867 = SURFACE_CURVE('',#3868,(#3873,#3880),.PCURVE_S1.);
#3868 = CIRCLE('',#3869,1.9);
#3869 = AXIS2_PLACEMENT_3D('',#3870,#3871,#3872);
#3870 = CARTESIAN_POINT('',(15.,-15.5,11.3));
#3871 = DIRECTION('',(0.,0.,1.));
#3872 = DIRECTION('',(1.,0.,-0.));
#3873 = PCURVE('',#2019,#3874);
#3874 = DEFINITIONAL_REPRESENTATION('',(#3875),#3879);
#3875 = LINE('',#3876,#3877);
#3876 = CARTESIAN_POINT('',(0.,0.));
#3877 = VECTOR('',#3878,1.);
#3878 = DIRECTION('',(1.,0.));
#3879 = ( GEOMETRIC_REPRESENTATION_CONTEXT(2) 
PARAMETRIC_REPRESENTATION_CONTEXT() REPRESENTATION_CONTEXT('2D SPACE',''
  ) );
#3880 = PCURVE('',#3061,#3881);
#3881 = DEFINITIONAL_REPRESENTATION('',(#3882),#3886);
#3882 = CIRCLE('',#3883,1.9);
#3883 = AXIS2_PLACEMENT_2D('',#3884,#3885);
#3884 = CARTESIAN_POINT('',(0.,0.));
#3885 = DIRECTION('',(1.,0.));
#3886 = ( GEOMETRIC_REPRESENTATION_CONTEXT(2) 
PARAMETRIC_REPRESENTATION_CONTEXT() REPRESENTATION_CONTEXT('2D SPACE',''
  ) );
#3887 = ORIENTED_EDGE('',*,*,#3843,.T.);
#3888 = ADVANCED_FACE('',(#3889),#2050,.F.);
#3889 = FACE_BOUND('',#3890,.F.);
#3890 = EDGE_LOOP('',(#3891,#3892,#3915,#3937));
#3891 = ORIENTED_EDGE('',*,*,#2033,.F.);
#3892 = ORIENTED_EDGE('',*,*,#3893,.F.);
#3893 = EDGE_CURVE('',#3894,#2034,#3896,.T.);
#3894 = VERTEX_POINT('',#3895);
#3895 = CARTESIAN_POINT('',(-13.1,15.5,11.3));
#3896 = SEAM_CURVE('',#3897,(#3901,#3908),.PCURVE_S1.);
#3897 = LINE('',#3898,#3899);
#3898 = CARTESIAN_POINT('',(-13.1,15.5,11.3));
#3899 = VECTOR('',#3900,1.);
#3900 = DIRECTION('',(0.,0.,1.));
#3901 = PCURVE('',#2050,#3902);
#3902 = DEFINITIONAL_REPRESENTATION('',(#3903),#3907);
#3903 = LINE('',#3904,#3905);
#3904 = CARTESIAN_POINT('',(6.28318530718,-0.));
#3905 = VECTOR('',#3906,1.);
#3906 = DIRECTION('',(0.,1.));
#3907 = ( GEOMETRIC_REPRESENTATION_CONTEXT(2) 
PARAMETRIC_REPRESENTATION_CONTEXT() REPRESENTATION_CONTEXT('2D SPACE',''
  ) );
#3908 = PCURVE('',#2050,#3909);
#3909 = DEFINITIONAL_REPRESENTATION('',(#3910),#3914);
#3910 = LINE('',#3911,#3912);
#3911 = CARTESIAN_POINT('',(0.,-0.));
#3912 = VECTOR('',#3913,1.);
#3913 = DIRECTION('',(0.,1.));
#3914 = ( GEOMETRIC_REPRESENTATION_CONTEXT(2) 
PARAMETRIC_REPRESENTATION_CONTEXT() REPRESENTATION_CONTEXT('2D SPACE',''
  ) );
#3915 = ORIENTED_EDGE('',*,*,#3916,.T.);
#3916 = EDGE_CURVE('',#3894,#3894,#3917,.T.);
#3917 = SURFACE_CURVE('',#3918,(#3923,#3930),.PCURVE_S1.);
#3918 = CIRCLE('',#3919,1.9);
#3919 = AXIS2_PLACEMENT_3D('',#3920,#3921,#3922);
#3920 = CARTESIAN_POINT('',(-15.,15.5,11.3));
#3921 = DIRECTION('',(0.,0.,1.));
#3922 = DIRECTION('',(1.,0.,-0.));
#3923 = PCURVE('',#2050,#3924);
#3924 = DEFINITIONAL_REPRESENTATION('',(#3925),#3929);
#3925 = LINE('',#3926,#3927);
#3926 = CARTESIAN_POINT('',(0.,0.));
#3927 = VECTOR('',#3928,1.);
#3928 = DIRECTION('',(1.,0.));
#3929 = ( GEOMETRIC_REPRESENTATION_CONTEXT(2) 
PARAMETRIC_REPRESENTATION_CONTEXT() REPRESENTATION_CONTEXT('2D SPACE',''
  ) );
#3930 = PCURVE('',#3116,#3931);
#3931 = DEFINITIONAL_REPRESENTATION('',(#3932),#3936);
#3932 = CIRCLE('',#3933,1.9);
#3933 = AXIS2_PLACEMENT_2D('',#3934,#3935);
#3934 = CARTESIAN_POINT('',(0.,0.));
#3935 = DIRECTION('',(1.,0.));
#3936 = ( GEOMETRIC_REPRESENTATION_CONTEXT(2) 
PARAMETRIC_REPRESENTATION_CONTEXT() REPRESENTATION_CONTEXT('2D SPACE',''
  ) );
#3937 = ORIENTED_EDGE('',*,*,#3893,.T.);
#3938 = ADVANCED_FACE('',(#3939),#2107,.F.);
#3939 = FACE_BOUND('',#3940,.F.);
#3940 = EDGE_LOOP('',(#3941,#3971,#3992,#3993));
#3941 = ORIENTED_EDGE('',*,*,#3942,.F.);
#3942 = EDGE_CURVE('',#3943,#3945,#3947,.T.);
#3943 = VERTEX_POINT('',#3944);
#3944 = CARTESIAN_POINT('',(-11.7,-3.9,11.18));
#3945 = VERTEX_POINT('',#3946);
#3946 = CARTESIAN_POINT('',(-11.7,3.899999985662,11.18));
#3947 = SURFACE_CURVE('',#3948,(#3952,#3959),.PCURVE_S1.);
#3948 = LINE('',#3949,#3950);
#3949 = CARTESIAN_POINT('',(-11.7,3.10862446895E-15,11.18));
#3950 = VECTOR('',#3951,1.);
#3951 = DIRECTION('',(0.,1.,0.));
#3952 = PCURVE('',#2107,#3953);
#3953 = DEFINITIONAL_REPRESENTATION('',(#3954),#3958);
#3954 = LINE('',#3955,#3956);
#3955 = CARTESIAN_POINT('',(3.9,0.));
#3956 = VECTOR('',#3957,1.);
#3957 = DIRECTION('',(1.,0.));
#3958 = ( GEOMETRIC_REPRESENTATION_CONTEXT(2) 
PARAMETRIC_REPRESENTATION_CONTEXT() REPRESENTATION_CONTEXT('2D SPACE',''
  ) );
#3959 = PCURVE('',#3960,#3965);
#3960 = PLANE('',#3961);
#3961 = AXIS2_PLACEMENT_3D('',#3962,#3963,#3964);
#3962 = CARTESIAN_POINT('',(6.27206581224E-17,-3.969519154043E-09,11.18)
  );
#3963 = DIRECTION('',(0.,0.,1.));
#3964 = DIRECTION('',(1.,0.,-0.));
#3965 = DEFINITIONAL_REPRESENTATION('',(#3966),#3970);
#3966 = LINE('',#3967,#3968);
#3967 = CARTESIAN_POINT('',(-11.7,3.969522262667E-09));
#3968 = VECTOR('',#3969,1.);
#3969 = DIRECTION('',(0.,1.));
#3970 = ( GEOMETRIC_REPRESENTATION_CONTEXT(2) 
PARAMETRIC_REPRESENTATION_CONTEXT() REPRESENTATION_CONTEXT('2D SPACE',''
  ) );
#3971 = ORIENTED_EDGE('',*,*,#3972,.T.);
#3972 = EDGE_CURVE('',#3943,#2093,#3973,.T.);
#3973 = SURFACE_CURVE('',#3974,(#3978,#3985),.PCURVE_S1.);
#3974 = LINE('',#3975,#3976);
#3975 = CARTESIAN_POINT('',(-11.7,-3.9,11.18));
#3976 = VECTOR('',#3977,1.);
#3977 = DIRECTION('',(0.,0.,1.));
#3978 = PCURVE('',#2107,#3979);
#3979 = DEFINITIONAL_REPRESENTATION('',(#3980),#3984);
#3980 = LINE('',#3981,#3982);
#3981 = CARTESIAN_POINT('',(-4.440892098501E-16,0.));
#3982 = VECTOR('',#3983,1.);
#3983 = DIRECTION('',(0.,-1.));
#3984 = ( GEOMETRIC_REPRESENTATION_CONTEXT(2) 
PARAMETRIC_REPRESENTATION_CONTEXT() REPRESENTATION_CONTEXT('2D SPACE',''
  ) );
#3985 = PCURVE('',#2314,#3986);
#3986 = DEFINITIONAL_REPRESENTATION('',(#3987),#3991);
#3987 = LINE('',#3988,#3989);
#3988 = CARTESIAN_POINT('',(6.28318530718,0.));
#3989 = VECTOR('',#3990,1.);
#3990 = DIRECTION('',(0.,-1.));
#3991 = ( GEOMETRIC_REPRESENTATION_CONTEXT(2) 
PARAMETRIC_REPRESENTATION_CONTEXT() REPRESENTATION_CONTEXT('2D SPACE',''
  ) );
#3992 = ORIENTED_EDGE('',*,*,#2090,.F.);
#3993 = ORIENTED_EDGE('',*,*,#3994,.F.);
#3994 = EDGE_CURVE('',#3945,#2091,#3995,.T.);
#3995 = SURFACE_CURVE('',#3996,(#4000,#4007),.PCURVE_S1.);
#3996 = LINE('',#3997,#3998);
#3997 = CARTESIAN_POINT('',(-11.7,3.899999985662,11.18));
#3998 = VECTOR('',#3999,1.);
#3999 = DIRECTION('',(0.,0.,1.));
#4000 = PCURVE('',#2107,#4001);
#4001 = DEFINITIONAL_REPRESENTATION('',(#4002),#4006);
#4002 = LINE('',#4003,#4004);
#4003 = CARTESIAN_POINT('',(7.799999985662,0.));
#4004 = VECTOR('',#4005,1.);
#4005 = DIRECTION('',(0.,-1.));
#4006 = ( GEOMETRIC_REPRESENTATION_CONTEXT(2) 
PARAMETRIC_REPRESENTATION_CONTEXT() REPRESENTATION_CONTEXT('2D SPACE',''
  ) );
#4007 = PCURVE('',#2139,#4008);
#4008 = DEFINITIONAL_REPRESENTATION('',(#4009),#4013);
#4009 = LINE('',#4010,#4011);
#4010 = CARTESIAN_POINT('',(0.,0.));
#4011 = VECTOR('',#4012,1.);
#4012 = DIRECTION('',(0.,-1.));
#4013 = ( GEOMETRIC_REPRESENTATION_CONTEXT(2) 
PARAMETRIC_REPRESENTATION_CONTEXT() REPRESENTATION_CONTEXT('2D SPACE',''
  ) );
#4014 = ADVANCED_FACE('',(#4015),#2139,.F.);
#4015 = FACE_BOUND('',#4016,.F.);
#4016 = EDGE_LOOP('',(#4017,#4045,#4046,#4047));
#4017 = ORIENTED_EDGE('',*,*,#4018,.F.);
#4018 = EDGE_CURVE('',#3945,#4019,#4021,.T.);
#4019 = VERTEX_POINT('',#4020);
#4020 = CARTESIAN_POINT('',(-7.9,7.699999992831,11.18));
#4021 = SURFACE_CURVE('',#4022,(#4027,#4034),.PCURVE_S1.);
#4022 = CIRCLE('',#4023,3.8);
#4023 = AXIS2_PLACEMENT_3D('',#4024,#4025,#4026);
#4024 = CARTESIAN_POINT('',(-7.9,3.899999985662,11.18));
#4025 = DIRECTION('',(0.,0.,-1.));
#4026 = DIRECTION('',(-1.,0.,0.));
#4027 = PCURVE('',#2139,#4028);
#4028 = DEFINITIONAL_REPRESENTATION('',(#4029),#4033);
#4029 = LINE('',#4030,#4031);
#4030 = CARTESIAN_POINT('',(0.,0.));
#4031 = VECTOR('',#4032,1.);
#4032 = DIRECTION('',(1.,0.));
#4033 = ( GEOMETRIC_REPRESENTATION_CONTEXT(2) 
PARAMETRIC_REPRESENTATION_CONTEXT() REPRESENTATION_CONTEXT('2D SPACE',''
  ) );
#4034 = PCURVE('',#3960,#4035);
#4035 = DEFINITIONAL_REPRESENTATION('',(#4036),#4044);
#4036 = ( BOUNDED_CURVE() B_SPLINE_CURVE(2,(#4037,#4038,#4039,#4040,
#4041,#4042,#4043),.UNSPECIFIED.,.T.,.F.) B_SPLINE_CURVE_WITH_KNOTS((1,2
    ,2,2,2,1),(-2.094395102393,0.,2.094395102393,4.188790204786,
6.28318530718,8.377580409573),.UNSPECIFIED.) CURVE() 
GEOMETRIC_REPRESENTATION_ITEM() RATIONAL_B_SPLINE_CURVE((1.,0.5,1.,0.5,
1.,0.5,1.)) REPRESENTATION_ITEM('') );
#4037 = CARTESIAN_POINT('',(-11.7,3.899999989631));
#4038 = CARTESIAN_POINT('',(-11.7,10.481793058393));
#4039 = CARTESIAN_POINT('',(-6.,7.190896524012));
#4040 = CARTESIAN_POINT('',(-0.3,3.899999989631));
#4041 = CARTESIAN_POINT('',(-6.,0.60910345525));
#4042 = CARTESIAN_POINT('',(-11.7,-2.68179307913));
#4043 = CARTESIAN_POINT('',(-11.7,3.899999989631));
#4044 = ( GEOMETRIC_REPRESENTATION_CONTEXT(2) 
PARAMETRIC_REPRESENTATION_CONTEXT() REPRESENTATION_CONTEXT('2D SPACE',''
  ) );
#4045 = ORIENTED_EDGE('',*,*,#3994,.T.);
#4046 = ORIENTED_EDGE('',*,*,#2118,.T.);
#4047 = ORIENTED_EDGE('',*,*,#4048,.F.);
#4048 = EDGE_CURVE('',#4019,#2119,#4049,.T.);
#4049 = SURFACE_CURVE('',#4050,(#4054,#4061),.PCURVE_S1.);
#4050 = LINE('',#4051,#4052);
#4051 = CARTESIAN_POINT('',(-7.9,7.699999992831,11.18));
#4052 = VECTOR('',#4053,1.);
#4053 = DIRECTION('',(0.,0.,1.));
#4054 = PCURVE('',#2139,#4055);
#4055 = DEFINITIONAL_REPRESENTATION('',(#4056),#4060);
#4056 = LINE('',#4057,#4058);
#4057 = CARTESIAN_POINT('',(1.570796326795,0.));
#4058 = VECTOR('',#4059,1.);
#4059 = DIRECTION('',(0.,-1.));
#4060 = ( GEOMETRIC_REPRESENTATION_CONTEXT(2) 
PARAMETRIC_REPRESENTATION_CONTEXT() REPRESENTATION_CONTEXT('2D SPACE',''
  ) );
#4061 = PCURVE('',#2166,#4062);
#4062 = DEFINITIONAL_REPRESENTATION('',(#4063),#4067);
#4063 = LINE('',#4064,#4065);
#4064 = CARTESIAN_POINT('',(0.,0.));
#4065 = VECTOR('',#4066,1.);
#4066 = DIRECTION('',(0.,-1.));
#4067 = ( GEOMETRIC_REPRESENTATION_CONTEXT(2) 
PARAMETRIC_REPRESENTATION_CONTEXT() REPRESENTATION_CONTEXT('2D SPACE',''
  ) );
#4068 = ADVANCED_FACE('',(#4069),#2314,.F.);
#4069 = FACE_BOUND('',#4070,.F.);
#4070 = EDGE_LOOP('',(#4071,#4099,#4120,#4121));
#4071 = ORIENTED_EDGE('',*,*,#4072,.F.);
#4072 = EDGE_CURVE('',#4073,#3943,#4075,.T.);
#4073 = VERTEX_POINT('',#4074);
#4074 = CARTESIAN_POINT('',(-7.9,-7.7,11.18));
#4075 = SURFACE_CURVE('',#4076,(#4081,#4088),.PCURVE_S1.);
#4076 = CIRCLE('',#4077,3.8);
#4077 = AXIS2_PLACEMENT_3D('',#4078,#4079,#4080);
#4078 = CARTESIAN_POINT('',(-7.9,-3.9,11.18));
#4079 = DIRECTION('',(0.,0.,-1.));
#4080 = DIRECTION('',(-1.,0.,0.));
#4081 = PCURVE('',#2314,#4082);
#4082 = DEFINITIONAL_REPRESENTATION('',(#4083),#4087);
#4083 = LINE('',#4084,#4085);
#4084 = CARTESIAN_POINT('',(0.,0.));
#4085 = VECTOR('',#4086,1.);
#4086 = DIRECTION('',(1.,0.));
#4087 = ( GEOMETRIC_REPRESENTATION_CONTEXT(2) 
PARAMETRIC_REPRESENTATION_CONTEXT() REPRESENTATION_CONTEXT('2D SPACE',''
  ) );
#4088 = PCURVE('',#3960,#4089);
#4089 = DEFINITIONAL_REPRESENTATION('',(#4090),#4098);
#4090 = ( BOUNDED_CURVE() B_SPLINE_CURVE(2,(#4091,#4092,#4093,#4094,
#4095,#4096,#4097),.UNSPECIFIED.,.T.,.F.) B_SPLINE_CURVE_WITH_KNOTS((1,2
    ,2,2,2,1),(-2.094395102393,0.,2.094395102393,4.188790204786,
6.28318530718,8.377580409573),.UNSPECIFIED.) CURVE() 
GEOMETRIC_REPRESENTATION_ITEM() RATIONAL_B_SPLINE_CURVE((1.,0.5,1.,0.5,
1.,0.5,1.)) REPRESENTATION_ITEM('') );
#4091 = CARTESIAN_POINT('',(-11.7,-3.89999999603));
#4092 = CARTESIAN_POINT('',(-11.7,2.681793072731));
#4093 = CARTESIAN_POINT('',(-6.,-0.60910346165));
#4094 = CARTESIAN_POINT('',(-0.3,-3.89999999603));
#4095 = CARTESIAN_POINT('',(-6.,-7.190896530411));
#4096 = CARTESIAN_POINT('',(-11.7,-10.48179306479));
#4097 = CARTESIAN_POINT('',(-11.7,-3.89999999603));
#4098 = ( GEOMETRIC_REPRESENTATION_CONTEXT(2) 
PARAMETRIC_REPRESENTATION_CONTEXT() REPRESENTATION_CONTEXT('2D SPACE',''
  ) );
#4099 = ORIENTED_EDGE('',*,*,#4100,.T.);
#4100 = EDGE_CURVE('',#4073,#2270,#4101,.T.);
#4101 = SURFACE_CURVE('',#4102,(#4106,#4113),.PCURVE_S1.);
#4102 = LINE('',#4103,#4104);
#4103 = CARTESIAN_POINT('',(-7.9,-7.7,11.18));
#4104 = VECTOR('',#4105,1.);
#4105 = DIRECTION('',(0.,0.,1.));
#4106 = PCURVE('',#2314,#4107);
#4107 = DEFINITIONAL_REPRESENTATION('',(#4108),#4112);
#4108 = LINE('',#4109,#4110);
#4109 = CARTESIAN_POINT('',(4.712388980385,0.));
#4110 = VECTOR('',#4111,1.);
#4111 = DIRECTION('',(0.,-1.));
#4112 = ( GEOMETRIC_REPRESENTATION_CONTEXT(2) 
PARAMETRIC_REPRESENTATION_CONTEXT() REPRESENTATION_CONTEXT('2D SPACE',''
  ) );
#4113 = PCURVE('',#2284,#4114);
#4114 = DEFINITIONAL_REPRESENTATION('',(#4115),#4119);
#4115 = LINE('',#4116,#4117);
#4116 = CARTESIAN_POINT('',(0.,0.));
#4117 = VECTOR('',#4118,1.);
#4118 = DIRECTION('',(0.,-1.));
#4119 = ( GEOMETRIC_REPRESENTATION_CONTEXT(2) 
PARAMETRIC_REPRESENTATION_CONTEXT() REPRESENTATION_CONTEXT('2D SPACE',''
  ) );
#4120 = ORIENTED_EDGE('',*,*,#2295,.T.);
#4121 = ORIENTED_EDGE('',*,*,#3972,.F.);
#4122 = ADVANCED_FACE('',(#4123),#2166,.F.);
#4123 = FACE_BOUND('',#4124,.F.);
#4124 = EDGE_LOOP('',(#4125,#4148,#4149,#4150));
#4125 = ORIENTED_EDGE('',*,*,#4126,.F.);
#4126 = EDGE_CURVE('',#4019,#4127,#4129,.T.);
#4127 = VERTEX_POINT('',#4128);
#4128 = CARTESIAN_POINT('',(7.9,7.699999992831,11.18));
#4129 = SURFACE_CURVE('',#4130,(#4134,#4141),.PCURVE_S1.);
#4130 = LINE('',#4131,#4132);
#4131 = CARTESIAN_POINT('',(0.,7.7,11.18));
#4132 = VECTOR('',#4133,1.);
#4133 = DIRECTION('',(1.,0.,0.));
#4134 = PCURVE('',#2166,#4135);
#4135 = DEFINITIONAL_REPRESENTATION('',(#4136),#4140);
#4136 = LINE('',#4137,#4138);
#4137 = CARTESIAN_POINT('',(7.9,0.));
#4138 = VECTOR('',#4139,1.);
#4139 = DIRECTION('',(1.,0.));
#4140 = ( GEOMETRIC_REPRESENTATION_CONTEXT(2) 
PARAMETRIC_REPRESENTATION_CONTEXT() REPRESENTATION_CONTEXT('2D SPACE',''
  ) );
#4141 = PCURVE('',#3960,#4142);
#4142 = DEFINITIONAL_REPRESENTATION('',(#4143),#4147);
#4143 = LINE('',#4144,#4145);
#4144 = CARTESIAN_POINT('',(-6.27206581224E-17,7.70000000397));
#4145 = VECTOR('',#4146,1.);
#4146 = DIRECTION('',(1.,0.));
#4147 = ( GEOMETRIC_REPRESENTATION_CONTEXT(2) 
PARAMETRIC_REPRESENTATION_CONTEXT() REPRESENTATION_CONTEXT('2D SPACE',''
  ) );
#4148 = ORIENTED_EDGE('',*,*,#4048,.T.);
#4149 = ORIENTED_EDGE('',*,*,#2151,.F.);
#4150 = ORIENTED_EDGE('',*,*,#4151,.F.);
#4151 = EDGE_CURVE('',#4127,#2152,#4152,.T.);
#4152 = SURFACE_CURVE('',#4153,(#4157,#4164),.PCURVE_S1.);
#4153 = LINE('',#4154,#4155);
#4154 = CARTESIAN_POINT('',(7.9,7.699999992831,11.18));
#4155 = VECTOR('',#4156,1.);
#4156 = DIRECTION('',(0.,0.,1.));
#4157 = PCURVE('',#2166,#4158);
#4158 = DEFINITIONAL_REPRESENTATION('',(#4159),#4163);
#4159 = LINE('',#4160,#4161);
#4160 = CARTESIAN_POINT('',(15.8,0.));
#4161 = VECTOR('',#4162,1.);
#4162 = DIRECTION('',(0.,-1.));
#4163 = ( GEOMETRIC_REPRESENTATION_CONTEXT(2) 
PARAMETRIC_REPRESENTATION_CONTEXT() REPRESENTATION_CONTEXT('2D SPACE',''
  ) );
#4164 = PCURVE('',#2198,#4165);
#4165 = DEFINITIONAL_REPRESENTATION('',(#4166),#4170);
#4166 = LINE('',#4167,#4168);
#4167 = CARTESIAN_POINT('',(1.570796326795,0.));
#4168 = VECTOR('',#4169,1.);
#4169 = DIRECTION('',(0.,-1.));
#4170 = ( GEOMETRIC_REPRESENTATION_CONTEXT(2) 
PARAMETRIC_REPRESENTATION_CONTEXT() REPRESENTATION_CONTEXT('2D SPACE',''
  ) );
#4171 = ADVANCED_FACE('',(#4172),#2284,.T.);
#4172 = FACE_BOUND('',#4173,.T.);
#4173 = EDGE_LOOP('',(#4174,#4197,#4198,#4199));
#4174 = ORIENTED_EDGE('',*,*,#4175,.F.);
#4175 = EDGE_CURVE('',#4073,#4176,#4178,.T.);
#4176 = VERTEX_POINT('',#4177);
#4177 = CARTESIAN_POINT('',(7.9,-7.7,11.18));
#4178 = SURFACE_CURVE('',#4179,(#4183,#4190),.PCURVE_S1.);
#4179 = LINE('',#4180,#4181);
#4180 = CARTESIAN_POINT('',(0.,-7.7,11.18));
#4181 = VECTOR('',#4182,1.);
#4182 = DIRECTION('',(1.,0.,0.));
#4183 = PCURVE('',#2284,#4184);
#4184 = DEFINITIONAL_REPRESENTATION('',(#4185),#4189);
#4185 = LINE('',#4186,#4187);
#4186 = CARTESIAN_POINT('',(7.9,0.));
#4187 = VECTOR('',#4188,1.);
#4188 = DIRECTION('',(1.,0.));
#4189 = ( GEOMETRIC_REPRESENTATION_CONTEXT(2) 
PARAMETRIC_REPRESENTATION_CONTEXT() REPRESENTATION_CONTEXT('2D SPACE',''
  ) );
#4190 = PCURVE('',#3960,#4191);
#4191 = DEFINITIONAL_REPRESENTATION('',(#4192),#4196);
#4192 = LINE('',#4193,#4194);
#4193 = CARTESIAN_POINT('',(-6.27206581224E-17,-7.69999999603));
#4194 = VECTOR('',#4195,1.);
#4195 = DIRECTION('',(1.,0.));
#4196 = ( GEOMETRIC_REPRESENTATION_CONTEXT(2) 
PARAMETRIC_REPRESENTATION_CONTEXT() REPRESENTATION_CONTEXT('2D SPACE',''
  ) );
#4197 = ORIENTED_EDGE('',*,*,#4100,.T.);
#4198 = ORIENTED_EDGE('',*,*,#2269,.F.);
#4199 = ORIENTED_EDGE('',*,*,#4200,.F.);
#4200 = EDGE_CURVE('',#4176,#2237,#4201,.T.);
#4201 = SURFACE_CURVE('',#4202,(#4206,#4213),.PCURVE_S1.);
#4202 = LINE('',#4203,#4204);
#4203 = CARTESIAN_POINT('',(7.9,-7.7,11.18));
#4204 = VECTOR('',#4205,1.);
#4205 = DIRECTION('',(0.,0.,1.));
#4206 = PCURVE('',#2284,#4207);
#4207 = DEFINITIONAL_REPRESENTATION('',(#4208),#4212);
#4208 = LINE('',#4209,#4210);
#4209 = CARTESIAN_POINT('',(15.8,0.));
#4210 = VECTOR('',#4211,1.);
#4211 = DIRECTION('',(0.,-1.));
#4212 = ( GEOMETRIC_REPRESENTATION_CONTEXT(2) 
PARAMETRIC_REPRESENTATION_CONTEXT() REPRESENTATION_CONTEXT('2D SPACE',''
  ) );
#4213 = PCURVE('',#2257,#4214);
#4214 = DEFINITIONAL_REPRESENTATION('',(#4215),#4219);
#4215 = LINE('',#4216,#4217);
#4216 = CARTESIAN_POINT('',(4.712388980385,0.));
#4217 = VECTOR('',#4218,1.);
#4218 = DIRECTION('',(0.,-1.));
#4219 = ( GEOMETRIC_REPRESENTATION_CONTEXT(2) 
PARAMETRIC_REPRESENTATION_CONTEXT() REPRESENTATION_CONTEXT('2D SPACE',''
  ) );
#4220 = ADVANCED_FACE('',(#4221),#2198,.F.);
#4221 = FACE_BOUND('',#4222,.F.);
#4222 = EDGE_LOOP('',(#4223,#4251,#4252,#4253));
#4223 = ORIENTED_EDGE('',*,*,#4224,.F.);
#4224 = EDGE_CURVE('',#4127,#4225,#4227,.T.);
#4225 = VERTEX_POINT('',#4226);
#4226 = CARTESIAN_POINT('',(11.7,3.899999985662,11.18));
#4227 = SURFACE_CURVE('',#4228,(#4233,#4240),.PCURVE_S1.);
#4228 = CIRCLE('',#4229,3.8);
#4229 = AXIS2_PLACEMENT_3D('',#4230,#4231,#4232);
#4230 = CARTESIAN_POINT('',(7.9,3.899999985662,11.18));
#4231 = DIRECTION('',(0.,0.,-1.));
#4232 = DIRECTION('',(-1.,0.,0.));
#4233 = PCURVE('',#2198,#4234);
#4234 = DEFINITIONAL_REPRESENTATION('',(#4235),#4239);
#4235 = LINE('',#4236,#4237);
#4236 = CARTESIAN_POINT('',(0.,0.));
#4237 = VECTOR('',#4238,1.);
#4238 = DIRECTION('',(1.,0.));
#4239 = ( GEOMETRIC_REPRESENTATION_CONTEXT(2) 
PARAMETRIC_REPRESENTATION_CONTEXT() REPRESENTATION_CONTEXT('2D SPACE',''
  ) );
#4240 = PCURVE('',#3960,#4241);
#4241 = DEFINITIONAL_REPRESENTATION('',(#4242),#4250);
#4242 = ( BOUNDED_CURVE() B_SPLINE_CURVE(2,(#4243,#4244,#4245,#4246,
#4247,#4248,#4249),.UNSPECIFIED.,.T.,.F.) B_SPLINE_CURVE_WITH_KNOTS((1,2
    ,2,2,2,1),(-2.094395102393,0.,2.094395102393,4.188790204786,
6.28318530718,8.377580409573),.UNSPECIFIED.) CURVE() 
GEOMETRIC_REPRESENTATION_ITEM() RATIONAL_B_SPLINE_CURVE((1.,0.5,1.,0.5,
1.,0.5,1.)) REPRESENTATION_ITEM('') );
#4243 = CARTESIAN_POINT('',(4.1,3.899999989631));
#4244 = CARTESIAN_POINT('',(4.1,10.481793058393));
#4245 = CARTESIAN_POINT('',(9.8,7.190896524012));
#4246 = CARTESIAN_POINT('',(15.5,3.899999989631));
#4247 = CARTESIAN_POINT('',(9.8,0.60910345525));
#4248 = CARTESIAN_POINT('',(4.1,-2.68179307913));
#4249 = CARTESIAN_POINT('',(4.1,3.899999989631));
#4250 = ( GEOMETRIC_REPRESENTATION_CONTEXT(2) 
PARAMETRIC_REPRESENTATION_CONTEXT() REPRESENTATION_CONTEXT('2D SPACE',''
  ) );
#4251 = ORIENTED_EDGE('',*,*,#4151,.T.);
#4252 = ORIENTED_EDGE('',*,*,#2177,.T.);
#4253 = ORIENTED_EDGE('',*,*,#4254,.F.);
#4254 = EDGE_CURVE('',#4225,#2178,#4255,.T.);
#4255 = SURFACE_CURVE('',#4256,(#4260,#4267),.PCURVE_S1.);
#4256 = LINE('',#4257,#4258);
#4257 = CARTESIAN_POINT('',(11.7,3.899999985662,11.18));
#4258 = VECTOR('',#4259,1.);
#4259 = DIRECTION('',(0.,0.,1.));
#4260 = PCURVE('',#2198,#4261);
#4261 = DEFINITIONAL_REPRESENTATION('',(#4262),#4266);
#4262 = LINE('',#4263,#4264);
#4263 = CARTESIAN_POINT('',(3.14159265359,0.));
#4264 = VECTOR('',#4265,1.);
#4265 = DIRECTION('',(0.,-1.));
#4266 = ( GEOMETRIC_REPRESENTATION_CONTEXT(2) 
PARAMETRIC_REPRESENTATION_CONTEXT() REPRESENTATION_CONTEXT('2D SPACE',''
  ) );
#4267 = PCURVE('',#2225,#4268);
#4268 = DEFINITIONAL_REPRESENTATION('',(#4269),#4273);
#4269 = LINE('',#4270,#4271);
#4270 = CARTESIAN_POINT('',(7.799999985662,0.));
#4271 = VECTOR('',#4272,1.);
#4272 = DIRECTION('',(0.,-1.));
#4273 = ( GEOMETRIC_REPRESENTATION_CONTEXT(2) 
PARAMETRIC_REPRESENTATION_CONTEXT() REPRESENTATION_CONTEXT('2D SPACE',''
  ) );
#4274 = ADVANCED_FACE('',(#4275),#2257,.F.);
#4275 = FACE_BOUND('',#4276,.F.);
#4276 = EDGE_LOOP('',(#4277,#4305,#4326,#4327));
#4277 = ORIENTED_EDGE('',*,*,#4278,.F.);
#4278 = EDGE_CURVE('',#4279,#4176,#4281,.T.);
#4279 = VERTEX_POINT('',#4280);
#4280 = CARTESIAN_POINT('',(11.7,-3.9,11.18));
#4281 = SURFACE_CURVE('',#4282,(#4287,#4294),.PCURVE_S1.);
#4282 = CIRCLE('',#4283,3.8);
#4283 = AXIS2_PLACEMENT_3D('',#4284,#4285,#4286);
#4284 = CARTESIAN_POINT('',(7.9,-3.9,11.18));
#4285 = DIRECTION('',(0.,0.,-1.));
#4286 = DIRECTION('',(-1.,0.,0.));
#4287 = PCURVE('',#2257,#4288);
#4288 = DEFINITIONAL_REPRESENTATION('',(#4289),#4293);
#4289 = LINE('',#4290,#4291);
#4290 = CARTESIAN_POINT('',(0.,0.));
#4291 = VECTOR('',#4292,1.);
#4292 = DIRECTION('',(1.,0.));
#4293 = ( GEOMETRIC_REPRESENTATION_CONTEXT(2) 
PARAMETRIC_REPRESENTATION_CONTEXT() REPRESENTATION_CONTEXT('2D SPACE',''
  ) );
#4294 = PCURVE('',#3960,#4295);
#4295 = DEFINITIONAL_REPRESENTATION('',(#4296),#4304);
#4296 = ( BOUNDED_CURVE() B_SPLINE_CURVE(2,(#4297,#4298,#4299,#4300,
#4301,#4302,#4303),.UNSPECIFIED.,.T.,.F.) B_SPLINE_CURVE_WITH_KNOTS((1,2
    ,2,2,2,1),(-2.094395102393,0.,2.094395102393,4.188790204786,
6.28318530718,8.377580409573),.UNSPECIFIED.) CURVE() 
GEOMETRIC_REPRESENTATION_ITEM() RATIONAL_B_SPLINE_CURVE((1.,0.5,1.,0.5,
1.,0.5,1.)) REPRESENTATION_ITEM('') );
#4297 = CARTESIAN_POINT('',(4.1,-3.89999999603));
#4298 = CARTESIAN_POINT('',(4.1,2.681793072731));
#4299 = CARTESIAN_POINT('',(9.8,-0.60910346165));
#4300 = CARTESIAN_POINT('',(15.5,-3.89999999603));
#4301 = CARTESIAN_POINT('',(9.8,-7.190896530411));
#4302 = CARTESIAN_POINT('',(4.1,-10.48179306479));
#4303 = CARTESIAN_POINT('',(4.1,-3.89999999603));
#4304 = ( GEOMETRIC_REPRESENTATION_CONTEXT(2) 
PARAMETRIC_REPRESENTATION_CONTEXT() REPRESENTATION_CONTEXT('2D SPACE',''
  ) );
#4305 = ORIENTED_EDGE('',*,*,#4306,.T.);
#4306 = EDGE_CURVE('',#4279,#2211,#4307,.T.);
#4307 = SURFACE_CURVE('',#4308,(#4312,#4319),.PCURVE_S1.);
#4308 = LINE('',#4309,#4310);
#4309 = CARTESIAN_POINT('',(11.7,-3.9,11.18));
#4310 = VECTOR('',#4311,1.);
#4311 = DIRECTION('',(0.,0.,1.));
#4312 = PCURVE('',#2257,#4313);
#4313 = DEFINITIONAL_REPRESENTATION('',(#4314),#4318);
#4314 = LINE('',#4315,#4316);
#4315 = CARTESIAN_POINT('',(3.14159265359,0.));
#4316 = VECTOR('',#4317,1.);
#4317 = DIRECTION('',(0.,-1.));
#4318 = ( GEOMETRIC_REPRESENTATION_CONTEXT(2) 
PARAMETRIC_REPRESENTATION_CONTEXT() REPRESENTATION_CONTEXT('2D SPACE',''
  ) );
#4319 = PCURVE('',#2225,#4320);
#4320 = DEFINITIONAL_REPRESENTATION('',(#4321),#4325);
#4321 = LINE('',#4322,#4323);
#4322 = CARTESIAN_POINT('',(0.,0.));
#4323 = VECTOR('',#4324,1.);
#4324 = DIRECTION('',(0.,-1.));
#4325 = ( GEOMETRIC_REPRESENTATION_CONTEXT(2) 
PARAMETRIC_REPRESENTATION_CONTEXT() REPRESENTATION_CONTEXT('2D SPACE',''
  ) );
#4326 = ORIENTED_EDGE('',*,*,#2236,.T.);
#4327 = ORIENTED_EDGE('',*,*,#4200,.F.);
#4328 = ADVANCED_FACE('',(#4329),#2225,.T.);
#4329 = FACE_BOUND('',#4330,.T.);
#4330 = EDGE_LOOP('',(#4331,#4352,#4353,#4354));
#4331 = ORIENTED_EDGE('',*,*,#4332,.F.);
#4332 = EDGE_CURVE('',#4279,#4225,#4333,.T.);
#4333 = SURFACE_CURVE('',#4334,(#4338,#4345),.PCURVE_S1.);
#4334 = LINE('',#4335,#4336);
#4335 = CARTESIAN_POINT('',(11.7,3.10862446895E-15,11.18));
#4336 = VECTOR('',#4337,1.);
#4337 = DIRECTION('',(0.,1.,0.));
#4338 = PCURVE('',#2225,#4339);
#4339 = DEFINITIONAL_REPRESENTATION('',(#4340),#4344);
#4340 = LINE('',#4341,#4342);
#4341 = CARTESIAN_POINT('',(3.9,0.));
#4342 = VECTOR('',#4343,1.);
#4343 = DIRECTION('',(1.,0.));
#4344 = ( GEOMETRIC_REPRESENTATION_CONTEXT(2) 
PARAMETRIC_REPRESENTATION_CONTEXT() REPRESENTATION_CONTEXT('2D SPACE',''
  ) );
#4345 = PCURVE('',#3960,#4346);
#4346 = DEFINITIONAL_REPRESENTATION('',(#4347),#4351);
#4347 = LINE('',#4348,#4349);
#4348 = CARTESIAN_POINT('',(11.7,3.969522262667E-09));
#4349 = VECTOR('',#4350,1.);
#4350 = DIRECTION('',(0.,1.));
#4351 = ( GEOMETRIC_REPRESENTATION_CONTEXT(2) 
PARAMETRIC_REPRESENTATION_CONTEXT() REPRESENTATION_CONTEXT('2D SPACE',''
  ) );
#4352 = ORIENTED_EDGE('',*,*,#4306,.T.);
#4353 = ORIENTED_EDGE('',*,*,#2210,.F.);
#4354 = ORIENTED_EDGE('',*,*,#4254,.F.);
#4355 = ADVANCED_FACE('',(#4356),#2371,.F.);
#4356 = FACE_BOUND('',#4357,.F.);
#4357 = EDGE_LOOP('',(#4358,#4359,#4382,#4404));
#4358 = ORIENTED_EDGE('',*,*,#2354,.F.);
#4359 = ORIENTED_EDGE('',*,*,#4360,.F.);
#4360 = EDGE_CURVE('',#4361,#2355,#4363,.T.);
#4361 = VERTEX_POINT('',#4362);
#4362 = CARTESIAN_POINT('',(16.9,15.5,11.3));
#4363 = SEAM_CURVE('',#4364,(#4368,#4375),.PCURVE_S1.);
#4364 = LINE('',#4365,#4366);
#4365 = CARTESIAN_POINT('',(16.9,15.5,11.3));
#4366 = VECTOR('',#4367,1.);
#4367 = DIRECTION('',(0.,0.,1.));
#4368 = PCURVE('',#2371,#4369);
#4369 = DEFINITIONAL_REPRESENTATION('',(#4370),#4374);
#4370 = LINE('',#4371,#4372);
#4371 = CARTESIAN_POINT('',(6.28318530718,-0.));
#4372 = VECTOR('',#4373,1.);
#4373 = DIRECTION('',(0.,1.));
#4374 = ( GEOMETRIC_REPRESENTATION_CONTEXT(2) 
PARAMETRIC_REPRESENTATION_CONTEXT() REPRESENTATION_CONTEXT('2D SPACE',''
  ) );
#4375 = PCURVE('',#2371,#4376);
#4376 = DEFINITIONAL_REPRESENTATION('',(#4377),#4381);
#4377 = LINE('',#4378,#4379);
#4378 = CARTESIAN_POINT('',(0.,-0.));
#4379 = VECTOR('',#4380,1.);
#4380 = DIRECTION('',(0.,1.));
#4381 = ( GEOMETRIC_REPRESENTATION_CONTEXT(2) 
PARAMETRIC_REPRESENTATION_CONTEXT() REPRESENTATION_CONTEXT('2D SPACE',''
  ) );
#4382 = ORIENTED_EDGE('',*,*,#4383,.T.);
#4383 = EDGE_CURVE('',#4361,#4361,#4384,.T.);
#4384 = SURFACE_CURVE('',#4385,(#4390,#4397),.PCURVE_S1.);
#4385 = CIRCLE('',#4386,1.9);
#4386 = AXIS2_PLACEMENT_3D('',#4387,#4388,#4389);
#4387 = CARTESIAN_POINT('',(15.,15.5,11.3));
#4388 = DIRECTION('',(0.,0.,1.));
#4389 = DIRECTION('',(1.,0.,-0.));
#4390 = PCURVE('',#2371,#4391);
#4391 = DEFINITIONAL_REPRESENTATION('',(#4392),#4396);
#4392 = LINE('',#4393,#4394);
#4393 = CARTESIAN_POINT('',(0.,0.));
#4394 = VECTOR('',#4395,1.);
#4395 = DIRECTION('',(1.,0.));
#4396 = ( GEOMETRIC_REPRESENTATION_CONTEXT(2) 
PARAMETRIC_REPRESENTATION_CONTEXT() REPRESENTATION_CONTEXT('2D SPACE',''
  ) );
#4397 = PCURVE('',#3626,#4398);
#4398 = DEFINITIONAL_REPRESENTATION('',(#4399),#4403);
#4399 = CIRCLE('',#4400,1.9);
#4400 = AXIS2_PLACEMENT_2D('',#4401,#4402);
#4401 = CARTESIAN_POINT('',(0.,0.));
#4402 = DIRECTION('',(1.,0.));
#4403 = ( GEOMETRIC_REPRESENTATION_CONTEXT(2) 
PARAMETRIC_REPRESENTATION_CONTEXT() REPRESENTATION_CONTEXT('2D SPACE',''
  ) );
#4404 = ORIENTED_EDGE('',*,*,#4360,.T.);
#4405 = ADVANCED_FACE('',(#4406),#2452,.T.);
#4406 = FACE_BOUND('',#4407,.T.);
#4407 = EDGE_LOOP('',(#4408,#4409,#4410,#4431));
#4408 = ORIENTED_EDGE('',*,*,#2436,.T.);
#4409 = ORIENTED_EDGE('',*,*,#3717,.T.);
#4410 = ORIENTED_EDGE('',*,*,#4411,.F.);
#4411 = EDGE_CURVE('',#2672,#3718,#4412,.T.);
#4412 = SURFACE_CURVE('',#4413,(#4417,#4424),.PCURVE_S1.);
#4413 = LINE('',#4414,#4415);
#4414 = CARTESIAN_POINT('',(24.,10.499999992113,9.5));
#4415 = VECTOR('',#4416,1.);
#4416 = DIRECTION('',(0.,0.,1.));
#4417 = PCURVE('',#2452,#4418);
#4418 = DEFINITIONAL_REPRESENTATION('',(#4419),#4423);
#4419 = LINE('',#4420,#4421);
#4420 = CARTESIAN_POINT('',(3.14159265359,0.));
#4421 = VECTOR('',#4422,1.);
#4422 = DIRECTION('',(0.,-1.));
#4423 = ( GEOMETRIC_REPRESENTATION_CONTEXT(2) 
PARAMETRIC_REPRESENTATION_CONTEXT() REPRESENTATION_CONTEXT('2D SPACE',''
  ) );
#4424 = PCURVE('',#2558,#4425);
#4425 = DEFINITIONAL_REPRESENTATION('',(#4426),#4430);
#4426 = LINE('',#4427,#4428);
#4427 = CARTESIAN_POINT('',(20.999999992113,0.));
#4428 = VECTOR('',#4429,1.);
#4429 = DIRECTION('',(0.,-1.));
#4430 = ( GEOMETRIC_REPRESENTATION_CONTEXT(2) 
PARAMETRIC_REPRESENTATION_CONTEXT() REPRESENTATION_CONTEXT('2D SPACE',''
  ) );
#4431 = ORIENTED_EDGE('',*,*,#2671,.F.);
#4432 = ADVANCED_FACE('',(#4433),#2558,.F.);
#4433 = FACE_BOUND('',#4434,.F.);
#4434 = EDGE_LOOP('',(#4435,#4436,#4437,#4438));
#4435 = ORIENTED_EDGE('',*,*,#2540,.T.);
#4436 = ORIENTED_EDGE('',*,*,#3768,.F.);
#4437 = ORIENTED_EDGE('',*,*,#4411,.F.);
#4438 = ORIENTED_EDGE('',*,*,#2722,.T.);
#4439 = ADVANCED_FACE('',(#4440,#4443),#2763,.T.);
#4440 = FACE_BOUND('',#4441,.T.);
#4441 = EDGE_LOOP('',(#4442));
#4442 = ORIENTED_EDGE('',*,*,#3816,.T.);
#4443 = FACE_BOUND('',#4444,.T.);
#4444 = EDGE_LOOP('',(#4445));
#4445 = ORIENTED_EDGE('',*,*,#2746,.F.);
#4446 = ADVANCED_FACE('',(#4447,#4450),#3061,.T.);
#4447 = FACE_BOUND('',#4448,.T.);
#4448 = EDGE_LOOP('',(#4449));
#4449 = ORIENTED_EDGE('',*,*,#3866,.T.);
#4450 = FACE_BOUND('',#4451,.T.);
#4451 = EDGE_LOOP('',(#4452));
#4452 = ORIENTED_EDGE('',*,*,#3044,.F.);
#4453 = ADVANCED_FACE('',(#4454,#4457),#3116,.T.);
#4454 = FACE_BOUND('',#4455,.T.);
#4455 = EDGE_LOOP('',(#4456));
#4456 = ORIENTED_EDGE('',*,*,#3916,.T.);
#4457 = FACE_BOUND('',#4458,.T.);
#4458 = EDGE_LOOP('',(#4459));
#4459 = ORIENTED_EDGE('',*,*,#3099,.F.);
#4460 = ADVANCED_FACE('',(#4461,#4471),#3221,.F.);
#4461 = FACE_BOUND('',#4462,.F.);
#4462 = EDGE_LOOP('',(#4463,#4464,#4465,#4466,#4467,#4468,#4469,#4470));
#4463 = ORIENTED_EDGE('',*,*,#3205,.F.);
#4464 = ORIENTED_EDGE('',*,*,#3309,.T.);
#4465 = ORIENTED_EDGE('',*,*,#3408,.T.);
#4466 = ORIENTED_EDGE('',*,*,#3507,.T.);
#4467 = ORIENTED_EDGE('',*,*,#3557,.T.);
#4468 = ORIENTED_EDGE('',*,*,#3479,.T.);
#4469 = ORIENTED_EDGE('',*,*,#3359,.F.);
#4470 = ORIENTED_EDGE('',*,*,#3281,.T.);
#4471 = FACE_BOUND('',#4472,.F.);
#4472 = EDGE_LOOP('',(#4473,#4501,#4534,#4560,#4593,#4619,#4652,#4678));
#4473 = ORIENTED_EDGE('',*,*,#4474,.F.);
#4474 = EDGE_CURVE('',#4475,#4477,#4479,.T.);
#4475 = VERTEX_POINT('',#4476);
#4476 = CARTESIAN_POINT('',(-10.25,3.149999997151,10.3));
#4477 = VERTEX_POINT('',#4478);
#4478 = CARTESIAN_POINT('',(-10.25,-3.15,10.3));
#4479 = SURFACE_CURVE('',#4480,(#4484,#4490),.PCURVE_S1.);
#4480 = LINE('',#4481,#4482);
#4481 = CARTESIAN_POINT('',(-10.25,-1.575000000151,10.3));
#4482 = VECTOR('',#4483,1.);
#4483 = DIRECTION('',(0.,-1.,0.));
#4484 = PCURVE('',#3221,#4485);
#4485 = DEFINITIONAL_REPRESENTATION('',(#4486),#4489);
#4486 = B_SPLINE_CURVE_WITH_KNOTS('',1,(#4487,#4488),.UNSPECIFIED.,.F.,
  .F.,(2,2),(-4.724999997303,1.574999999849),.PIECEWISE_BEZIER_KNOTS.);
#4487 = CARTESIAN_POINT('',(-10.25,3.149999997454));
#4488 = CARTESIAN_POINT('',(-10.25,-3.149999999698));
#4489 = ( GEOMETRIC_REPRESENTATION_CONTEXT(2) 
PARAMETRIC_REPRESENTATION_CONTEXT() REPRESENTATION_CONTEXT('2D SPACE',''
  ) );
#4490 = PCURVE('',#4491,#4496);
#4491 = PLANE('',#4492);
#4492 = AXIS2_PLACEMENT_3D('',#4493,#4494,#4495);
#4493 = CARTESIAN_POINT('',(-10.25,-3.15,10.28));
#4494 = DIRECTION('',(-1.,0.,0.));
#4495 = DIRECTION('',(0.,1.,0.));
#4496 = DEFINITIONAL_REPRESENTATION('',(#4497),#4500);
#4497 = B_SPLINE_CURVE_WITH_KNOTS('',1,(#4498,#4499),.UNSPECIFIED.,.F.,
  .F.,(2,2),(-4.724999997303,1.574999999849),.PIECEWISE_BEZIER_KNOTS.);
#4498 = CARTESIAN_POINT('',(6.299999997151,-2.E-02));
#4499 = CARTESIAN_POINT('',(0.,-2.E-02));
#4500 = ( GEOMETRIC_REPRESENTATION_CONTEXT(2) 
PARAMETRIC_REPRESENTATION_CONTEXT() REPRESENTATION_CONTEXT('2D SPACE',''
  ) );
#4501 = ORIENTED_EDGE('',*,*,#4502,.T.);
#4502 = EDGE_CURVE('',#4475,#4503,#4505,.T.);
#4503 = VERTEX_POINT('',#4504);
#4504 = CARTESIAN_POINT('',(-7.15,6.249999998576,10.3));
#4505 = SURFACE_CURVE('',#4506,(#4511,#4522),.PCURVE_S1.);
#4506 = CIRCLE('',#4507,3.1);
#4507 = AXIS2_PLACEMENT_3D('',#4508,#4509,#4510);
#4508 = CARTESIAN_POINT('',(-7.15,3.149999997151,10.3));
#4509 = DIRECTION('',(0.,0.,-1.));
#4510 = DIRECTION('',(1.,0.,0.));
#4511 = PCURVE('',#3221,#4512);
#4512 = DEFINITIONAL_REPRESENTATION('',(#4513),#4521);
#4513 = ( BOUNDED_CURVE() B_SPLINE_CURVE(2,(#4514,#4515,#4516,#4517,
#4518,#4519,#4520),.UNSPECIFIED.,.T.,.F.) B_SPLINE_CURVE_WITH_KNOTS((1,2
    ,2,2,2,1),(-2.094395102393,0.,2.094395102393,4.188790204786,
6.28318530718,8.377580409573),.UNSPECIFIED.) CURVE() 
GEOMETRIC_REPRESENTATION_ITEM() RATIONAL_B_SPLINE_CURVE((1.,0.5,1.,0.5,
1.,0.5,1.)) REPRESENTATION_ITEM('') );
#4514 = CARTESIAN_POINT('',(-4.05,3.149999997454));
#4515 = CARTESIAN_POINT('',(-4.05,-2.21935750601));
#4516 = CARTESIAN_POINT('',(-8.7,0.465321245722));
#4517 = CARTESIAN_POINT('',(-13.35,3.149999997454));
#4518 = CARTESIAN_POINT('',(-8.7,5.834678749185));
#4519 = CARTESIAN_POINT('',(-4.05,8.519357500917));
#4520 = CARTESIAN_POINT('',(-4.05,3.149999997454));
#4521 = ( GEOMETRIC_REPRESENTATION_CONTEXT(2) 
PARAMETRIC_REPRESENTATION_CONTEXT() REPRESENTATION_CONTEXT('2D SPACE',''
  ) );
#4522 = PCURVE('',#4523,#4528);
#4523 = CYLINDRICAL_SURFACE('',#4524,3.1);
#4524 = AXIS2_PLACEMENT_3D('',#4525,#4526,#4527);
#4525 = CARTESIAN_POINT('',(-7.15,3.149999997151,10.28));
#4526 = DIRECTION('',(-0.,-0.,-1.));
#4527 = DIRECTION('',(1.,0.,0.));
#4528 = DEFINITIONAL_REPRESENTATION('',(#4529),#4533);
#4529 = LINE('',#4530,#4531);
#4530 = CARTESIAN_POINT('',(-6.28318530718,-2.E-02));
#4531 = VECTOR('',#4532,1.);
#4532 = DIRECTION('',(1.,-0.));
#4533 = ( GEOMETRIC_REPRESENTATION_CONTEXT(2) 
PARAMETRIC_REPRESENTATION_CONTEXT() REPRESENTATION_CONTEXT('2D SPACE',''
  ) );
#4534 = ORIENTED_EDGE('',*,*,#4535,.F.);
#4535 = EDGE_CURVE('',#4536,#4503,#4538,.T.);
#4536 = VERTEX_POINT('',#4537);
#4537 = CARTESIAN_POINT('',(7.15,6.249999998576,10.3));
#4538 = SURFACE_CURVE('',#4539,(#4543,#4549),.PCURVE_S1.);
#4539 = LINE('',#4540,#4541);
#4540 = CARTESIAN_POINT('',(-3.575,6.25,10.3));
#4541 = VECTOR('',#4542,1.);
#4542 = DIRECTION('',(-1.,0.,0.));
#4543 = PCURVE('',#3221,#4544);
#4544 = DEFINITIONAL_REPRESENTATION('',(#4545),#4548);
#4545 = B_SPLINE_CURVE_WITH_KNOTS('',1,(#4546,#4547),.UNSPECIFIED.,.F.,
  .F.,(2,2),(-10.725,3.575),.PIECEWISE_BEZIER_KNOTS.);
#4546 = CARTESIAN_POINT('',(7.15,6.250000000302));
#4547 = CARTESIAN_POINT('',(-7.15,6.250000000302));
#4548 = ( GEOMETRIC_REPRESENTATION_CONTEXT(2) 
PARAMETRIC_REPRESENTATION_CONTEXT() REPRESENTATION_CONTEXT('2D SPACE',''
  ) );
#4549 = PCURVE('',#4550,#4555);
#4550 = PLANE('',#4551);
#4551 = AXIS2_PLACEMENT_3D('',#4552,#4553,#4554);
#4552 = CARTESIAN_POINT('',(-7.15,6.25,10.28));
#4553 = DIRECTION('',(0.,1.,0.));
#4554 = DIRECTION('',(1.,0.,0.));
#4555 = DEFINITIONAL_REPRESENTATION('',(#4556),#4559);
#4556 = B_SPLINE_CURVE_WITH_KNOTS('',1,(#4557,#4558),.UNSPECIFIED.,.F.,
  .F.,(2,2),(-10.725,3.575),.PIECEWISE_BEZIER_KNOTS.);
#4557 = CARTESIAN_POINT('',(14.3,-2.E-02));
#4558 = CARTESIAN_POINT('',(0.,-2.E-02));
#4559 = ( GEOMETRIC_REPRESENTATION_CONTEXT(2) 
PARAMETRIC_REPRESENTATION_CONTEXT() REPRESENTATION_CONTEXT('2D SPACE',''
  ) );
#4560 = ORIENTED_EDGE('',*,*,#4561,.T.);
#4561 = EDGE_CURVE('',#4536,#4562,#4564,.T.);
#4562 = VERTEX_POINT('',#4563);
#4563 = CARTESIAN_POINT('',(10.25,3.149999997151,10.3));
#4564 = SURFACE_CURVE('',#4565,(#4570,#4581),.PCURVE_S1.);
#4565 = CIRCLE('',#4566,3.1);
#4566 = AXIS2_PLACEMENT_3D('',#4567,#4568,#4569);
#4567 = CARTESIAN_POINT('',(7.15,3.149999997151,10.3));
#4568 = DIRECTION('',(0.,0.,-1.));
#4569 = DIRECTION('',(1.,0.,0.));
#4570 = PCURVE('',#3221,#4571);
#4571 = DEFINITIONAL_REPRESENTATION('',(#4572),#4580);
#4572 = ( BOUNDED_CURVE() B_SPLINE_CURVE(2,(#4573,#4574,#4575,#4576,
#4577,#4578,#4579),.UNSPECIFIED.,.T.,.F.) B_SPLINE_CURVE_WITH_KNOTS((1,2
    ,2,2,2,1),(-2.094395102393,0.,2.094395102393,4.188790204786,
6.28318530718,8.377580409573),.UNSPECIFIED.) CURVE() 
GEOMETRIC_REPRESENTATION_ITEM() RATIONAL_B_SPLINE_CURVE((1.,0.5,1.,0.5,
1.,0.5,1.)) REPRESENTATION_ITEM('') );
#4573 = CARTESIAN_POINT('',(10.25,3.149999997454));
#4574 = CARTESIAN_POINT('',(10.25,-2.21935750601));
#4575 = CARTESIAN_POINT('',(5.6,0.465321245722));
#4576 = CARTESIAN_POINT('',(0.95,3.149999997454));
#4577 = CARTESIAN_POINT('',(5.6,5.834678749185));
#4578 = CARTESIAN_POINT('',(10.25,8.519357500917));
#4579 = CARTESIAN_POINT('',(10.25,3.149999997454));
#4580 = ( GEOMETRIC_REPRESENTATION_CONTEXT(2) 
PARAMETRIC_REPRESENTATION_CONTEXT() REPRESENTATION_CONTEXT('2D SPACE',''
  ) );
#4581 = PCURVE('',#4582,#4587);
#4582 = CYLINDRICAL_SURFACE('',#4583,3.1);
#4583 = AXIS2_PLACEMENT_3D('',#4584,#4585,#4586);
#4584 = CARTESIAN_POINT('',(7.15,3.149999997151,10.28));
#4585 = DIRECTION('',(-0.,-0.,-1.));
#4586 = DIRECTION('',(1.,0.,0.));
#4587 = DEFINITIONAL_REPRESENTATION('',(#4588),#4592);
#4588 = LINE('',#4589,#4590);
#4589 = CARTESIAN_POINT('',(-6.28318530718,-2.E-02));
#4590 = VECTOR('',#4591,1.);
#4591 = DIRECTION('',(1.,-0.));
#4592 = ( GEOMETRIC_REPRESENTATION_CONTEXT(2) 
PARAMETRIC_REPRESENTATION_CONTEXT() REPRESENTATION_CONTEXT('2D SPACE',''
  ) );
#4593 = ORIENTED_EDGE('',*,*,#4594,.T.);
#4594 = EDGE_CURVE('',#4562,#4595,#4597,.T.);
#4595 = VERTEX_POINT('',#4596);
#4596 = CARTESIAN_POINT('',(10.25,-3.15,10.3));
#4597 = SURFACE_CURVE('',#4598,(#4602,#4608),.PCURVE_S1.);
#4598 = LINE('',#4599,#4600);
#4599 = CARTESIAN_POINT('',(10.25,-1.575000000151,10.3));
#4600 = VECTOR('',#4601,1.);
#4601 = DIRECTION('',(0.,-1.,0.));
#4602 = PCURVE('',#3221,#4603);
#4603 = DEFINITIONAL_REPRESENTATION('',(#4604),#4607);
#4604 = B_SPLINE_CURVE_WITH_KNOTS('',1,(#4605,#4606),.UNSPECIFIED.,.F.,
  .F.,(2,2),(-4.724999997303,1.574999999849),.PIECEWISE_BEZIER_KNOTS.);
#4605 = CARTESIAN_POINT('',(10.25,3.149999997454));
#4606 = CARTESIAN_POINT('',(10.25,-3.149999999698));
#4607 = ( GEOMETRIC_REPRESENTATION_CONTEXT(2) 
PARAMETRIC_REPRESENTATION_CONTEXT() REPRESENTATION_CONTEXT('2D SPACE',''
  ) );
#4608 = PCURVE('',#4609,#4614);
#4609 = PLANE('',#4610);
#4610 = AXIS2_PLACEMENT_3D('',#4611,#4612,#4613);
#4611 = CARTESIAN_POINT('',(10.25,-3.15,10.28));
#4612 = DIRECTION('',(-1.,0.,0.));
#4613 = DIRECTION('',(0.,1.,0.));
#4614 = DEFINITIONAL_REPRESENTATION('',(#4615),#4618);
#4615 = B_SPLINE_CURVE_WITH_KNOTS('',1,(#4616,#4617),.UNSPECIFIED.,.F.,
  .F.,(2,2),(-4.724999997303,1.574999999849),.PIECEWISE_BEZIER_KNOTS.);
#4616 = CARTESIAN_POINT('',(6.299999997151,-2.E-02));
#4617 = CARTESIAN_POINT('',(-4.440892098501E-16,-2.E-02));
#4618 = ( GEOMETRIC_REPRESENTATION_CONTEXT(2) 
PARAMETRIC_REPRESENTATION_CONTEXT() REPRESENTATION_CONTEXT('2D SPACE',''
  ) );
#4619 = ORIENTED_EDGE('',*,*,#4620,.T.);
#4620 = EDGE_CURVE('',#4595,#4621,#4623,.T.);
#4621 = VERTEX_POINT('',#4622);
#4622 = CARTESIAN_POINT('',(7.15,-6.25,10.3));
#4623 = SURFACE_CURVE('',#4624,(#4629,#4640),.PCURVE_S1.);
#4624 = CIRCLE('',#4625,3.1);
#4625 = AXIS2_PLACEMENT_3D('',#4626,#4627,#4628);
#4626 = CARTESIAN_POINT('',(7.15,-3.15,10.3));
#4627 = DIRECTION('',(0.,0.,-1.));
#4628 = DIRECTION('',(1.,0.,0.));
#4629 = PCURVE('',#3221,#4630);
#4630 = DEFINITIONAL_REPRESENTATION('',(#4631),#4639);
#4631 = ( BOUNDED_CURVE() B_SPLINE_CURVE(2,(#4632,#4633,#4634,#4635,
#4636,#4637,#4638),.UNSPECIFIED.,.T.,.F.) B_SPLINE_CURVE_WITH_KNOTS((1,2
    ,2,2,2,1),(-2.094395102393,0.,2.094395102393,4.188790204786,
6.28318530718,8.377580409573),.UNSPECIFIED.) CURVE() 
GEOMETRIC_REPRESENTATION_ITEM() RATIONAL_B_SPLINE_CURVE((1.,0.5,1.,0.5,
1.,0.5,1.)) REPRESENTATION_ITEM('') );
#4632 = CARTESIAN_POINT('',(10.25,-3.149999999698));
#4633 = CARTESIAN_POINT('',(10.25,-8.519357503161));
#4634 = CARTESIAN_POINT('',(5.6,-5.83467875143));
#4635 = CARTESIAN_POINT('',(0.95,-3.149999999698));
#4636 = CARTESIAN_POINT('',(5.6,-0.465321247966));
#4637 = CARTESIAN_POINT('',(10.25,2.219357503766));
#4638 = CARTESIAN_POINT('',(10.25,-3.149999999698));
#4639 = ( GEOMETRIC_REPRESENTATION_CONTEXT(2) 
PARAMETRIC_REPRESENTATION_CONTEXT() REPRESENTATION_CONTEXT('2D SPACE',''
  ) );
#4640 = PCURVE('',#4641,#4646);
#4641 = CYLINDRICAL_SURFACE('',#4642,3.1);
#4642 = AXIS2_PLACEMENT_3D('',#4643,#4644,#4645);
#4643 = CARTESIAN_POINT('',(7.15,-3.15,10.28));
#4644 = DIRECTION('',(-0.,-0.,-1.));
#4645 = DIRECTION('',(1.,0.,0.));
#4646 = DEFINITIONAL_REPRESENTATION('',(#4647),#4651);
#4647 = LINE('',#4648,#4649);
#4648 = CARTESIAN_POINT('',(-6.28318530718,-2.E-02));
#4649 = VECTOR('',#4650,1.);
#4650 = DIRECTION('',(1.,-0.));
#4651 = ( GEOMETRIC_REPRESENTATION_CONTEXT(2) 
PARAMETRIC_REPRESENTATION_CONTEXT() REPRESENTATION_CONTEXT('2D SPACE',''
  ) );
#4652 = ORIENTED_EDGE('',*,*,#4653,.T.);
#4653 = EDGE_CURVE('',#4621,#4654,#4656,.T.);
#4654 = VERTEX_POINT('',#4655);
#4655 = CARTESIAN_POINT('',(-7.15,-6.25,10.3));
#4656 = SURFACE_CURVE('',#4657,(#4661,#4667),.PCURVE_S1.);
#4657 = LINE('',#4658,#4659);
#4658 = CARTESIAN_POINT('',(-3.575,-6.25,10.3));
#4659 = VECTOR('',#4660,1.);
#4660 = DIRECTION('',(-1.,0.,0.));
#4661 = PCURVE('',#3221,#4662);
#4662 = DEFINITIONAL_REPRESENTATION('',(#4663),#4666);
#4663 = B_SPLINE_CURVE_WITH_KNOTS('',1,(#4664,#4665),.UNSPECIFIED.,.F.,
  .F.,(2,2),(-10.725,3.575),.PIECEWISE_BEZIER_KNOTS.);
#4664 = CARTESIAN_POINT('',(7.15,-6.249999999698));
#4665 = CARTESIAN_POINT('',(-7.15,-6.249999999698));
#4666 = ( GEOMETRIC_REPRESENTATION_CONTEXT(2) 
PARAMETRIC_REPRESENTATION_CONTEXT() REPRESENTATION_CONTEXT('2D SPACE',''
  ) );
#4667 = PCURVE('',#4668,#4673);
#4668 = PLANE('',#4669);
#4669 = AXIS2_PLACEMENT_3D('',#4670,#4671,#4672);
#4670 = CARTESIAN_POINT('',(-7.15,-6.25,10.28));
#4671 = DIRECTION('',(0.,1.,0.));
#4672 = DIRECTION('',(1.,0.,0.));
#4673 = DEFINITIONAL_REPRESENTATION('',(#4674),#4677);
#4674 = B_SPLINE_CURVE_WITH_KNOTS('',1,(#4675,#4676),.UNSPECIFIED.,.F.,
  .F.,(2,2),(-10.725,3.575),.PIECEWISE_BEZIER_KNOTS.);
#4675 = CARTESIAN_POINT('',(14.3,-2.E-02));
#4676 = CARTESIAN_POINT('',(0.,-2.E-02));
#4677 = ( GEOMETRIC_REPRESENTATION_CONTEXT(2) 
PARAMETRIC_REPRESENTATION_CONTEXT() REPRESENTATION_CONTEXT('2D SPACE',''
  ) );
#4678 = ORIENTED_EDGE('',*,*,#4679,.T.);
#4679 = EDGE_CURVE('',#4654,#4477,#4680,.T.);
#4680 = SURFACE_CURVE('',#4681,(#4686,#4697),.PCURVE_S1.);
#4681 = CIRCLE('',#4682,3.1);
#4682 = AXIS2_PLACEMENT_3D('',#4683,#4684,#4685);
#4683 = CARTESIAN_POINT('',(-7.15,-3.15,10.3));
#4684 = DIRECTION('',(0.,0.,-1.));
#4685 = DIRECTION('',(1.,0.,0.));
#4686 = PCURVE('',#3221,#4687);
#4687 = DEFINITIONAL_REPRESENTATION('',(#4688),#4696);
#4688 = ( BOUNDED_CURVE() B_SPLINE_CURVE(2,(#4689,#4690,#4691,#4692,
#4693,#4694,#4695),.UNSPECIFIED.,.T.,.F.) B_SPLINE_CURVE_WITH_KNOTS((1,2
    ,2,2,2,1),(-2.094395102393,0.,2.094395102393,4.188790204786,
6.28318530718,8.377580409573),.UNSPECIFIED.) CURVE() 
GEOMETRIC_REPRESENTATION_ITEM() RATIONAL_B_SPLINE_CURVE((1.,0.5,1.,0.5,
1.,0.5,1.)) REPRESENTATION_ITEM('') );
#4689 = CARTESIAN_POINT('',(-4.05,-3.149999999698));
#4690 = CARTESIAN_POINT('',(-4.05,-8.519357503161));
#4691 = CARTESIAN_POINT('',(-8.7,-5.83467875143));
#4692 = CARTESIAN_POINT('',(-13.35,-3.149999999698));
#4693 = CARTESIAN_POINT('',(-8.7,-0.465321247966));
#4694 = CARTESIAN_POINT('',(-4.05,2.219357503766));
#4695 = CARTESIAN_POINT('',(-4.05,-3.149999999698));
#4696 = ( GEOMETRIC_REPRESENTATION_CONTEXT(2) 
PARAMETRIC_REPRESENTATION_CONTEXT() REPRESENTATION_CONTEXT('2D SPACE',''
  ) );
#4697 = PCURVE('',#4698,#4703);
#4698 = CYLINDRICAL_SURFACE('',#4699,3.1);
#4699 = AXIS2_PLACEMENT_3D('',#4700,#4701,#4702);
#4700 = CARTESIAN_POINT('',(-7.15,-3.15,10.28));
#4701 = DIRECTION('',(-0.,-0.,-1.));
#4702 = DIRECTION('',(1.,0.,0.));
#4703 = DEFINITIONAL_REPRESENTATION('',(#4704),#4708);
#4704 = LINE('',#4705,#4706);
#4705 = CARTESIAN_POINT('',(-6.28318530718,-2.E-02));
#4706 = VECTOR('',#4707,1.);
#4707 = DIRECTION('',(1.,-0.));
#4708 = ( GEOMETRIC_REPRESENTATION_CONTEXT(2) 
PARAMETRIC_REPRESENTATION_CONTEXT() REPRESENTATION_CONTEXT('2D SPACE',''
  ) );
#4709 = ADVANCED_FACE('',(#4710,#4713),#3626,.T.);
#4710 = FACE_BOUND('',#4711,.T.);
#4711 = EDGE_LOOP('',(#4712));
#4712 = ORIENTED_EDGE('',*,*,#4383,.T.);
#4713 = FACE_BOUND('',#4714,.T.);
#4714 = EDGE_LOOP('',(#4715));
#4715 = ORIENTED_EDGE('',*,*,#3609,.F.);
#4716 = ADVANCED_FACE('',(#4717,#4727),#3960,.T.);
#4717 = FACE_BOUND('',#4718,.T.);
#4718 = EDGE_LOOP('',(#4719,#4720,#4721,#4722,#4723,#4724,#4725,#4726));
#4719 = ORIENTED_EDGE('',*,*,#3942,.F.);
#4720 = ORIENTED_EDGE('',*,*,#4072,.F.);
#4721 = ORIENTED_EDGE('',*,*,#4175,.T.);
#4722 = ORIENTED_EDGE('',*,*,#4278,.F.);
#4723 = ORIENTED_EDGE('',*,*,#4332,.T.);
#4724 = ORIENTED_EDGE('',*,*,#4224,.F.);
#4725 = ORIENTED_EDGE('',*,*,#4126,.F.);
#4726 = ORIENTED_EDGE('',*,*,#4018,.F.);
#4727 = FACE_BOUND('',#4728,.T.);
#4728 = EDGE_LOOP('',(#4729,#4759,#4780,#4808,#4829,#4857,#4878,#4906));
#4729 = ORIENTED_EDGE('',*,*,#4730,.T.);
#4730 = EDGE_CURVE('',#4731,#4733,#4735,.T.);
#4731 = VERTEX_POINT('',#4732);
#4732 = CARTESIAN_POINT('',(-7.15,-6.25,11.18));
#4733 = VERTEX_POINT('',#4734);
#4734 = CARTESIAN_POINT('',(-10.25,-3.15,11.18));
#4735 = SURFACE_CURVE('',#4736,(#4741,#4752),.PCURVE_S1.);
#4736 = CIRCLE('',#4737,3.1);
#4737 = AXIS2_PLACEMENT_3D('',#4738,#4739,#4740);
#4738 = CARTESIAN_POINT('',(-7.15,-3.15,11.18));
#4739 = DIRECTION('',(0.,0.,-1.));
#4740 = DIRECTION('',(1.,0.,0.));
#4741 = PCURVE('',#3960,#4742);
#4742 = DEFINITIONAL_REPRESENTATION('',(#4743),#4751);
#4743 = ( BOUNDED_CURVE() B_SPLINE_CURVE(2,(#4744,#4745,#4746,#4747,
#4748,#4749,#4750),.UNSPECIFIED.,.T.,.F.) B_SPLINE_CURVE_WITH_KNOTS((1,2
    ,2,2,2,1),(-2.094395102393,0.,2.094395102393,4.188790204786,
6.28318530718,8.377580409573),.UNSPECIFIED.) CURVE() 
GEOMETRIC_REPRESENTATION_ITEM() RATIONAL_B_SPLINE_CURVE((1.,0.5,1.,0.5,
1.,0.5,1.)) REPRESENTATION_ITEM('') );
#4744 = CARTESIAN_POINT('',(-4.05,-3.14999999603));
#4745 = CARTESIAN_POINT('',(-4.05,-8.519357499494));
#4746 = CARTESIAN_POINT('',(-8.7,-5.834678747762));
#4747 = CARTESIAN_POINT('',(-13.35,-3.14999999603));
#4748 = CARTESIAN_POINT('',(-8.7,-0.465321244299));
#4749 = CARTESIAN_POINT('',(-4.05,2.219357507433));
#4750 = CARTESIAN_POINT('',(-4.05,-3.14999999603));
#4751 = ( GEOMETRIC_REPRESENTATION_CONTEXT(2) 
PARAMETRIC_REPRESENTATION_CONTEXT() REPRESENTATION_CONTEXT('2D SPACE',''
  ) );
#4752 = PCURVE('',#4698,#4753);
#4753 = DEFINITIONAL_REPRESENTATION('',(#4754),#4758);
#4754 = LINE('',#4755,#4756);
#4755 = CARTESIAN_POINT('',(-6.28318530718,-0.9));
#4756 = VECTOR('',#4757,1.);
#4757 = DIRECTION('',(1.,-0.));
#4758 = ( GEOMETRIC_REPRESENTATION_CONTEXT(2) 
PARAMETRIC_REPRESENTATION_CONTEXT() REPRESENTATION_CONTEXT('2D SPACE',''
  ) );
#4759 = ORIENTED_EDGE('',*,*,#4760,.T.);
#4760 = EDGE_CURVE('',#4733,#4761,#4763,.T.);
#4761 = VERTEX_POINT('',#4762);
#4762 = CARTESIAN_POINT('',(-10.25,3.149999997151,11.18));
#4763 = SURFACE_CURVE('',#4764,(#4768,#4774),.PCURVE_S1.);
#4764 = LINE('',#4765,#4766);
#4765 = CARTESIAN_POINT('',(-10.25,-1.575000001985,11.18));
#4766 = VECTOR('',#4767,1.);
#4767 = DIRECTION('',(0.,1.,-0.));
#4768 = PCURVE('',#3960,#4769);
#4769 = DEFINITIONAL_REPRESENTATION('',(#4770),#4773);
#4770 = B_SPLINE_CURVE_WITH_KNOTS('',1,(#4771,#4772),.UNSPECIFIED.,.F.,
  .F.,(2,2),(-1.574999998015,4.724999999136),.PIECEWISE_BEZIER_KNOTS.);
#4771 = CARTESIAN_POINT('',(-10.25,-3.14999999603));
#4772 = CARTESIAN_POINT('',(-10.25,3.150000001121));
#4773 = ( GEOMETRIC_REPRESENTATION_CONTEXT(2) 
PARAMETRIC_REPRESENTATION_CONTEXT() REPRESENTATION_CONTEXT('2D SPACE',''
  ) );
#4774 = PCURVE('',#4491,#4775);
#4775 = DEFINITIONAL_REPRESENTATION('',(#4776),#4779);
#4776 = B_SPLINE_CURVE_WITH_KNOTS('',1,(#4777,#4778),.UNSPECIFIED.,.F.,
  .F.,(2,2),(-1.574999998015,4.724999999136),.PIECEWISE_BEZIER_KNOTS.);
#4777 = CARTESIAN_POINT('',(0.,-0.9));
#4778 = CARTESIAN_POINT('',(6.299999997151,-0.9));
#4779 = ( GEOMETRIC_REPRESENTATION_CONTEXT(2) 
PARAMETRIC_REPRESENTATION_CONTEXT() REPRESENTATION_CONTEXT('2D SPACE',''
  ) );
#4780 = ORIENTED_EDGE('',*,*,#4781,.T.);
#4781 = EDGE_CURVE('',#4761,#4782,#4784,.T.);
#4782 = VERTEX_POINT('',#4783);
#4783 = CARTESIAN_POINT('',(-7.15,6.249999998576,11.18));
#4784 = SURFACE_CURVE('',#4785,(#4790,#4801),.PCURVE_S1.);
#4785 = CIRCLE('',#4786,3.1);
#4786 = AXIS2_PLACEMENT_3D('',#4787,#4788,#4789);
#4787 = CARTESIAN_POINT('',(-7.15,3.149999997151,11.18));
#4788 = DIRECTION('',(0.,0.,-1.));
#4789 = DIRECTION('',(1.,0.,0.));
#4790 = PCURVE('',#3960,#4791);
#4791 = DEFINITIONAL_REPRESENTATION('',(#4792),#4800);
#4792 = ( BOUNDED_CURVE() B_SPLINE_CURVE(2,(#4793,#4794,#4795,#4796,
#4797,#4798,#4799),.UNSPECIFIED.,.T.,.F.) B_SPLINE_CURVE_WITH_KNOTS((1,2
    ,2,2,2,1),(-2.094395102393,0.,2.094395102393,4.188790204786,
6.28318530718,8.377580409573),.UNSPECIFIED.) CURVE() 
GEOMETRIC_REPRESENTATION_ITEM() RATIONAL_B_SPLINE_CURVE((1.,0.5,1.,0.5,
1.,0.5,1.)) REPRESENTATION_ITEM('') );
#4793 = CARTESIAN_POINT('',(-4.05,3.150000001121));
#4794 = CARTESIAN_POINT('',(-4.05,-2.219357502343));
#4795 = CARTESIAN_POINT('',(-8.7,0.465321249389));
#4796 = CARTESIAN_POINT('',(-13.35,3.150000001121));
#4797 = CARTESIAN_POINT('',(-8.7,5.834678752853));
#4798 = CARTESIAN_POINT('',(-4.05,8.519357504585));
#4799 = CARTESIAN_POINT('',(-4.05,3.150000001121));
#4800 = ( GEOMETRIC_REPRESENTATION_CONTEXT(2) 
PARAMETRIC_REPRESENTATION_CONTEXT() REPRESENTATION_CONTEXT('2D SPACE',''
  ) );
#4801 = PCURVE('',#4523,#4802);
#4802 = DEFINITIONAL_REPRESENTATION('',(#4803),#4807);
#4803 = LINE('',#4804,#4805);
#4804 = CARTESIAN_POINT('',(-6.28318530718,-0.9));
#4805 = VECTOR('',#4806,1.);
#4806 = DIRECTION('',(1.,-0.));
#4807 = ( GEOMETRIC_REPRESENTATION_CONTEXT(2) 
PARAMETRIC_REPRESENTATION_CONTEXT() REPRESENTATION_CONTEXT('2D SPACE',''
  ) );
#4808 = ORIENTED_EDGE('',*,*,#4809,.T.);
#4809 = EDGE_CURVE('',#4782,#4810,#4812,.T.);
#4810 = VERTEX_POINT('',#4811);
#4811 = CARTESIAN_POINT('',(7.15,6.249999998576,11.18));
#4812 = SURFACE_CURVE('',#4813,(#4817,#4823),.PCURVE_S1.);
#4813 = LINE('',#4814,#4815);
#4814 = CARTESIAN_POINT('',(-3.575,6.25,11.18));
#4815 = VECTOR('',#4816,1.);
#4816 = DIRECTION('',(1.,0.,0.));
#4817 = PCURVE('',#3960,#4818);
#4818 = DEFINITIONAL_REPRESENTATION('',(#4819),#4822);
#4819 = B_SPLINE_CURVE_WITH_KNOTS('',1,(#4820,#4821),.UNSPECIFIED.,.F.,
  .F.,(2,2),(-3.575,10.725),.PIECEWISE_BEZIER_KNOTS.);
#4820 = CARTESIAN_POINT('',(-7.15,6.25000000397));
#4821 = CARTESIAN_POINT('',(7.15,6.25000000397));
#4822 = ( GEOMETRIC_REPRESENTATION_CONTEXT(2) 
PARAMETRIC_REPRESENTATION_CONTEXT() REPRESENTATION_CONTEXT('2D SPACE',''
  ) );
#4823 = PCURVE('',#4550,#4824);
#4824 = DEFINITIONAL_REPRESENTATION('',(#4825),#4828);
#4825 = B_SPLINE_CURVE_WITH_KNOTS('',1,(#4826,#4827),.UNSPECIFIED.,.F.,
  .F.,(2,2),(-3.575,10.725),.PIECEWISE_BEZIER_KNOTS.);
#4826 = CARTESIAN_POINT('',(0.,-0.9));
#4827 = CARTESIAN_POINT('',(14.3,-0.9));
#4828 = ( GEOMETRIC_REPRESENTATION_CONTEXT(2) 
PARAMETRIC_REPRESENTATION_CONTEXT() REPRESENTATION_CONTEXT('2D SPACE',''
  ) );
#4829 = ORIENTED_EDGE('',*,*,#4830,.T.);
#4830 = EDGE_CURVE('',#4810,#4831,#4833,.T.);
#4831 = VERTEX_POINT('',#4832);
#4832 = CARTESIAN_POINT('',(10.25,3.149999997151,11.18));
#4833 = SURFACE_CURVE('',#4834,(#4839,#4850),.PCURVE_S1.);
#4834 = CIRCLE('',#4835,3.1);
#4835 = AXIS2_PLACEMENT_3D('',#4836,#4837,#4838);
#4836 = CARTESIAN_POINT('',(7.15,3.149999997151,11.18));
#4837 = DIRECTION('',(0.,0.,-1.));
#4838 = DIRECTION('',(1.,0.,0.));
#4839 = PCURVE('',#3960,#4840);
#4840 = DEFINITIONAL_REPRESENTATION('',(#4841),#4849);
#4841 = ( BOUNDED_CURVE() B_SPLINE_CURVE(2,(#4842,#4843,#4844,#4845,
#4846,#4847,#4848),.UNSPECIFIED.,.T.,.F.) B_SPLINE_CURVE_WITH_KNOTS((1,2
    ,2,2,2,1),(-2.094395102393,0.,2.094395102393,4.188790204786,
6.28318530718,8.377580409573),.UNSPECIFIED.) CURVE() 
GEOMETRIC_REPRESENTATION_ITEM() RATIONAL_B_SPLINE_CURVE((1.,0.5,1.,0.5,
1.,0.5,1.)) REPRESENTATION_ITEM('') );
#4842 = CARTESIAN_POINT('',(10.25,3.150000001121));
#4843 = CARTESIAN_POINT('',(10.25,-2.219357502343));
#4844 = CARTESIAN_POINT('',(5.6,0.465321249389));
#4845 = CARTESIAN_POINT('',(0.95,3.150000001121));
#4846 = CARTESIAN_POINT('',(5.6,5.834678752853));
#4847 = CARTESIAN_POINT('',(10.25,8.519357504585));
#4848 = CARTESIAN_POINT('',(10.25,3.150000001121));
#4849 = ( GEOMETRIC_REPRESENTATION_CONTEXT(2) 
PARAMETRIC_REPRESENTATION_CONTEXT() REPRESENTATION_CONTEXT('2D SPACE',''
  ) );
#4850 = PCURVE('',#4582,#4851);
#4851 = DEFINITIONAL_REPRESENTATION('',(#4852),#4856);
#4852 = LINE('',#4853,#4854);
#4853 = CARTESIAN_POINT('',(-6.28318530718,-0.9));
#4854 = VECTOR('',#4855,1.);
#4855 = DIRECTION('',(1.,-0.));
#4856 = ( GEOMETRIC_REPRESENTATION_CONTEXT(2) 
PARAMETRIC_REPRESENTATION_CONTEXT() REPRESENTATION_CONTEXT('2D SPACE',''
  ) );
#4857 = ORIENTED_EDGE('',*,*,#4858,.F.);
#4858 = EDGE_CURVE('',#4859,#4831,#4861,.T.);
#4859 = VERTEX_POINT('',#4860);
#4860 = CARTESIAN_POINT('',(10.25,-3.15,11.18));
#4861 = SURFACE_CURVE('',#4862,(#4866,#4872),.PCURVE_S1.);
#4862 = LINE('',#4863,#4864);
#4863 = CARTESIAN_POINT('',(10.25,-1.575000001985,11.18));
#4864 = VECTOR('',#4865,1.);
#4865 = DIRECTION('',(0.,1.,-0.));
#4866 = PCURVE('',#3960,#4867);
#4867 = DEFINITIONAL_REPRESENTATION('',(#4868),#4871);
#4868 = B_SPLINE_CURVE_WITH_KNOTS('',1,(#4869,#4870),.UNSPECIFIED.,.F.,
  .F.,(2,2),(-1.574999998015,4.724999999136),.PIECEWISE_BEZIER_KNOTS.);
#4869 = CARTESIAN_POINT('',(10.25,-3.14999999603));
#4870 = CARTESIAN_POINT('',(10.25,3.150000001121));
#4871 = ( GEOMETRIC_REPRESENTATION_CONTEXT(2) 
PARAMETRIC_REPRESENTATION_CONTEXT() REPRESENTATION_CONTEXT('2D SPACE',''
  ) );
#4872 = PCURVE('',#4609,#4873);
#4873 = DEFINITIONAL_REPRESENTATION('',(#4874),#4877);
#4874 = B_SPLINE_CURVE_WITH_KNOTS('',1,(#4875,#4876),.UNSPECIFIED.,.F.,
  .F.,(2,2),(-1.574999998015,4.724999999136),.PIECEWISE_BEZIER_KNOTS.);
#4875 = CARTESIAN_POINT('',(-4.440892098501E-16,-0.9));
#4876 = CARTESIAN_POINT('',(6.299999997151,-0.9));
#4877 = ( GEOMETRIC_REPRESENTATION_CONTEXT(2) 
PARAMETRIC_REPRESENTATION_CONTEXT() REPRESENTATION_CONTEXT('2D SPACE',''
  ) );
#4878 = ORIENTED_EDGE('',*,*,#4879,.T.);
#4879 = EDGE_CURVE('',#4859,#4880,#4882,.T.);
#4880 = VERTEX_POINT('',#4881);
#4881 = CARTESIAN_POINT('',(7.15,-6.25,11.18));
#4882 = SURFACE_CURVE('',#4883,(#4888,#4899),.PCURVE_S1.);
#4883 = CIRCLE('',#4884,3.1);
#4884 = AXIS2_PLACEMENT_3D('',#4885,#4886,#4887);
#4885 = CARTESIAN_POINT('',(7.15,-3.15,11.18));
#4886 = DIRECTION('',(0.,0.,-1.));
#4887 = DIRECTION('',(1.,0.,0.));
#4888 = PCURVE('',#3960,#4889);
#4889 = DEFINITIONAL_REPRESENTATION('',(#4890),#4898);
#4890 = ( BOUNDED_CURVE() B_SPLINE_CURVE(2,(#4891,#4892,#4893,#4894,
#4895,#4896,#4897),.UNSPECIFIED.,.T.,.F.) B_SPLINE_CURVE_WITH_KNOTS((1,2
    ,2,2,2,1),(-2.094395102393,0.,2.094395102393,4.188790204786,
6.28318530718,8.377580409573),.UNSPECIFIED.) CURVE() 
GEOMETRIC_REPRESENTATION_ITEM() RATIONAL_B_SPLINE_CURVE((1.,0.5,1.,0.5,
1.,0.5,1.)) REPRESENTATION_ITEM('') );
#4891 = CARTESIAN_POINT('',(10.25,-3.14999999603));
#4892 = CARTESIAN_POINT('',(10.25,-8.519357499494));
#4893 = CARTESIAN_POINT('',(5.6,-5.834678747762));
#4894 = CARTESIAN_POINT('',(0.95,-3.14999999603));
#4895 = CARTESIAN_POINT('',(5.6,-0.465321244299));
#4896 = CARTESIAN_POINT('',(10.25,2.219357507433));
#4897 = CARTESIAN_POINT('',(10.25,-3.14999999603));
#4898 = ( GEOMETRIC_REPRESENTATION_CONTEXT(2) 
PARAMETRIC_REPRESENTATION_CONTEXT() REPRESENTATION_CONTEXT('2D SPACE',''
  ) );
#4899 = PCURVE('',#4641,#4900);
#4900 = DEFINITIONAL_REPRESENTATION('',(#4901),#4905);
#4901 = LINE('',#4902,#4903);
#4902 = CARTESIAN_POINT('',(-6.28318530718,-0.9));
#4903 = VECTOR('',#4904,1.);
#4904 = DIRECTION('',(1.,-0.));
#4905 = ( GEOMETRIC_REPRESENTATION_CONTEXT(2) 
PARAMETRIC_REPRESENTATION_CONTEXT() REPRESENTATION_CONTEXT('2D SPACE',''
  ) );
#4906 = ORIENTED_EDGE('',*,*,#4907,.F.);
#4907 = EDGE_CURVE('',#4731,#4880,#4908,.T.);
#4908 = SURFACE_CURVE('',#4909,(#4913,#4919),.PCURVE_S1.);
#4909 = LINE('',#4910,#4911);
#4910 = CARTESIAN_POINT('',(-3.575,-6.25,11.18));
#4911 = VECTOR('',#4912,1.);
#4912 = DIRECTION('',(1.,0.,0.));
#4913 = PCURVE('',#3960,#4914);
#4914 = DEFINITIONAL_REPRESENTATION('',(#4915),#4918);
#4915 = B_SPLINE_CURVE_WITH_KNOTS('',1,(#4916,#4917),.UNSPECIFIED.,.F.,
  .F.,(2,2),(-3.575,10.725),.PIECEWISE_BEZIER_KNOTS.);
#4916 = CARTESIAN_POINT('',(-7.15,-6.24999999603));
#4917 = CARTESIAN_POINT('',(7.15,-6.24999999603));
#4918 = ( GEOMETRIC_REPRESENTATION_CONTEXT(2) 
PARAMETRIC_REPRESENTATION_CONTEXT() REPRESENTATION_CONTEXT('2D SPACE',''
  ) );
#4919 = PCURVE('',#4668,#4920);
#4920 = DEFINITIONAL_REPRESENTATION('',(#4921),#4924);
#4921 = B_SPLINE_CURVE_WITH_KNOTS('',1,(#4922,#4923),.UNSPECIFIED.,.F.,
  .F.,(2,2),(-3.575,10.725),.PIECEWISE_BEZIER_KNOTS.);
#4922 = CARTESIAN_POINT('',(0.,-0.9));
#4923 = CARTESIAN_POINT('',(14.3,-0.9));
#4924 = ( GEOMETRIC_REPRESENTATION_CONTEXT(2) 
PARAMETRIC_REPRESENTATION_CONTEXT() REPRESENTATION_CONTEXT('2D SPACE',''
  ) );
#4925 = ADVANCED_FACE('',(#4926),#4491,.F.);
#4926 = FACE_BOUND('',#4927,.F.);
#4927 = EDGE_LOOP('',(#4928,#4949,#4950,#4971));
#4928 = ORIENTED_EDGE('',*,*,#4929,.F.);
#4929 = EDGE_CURVE('',#4475,#4761,#4930,.T.);
#4930 = SURFACE_CURVE('',#4931,(#4935,#4942),.PCURVE_S1.);
#4931 = LINE('',#4932,#4933);
#4932 = CARTESIAN_POINT('',(-10.25,3.149999997151,10.28));
#4933 = VECTOR('',#4934,1.);
#4934 = DIRECTION('',(0.,0.,1.));
#4935 = PCURVE('',#4491,#4936);
#4936 = DEFINITIONAL_REPRESENTATION('',(#4937),#4941);
#4937 = LINE('',#4938,#4939);
#4938 = CARTESIAN_POINT('',(6.299999997151,0.));
#4939 = VECTOR('',#4940,1.);
#4940 = DIRECTION('',(0.,-1.));
#4941 = ( GEOMETRIC_REPRESENTATION_CONTEXT(2) 
PARAMETRIC_REPRESENTATION_CONTEXT() REPRESENTATION_CONTEXT('2D SPACE',''
  ) );
#4942 = PCURVE('',#4523,#4943);
#4943 = DEFINITIONAL_REPRESENTATION('',(#4944),#4948);
#4944 = LINE('',#4945,#4946);
#4945 = CARTESIAN_POINT('',(-3.14159265359,0.));
#4946 = VECTOR('',#4947,1.);
#4947 = DIRECTION('',(-0.,-1.));
#4948 = ( GEOMETRIC_REPRESENTATION_CONTEXT(2) 
PARAMETRIC_REPRESENTATION_CONTEXT() REPRESENTATION_CONTEXT('2D SPACE',''
  ) );
#4949 = ORIENTED_EDGE('',*,*,#4474,.T.);
#4950 = ORIENTED_EDGE('',*,*,#4951,.T.);
#4951 = EDGE_CURVE('',#4477,#4733,#4952,.T.);
#4952 = SURFACE_CURVE('',#4953,(#4957,#4964),.PCURVE_S1.);
#4953 = LINE('',#4954,#4955);
#4954 = CARTESIAN_POINT('',(-10.25,-3.15,10.28));
#4955 = VECTOR('',#4956,1.);
#4956 = DIRECTION('',(0.,0.,1.));
#4957 = PCURVE('',#4491,#4958);
#4958 = DEFINITIONAL_REPRESENTATION('',(#4959),#4963);
#4959 = LINE('',#4960,#4961);
#4960 = CARTESIAN_POINT('',(4.440892098501E-16,0.));
#4961 = VECTOR('',#4962,1.);
#4962 = DIRECTION('',(0.,-1.));
#4963 = ( GEOMETRIC_REPRESENTATION_CONTEXT(2) 
PARAMETRIC_REPRESENTATION_CONTEXT() REPRESENTATION_CONTEXT('2D SPACE',''
  ) );
#4964 = PCURVE('',#4698,#4965);
#4965 = DEFINITIONAL_REPRESENTATION('',(#4966),#4970);
#4966 = LINE('',#4967,#4968);
#4967 = CARTESIAN_POINT('',(-3.14159265359,0.));
#4968 = VECTOR('',#4969,1.);
#4969 = DIRECTION('',(-0.,-1.));
#4970 = ( GEOMETRIC_REPRESENTATION_CONTEXT(2) 
PARAMETRIC_REPRESENTATION_CONTEXT() REPRESENTATION_CONTEXT('2D SPACE',''
  ) );
#4971 = ORIENTED_EDGE('',*,*,#4760,.T.);
#4972 = ADVANCED_FACE('',(#4973),#4698,.F.);
#4973 = FACE_BOUND('',#4974,.T.);
#4974 = EDGE_LOOP('',(#4975,#4996,#4997,#4998));
#4975 = ORIENTED_EDGE('',*,*,#4976,.F.);
#4976 = EDGE_CURVE('',#4654,#4731,#4977,.T.);
#4977 = SURFACE_CURVE('',#4978,(#4982,#4989),.PCURVE_S1.);
#4978 = LINE('',#4979,#4980);
#4979 = CARTESIAN_POINT('',(-7.15,-6.25,10.28));
#4980 = VECTOR('',#4981,1.);
#4981 = DIRECTION('',(0.,0.,1.));
#4982 = PCURVE('',#4698,#4983);
#4983 = DEFINITIONAL_REPRESENTATION('',(#4984),#4988);
#4984 = LINE('',#4985,#4986);
#4985 = CARTESIAN_POINT('',(-4.712388980385,0.));
#4986 = VECTOR('',#4987,1.);
#4987 = DIRECTION('',(-0.,-1.));
#4988 = ( GEOMETRIC_REPRESENTATION_CONTEXT(2) 
PARAMETRIC_REPRESENTATION_CONTEXT() REPRESENTATION_CONTEXT('2D SPACE',''
  ) );
#4989 = PCURVE('',#4668,#4990);
#4990 = DEFINITIONAL_REPRESENTATION('',(#4991),#4995);
#4991 = LINE('',#4992,#4993);
#4992 = CARTESIAN_POINT('',(0.,0.));
#4993 = VECTOR('',#4994,1.);
#4994 = DIRECTION('',(0.,-1.));
#4995 = ( GEOMETRIC_REPRESENTATION_CONTEXT(2) 
PARAMETRIC_REPRESENTATION_CONTEXT() REPRESENTATION_CONTEXT('2D SPACE',''
  ) );
#4996 = ORIENTED_EDGE('',*,*,#4679,.T.);
#4997 = ORIENTED_EDGE('',*,*,#4951,.T.);
#4998 = ORIENTED_EDGE('',*,*,#4730,.F.);
#4999 = ADVANCED_FACE('',(#5000),#4668,.T.);
#5000 = FACE_BOUND('',#5001,.T.);
#5001 = EDGE_LOOP('',(#5002,#5023,#5024,#5025));
#5002 = ORIENTED_EDGE('',*,*,#5003,.F.);
#5003 = EDGE_CURVE('',#4621,#4880,#5004,.T.);
#5004 = SURFACE_CURVE('',#5005,(#5009,#5016),.PCURVE_S1.);
#5005 = LINE('',#5006,#5007);
#5006 = CARTESIAN_POINT('',(7.15,-6.25,10.28));
#5007 = VECTOR('',#5008,1.);
#5008 = DIRECTION('',(0.,0.,1.));
#5009 = PCURVE('',#4668,#5010);
#5010 = DEFINITIONAL_REPRESENTATION('',(#5011),#5015);
#5011 = LINE('',#5012,#5013);
#5012 = CARTESIAN_POINT('',(14.3,0.));
#5013 = VECTOR('',#5014,1.);
#5014 = DIRECTION('',(0.,-1.));
#5015 = ( GEOMETRIC_REPRESENTATION_CONTEXT(2) 
PARAMETRIC_REPRESENTATION_CONTEXT() REPRESENTATION_CONTEXT('2D SPACE',''
  ) );
#5016 = PCURVE('',#4641,#5017);
#5017 = DEFINITIONAL_REPRESENTATION('',(#5018),#5022);
#5018 = LINE('',#5019,#5020);
#5019 = CARTESIAN_POINT('',(-4.712388980385,0.));
#5020 = VECTOR('',#5021,1.);
#5021 = DIRECTION('',(-0.,-1.));
#5022 = ( GEOMETRIC_REPRESENTATION_CONTEXT(2) 
PARAMETRIC_REPRESENTATION_CONTEXT() REPRESENTATION_CONTEXT('2D SPACE',''
  ) );
#5023 = ORIENTED_EDGE('',*,*,#4653,.T.);
#5024 = ORIENTED_EDGE('',*,*,#4976,.T.);
#5025 = ORIENTED_EDGE('',*,*,#4907,.T.);
#5026 = ADVANCED_FACE('',(#5027),#4641,.F.);
#5027 = FACE_BOUND('',#5028,.T.);
#5028 = EDGE_LOOP('',(#5029,#5050,#5051,#5052));
#5029 = ORIENTED_EDGE('',*,*,#5030,.F.);
#5030 = EDGE_CURVE('',#4595,#4859,#5031,.T.);
#5031 = SURFACE_CURVE('',#5032,(#5036,#5043),.PCURVE_S1.);
#5032 = LINE('',#5033,#5034);
#5033 = CARTESIAN_POINT('',(10.25,-3.15,10.28));
#5034 = VECTOR('',#5035,1.);
#5035 = DIRECTION('',(0.,0.,1.));
#5036 = PCURVE('',#4641,#5037);
#5037 = DEFINITIONAL_REPRESENTATION('',(#5038),#5042);
#5038 = LINE('',#5039,#5040);
#5039 = CARTESIAN_POINT('',(-6.28318530718,0.));
#5040 = VECTOR('',#5041,1.);
#5041 = DIRECTION('',(-0.,-1.));
#5042 = ( GEOMETRIC_REPRESENTATION_CONTEXT(2) 
PARAMETRIC_REPRESENTATION_CONTEXT() REPRESENTATION_CONTEXT('2D SPACE',''
  ) );
#5043 = PCURVE('',#4609,#5044);
#5044 = DEFINITIONAL_REPRESENTATION('',(#5045),#5049);
#5045 = LINE('',#5046,#5047);
#5046 = CARTESIAN_POINT('',(-4.440892098501E-16,0.));
#5047 = VECTOR('',#5048,1.);
#5048 = DIRECTION('',(0.,-1.));
#5049 = ( GEOMETRIC_REPRESENTATION_CONTEXT(2) 
PARAMETRIC_REPRESENTATION_CONTEXT() REPRESENTATION_CONTEXT('2D SPACE',''
  ) );
#5050 = ORIENTED_EDGE('',*,*,#4620,.T.);
#5051 = ORIENTED_EDGE('',*,*,#5003,.T.);
#5052 = ORIENTED_EDGE('',*,*,#4879,.F.);
#5053 = ADVANCED_FACE('',(#5054),#4609,.T.);
#5054 = FACE_BOUND('',#5055,.T.);
#5055 = EDGE_LOOP('',(#5056,#5077,#5078,#5079));
#5056 = ORIENTED_EDGE('',*,*,#5057,.F.);
#5057 = EDGE_CURVE('',#4562,#4831,#5058,.T.);
#5058 = SURFACE_CURVE('',#5059,(#5063,#5070),.PCURVE_S1.);
#5059 = LINE('',#5060,#5061);
#5060 = CARTESIAN_POINT('',(10.25,3.149999997151,10.28));
#5061 = VECTOR('',#5062,1.);
#5062 = DIRECTION('',(0.,0.,1.));
#5063 = PCURVE('',#4609,#5064);
#5064 = DEFINITIONAL_REPRESENTATION('',(#5065),#5069);
#5065 = LINE('',#5066,#5067);
#5066 = CARTESIAN_POINT('',(6.299999997151,0.));
#5067 = VECTOR('',#5068,1.);
#5068 = DIRECTION('',(0.,-1.));
#5069 = ( GEOMETRIC_REPRESENTATION_CONTEXT(2) 
PARAMETRIC_REPRESENTATION_CONTEXT() REPRESENTATION_CONTEXT('2D SPACE',''
  ) );
#5070 = PCURVE('',#4582,#5071);
#5071 = DEFINITIONAL_REPRESENTATION('',(#5072),#5076);
#5072 = LINE('',#5073,#5074);
#5073 = CARTESIAN_POINT('',(-0.,0.));
#5074 = VECTOR('',#5075,1.);
#5075 = DIRECTION('',(-0.,-1.));
#5076 = ( GEOMETRIC_REPRESENTATION_CONTEXT(2) 
PARAMETRIC_REPRESENTATION_CONTEXT() REPRESENTATION_CONTEXT('2D SPACE',''
  ) );
#5077 = ORIENTED_EDGE('',*,*,#4594,.T.);
#5078 = ORIENTED_EDGE('',*,*,#5030,.T.);
#5079 = ORIENTED_EDGE('',*,*,#4858,.T.);
#5080 = ADVANCED_FACE('',(#5081),#4582,.F.);
#5081 = FACE_BOUND('',#5082,.T.);
#5082 = EDGE_LOOP('',(#5083,#5104,#5105,#5106));
#5083 = ORIENTED_EDGE('',*,*,#5084,.F.);
#5084 = EDGE_CURVE('',#4536,#4810,#5085,.T.);
#5085 = SURFACE_CURVE('',#5086,(#5090,#5097),.PCURVE_S1.);
#5086 = LINE('',#5087,#5088);
#5087 = CARTESIAN_POINT('',(7.15,6.249999998576,10.28));
#5088 = VECTOR('',#5089,1.);
#5089 = DIRECTION('',(0.,0.,1.));
#5090 = PCURVE('',#4582,#5091);
#5091 = DEFINITIONAL_REPRESENTATION('',(#5092),#5096);
#5092 = LINE('',#5093,#5094);
#5093 = CARTESIAN_POINT('',(-1.570796326795,0.));
#5094 = VECTOR('',#5095,1.);
#5095 = DIRECTION('',(-0.,-1.));
#5096 = ( GEOMETRIC_REPRESENTATION_CONTEXT(2) 
PARAMETRIC_REPRESENTATION_CONTEXT() REPRESENTATION_CONTEXT('2D SPACE',''
  ) );
#5097 = PCURVE('',#4550,#5098);
#5098 = DEFINITIONAL_REPRESENTATION('',(#5099),#5103);
#5099 = LINE('',#5100,#5101);
#5100 = CARTESIAN_POINT('',(14.3,0.));
#5101 = VECTOR('',#5102,1.);
#5102 = DIRECTION('',(0.,-1.));
#5103 = ( GEOMETRIC_REPRESENTATION_CONTEXT(2) 
PARAMETRIC_REPRESENTATION_CONTEXT() REPRESENTATION_CONTEXT('2D SPACE',''
  ) );
#5104 = ORIENTED_EDGE('',*,*,#4561,.T.);
#5105 = ORIENTED_EDGE('',*,*,#5057,.T.);
#5106 = ORIENTED_EDGE('',*,*,#4830,.F.);
#5107 = ADVANCED_FACE('',(#5108),#4550,.F.);
#5108 = FACE_BOUND('',#5109,.F.);
#5109 = EDGE_LOOP('',(#5110,#5111,#5112,#5133));
#5110 = ORIENTED_EDGE('',*,*,#5084,.F.);
#5111 = ORIENTED_EDGE('',*,*,#4535,.T.);
#5112 = ORIENTED_EDGE('',*,*,#5113,.T.);
#5113 = EDGE_CURVE('',#4503,#4782,#5114,.T.);
#5114 = SURFACE_CURVE('',#5115,(#5119,#5126),.PCURVE_S1.);
#5115 = LINE('',#5116,#5117);
#5116 = CARTESIAN_POINT('',(-7.15,6.249999998576,10.28));
#5117 = VECTOR('',#5118,1.);
#5118 = DIRECTION('',(0.,0.,1.));
#5119 = PCURVE('',#4550,#5120);
#5120 = DEFINITIONAL_REPRESENTATION('',(#5121),#5125);
#5121 = LINE('',#5122,#5123);
#5122 = CARTESIAN_POINT('',(0.,0.));
#5123 = VECTOR('',#5124,1.);
#5124 = DIRECTION('',(0.,-1.));
#5125 = ( GEOMETRIC_REPRESENTATION_CONTEXT(2) 
PARAMETRIC_REPRESENTATION_CONTEXT() REPRESENTATION_CONTEXT('2D SPACE',''
  ) );
#5126 = PCURVE('',#4523,#5127);
#5127 = DEFINITIONAL_REPRESENTATION('',(#5128),#5132);
#5128 = LINE('',#5129,#5130);
#5129 = CARTESIAN_POINT('',(-1.570796326795,0.));
#5130 = VECTOR('',#5131,1.);
#5131 = DIRECTION('',(-0.,-1.));
#5132 = ( GEOMETRIC_REPRESENTATION_CONTEXT(2) 
PARAMETRIC_REPRESENTATION_CONTEXT() REPRESENTATION_CONTEXT('2D SPACE',''
  ) );
#5133 = ORIENTED_EDGE('',*,*,#4809,.T.);
#5134 = ADVANCED_FACE('',(#5135),#4523,.F.);
#5135 = FACE_BOUND('',#5136,.T.);
#5136 = EDGE_LOOP('',(#5137,#5138,#5139,#5140));
#5137 = ORIENTED_EDGE('',*,*,#4929,.F.);
#5138 = ORIENTED_EDGE('',*,*,#4502,.T.);
#5139 = ORIENTED_EDGE('',*,*,#5113,.T.);
#5140 = ORIENTED_EDGE('',*,*,#4781,.F.);
#5141 = ( GEOMETRIC_REPRESENTATION_CONTEXT(3) 
GLOBAL_UNCERTAINTY_ASSIGNED_CONTEXT((#5145)) 
GLOBAL_UNIT_ASSIGNED_CONTEXT((#5142,#5143,#5144)) REPRESENTATION_CONTEXT
('Context #1','3D Context with UNIT and UNCERTAINTY') );
#5142 = ( LENGTH_UNIT() NAMED_UNIT(*) SI_UNIT(.MILLI.,.METRE.) );
#5143 = ( NAMED_UNIT(*) PLANE_ANGLE_UNIT() SI_UNIT($,.RADIAN.) );
#5144 = ( NAMED_UNIT(*) SI_UNIT($,.STERADIAN.) SOLID_ANGLE_UNIT() );
#5145 = UNCERTAINTY_MEASURE_WITH_UNIT(LENGTH_MEASURE(1.E-07),#5142,
  'distance_accuracy_value','confusion accuracy');
#5146 = PRODUCT_RELATED_PRODUCT_CATEGORY('part',$,(#7));
#5147 = MECHANICAL_DESIGN_GEOMETRIC_PRESENTATION_REPRESENTATION('',(
    #5148),#5141);
#5148 = STYLED_ITEM('color',(#5149),#15);
#5149 = PRESENTATION_STYLE_ASSIGNMENT((#5150,#5156));
#5150 = SURFACE_STYLE_USAGE(.BOTH.,#5151);
#5151 = SURFACE_SIDE_STYLE('',(#5152));
#5152 = SURFACE_STYLE_FILL_AREA(#5153);
#5153 = FILL_AREA_STYLE('',(#5154));
#5154 = FILL_AREA_STYLE_COLOUR('',#5155);
#5155 = COLOUR_RGB('',0.620000000292,0.659999992303,0.679999990811);
#5156 = CURVE_STYLE('',#5157,POSITIVE_LENGTH_MEASURE(0.1),#5155);
#5157 = DRAUGHTING_PRE_DEFINED_CURVE_FONT('continuous');
ENDSEC;
END-ISO-10303-21;
