ISO-10303-21;
HEADER;
FILE_DESCRIPTION(('Open CASCADE Model'),'2;1');
FILE_NAME('main_body_case','2026-10-07T22:23:33',('Author'),(
    'Open CASCADE'),'Open CASCADE STEP processor 7.9','build123d',
  'Unknown');
FILE_SCHEMA(('AUTOMOTIVE_DESIGN { 1 0 10303 214 1 1 1 1 }'));
ENDSEC;
DATA;
#1 = APPLICATION_PROTOCOL_DEFINITION('international standard',
  'automotive_design',2000,#2);
#2 = APPLICATION_CONTEXT(
  'core data for automotive mechanical design processes');
#3 = SHAPE_DEFINITION_REPRESENTATION(#4,#10);
#4 = PRODUCT_DEFINITION_SHAPE('','',#5);
#5 = PRODUCT_DEFINITION('design','',#6,#9);
#6 = PRODUCT_DEFINITION_FORMATION('','',#7);
#7 = PRODUCT('main_body_case','main_body_case','',(#8));
#8 = PRODUCT_CONTEXT('',#2,'mechanical');
#9 = PRODUCT_DEFINITION_CONTEXT('part definition',#2,'design');
#10 = ADVANCED_BREP_SHAPE_REPRESENTATION('',(#11,#15),#12149);
#11 = AXIS2_PLACEMENT_3D('',#12,#13,#14);
#12 = CARTESIAN_POINT('',(0.,0.,0.));
#13 = DIRECTION('',(0.,0.,1.));
#14 = DIRECTION('',(1.,0.,-0.));
#15 = MANIFOLD_SOLID_BREP('',#16);
#16 = CLOSED_SHELL('',(#17,#172,#319,#398,#477,#614,#673,#891,#1021,
    #1053,#1111,#1266,#2416,#2500,#2909,#2935,#2986,#3151,#3296,#3375,
    #3486,#3567,#3673,#3791,#3818,#3916,#3942,#4002,#4053,#4225,#4325,
    #4436,#4554,#4581,#4723,#4805,#4890,#4916,#4964,#5071,#5142,#5275,
    #5416,#5465,#5630,#5734,#5816,#5876,#5904,#6015,#6133,#6160,#6302,
    #6364,#6440,#6494,#6543,#6597,#6646,#6700,#6749,#6781,#6807,#6833,
    #6882,#6909,#6963,#7012,#7125,#7172,#7280,#7329,#7361,#7398,#7427,
    #8234,#8265,#8494,#8525,#8556,#8587,#8801,#8879,#8953,#9027,#9076,
    #9125,#9172,#9275,#9393,#9469,#9543,#9643,#9697,#9724,#9805,#9905,
    #9952,#10008,#10099,#10148,#10197,#10224,#10279,#10334,#10389,#10444
    ,#10499,#10554,#10628,#10682,#10729,#10783,#10830,#10884,#10931,
    #10963,#10988,#11112,#11163,#11214,#11303,#11310,#11317,#11323,
    #11358,#11364,#11399,#11434,#11469,#11504,#11539,#11574,#11609,
    #11620,#11645,#11670,#11677,#11732,#11787,#11842,#11897,#11952,
    #12007,#12062,#12117,#12121,#12125,#12129,#12133,#12137,#12141,
    #12145));
#17 = ADVANCED_FACE('',(#18,#137),#32,.T.);
#18 = FACE_BOUND('',#19,.T.);
#19 = EDGE_LOOP('',(#20,#55,#83,#111));
#20 = ORIENTED_EDGE('',*,*,#21,.T.);
#21 = EDGE_CURVE('',#22,#24,#26,.T.);
#22 = VERTEX_POINT('',#23);
#23 = CARTESIAN_POINT('',(-24.,-10.5,0.55));
#24 = VERTEX_POINT('',#25);
#25 = CARTESIAN_POINT('',(-24.,-10.5,8.95));
#26 = SURFACE_CURVE('',#27,(#31,#43),.PCURVE_S1.);
#27 = LINE('',#28,#29);
#28 = CARTESIAN_POINT('',(-24.,-10.5,0.));
#29 = VECTOR('',#30,1.);
#30 = DIRECTION('',(0.,0.,1.));
#31 = PCURVE('',#32,#37);
#32 = PLANE('',#33);
#33 = AXIS2_PLACEMENT_3D('',#34,#35,#36);
#34 = CARTESIAN_POINT('',(-24.,-10.5,0.));
#35 = DIRECTION('',(-1.,0.,0.));
#36 = DIRECTION('',(0.,1.,0.));
#37 = DEFINITIONAL_REPRESENTATION('',(#38),#42);
#38 = LINE('',#39,#40);
#39 = CARTESIAN_POINT('',(-1.7763568394E-15,0.));
#40 = VECTOR('',#41,1.);
#41 = DIRECTION('',(0.,-1.));
#42 = ( GEOMETRIC_REPRESENTATION_CONTEXT(2) 
PARAMETRIC_REPRESENTATION_CONTEXT() REPRESENTATION_CONTEXT('2D SPACE',''
  ) );
#43 = PCURVE('',#44,#49);
#44 = CYLINDRICAL_SURFACE('',#45,11.5);
#45 = AXIS2_PLACEMENT_3D('',#46,#47,#48);
#46 = CARTESIAN_POINT('',(-12.5,-10.5,0.));
#47 = DIRECTION('',(0.,0.,-1.));
#48 = DIRECTION('',(-1.,0.,0.));
#49 = DEFINITIONAL_REPRESENTATION('',(#50),#54);
#50 = LINE('',#51,#52);
#51 = CARTESIAN_POINT('',(6.28318530718,0.));
#52 = VECTOR('',#53,1.);
#53 = DIRECTION('',(0.,-1.));
#54 = ( GEOMETRIC_REPRESENTATION_CONTEXT(2) 
PARAMETRIC_REPRESENTATION_CONTEXT() REPRESENTATION_CONTEXT('2D SPACE',''
  ) );
#55 = ORIENTED_EDGE('',*,*,#56,.T.);
#56 = EDGE_CURVE('',#24,#57,#59,.T.);
#57 = VERTEX_POINT('',#58);
#58 = CARTESIAN_POINT('',(-24.,10.499999984226,8.95));
#59 = SURFACE_CURVE('',#60,(#64,#71),.PCURVE_S1.);
#60 = LINE('',#61,#62);
#61 = CARTESIAN_POINT('',(-24.,-10.5,8.95));
#62 = VECTOR('',#63,1.);
#63 = DIRECTION('',(0.,1.,0.));
#64 = PCURVE('',#32,#65);
#65 = DEFINITIONAL_REPRESENTATION('',(#66),#70);
#66 = LINE('',#67,#68);
#67 = CARTESIAN_POINT('',(0.,-8.95));
#68 = VECTOR('',#69,1.);
#69 = DIRECTION('',(1.,0.));
#70 = ( GEOMETRIC_REPRESENTATION_CONTEXT(2) 
PARAMETRIC_REPRESENTATION_CONTEXT() REPRESENTATION_CONTEXT('2D SPACE',''
  ) );
#71 = PCURVE('',#72,#77);
#72 = CYLINDRICAL_SURFACE('',#73,0.55);
#73 = AXIS2_PLACEMENT_3D('',#74,#75,#76);
#74 = CARTESIAN_POINT('',(-23.45,-10.5,8.95));
#75 = DIRECTION('',(0.,1.,0.));
#76 = DIRECTION('',(-1.,0.,0.));
#77 = DEFINITIONAL_REPRESENTATION('',(#78),#82);
#78 = LINE('',#79,#80);
#79 = CARTESIAN_POINT('',(0.,0.));
#80 = VECTOR('',#81,1.);
#81 = DIRECTION('',(0.,1.));
#82 = ( GEOMETRIC_REPRESENTATION_CONTEXT(2) 
PARAMETRIC_REPRESENTATION_CONTEXT() REPRESENTATION_CONTEXT('2D SPACE',''
  ) );
#83 = ORIENTED_EDGE('',*,*,#84,.F.);
#84 = EDGE_CURVE('',#85,#57,#87,.T.);
#85 = VERTEX_POINT('',#86);
#86 = CARTESIAN_POINT('',(-24.,10.499999984226,0.55));
#87 = SURFACE_CURVE('',#88,(#92,#99),.PCURVE_S1.);
#88 = LINE('',#89,#90);
#89 = CARTESIAN_POINT('',(-24.,10.499999984226,0.));
#90 = VECTOR('',#91,1.);
#91 = DIRECTION('',(0.,0.,1.));
#92 = PCURVE('',#32,#93);
#93 = DEFINITIONAL_REPRESENTATION('',(#94),#98);
#94 = LINE('',#95,#96);
#95 = CARTESIAN_POINT('',(20.999999984226,0.));
#96 = VECTOR('',#97,1.);
#97 = DIRECTION('',(0.,-1.));
#98 = ( GEOMETRIC_REPRESENTATION_CONTEXT(2) 
PARAMETRIC_REPRESENTATION_CONTEXT() REPRESENTATION_CONTEXT('2D SPACE',''
  ) );
#99 = PCURVE('',#100,#105);
#100 = CYLINDRICAL_SURFACE('',#101,11.5);
#101 = AXIS2_PLACEMENT_3D('',#102,#103,#104);
#102 = CARTESIAN_POINT('',(-12.5,10.499999984226,0.));
#103 = DIRECTION('',(0.,0.,-1.));
#104 = DIRECTION('',(-1.,0.,0.));
#105 = DEFINITIONAL_REPRESENTATION('',(#106),#110);
#106 = LINE('',#107,#108);
#107 = CARTESIAN_POINT('',(0.,0.));
#108 = VECTOR('',#109,1.);
#109 = DIRECTION('',(0.,-1.));
#110 = ( GEOMETRIC_REPRESENTATION_CONTEXT(2) 
PARAMETRIC_REPRESENTATION_CONTEXT() REPRESENTATION_CONTEXT('2D SPACE',''
  ) );
#111 = ORIENTED_EDGE('',*,*,#112,.F.);
#112 = EDGE_CURVE('',#22,#85,#113,.T.);
#113 = SURFACE_CURVE('',#114,(#118,#125),.PCURVE_S1.);
#114 = LINE('',#115,#116);
#115 = CARTESIAN_POINT('',(-24.,-10.5,0.55));
#116 = VECTOR('',#117,1.);
#117 = DIRECTION('',(0.,1.,0.));
#118 = PCURVE('',#32,#119);
#119 = DEFINITIONAL_REPRESENTATION('',(#120),#124);
#120 = LINE('',#121,#122);
#121 = CARTESIAN_POINT('',(0.,-0.55));
#122 = VECTOR('',#123,1.);
#123 = DIRECTION('',(1.,0.));
#124 = ( GEOMETRIC_REPRESENTATION_CONTEXT(2) 
PARAMETRIC_REPRESENTATION_CONTEXT() REPRESENTATION_CONTEXT('2D SPACE',''
  ) );
#125 = PCURVE('',#126,#131);
#126 = CYLINDRICAL_SURFACE('',#127,0.55);
#127 = AXIS2_PLACEMENT_3D('',#128,#129,#130);
#128 = CARTESIAN_POINT('',(-23.45,-10.5,0.55));
#129 = DIRECTION('',(0.,1.,0.));
#130 = DIRECTION('',(-1.,0.,0.));
#131 = DEFINITIONAL_REPRESENTATION('',(#132),#136);
#132 = LINE('',#133,#134);
#133 = CARTESIAN_POINT('',(-0.,0.));
#134 = VECTOR('',#135,1.);
#135 = DIRECTION('',(-0.,1.));
#136 = ( GEOMETRIC_REPRESENTATION_CONTEXT(2) 
PARAMETRIC_REPRESENTATION_CONTEXT() REPRESENTATION_CONTEXT('2D SPACE',''
  ) );
#137 = FACE_BOUND('',#138,.T.);
#138 = EDGE_LOOP('',(#139));
#139 = ORIENTED_EDGE('',*,*,#140,.T.);
#140 = EDGE_CURVE('',#141,#141,#143,.T.);
#141 = VERTEX_POINT('',#142);
#142 = CARTESIAN_POINT('',(-24.,-6.858022075225E-16,1.9));
#143 = SURFACE_CURVE('',#144,(#149,#160),.PCURVE_S1.);
#144 = CIRCLE('',#145,2.8);
#145 = AXIS2_PLACEMENT_3D('',#146,#147,#148);
#146 = CARTESIAN_POINT('',(-24.,0.,4.7));
#147 = DIRECTION('',(1.,0.,2.22044604925E-16));
#148 = DIRECTION('',(2.22044604925E-16,0.,-1.));
#149 = PCURVE('',#32,#150);
#150 = DEFINITIONAL_REPRESENTATION('',(#151),#159);
#151 = ( BOUNDED_CURVE() B_SPLINE_CURVE(2,(#152,#153,#154,#155,#156,#157
,#158),.UNSPECIFIED.,.T.,.F.) B_SPLINE_CURVE_WITH_KNOTS((1,2,2,2,2,1),(
    -2.094395102393,0.,2.094395102393,4.188790204786,6.28318530718,
8.377580409573),.UNSPECIFIED.) CURVE() GEOMETRIC_REPRESENTATION_ITEM() 
RATIONAL_B_SPLINE_CURVE((1.,0.5,1.,0.5,1.,0.5,1.)) REPRESENTATION_ITEM(
  '') );
#152 = CARTESIAN_POINT('',(10.5,-1.9));
#153 = CARTESIAN_POINT('',(15.349742261193,-1.9));
#154 = CARTESIAN_POINT('',(12.924871130596,-6.1));
#155 = CARTESIAN_POINT('',(10.5,-10.3));
#156 = CARTESIAN_POINT('',(8.075128869404,-6.1));
#157 = CARTESIAN_POINT('',(5.650257738807,-1.9));
#158 = CARTESIAN_POINT('',(10.5,-1.9));
#159 = ( GEOMETRIC_REPRESENTATION_CONTEXT(2) 
PARAMETRIC_REPRESENTATION_CONTEXT() REPRESENTATION_CONTEXT('2D SPACE',''
  ) );
#160 = PCURVE('',#161,#166);
#161 = CYLINDRICAL_SURFACE('',#162,2.8);
#162 = AXIS2_PLACEMENT_3D('',#163,#164,#165);
#163 = CARTESIAN_POINT('',(-27.,0.,4.7));
#164 = DIRECTION('',(1.,0.,2.22044604925E-16));
#165 = DIRECTION('',(2.22044604925E-16,0.,-1.));
#166 = DEFINITIONAL_REPRESENTATION('',(#167),#171);
#167 = LINE('',#168,#169);
#168 = CARTESIAN_POINT('',(0.,3.));
#169 = VECTOR('',#170,1.);
#170 = DIRECTION('',(1.,0.));
#171 = ( GEOMETRIC_REPRESENTATION_CONTEXT(2) 
PARAMETRIC_REPRESENTATION_CONTEXT() REPRESENTATION_CONTEXT('2D SPACE',''
  ) );
#172 = ADVANCED_FACE('',(#173),#44,.T.);
#173 = FACE_BOUND('',#174,.T.);
#174 = EDGE_LOOP('',(#175,#210,#238,#265,#266,#295));
#175 = ORIENTED_EDGE('',*,*,#176,.F.);
#176 = EDGE_CURVE('',#177,#179,#181,.T.);
#177 = VERTEX_POINT('',#178);
#178 = CARTESIAN_POINT('',(-12.5,-22.,4.6));
#179 = VERTEX_POINT('',#180);
#180 = CARTESIAN_POINT('',(-15.54496265207,-21.5895537533,4.6));
#181 = SURFACE_CURVE('',#182,(#187,#194),.PCURVE_S1.);
#182 = CIRCLE('',#183,11.5);
#183 = AXIS2_PLACEMENT_3D('',#184,#185,#186);
#184 = CARTESIAN_POINT('',(-12.5,-10.5,4.6));
#185 = DIRECTION('',(0.,0.,-1.));
#186 = DIRECTION('',(-1.,0.,0.));
#187 = PCURVE('',#44,#188);
#188 = DEFINITIONAL_REPRESENTATION('',(#189),#193);
#189 = LINE('',#190,#191);
#190 = CARTESIAN_POINT('',(0.,-4.6));
#191 = VECTOR('',#192,1.);
#192 = DIRECTION('',(1.,0.));
#193 = ( GEOMETRIC_REPRESENTATION_CONTEXT(2) 
PARAMETRIC_REPRESENTATION_CONTEXT() REPRESENTATION_CONTEXT('2D SPACE',''
  ) );
#194 = PCURVE('',#195,#200);
#195 = PLANE('',#196);
#196 = AXIS2_PLACEMENT_3D('',#197,#198,#199);
#197 = CARTESIAN_POINT('',(-11.70000000576,-25.8,4.6));
#198 = DIRECTION('',(0.,0.,1.));
#199 = DIRECTION('',(1.,0.,-0.));
#200 = DEFINITIONAL_REPRESENTATION('',(#201),#209);
#201 = ( BOUNDED_CURVE() B_SPLINE_CURVE(2,(#202,#203,#204,#205,#206,#207
,#208),.UNSPECIFIED.,.T.,.F.) B_SPLINE_CURVE_WITH_KNOTS((1,2,2,2,2,1),(
    -2.094395102393,0.,2.094395102393,4.188790204786,6.28318530718,
8.377580409573),.UNSPECIFIED.) CURVE() GEOMETRIC_REPRESENTATION_ITEM() 
RATIONAL_B_SPLINE_CURVE((1.,0.5,1.,0.5,1.,0.5,1.)) REPRESENTATION_ITEM(
  '') );
#202 = CARTESIAN_POINT('',(-12.29999999423,15.3));
#203 = CARTESIAN_POINT('',(-12.29999999423,35.218584287042));
#204 = CARTESIAN_POINT('',(4.950000005763,25.259292143521));
#205 = CARTESIAN_POINT('',(22.200000005763,15.3));
#206 = CARTESIAN_POINT('',(4.950000005763,5.340707856479));
#207 = CARTESIAN_POINT('',(-12.29999999423,-4.618584287042));
#208 = CARTESIAN_POINT('',(-12.29999999423,15.3));
#209 = ( GEOMETRIC_REPRESENTATION_CONTEXT(2) 
PARAMETRIC_REPRESENTATION_CONTEXT() REPRESENTATION_CONTEXT('2D SPACE',''
  ) );
#210 = ORIENTED_EDGE('',*,*,#211,.T.);
#211 = EDGE_CURVE('',#177,#212,#214,.T.);
#212 = VERTEX_POINT('',#213);
#213 = CARTESIAN_POINT('',(-12.5,-22.,8.95));
#214 = SURFACE_CURVE('',#215,(#219,#226),.PCURVE_S1.);
#215 = LINE('',#216,#217);
#216 = CARTESIAN_POINT('',(-12.5,-22.,0.));
#217 = VECTOR('',#218,1.);
#218 = DIRECTION('',(0.,0.,1.));
#219 = PCURVE('',#44,#220);
#220 = DEFINITIONAL_REPRESENTATION('',(#221),#225);
#221 = LINE('',#222,#223);
#222 = CARTESIAN_POINT('',(4.712388980385,0.));
#223 = VECTOR('',#224,1.);
#224 = DIRECTION('',(0.,-1.));
#225 = ( GEOMETRIC_REPRESENTATION_CONTEXT(2) 
PARAMETRIC_REPRESENTATION_CONTEXT() REPRESENTATION_CONTEXT('2D SPACE',''
  ) );
#226 = PCURVE('',#227,#232);
#227 = PLANE('',#228);
#228 = AXIS2_PLACEMENT_3D('',#229,#230,#231);
#229 = CARTESIAN_POINT('',(-12.5,-22.,0.));
#230 = DIRECTION('',(0.,1.,0.));
#231 = DIRECTION('',(1.,0.,0.));
#232 = DEFINITIONAL_REPRESENTATION('',(#233),#237);
#233 = LINE('',#234,#235);
#234 = CARTESIAN_POINT('',(0.,0.));
#235 = VECTOR('',#236,1.);
#236 = DIRECTION('',(0.,-1.));
#237 = ( GEOMETRIC_REPRESENTATION_CONTEXT(2) 
PARAMETRIC_REPRESENTATION_CONTEXT() REPRESENTATION_CONTEXT('2D SPACE',''
  ) );
#238 = ORIENTED_EDGE('',*,*,#239,.T.);
#239 = EDGE_CURVE('',#212,#24,#240,.T.);
#240 = SURFACE_CURVE('',#241,(#246,#253),.PCURVE_S1.);
#241 = CIRCLE('',#242,11.5);
#242 = AXIS2_PLACEMENT_3D('',#243,#244,#245);
#243 = CARTESIAN_POINT('',(-12.5,-10.5,8.95));
#244 = DIRECTION('',(0.,-0.,-1.));
#245 = DIRECTION('',(1.544658121218E-16,-1.,0.));
#246 = PCURVE('',#44,#247);
#247 = DEFINITIONAL_REPRESENTATION('',(#248),#252);
#248 = LINE('',#249,#250);
#249 = CARTESIAN_POINT('',(4.712388980385,-8.95));
#250 = VECTOR('',#251,1.);
#251 = DIRECTION('',(1.,0.));
#252 = ( GEOMETRIC_REPRESENTATION_CONTEXT(2) 
PARAMETRIC_REPRESENTATION_CONTEXT() REPRESENTATION_CONTEXT('2D SPACE',''
  ) );
#253 = PCURVE('',#254,#259);
#254 = TOROIDAL_SURFACE('',#255,10.95,0.55);
#255 = AXIS2_PLACEMENT_3D('',#256,#257,#258);
#256 = CARTESIAN_POINT('',(-12.5,-10.5,8.95));
#257 = DIRECTION('',(0.,0.,1.));
#258 = DIRECTION('',(1.544658121218E-16,-1.,0.));
#259 = DEFINITIONAL_REPRESENTATION('',(#260),#264);
#260 = LINE('',#261,#262);
#261 = CARTESIAN_POINT('',(-0.,0.));
#262 = VECTOR('',#263,1.);
#263 = DIRECTION('',(-1.,0.));
#264 = ( GEOMETRIC_REPRESENTATION_CONTEXT(2) 
PARAMETRIC_REPRESENTATION_CONTEXT() REPRESENTATION_CONTEXT('2D SPACE',''
  ) );
#265 = ORIENTED_EDGE('',*,*,#21,.F.);
#266 = ORIENTED_EDGE('',*,*,#267,.F.);
#267 = EDGE_CURVE('',#268,#22,#270,.T.);
#268 = VERTEX_POINT('',#269);
#269 = CARTESIAN_POINT('',(-15.54496265207,-21.5895537533,0.55));
#270 = SURFACE_CURVE('',#271,(#276,#283),.PCURVE_S1.);
#271 = CIRCLE('',#272,11.5);
#272 = AXIS2_PLACEMENT_3D('',#273,#274,#275);
#273 = CARTESIAN_POINT('',(-12.5,-10.5,0.55));
#274 = DIRECTION('',(0.,-0.,-1.));
#275 = DIRECTION('',(1.544658121218E-16,-1.,0.));
#276 = PCURVE('',#44,#277);
#277 = DEFINITIONAL_REPRESENTATION('',(#278),#282);
#278 = LINE('',#279,#280);
#279 = CARTESIAN_POINT('',(4.712388980385,-0.55));
#280 = VECTOR('',#281,1.);
#281 = DIRECTION('',(1.,0.));
#282 = ( GEOMETRIC_REPRESENTATION_CONTEXT(2) 
PARAMETRIC_REPRESENTATION_CONTEXT() REPRESENTATION_CONTEXT('2D SPACE',''
  ) );
#283 = PCURVE('',#284,#289);
#284 = TOROIDAL_SURFACE('',#285,10.95,0.55);
#285 = AXIS2_PLACEMENT_3D('',#286,#287,#288);
#286 = CARTESIAN_POINT('',(-12.5,-10.5,0.55));
#287 = DIRECTION('',(-0.,-0.,-1.));
#288 = DIRECTION('',(1.544658121218E-16,-1.,0.));
#289 = DEFINITIONAL_REPRESENTATION('',(#290),#294);
#290 = LINE('',#291,#292);
#291 = CARTESIAN_POINT('',(0.,0.));
#292 = VECTOR('',#293,1.);
#293 = DIRECTION('',(1.,0.));
#294 = ( GEOMETRIC_REPRESENTATION_CONTEXT(2) 
PARAMETRIC_REPRESENTATION_CONTEXT() REPRESENTATION_CONTEXT('2D SPACE',''
  ) );
#295 = ORIENTED_EDGE('',*,*,#296,.F.);
#296 = EDGE_CURVE('',#179,#268,#297,.T.);
#297 = SURFACE_CURVE('',#298,(#302,#308),.PCURVE_S1.);
#298 = LINE('',#299,#300);
#299 = CARTESIAN_POINT('',(-15.54496265207,-21.5895537533,0.));
#300 = VECTOR('',#301,1.);
#301 = DIRECTION('',(0.,0.,-1.));
#302 = PCURVE('',#44,#303);
#303 = DEFINITIONAL_REPRESENTATION('',(#304),#307);
#304 = B_SPLINE_CURVE_WITH_KNOTS('',1,(#305,#306),.UNSPECIFIED.,.F.,.F.,
  (2,2),(-4.6000006,-0.5499994),.PIECEWISE_BEZIER_KNOTS.);
#305 = CARTESIAN_POINT('',(4.980364090282,-4.6000006));
#306 = CARTESIAN_POINT('',(4.980364090282,-0.5499994));
#307 = ( GEOMETRIC_REPRESENTATION_CONTEXT(2) 
PARAMETRIC_REPRESENTATION_CONTEXT() REPRESENTATION_CONTEXT('2D SPACE',''
  ) );
#308 = PCURVE('',#309,#314);
#309 = CYLINDRICAL_SURFACE('',#310,3.);
#310 = AXIS2_PLACEMENT_3D('',#311,#312,#313);
#311 = CARTESIAN_POINT('',(-12.8000000141,-22.8,0.));
#312 = DIRECTION('',(-0.,-0.,-1.));
#313 = DIRECTION('',(1.,0.,0.));
#314 = DEFINITIONAL_REPRESENTATION('',(#315),#318);
#315 = B_SPLINE_CURVE_WITH_KNOTS('',1,(#316,#317),.UNSPECIFIED.,.F.,.F.,
  (2,2),(-4.6000006,-0.5499994),.PIECEWISE_BEZIER_KNOTS.);
#316 = CARTESIAN_POINT('',(-2.726273380079,-4.6000006));
#317 = CARTESIAN_POINT('',(-2.726273380079,-0.5499994));
#318 = ( GEOMETRIC_REPRESENTATION_CONTEXT(2) 
PARAMETRIC_REPRESENTATION_CONTEXT() REPRESENTATION_CONTEXT('2D SPACE',''
  ) );
#319 = ADVANCED_FACE('',(#320),#126,.T.);
#320 = FACE_BOUND('',#321,.F.);
#321 = EDGE_LOOP('',(#322,#344,#372,#397));
#322 = ORIENTED_EDGE('',*,*,#323,.T.);
#323 = EDGE_CURVE('',#22,#324,#326,.T.);
#324 = VERTEX_POINT('',#325);
#325 = CARTESIAN_POINT('',(-23.45,-10.5,-1.110223024625E-16));
#326 = SURFACE_CURVE('',#327,(#332,#338),.PCURVE_S1.);
#327 = CIRCLE('',#328,0.55);
#328 = AXIS2_PLACEMENT_3D('',#329,#330,#331);
#329 = CARTESIAN_POINT('',(-23.45,-10.5,0.55));
#330 = DIRECTION('',(-0.,-1.,-0.));
#331 = DIRECTION('',(-1.,0.,0.));
#332 = PCURVE('',#126,#333);
#333 = DEFINITIONAL_REPRESENTATION('',(#334),#337);
#334 = B_SPLINE_CURVE_WITH_KNOTS('',1,(#335,#336),.UNSPECIFIED.,.F.,.F.,
  (2,2),(0.,1.570796326795),.PIECEWISE_BEZIER_KNOTS.);
#335 = CARTESIAN_POINT('',(0.,-1.7763568394E-15));
#336 = CARTESIAN_POINT('',(-1.570796326795,-1.7763568394E-15));
#337 = ( GEOMETRIC_REPRESENTATION_CONTEXT(2) 
PARAMETRIC_REPRESENTATION_CONTEXT() REPRESENTATION_CONTEXT('2D SPACE',''
  ) );
#338 = PCURVE('',#284,#339);
#339 = DEFINITIONAL_REPRESENTATION('',(#340),#343);
#340 = B_SPLINE_CURVE_WITH_KNOTS('',1,(#341,#342),.UNSPECIFIED.,.F.,.F.,
  (2,2),(0.,1.570796326795),.PIECEWISE_BEZIER_KNOTS.);
#341 = CARTESIAN_POINT('',(1.570796326795,0.));
#342 = CARTESIAN_POINT('',(1.570796326795,1.570796326795));
#343 = ( GEOMETRIC_REPRESENTATION_CONTEXT(2) 
PARAMETRIC_REPRESENTATION_CONTEXT() REPRESENTATION_CONTEXT('2D SPACE',''
  ) );
#344 = ORIENTED_EDGE('',*,*,#345,.T.);
#345 = EDGE_CURVE('',#324,#346,#348,.T.);
#346 = VERTEX_POINT('',#347);
#347 = CARTESIAN_POINT('',(-23.45,10.499999984226,-1.110223024625E-16));
#348 = SURFACE_CURVE('',#349,(#353,#360),.PCURVE_S1.);
#349 = LINE('',#350,#351);
#350 = CARTESIAN_POINT('',(-23.45,-10.5,-1.110223024625E-16));
#351 = VECTOR('',#352,1.);
#352 = DIRECTION('',(0.,1.,0.));
#353 = PCURVE('',#126,#354);
#354 = DEFINITIONAL_REPRESENTATION('',(#355),#359);
#355 = LINE('',#356,#357);
#356 = CARTESIAN_POINT('',(-1.570796326795,0.));
#357 = VECTOR('',#358,1.);
#358 = DIRECTION('',(-0.,1.));
#359 = ( GEOMETRIC_REPRESENTATION_CONTEXT(2) 
PARAMETRIC_REPRESENTATION_CONTEXT() REPRESENTATION_CONTEXT('2D SPACE',''
  ) );
#360 = PCURVE('',#361,#366);
#361 = PLANE('',#362);
#362 = AXIS2_PLACEMENT_3D('',#363,#364,#365);
#363 = CARTESIAN_POINT('',(-1.178506503405E-09,-2.412279910971E-09,0.));
#364 = DIRECTION('',(0.,0.,1.));
#365 = DIRECTION('',(1.,0.,-0.));
#366 = DEFINITIONAL_REPRESENTATION('',(#367),#371);
#367 = LINE('',#368,#369);
#368 = CARTESIAN_POINT('',(-23.44999999882,-10.49999999758));
#369 = VECTOR('',#370,1.);
#370 = DIRECTION('',(0.,1.));
#371 = ( GEOMETRIC_REPRESENTATION_CONTEXT(2) 
PARAMETRIC_REPRESENTATION_CONTEXT() REPRESENTATION_CONTEXT('2D SPACE',''
  ) );
#372 = ORIENTED_EDGE('',*,*,#373,.F.);
#373 = EDGE_CURVE('',#85,#346,#374,.T.);
#374 = SURFACE_CURVE('',#375,(#380,#386),.PCURVE_S1.);
#375 = CIRCLE('',#376,0.55);
#376 = AXIS2_PLACEMENT_3D('',#377,#378,#379);
#377 = CARTESIAN_POINT('',(-23.45,10.499999984226,0.55));
#378 = DIRECTION('',(-0.,-1.,-0.));
#379 = DIRECTION('',(-1.,0.,0.));
#380 = PCURVE('',#126,#381);
#381 = DEFINITIONAL_REPRESENTATION('',(#382),#385);
#382 = B_SPLINE_CURVE_WITH_KNOTS('',1,(#383,#384),.UNSPECIFIED.,.F.,.F.,
  (2,2),(0.,1.570796326795),.PIECEWISE_BEZIER_KNOTS.);
#383 = CARTESIAN_POINT('',(0.,20.999999984226));
#384 = CARTESIAN_POINT('',(-1.570796326795,20.999999984226));
#385 = ( GEOMETRIC_REPRESENTATION_CONTEXT(2) 
PARAMETRIC_REPRESENTATION_CONTEXT() REPRESENTATION_CONTEXT('2D SPACE',''
  ) );
#386 = PCURVE('',#387,#392);
#387 = TOROIDAL_SURFACE('',#388,10.95,0.55);
#388 = AXIS2_PLACEMENT_3D('',#389,#390,#391);
#389 = CARTESIAN_POINT('',(-12.5,10.499999984226,0.55));
#390 = DIRECTION('',(-0.,-0.,-1.));
#391 = DIRECTION('',(-1.,0.,0.));
#392 = DEFINITIONAL_REPRESENTATION('',(#393),#396);
#393 = B_SPLINE_CURVE_WITH_KNOTS('',1,(#394,#395),.UNSPECIFIED.,.F.,.F.,
  (2,2),(0.,1.570796326795),.PIECEWISE_BEZIER_KNOTS.);
#394 = CARTESIAN_POINT('',(0.,0.));
#395 = CARTESIAN_POINT('',(0.,1.570796326795));
#396 = ( GEOMETRIC_REPRESENTATION_CONTEXT(2) 
PARAMETRIC_REPRESENTATION_CONTEXT() REPRESENTATION_CONTEXT('2D SPACE',''
  ) );
#397 = ORIENTED_EDGE('',*,*,#112,.F.);
#398 = ADVANCED_FACE('',(#399),#72,.T.);
#399 = FACE_BOUND('',#400,.T.);
#400 = EDGE_LOOP('',(#401,#423,#451,#476));
#401 = ORIENTED_EDGE('',*,*,#402,.T.);
#402 = EDGE_CURVE('',#24,#403,#405,.T.);
#403 = VERTEX_POINT('',#404);
#404 = CARTESIAN_POINT('',(-23.45,-10.5,9.5));
#405 = SURFACE_CURVE('',#406,(#411,#417),.PCURVE_S1.);
#406 = CIRCLE('',#407,0.55);
#407 = AXIS2_PLACEMENT_3D('',#408,#409,#410);
#408 = CARTESIAN_POINT('',(-23.45,-10.5,8.95));
#409 = DIRECTION('',(0.,1.,0.));
#410 = DIRECTION('',(-1.,0.,0.));
#411 = PCURVE('',#72,#412);
#412 = DEFINITIONAL_REPRESENTATION('',(#413),#416);
#413 = B_SPLINE_CURVE_WITH_KNOTS('',1,(#414,#415),.UNSPECIFIED.,.F.,.F.,
  (2,2),(0.,1.570796326795),.PIECEWISE_BEZIER_KNOTS.);
#414 = CARTESIAN_POINT('',(0.,-1.7763568394E-15));
#415 = CARTESIAN_POINT('',(1.570796326795,-1.7763568394E-15));
#416 = ( GEOMETRIC_REPRESENTATION_CONTEXT(2) 
PARAMETRIC_REPRESENTATION_CONTEXT() REPRESENTATION_CONTEXT('2D SPACE',''
  ) );
#417 = PCURVE('',#254,#418);
#418 = DEFINITIONAL_REPRESENTATION('',(#419),#422);
#419 = B_SPLINE_CURVE_WITH_KNOTS('',1,(#420,#421),.UNSPECIFIED.,.F.,.F.,
  (2,2),(0.,1.570796326795),.PIECEWISE_BEZIER_KNOTS.);
#420 = CARTESIAN_POINT('',(-1.570796326795,0.));
#421 = CARTESIAN_POINT('',(-1.570796326795,1.570796326795));
#422 = ( GEOMETRIC_REPRESENTATION_CONTEXT(2) 
PARAMETRIC_REPRESENTATION_CONTEXT() REPRESENTATION_CONTEXT('2D SPACE',''
  ) );
#423 = ORIENTED_EDGE('',*,*,#424,.T.);
#424 = EDGE_CURVE('',#403,#425,#427,.T.);
#425 = VERTEX_POINT('',#426);
#426 = CARTESIAN_POINT('',(-23.45,10.499999984226,9.5));
#427 = SURFACE_CURVE('',#428,(#432,#439),.PCURVE_S1.);
#428 = LINE('',#429,#430);
#429 = CARTESIAN_POINT('',(-23.45,-10.5,9.5));
#430 = VECTOR('',#431,1.);
#431 = DIRECTION('',(0.,1.,0.));
#432 = PCURVE('',#72,#433);
#433 = DEFINITIONAL_REPRESENTATION('',(#434),#438);
#434 = LINE('',#435,#436);
#435 = CARTESIAN_POINT('',(1.570796326795,0.));
#436 = VECTOR('',#437,1.);
#437 = DIRECTION('',(0.,1.));
#438 = ( GEOMETRIC_REPRESENTATION_CONTEXT(2) 
PARAMETRIC_REPRESENTATION_CONTEXT() REPRESENTATION_CONTEXT('2D SPACE',''
  ) );
#439 = PCURVE('',#440,#445);
#440 = PLANE('',#441);
#441 = AXIS2_PLACEMENT_3D('',#442,#443,#444);
#442 = CARTESIAN_POINT('',(-1.178506503405E-09,-2.412279910971E-09,9.5)
  );
#443 = DIRECTION('',(0.,0.,1.));
#444 = DIRECTION('',(1.,0.,-0.));
#445 = DEFINITIONAL_REPRESENTATION('',(#446),#450);
#446 = LINE('',#447,#448);
#447 = CARTESIAN_POINT('',(-23.44999999882,-10.49999999758));
#448 = VECTOR('',#449,1.);
#449 = DIRECTION('',(0.,1.));
#450 = ( GEOMETRIC_REPRESENTATION_CONTEXT(2) 
PARAMETRIC_REPRESENTATION_CONTEXT() REPRESENTATION_CONTEXT('2D SPACE',''
  ) );
#451 = ORIENTED_EDGE('',*,*,#452,.F.);
#452 = EDGE_CURVE('',#57,#425,#453,.T.);
#453 = SURFACE_CURVE('',#454,(#459,#465),.PCURVE_S1.);
#454 = CIRCLE('',#455,0.55);
#455 = AXIS2_PLACEMENT_3D('',#456,#457,#458);
#456 = CARTESIAN_POINT('',(-23.45,10.499999984226,8.95));
#457 = DIRECTION('',(0.,1.,0.));
#458 = DIRECTION('',(-1.,0.,0.));
#459 = PCURVE('',#72,#460);
#460 = DEFINITIONAL_REPRESENTATION('',(#461),#464);
#461 = B_SPLINE_CURVE_WITH_KNOTS('',1,(#462,#463),.UNSPECIFIED.,.F.,.F.,
  (2,2),(0.,1.570796326795),.PIECEWISE_BEZIER_KNOTS.);
#462 = CARTESIAN_POINT('',(0.,20.999999984226));
#463 = CARTESIAN_POINT('',(1.570796326795,20.999999984226));
#464 = ( GEOMETRIC_REPRESENTATION_CONTEXT(2) 
PARAMETRIC_REPRESENTATION_CONTEXT() REPRESENTATION_CONTEXT('2D SPACE',''
  ) );
#465 = PCURVE('',#466,#471);
#466 = TOROIDAL_SURFACE('',#467,10.95,0.55);
#467 = AXIS2_PLACEMENT_3D('',#468,#469,#470);
#468 = CARTESIAN_POINT('',(-12.5,10.499999984226,8.95));
#469 = DIRECTION('',(0.,0.,1.));
#470 = DIRECTION('',(-1.,0.,0.));
#471 = DEFINITIONAL_REPRESENTATION('',(#472),#475);
#472 = B_SPLINE_CURVE_WITH_KNOTS('',1,(#473,#474),.UNSPECIFIED.,.F.,.F.,
  (2,2),(0.,1.570796326795),.PIECEWISE_BEZIER_KNOTS.);
#473 = CARTESIAN_POINT('',(0.,0.));
#474 = CARTESIAN_POINT('',(0.,1.570796326795));
#475 = ( GEOMETRIC_REPRESENTATION_CONTEXT(2) 
PARAMETRIC_REPRESENTATION_CONTEXT() REPRESENTATION_CONTEXT('2D SPACE',''
  ) );
#476 = ORIENTED_EDGE('',*,*,#56,.F.);
#477 = ADVANCED_FACE('',(#478),#100,.T.);
#478 = FACE_BOUND('',#479,.T.);
#479 = EDGE_LOOP('',(#480,#504,#505,#529,#557,#590));
#480 = ORIENTED_EDGE('',*,*,#481,.F.);
#481 = EDGE_CURVE('',#85,#482,#484,.T.);
#482 = VERTEX_POINT('',#483);
#483 = CARTESIAN_POINT('',(-15.54496264587,21.589553739236,0.55));
#484 = SURFACE_CURVE('',#485,(#490,#497),.PCURVE_S1.);
#485 = CIRCLE('',#486,11.5);
#486 = AXIS2_PLACEMENT_3D('',#487,#488,#489);
#487 = CARTESIAN_POINT('',(-12.5,10.499999984226,0.55));
#488 = DIRECTION('',(-0.,0.,-1.));
#489 = DIRECTION('',(-1.,0.,0.));
#490 = PCURVE('',#100,#491);
#491 = DEFINITIONAL_REPRESENTATION('',(#492),#496);
#492 = LINE('',#493,#494);
#493 = CARTESIAN_POINT('',(0.,-0.55));
#494 = VECTOR('',#495,1.);
#495 = DIRECTION('',(1.,0.));
#496 = ( GEOMETRIC_REPRESENTATION_CONTEXT(2) 
PARAMETRIC_REPRESENTATION_CONTEXT() REPRESENTATION_CONTEXT('2D SPACE',''
  ) );
#497 = PCURVE('',#387,#498);
#498 = DEFINITIONAL_REPRESENTATION('',(#499),#503);
#499 = LINE('',#500,#501);
#500 = CARTESIAN_POINT('',(0.,0.));
#501 = VECTOR('',#502,1.);
#502 = DIRECTION('',(1.,0.));
#503 = ( GEOMETRIC_REPRESENTATION_CONTEXT(2) 
PARAMETRIC_REPRESENTATION_CONTEXT() REPRESENTATION_CONTEXT('2D SPACE',''
  ) );
#504 = ORIENTED_EDGE('',*,*,#84,.T.);
#505 = ORIENTED_EDGE('',*,*,#506,.T.);
#506 = EDGE_CURVE('',#57,#507,#509,.T.);
#507 = VERTEX_POINT('',#508);
#508 = CARTESIAN_POINT('',(-12.5,21.999999984226,8.95));
#509 = SURFACE_CURVE('',#510,(#515,#522),.PCURVE_S1.);
#510 = CIRCLE('',#511,11.5);
#511 = AXIS2_PLACEMENT_3D('',#512,#513,#514);
#512 = CARTESIAN_POINT('',(-12.5,10.499999984226,8.95));
#513 = DIRECTION('',(-0.,0.,-1.));
#514 = DIRECTION('',(-1.,0.,0.));
#515 = PCURVE('',#100,#516);
#516 = DEFINITIONAL_REPRESENTATION('',(#517),#521);
#517 = LINE('',#518,#519);
#518 = CARTESIAN_POINT('',(0.,-8.95));
#519 = VECTOR('',#520,1.);
#520 = DIRECTION('',(1.,0.));
#521 = ( GEOMETRIC_REPRESENTATION_CONTEXT(2) 
PARAMETRIC_REPRESENTATION_CONTEXT() REPRESENTATION_CONTEXT('2D SPACE',''
  ) );
#522 = PCURVE('',#466,#523);
#523 = DEFINITIONAL_REPRESENTATION('',(#524),#528);
#524 = LINE('',#525,#526);
#525 = CARTESIAN_POINT('',(-0.,0.));
#526 = VECTOR('',#527,1.);
#527 = DIRECTION('',(-1.,0.));
#528 = ( GEOMETRIC_REPRESENTATION_CONTEXT(2) 
PARAMETRIC_REPRESENTATION_CONTEXT() REPRESENTATION_CONTEXT('2D SPACE',''
  ) );
#529 = ORIENTED_EDGE('',*,*,#530,.F.);
#530 = EDGE_CURVE('',#531,#507,#533,.T.);
#531 = VERTEX_POINT('',#532);
#532 = CARTESIAN_POINT('',(-12.5,21.999999992113,4.6));
#533 = SURFACE_CURVE('',#534,(#538,#545),.PCURVE_S1.);
#534 = LINE('',#535,#536);
#535 = CARTESIAN_POINT('',(-12.5,21.999999992113,0.));
#536 = VECTOR('',#537,1.);
#537 = DIRECTION('',(0.,0.,1.));
#538 = PCURVE('',#100,#539);
#539 = DEFINITIONAL_REPRESENTATION('',(#540),#544);
#540 = LINE('',#541,#542);
#541 = CARTESIAN_POINT('',(1.570796326795,0.));
#542 = VECTOR('',#543,1.);
#543 = DIRECTION('',(0.,-1.));
#544 = ( GEOMETRIC_REPRESENTATION_CONTEXT(2) 
PARAMETRIC_REPRESENTATION_CONTEXT() REPRESENTATION_CONTEXT('2D SPACE',''
  ) );
#545 = PCURVE('',#546,#551);
#546 = PLANE('',#547);
#547 = AXIS2_PLACEMENT_3D('',#548,#549,#550);
#548 = CARTESIAN_POINT('',(-12.5,22.,0.));
#549 = DIRECTION('',(0.,1.,0.));
#550 = DIRECTION('',(1.,0.,0.));
#551 = DEFINITIONAL_REPRESENTATION('',(#552),#556);
#552 = LINE('',#553,#554);
#553 = CARTESIAN_POINT('',(0.,0.));
#554 = VECTOR('',#555,1.);
#555 = DIRECTION('',(0.,-1.));
#556 = ( GEOMETRIC_REPRESENTATION_CONTEXT(2) 
PARAMETRIC_REPRESENTATION_CONTEXT() REPRESENTATION_CONTEXT('2D SPACE',''
  ) );
#557 = ORIENTED_EDGE('',*,*,#558,.F.);
#558 = EDGE_CURVE('',#559,#531,#561,.T.);
#559 = VERTEX_POINT('',#560);
#560 = CARTESIAN_POINT('',(-15.54496264587,21.589553739236,4.6));
#561 = SURFACE_CURVE('',#562,(#567,#574),.PCURVE_S1.);
#562 = CIRCLE('',#563,11.5);
#563 = AXIS2_PLACEMENT_3D('',#564,#565,#566);
#564 = CARTESIAN_POINT('',(-12.5,10.499999984226,4.6));
#565 = DIRECTION('',(0.,0.,-1.));
#566 = DIRECTION('',(-1.,0.,0.));
#567 = PCURVE('',#100,#568);
#568 = DEFINITIONAL_REPRESENTATION('',(#569),#573);
#569 = LINE('',#570,#571);
#570 = CARTESIAN_POINT('',(0.,-4.6));
#571 = VECTOR('',#572,1.);
#572 = DIRECTION('',(1.,0.));
#573 = ( GEOMETRIC_REPRESENTATION_CONTEXT(2) 
PARAMETRIC_REPRESENTATION_CONTEXT() REPRESENTATION_CONTEXT('2D SPACE',''
  ) );
#574 = PCURVE('',#575,#580);
#575 = PLANE('',#576);
#576 = AXIS2_PLACEMENT_3D('',#577,#578,#579);
#577 = CARTESIAN_POINT('',(-11.70000000576,25.8,4.6));
#578 = DIRECTION('',(0.,0.,1.));
#579 = DIRECTION('',(1.,0.,-0.));
#580 = DEFINITIONAL_REPRESENTATION('',(#581),#589);
#581 = ( BOUNDED_CURVE() B_SPLINE_CURVE(2,(#582,#583,#584,#585,#586,#587
,#588),.UNSPECIFIED.,.T.,.F.) B_SPLINE_CURVE_WITH_KNOTS((1,2,2,2,2,1),(
    -2.094395102393,0.,2.094395102393,4.188790204786,6.28318530718,
8.377580409573),.UNSPECIFIED.) CURVE() GEOMETRIC_REPRESENTATION_ITEM() 
RATIONAL_B_SPLINE_CURVE((1.,0.5,1.,0.5,1.,0.5,1.)) REPRESENTATION_ITEM(
  '') );
#582 = CARTESIAN_POINT('',(-12.29999999423,-15.30000001577));
#583 = CARTESIAN_POINT('',(-12.29999999423,4.618584271268));
#584 = CARTESIAN_POINT('',(4.950000005763,-5.340707872253));
#585 = CARTESIAN_POINT('',(22.200000005763,-15.30000001577));
#586 = CARTESIAN_POINT('',(4.950000005763,-25.25929215929));
#587 = CARTESIAN_POINT('',(-12.29999999423,-35.21858430281));
#588 = CARTESIAN_POINT('',(-12.29999999423,-15.30000001577));
#589 = ( GEOMETRIC_REPRESENTATION_CONTEXT(2) 
PARAMETRIC_REPRESENTATION_CONTEXT() REPRESENTATION_CONTEXT('2D SPACE',''
  ) );
#590 = ORIENTED_EDGE('',*,*,#591,.T.);
#591 = EDGE_CURVE('',#559,#482,#592,.T.);
#592 = SURFACE_CURVE('',#593,(#597,#603),.PCURVE_S1.);
#593 = LINE('',#594,#595);
#594 = CARTESIAN_POINT('',(-15.54496264587,21.589553739236,0.));
#595 = VECTOR('',#596,1.);
#596 = DIRECTION('',(0.,0.,-1.));
#597 = PCURVE('',#100,#598);
#598 = DEFINITIONAL_REPRESENTATION('',(#599),#602);
#599 = B_SPLINE_CURVE_WITH_KNOTS('',1,(#600,#601),.UNSPECIFIED.,.F.,.F.,
  (2,2),(-4.6000006,-0.5499994),.PIECEWISE_BEZIER_KNOTS.);
#600 = CARTESIAN_POINT('',(1.302821217457,-4.6000006));
#601 = CARTESIAN_POINT('',(1.302821217457,-0.5499994));
#602 = ( GEOMETRIC_REPRESENTATION_CONTEXT(2) 
PARAMETRIC_REPRESENTATION_CONTEXT() REPRESENTATION_CONTEXT('2D SPACE',''
  ) );
#603 = PCURVE('',#604,#609);
#604 = CYLINDRICAL_SURFACE('',#605,3.);
#605 = AXIS2_PLACEMENT_3D('',#606,#607,#608);
#606 = CARTESIAN_POINT('',(-12.8000000141,22.8,0.));
#607 = DIRECTION('',(-0.,-0.,-1.));
#608 = DIRECTION('',(1.,0.,0.));
#609 = DEFINITIONAL_REPRESENTATION('',(#610),#613);
#610 = B_SPLINE_CURVE_WITH_KNOTS('',1,(#611,#612),.UNSPECIFIED.,.F.,.F.,
  (2,2),(-4.6000006,-0.5499994),.PIECEWISE_BEZIER_KNOTS.);
#611 = CARTESIAN_POINT('',(-3.556911932226,-4.6000006));
#612 = CARTESIAN_POINT('',(-3.556911932226,-0.5499994));
#613 = ( GEOMETRIC_REPRESENTATION_CONTEXT(2) 
PARAMETRIC_REPRESENTATION_CONTEXT() REPRESENTATION_CONTEXT('2D SPACE',''
  ) );
#614 = ADVANCED_FACE('',(#615),#161,.F.);
#615 = FACE_BOUND('',#616,.F.);
#616 = EDGE_LOOP('',(#617,#650,#671,#672));
#617 = ORIENTED_EDGE('',*,*,#618,.F.);
#618 = EDGE_CURVE('',#619,#619,#621,.T.);
#619 = VERTEX_POINT('',#620);
#620 = CARTESIAN_POINT('',(-21.2,-6.858022075225E-16,1.9));
#621 = SURFACE_CURVE('',#622,(#627,#634),.PCURVE_S1.);
#622 = CIRCLE('',#623,2.8);
#623 = AXIS2_PLACEMENT_3D('',#624,#625,#626);
#624 = CARTESIAN_POINT('',(-21.2,0.,4.7));
#625 = DIRECTION('',(1.,0.,2.22044604925E-16));
#626 = DIRECTION('',(2.22044604925E-16,0.,-1.));
#627 = PCURVE('',#161,#628);
#628 = DEFINITIONAL_REPRESENTATION('',(#629),#633);
#629 = LINE('',#630,#631);
#630 = CARTESIAN_POINT('',(0.,5.8));
#631 = VECTOR('',#632,1.);
#632 = DIRECTION('',(1.,0.));
#633 = ( GEOMETRIC_REPRESENTATION_CONTEXT(2) 
PARAMETRIC_REPRESENTATION_CONTEXT() REPRESENTATION_CONTEXT('2D SPACE',''
  ) );
#634 = PCURVE('',#635,#640);
#635 = PLANE('',#636);
#636 = AXIS2_PLACEMENT_3D('',#637,#638,#639);
#637 = CARTESIAN_POINT('',(-21.2,-10.7,1.8));
#638 = DIRECTION('',(-1.,0.,0.));
#639 = DIRECTION('',(0.,1.,0.));
#640 = DEFINITIONAL_REPRESENTATION('',(#641),#649);
#641 = ( BOUNDED_CURVE() B_SPLINE_CURVE(2,(#642,#643,#644,#645,#646,#647
,#648),.UNSPECIFIED.,.T.,.F.) B_SPLINE_CURVE_WITH_KNOTS((1,2,2,2,2,1),(
    -2.094395102393,0.,2.094395102393,4.188790204786,6.28318530718,
8.377580409573),.UNSPECIFIED.) CURVE() GEOMETRIC_REPRESENTATION_ITEM() 
RATIONAL_B_SPLINE_CURVE((1.,0.5,1.,0.5,1.,0.5,1.)) REPRESENTATION_ITEM(
  '') );
#642 = CARTESIAN_POINT('',(10.7,-0.1));
#643 = CARTESIAN_POINT('',(15.549742261193,-0.1));
#644 = CARTESIAN_POINT('',(13.124871130596,-4.3));
#645 = CARTESIAN_POINT('',(10.7,-8.5));
#646 = CARTESIAN_POINT('',(8.275128869404,-4.3));
#647 = CARTESIAN_POINT('',(5.850257738807,-0.1));
#648 = CARTESIAN_POINT('',(10.7,-0.1));
#649 = ( GEOMETRIC_REPRESENTATION_CONTEXT(2) 
PARAMETRIC_REPRESENTATION_CONTEXT() REPRESENTATION_CONTEXT('2D SPACE',''
  ) );
#650 = ORIENTED_EDGE('',*,*,#651,.F.);
#651 = EDGE_CURVE('',#141,#619,#652,.T.);
#652 = SEAM_CURVE('',#653,(#657,#664),.PCURVE_S1.);
#653 = LINE('',#654,#655);
#654 = CARTESIAN_POINT('',(-27.,-6.858022075225E-16,1.9));
#655 = VECTOR('',#656,1.);
#656 = DIRECTION('',(1.,0.,2.22044604925E-16));
#657 = PCURVE('',#161,#658);
#658 = DEFINITIONAL_REPRESENTATION('',(#659),#663);
#659 = LINE('',#660,#661);
#660 = CARTESIAN_POINT('',(6.28318530718,-0.));
#661 = VECTOR('',#662,1.);
#662 = DIRECTION('',(0.,1.));
#663 = ( GEOMETRIC_REPRESENTATION_CONTEXT(2) 
PARAMETRIC_REPRESENTATION_CONTEXT() REPRESENTATION_CONTEXT('2D SPACE',''
  ) );
#664 = PCURVE('',#161,#665);
#665 = DEFINITIONAL_REPRESENTATION('',(#666),#670);
#666 = LINE('',#667,#668);
#667 = CARTESIAN_POINT('',(0.,-0.));
#668 = VECTOR('',#669,1.);
#669 = DIRECTION('',(0.,1.));
#670 = ( GEOMETRIC_REPRESENTATION_CONTEXT(2) 
PARAMETRIC_REPRESENTATION_CONTEXT() REPRESENTATION_CONTEXT('2D SPACE',''
  ) );
#671 = ORIENTED_EDGE('',*,*,#140,.T.);
#672 = ORIENTED_EDGE('',*,*,#651,.T.);
#673 = ADVANCED_FACE('',(#674),#195,.T.);
#674 = FACE_BOUND('',#675,.T.);
#675 = EDGE_LOOP('',(#676,#706,#735,#763,#792,#820,#849,#868,#869));
#676 = ORIENTED_EDGE('',*,*,#677,.F.);
#677 = EDGE_CURVE('',#678,#680,#682,.T.);
#678 = VERTEX_POINT('',#679);
#679 = CARTESIAN_POINT('',(-15.8,-28.8,4.6));
#680 = VERTEX_POINT('',#681);
#681 = CARTESIAN_POINT('',(-15.8,-22.8,4.6));
#682 = SURFACE_CURVE('',#683,(#687,#694),.PCURVE_S1.);
#683 = LINE('',#684,#685);
#684 = CARTESIAN_POINT('',(-15.79999998589,-25.8,4.6));
#685 = VECTOR('',#686,1.);
#686 = DIRECTION('',(0.,1.,0.));
#687 = PCURVE('',#195,#688);
#688 = DEFINITIONAL_REPRESENTATION('',(#689),#693);
#689 = LINE('',#690,#691);
#690 = CARTESIAN_POINT('',(-4.099999980135,-1.901339693486E-16));
#691 = VECTOR('',#692,1.);
#692 = DIRECTION('',(0.,1.));
#693 = ( GEOMETRIC_REPRESENTATION_CONTEXT(2) 
PARAMETRIC_REPRESENTATION_CONTEXT() REPRESENTATION_CONTEXT('2D SPACE',''
  ) );
#694 = PCURVE('',#695,#700);
#695 = PLANE('',#696);
#696 = AXIS2_PLACEMENT_3D('',#697,#698,#699);
#697 = CARTESIAN_POINT('',(-15.79999998589,-28.8,0.));
#698 = DIRECTION('',(-1.,0.,0.));
#699 = DIRECTION('',(0.,1.,0.));
#700 = DEFINITIONAL_REPRESENTATION('',(#701),#705);
#701 = LINE('',#702,#703);
#702 = CARTESIAN_POINT('',(3.,-4.6));
#703 = VECTOR('',#704,1.);
#704 = DIRECTION('',(1.,0.));
#705 = ( GEOMETRIC_REPRESENTATION_CONTEXT(2) 
PARAMETRIC_REPRESENTATION_CONTEXT() REPRESENTATION_CONTEXT('2D SPACE',''
  ) );
#706 = ORIENTED_EDGE('',*,*,#707,.T.);
#707 = EDGE_CURVE('',#678,#708,#710,.T.);
#708 = VERTEX_POINT('',#709);
#709 = CARTESIAN_POINT('',(-12.8000000141,-31.8,4.6));
#710 = SURFACE_CURVE('',#711,(#716,#723),.PCURVE_S1.);
#711 = CIRCLE('',#712,3.);
#712 = AXIS2_PLACEMENT_3D('',#713,#714,#715);
#713 = CARTESIAN_POINT('',(-12.8000000141,-28.8,4.6));
#714 = DIRECTION('',(0.,0.,1.));
#715 = DIRECTION('',(1.,0.,0.));
#716 = PCURVE('',#195,#717);
#717 = DEFINITIONAL_REPRESENTATION('',(#718),#722);
#718 = CIRCLE('',#719,3.);
#719 = AXIS2_PLACEMENT_2D('',#720,#721);
#720 = CARTESIAN_POINT('',(-1.100000008339,-3.));
#721 = DIRECTION('',(1.,0.));
#722 = ( GEOMETRIC_REPRESENTATION_CONTEXT(2) 
PARAMETRIC_REPRESENTATION_CONTEXT() REPRESENTATION_CONTEXT('2D SPACE',''
  ) );
#723 = PCURVE('',#724,#729);
#724 = CYLINDRICAL_SURFACE('',#725,3.);
#725 = AXIS2_PLACEMENT_3D('',#726,#727,#728);
#726 = CARTESIAN_POINT('',(-12.8000000141,-28.8,0.));
#727 = DIRECTION('',(-0.,-0.,-1.));
#728 = DIRECTION('',(1.,0.,0.));
#729 = DEFINITIONAL_REPRESENTATION('',(#730),#734);
#730 = LINE('',#731,#732);
#731 = CARTESIAN_POINT('',(-0.,-4.6));
#732 = VECTOR('',#733,1.);
#733 = DIRECTION('',(-1.,0.));
#734 = ( GEOMETRIC_REPRESENTATION_CONTEXT(2) 
PARAMETRIC_REPRESENTATION_CONTEXT() REPRESENTATION_CONTEXT('2D SPACE',''
  ) );
#735 = ORIENTED_EDGE('',*,*,#736,.T.);
#736 = EDGE_CURVE('',#708,#737,#739,.T.);
#737 = VERTEX_POINT('',#738);
#738 = CARTESIAN_POINT('',(-10.60000001812,-31.8,4.6));
#739 = SURFACE_CURVE('',#740,(#744,#751),.PCURVE_S1.);
#740 = LINE('',#741,#742);
#741 = CARTESIAN_POINT('',(-11.69999998589,-31.8,4.6));
#742 = VECTOR('',#743,1.);
#743 = DIRECTION('',(1.,0.,0.));
#744 = PCURVE('',#195,#745);
#745 = DEFINITIONAL_REPRESENTATION('',(#746),#750);
#746 = LINE('',#747,#748);
#747 = CARTESIAN_POINT('',(1.986489848045E-08,-6.));
#748 = VECTOR('',#749,1.);
#749 = DIRECTION('',(1.,0.));
#750 = ( GEOMETRIC_REPRESENTATION_CONTEXT(2) 
PARAMETRIC_REPRESENTATION_CONTEXT() REPRESENTATION_CONTEXT('2D SPACE',''
  ) );
#751 = PCURVE('',#752,#757);
#752 = PLANE('',#753);
#753 = AXIS2_PLACEMENT_3D('',#754,#755,#756);
#754 = CARTESIAN_POINT('',(-12.8000000141,-31.8,0.));
#755 = DIRECTION('',(0.,1.,0.));
#756 = DIRECTION('',(1.,0.,0.));
#757 = DEFINITIONAL_REPRESENTATION('',(#758),#762);
#758 = LINE('',#759,#760);
#759 = CARTESIAN_POINT('',(1.100000028204,-4.6));
#760 = VECTOR('',#761,1.);
#761 = DIRECTION('',(1.,0.));
#762 = ( GEOMETRIC_REPRESENTATION_CONTEXT(2) 
PARAMETRIC_REPRESENTATION_CONTEXT() REPRESENTATION_CONTEXT('2D SPACE',''
  ) );
#763 = ORIENTED_EDGE('',*,*,#764,.T.);
#764 = EDGE_CURVE('',#737,#765,#767,.T.);
#765 = VERTEX_POINT('',#766);
#766 = CARTESIAN_POINT('',(-7.600000002009,-28.8,4.6));
#767 = SURFACE_CURVE('',#768,(#773,#780),.PCURVE_S1.);
#768 = CIRCLE('',#769,3.);
#769 = AXIS2_PLACEMENT_3D('',#770,#771,#772);
#770 = CARTESIAN_POINT('',(-10.60000001812,-28.8,4.6));
#771 = DIRECTION('',(0.,0.,1.));
#772 = DIRECTION('',(1.,0.,0.));
#773 = PCURVE('',#195,#774);
#774 = DEFINITIONAL_REPRESENTATION('',(#775),#779);
#775 = CIRCLE('',#776,3.);
#776 = AXIS2_PLACEMENT_2D('',#777,#778);
#777 = CARTESIAN_POINT('',(1.099999987642,-3.));
#778 = DIRECTION('',(1.,0.));
#779 = ( GEOMETRIC_REPRESENTATION_CONTEXT(2) 
PARAMETRIC_REPRESENTATION_CONTEXT() REPRESENTATION_CONTEXT('2D SPACE',''
  ) );
#780 = PCURVE('',#781,#786);
#781 = CYLINDRICAL_SURFACE('',#782,3.);
#782 = AXIS2_PLACEMENT_3D('',#783,#784,#785);
#783 = CARTESIAN_POINT('',(-10.60000001812,-28.8,0.));
#784 = DIRECTION('',(-0.,-0.,-1.));
#785 = DIRECTION('',(1.,0.,0.));
#786 = DEFINITIONAL_REPRESENTATION('',(#787),#791);
#787 = LINE('',#788,#789);
#788 = CARTESIAN_POINT('',(-0.,-4.6));
#789 = VECTOR('',#790,1.);
#790 = DIRECTION('',(-1.,0.));
#791 = ( GEOMETRIC_REPRESENTATION_CONTEXT(2) 
PARAMETRIC_REPRESENTATION_CONTEXT() REPRESENTATION_CONTEXT('2D SPACE',''
  ) );
#792 = ORIENTED_EDGE('',*,*,#793,.T.);
#793 = EDGE_CURVE('',#765,#794,#796,.T.);
#794 = VERTEX_POINT('',#795);
#795 = CARTESIAN_POINT('',(-7.600000002009,-22.8,4.6));
#796 = SURFACE_CURVE('',#797,(#801,#808),.PCURVE_S1.);
#797 = LINE('',#798,#799);
#798 = CARTESIAN_POINT('',(-7.599999985898,-25.8,4.6));
#799 = VECTOR('',#800,1.);
#800 = DIRECTION('',(0.,1.,0.));
#801 = PCURVE('',#195,#802);
#802 = DEFINITIONAL_REPRESENTATION('',(#803),#807);
#803 = LINE('',#804,#805);
#804 = CARTESIAN_POINT('',(4.100000019865,-1.901339693486E-16));
#805 = VECTOR('',#806,1.);
#806 = DIRECTION('',(0.,1.));
#807 = ( GEOMETRIC_REPRESENTATION_CONTEXT(2) 
PARAMETRIC_REPRESENTATION_CONTEXT() REPRESENTATION_CONTEXT('2D SPACE',''
  ) );
#808 = PCURVE('',#809,#814);
#809 = PLANE('',#810);
#810 = AXIS2_PLACEMENT_3D('',#811,#812,#813);
#811 = CARTESIAN_POINT('',(-7.599999985898,-28.8,0.));
#812 = DIRECTION('',(-1.,0.,0.));
#813 = DIRECTION('',(0.,1.,0.));
#814 = DEFINITIONAL_REPRESENTATION('',(#815),#819);
#815 = LINE('',#816,#817);
#816 = CARTESIAN_POINT('',(3.,-4.6));
#817 = VECTOR('',#818,1.);
#818 = DIRECTION('',(1.,0.));
#819 = ( GEOMETRIC_REPRESENTATION_CONTEXT(2) 
PARAMETRIC_REPRESENTATION_CONTEXT() REPRESENTATION_CONTEXT('2D SPACE',''
  ) );
#820 = ORIENTED_EDGE('',*,*,#821,.T.);
#821 = EDGE_CURVE('',#794,#822,#824,.T.);
#822 = VERTEX_POINT('',#823);
#823 = CARTESIAN_POINT('',(-7.70863355916,-22.,4.6));
#824 = SURFACE_CURVE('',#825,(#830,#837),.PCURVE_S1.);
#825 = CIRCLE('',#826,3.);
#826 = AXIS2_PLACEMENT_3D('',#827,#828,#829);
#827 = CARTESIAN_POINT('',(-10.60000001812,-22.8,4.6));
#828 = DIRECTION('',(0.,0.,1.));
#829 = DIRECTION('',(1.,0.,0.));
#830 = PCURVE('',#195,#831);
#831 = DEFINITIONAL_REPRESENTATION('',(#832),#836);
#832 = CIRCLE('',#833,3.);
#833 = AXIS2_PLACEMENT_2D('',#834,#835);
#834 = CARTESIAN_POINT('',(1.099999987642,3.));
#835 = DIRECTION('',(1.,0.));
#836 = ( GEOMETRIC_REPRESENTATION_CONTEXT(2) 
PARAMETRIC_REPRESENTATION_CONTEXT() REPRESENTATION_CONTEXT('2D SPACE',''
  ) );
#837 = PCURVE('',#838,#843);
#838 = CYLINDRICAL_SURFACE('',#839,3.);
#839 = AXIS2_PLACEMENT_3D('',#840,#841,#842);
#840 = CARTESIAN_POINT('',(-10.60000001812,-22.8,0.));
#841 = DIRECTION('',(-0.,-0.,-1.));
#842 = DIRECTION('',(1.,0.,0.));
#843 = DEFINITIONAL_REPRESENTATION('',(#844),#848);
#844 = LINE('',#845,#846);
#845 = CARTESIAN_POINT('',(-0.,-4.6));
#846 = VECTOR('',#847,1.);
#847 = DIRECTION('',(-1.,0.));
#848 = ( GEOMETRIC_REPRESENTATION_CONTEXT(2) 
PARAMETRIC_REPRESENTATION_CONTEXT() REPRESENTATION_CONTEXT('2D SPACE',''
  ) );
#849 = ORIENTED_EDGE('',*,*,#850,.F.);
#850 = EDGE_CURVE('',#177,#822,#851,.T.);
#851 = SURFACE_CURVE('',#852,(#856,#862),.PCURVE_S1.);
#852 = LINE('',#853,#854);
#853 = CARTESIAN_POINT('',(-12.10000000288,-22.,4.6));
#854 = VECTOR('',#855,1.);
#855 = DIRECTION('',(1.,0.,0.));
#856 = PCURVE('',#195,#857);
#857 = DEFINITIONAL_REPRESENTATION('',(#858),#861);
#858 = B_SPLINE_CURVE_WITH_KNOTS('',1,(#859,#860),.UNSPECIFIED.,.F.,.F.,
  (2,2),(-0.399999997119,4.500000016984),.PIECEWISE_BEZIER_KNOTS.);
#859 = CARTESIAN_POINT('',(-0.799999994237,3.8));
#860 = CARTESIAN_POINT('',(4.100000019865,3.8));
#861 = ( GEOMETRIC_REPRESENTATION_CONTEXT(2) 
PARAMETRIC_REPRESENTATION_CONTEXT() REPRESENTATION_CONTEXT('2D SPACE',''
  ) );
#862 = PCURVE('',#227,#863);
#863 = DEFINITIONAL_REPRESENTATION('',(#864),#867);
#864 = B_SPLINE_CURVE_WITH_KNOTS('',1,(#865,#866),.UNSPECIFIED.,.F.,.F.,
  (2,2),(-0.399999997119,4.500000016984),.PIECEWISE_BEZIER_KNOTS.);
#865 = CARTESIAN_POINT('',(0.,-4.6));
#866 = CARTESIAN_POINT('',(4.900000014102,-4.6));
#867 = ( GEOMETRIC_REPRESENTATION_CONTEXT(2) 
PARAMETRIC_REPRESENTATION_CONTEXT() REPRESENTATION_CONTEXT('2D SPACE',''
  ) );
#868 = ORIENTED_EDGE('',*,*,#176,.T.);
#869 = ORIENTED_EDGE('',*,*,#870,.T.);
#870 = EDGE_CURVE('',#179,#680,#871,.T.);
#871 = SURFACE_CURVE('',#872,(#877,#884),.PCURVE_S1.);
#872 = CIRCLE('',#873,3.);
#873 = AXIS2_PLACEMENT_3D('',#874,#875,#876);
#874 = CARTESIAN_POINT('',(-12.8000000141,-22.8,4.6));
#875 = DIRECTION('',(0.,0.,1.));
#876 = DIRECTION('',(1.,0.,0.));
#877 = PCURVE('',#195,#878);
#878 = DEFINITIONAL_REPRESENTATION('',(#879),#883);
#879 = CIRCLE('',#880,3.);
#880 = AXIS2_PLACEMENT_2D('',#881,#882);
#881 = CARTESIAN_POINT('',(-1.100000008339,3.));
#882 = DIRECTION('',(1.,0.));
#883 = ( GEOMETRIC_REPRESENTATION_CONTEXT(2) 
PARAMETRIC_REPRESENTATION_CONTEXT() REPRESENTATION_CONTEXT('2D SPACE',''
  ) );
#884 = PCURVE('',#309,#885);
#885 = DEFINITIONAL_REPRESENTATION('',(#886),#890);
#886 = LINE('',#887,#888);
#887 = CARTESIAN_POINT('',(-0.,-4.6));
#888 = VECTOR('',#889,1.);
#889 = DIRECTION('',(-1.,0.));
#890 = ( GEOMETRIC_REPRESENTATION_CONTEXT(2) 
PARAMETRIC_REPRESENTATION_CONTEXT() REPRESENTATION_CONTEXT('2D SPACE',''
  ) );
#891 = ADVANCED_FACE('',(#892),#309,.T.);
#892 = FACE_BOUND('',#893,.F.);
#893 = EDGE_LOOP('',(#894,#920,#998,#999,#1000));
#894 = ORIENTED_EDGE('',*,*,#895,.F.);
#895 = EDGE_CURVE('',#896,#898,#900,.T.);
#896 = VERTEX_POINT('',#897);
#897 = CARTESIAN_POINT('',(-15.26796609387,-21.09437887293,0.));
#898 = VERTEX_POINT('',#899);
#899 = CARTESIAN_POINT('',(-15.8,-22.8,0.));
#900 = SURFACE_CURVE('',#901,(#906,#913),.PCURVE_S1.);
#901 = CIRCLE('',#902,3.);
#902 = AXIS2_PLACEMENT_3D('',#903,#904,#905);
#903 = CARTESIAN_POINT('',(-12.8000000141,-22.8,0.));
#904 = DIRECTION('',(0.,0.,1.));
#905 = DIRECTION('',(1.,0.,0.));
#906 = PCURVE('',#309,#907);
#907 = DEFINITIONAL_REPRESENTATION('',(#908),#912);
#908 = LINE('',#909,#910);
#909 = CARTESIAN_POINT('',(-0.,0.));
#910 = VECTOR('',#911,1.);
#911 = DIRECTION('',(-1.,0.));
#912 = ( GEOMETRIC_REPRESENTATION_CONTEXT(2) 
PARAMETRIC_REPRESENTATION_CONTEXT() REPRESENTATION_CONTEXT('2D SPACE',''
  ) );
#913 = PCURVE('',#361,#914);
#914 = DEFINITIONAL_REPRESENTATION('',(#915),#919);
#915 = CIRCLE('',#916,3.);
#916 = AXIS2_PLACEMENT_2D('',#917,#918);
#917 = CARTESIAN_POINT('',(-12.80000001292,-22.79999999758));
#918 = DIRECTION('',(1.,0.));
#919 = ( GEOMETRIC_REPRESENTATION_CONTEXT(2) 
PARAMETRIC_REPRESENTATION_CONTEXT() REPRESENTATION_CONTEXT('2D SPACE',''
  ) );
#920 = ORIENTED_EDGE('',*,*,#921,.F.);
#921 = EDGE_CURVE('',#268,#896,#922,.T.);
#922 = SURFACE_CURVE('',#923,(#946,#972),.PCURVE_S1.);
#923 = B_SPLINE_CURVE_WITH_KNOTS('',6,(#924,#925,#926,#927,#928,#929,
    #930,#931,#932,#933,#934,#935,#936,#937,#938,#939,#940,#941,#942,
    #943,#944,#945),.UNSPECIFIED.,.F.,.F.,(7,5,5,5,7),(0.,0.259793003452
    ,0.512346335152,0.939853633568,1.),.UNSPECIFIED.);
#924 = CARTESIAN_POINT('',(-15.54496265207,-21.5895537533,0.55));
#925 = CARTESIAN_POINT('',(-15.54496265207,-21.5895537533,0.514058200418
    ));
#926 = CARTESIAN_POINT('',(-15.54381292817,-21.58694660159,
    0.478117683438));
#927 = CARTESIAN_POINT('',(-15.54151387215,-21.58173267564,
    0.442406720402));
#928 = CARTESIAN_POINT('',(-15.53804988959,-21.57392785266,
    0.407158573507));
#929 = CARTESIAN_POINT('',(-15.53339264706,-21.56356777183,0.3726130797)
  );
#930 = CARTESIAN_POINT('',(-15.52178008183,-21.5382146714,0.306359579607
    ));
#931 = CARTESIAN_POINT('',(-15.51489267788,-21.52335956101,
    0.274601306669));
#932 = CARTESIAN_POINT('',(-15.50680859237,-21.50620231118,
    0.243971050564));
#933 = CARTESIAN_POINT('',(-15.49748651215,-21.48682373487,0.214712304)
  );
#934 = CARTESIAN_POINT('',(-15.4868887254,-21.46533913974,0.187076480193
    ));
#935 = CARTESIAN_POINT('',(-15.45485533218,-21.40224396003,
    0.117707428453));
#936 = CARTESIAN_POINT('',(-15.43098018477,-21.35696720805,
    7.943253446858E-02));
#937 = CARTESIAN_POINT('',(-15.40328528706,-21.30689650411,
    4.779565841927E-02));
#938 = CARTESIAN_POINT('',(-15.37183166835,-21.25323121774,
    2.398897062274E-02));
#939 = CARTESIAN_POINT('',(-15.33706139509,-21.19755580552,
    8.882882749811E-03));
#940 = CARTESIAN_POINT('',(-15.29472451336,-21.13373504485,
    1.758349880746E-03));
#941 = CARTESIAN_POINT('',(-15.28945596345,-21.12585752922,
    1.054941615171E-03));
#942 = CARTESIAN_POINT('',(-15.28414314071,-21.11797863209,
    5.273130385628E-04));
#943 = CARTESIAN_POINT('',(-15.2787886886,-21.11010289853,
    1.756772190517E-04));
#944 = CARTESIAN_POINT('',(-15.27339537532,-21.10223482772,
    5.494527644559E-19));
#945 = CARTESIAN_POINT('',(-15.26796609387,-21.09437887293,0.));
#946 = PCURVE('',#309,#947);
#947 = DEFINITIONAL_REPRESENTATION('',(#948),#971);
#948 = B_SPLINE_CURVE_WITH_KNOTS('',6,(#949,#950,#951,#952,#953,#954,
    #955,#956,#957,#958,#959,#960,#961,#962,#963,#964,#965,#966,#967,
    #968,#969,#970),.UNSPECIFIED.,.F.,.F.,(7,5,5,5,7),(0.,0.259793003452
    ,0.512346335152,0.939853633568,1.),.UNSPECIFIED.);
#949 = CARTESIAN_POINT('',(-2.726273380079,-0.55));
#950 = CARTESIAN_POINT('',(-2.726273380079,-0.514058200418));
#951 = CARTESIAN_POINT('',(-2.72532358542,-0.478117683438));
#952 = CARTESIAN_POINT('',(-2.7234241311,-0.442406720402));
#953 = CARTESIAN_POINT('',(-2.720577827626,-0.407158573507));
#954 = CARTESIAN_POINT('',(-2.716791665184,-0.3726130797));
#955 = CARTESIAN_POINT('',(-2.707496317648,-0.306359579607));
#956 = CARTESIAN_POINT('',(-2.702038347175,-0.274601306669));
#957 = CARTESIAN_POINT('',(-2.695716416239,-0.243971050564));
#958 = CARTESIAN_POINT('',(-2.688548781202,-0.214712304));
#959 = CARTESIAN_POINT('',(-2.680563903517,-0.187076480193));
#960 = CARTESIAN_POINT('',(-2.656976854379,-0.117707428453));
#961 = CARTESIAN_POINT('',(-2.639916917896,-7.943253446858E-02));
#962 = CARTESIAN_POINT('',(-2.62084970504,-4.779565841928E-02));
#963 = CARTESIAN_POINT('',(-2.600126881122,-2.398897062274E-02));
#964 = CARTESIAN_POINT('',(-2.578254871169,-8.882882749811E-03));
#965 = CARTESIAN_POINT('',(-2.552726018109,-1.758349880746E-03));
#966 = CARTESIAN_POINT('',(-2.549567052294,-1.054941615171E-03));
#967 = CARTESIAN_POINT('',(-2.546399488167,-5.273130385628E-04));
#968 = CARTESIAN_POINT('',(-2.543225017692,-1.756772190517E-04));
#969 = CARTESIAN_POINT('',(-2.540045342233,0.));
#970 = CARTESIAN_POINT('',(-2.536862172555,0.));
#971 = ( GEOMETRIC_REPRESENTATION_CONTEXT(2) 
PARAMETRIC_REPRESENTATION_CONTEXT() REPRESENTATION_CONTEXT('2D SPACE',''
  ) );
#972 = PCURVE('',#284,#973);
#973 = DEFINITIONAL_REPRESENTATION('',(#974),#997);
#974 = B_SPLINE_CURVE_WITH_KNOTS('',6,(#975,#976,#977,#978,#979,#980,
    #981,#982,#983,#984,#985,#986,#987,#988,#989,#990,#991,#992,#993,
    #994,#995,#996),.UNSPECIFIED.,.F.,.F.,(7,5,5,5,7),(0.,0.259793003452
    ,0.512346335152,0.939853633568,1.),.UNSPECIFIED.);
#975 = CARTESIAN_POINT('',(0.267975109897,0.));
#976 = CARTESIAN_POINT('',(0.267975109897,6.534872651294E-02));
#977 = CARTESIAN_POINT('',(0.267938731121,0.130695237623));
#978 = CARTESIAN_POINT('',(0.267865992123,0.196126254632));
#979 = CARTESIAN_POINT('',(0.267755097335,0.261720944655));
#980 = CARTESIAN_POINT('',(0.267602570293,0.327553354943));
#981 = CARTESIAN_POINT('',(0.267209754062,0.457993169378));
#982 = CARTESIAN_POINT('',(0.266972031494,0.522580006769));
#983 = CARTESIAN_POINT('',(0.266685690464,0.58751831147));
#984 = CARTESIAN_POINT('',(0.266344765831,0.652855419422));
#985 = CARTESIAN_POINT('',(0.265942559532,0.718620685118));
#986 = CARTESIAN_POINT('',(0.264676391359,0.896886664684));
#987 = CARTESIAN_POINT('',(0.263684875306,1.010298479792));
#988 = CARTESIAN_POINT('',(0.2624664742,1.124918806933));
#989 = CARTESIAN_POINT('',(0.260991096597,1.240512751255));
#990 = CARTESIAN_POINT('',(0.259249980175,1.356726568014));
#991 = CARTESIAN_POINT('',(0.257004936372,1.489166760472));
#992 = CARTESIAN_POINT('',(0.256723522349,1.505500685525));
#993 = CARTESIAN_POINT('',(0.256437690758,1.521832075029));
#994 = CARTESIAN_POINT('',(0.256147552054,1.538159443933));
#995 = CARTESIAN_POINT('',(0.255853230544,1.554481336596));
#996 = CARTESIAN_POINT('',(0.255554864386,1.570796326795));
#997 = ( GEOMETRIC_REPRESENTATION_CONTEXT(2) 
PARAMETRIC_REPRESENTATION_CONTEXT() REPRESENTATION_CONTEXT('2D SPACE',''
  ) );
#998 = ORIENTED_EDGE('',*,*,#296,.F.);
#999 = ORIENTED_EDGE('',*,*,#870,.T.);
#1000 = ORIENTED_EDGE('',*,*,#1001,.F.);
#1001 = EDGE_CURVE('',#898,#680,#1002,.T.);
#1002 = SURFACE_CURVE('',#1003,(#1007,#1014),.PCURVE_S1.);
#1003 = LINE('',#1004,#1005);
#1004 = CARTESIAN_POINT('',(-15.8,-22.8,0.));
#1005 = VECTOR('',#1006,1.);
#1006 = DIRECTION('',(0.,0.,1.));
#1007 = PCURVE('',#309,#1008);
#1008 = DEFINITIONAL_REPRESENTATION('',(#1009),#1013);
#1009 = LINE('',#1010,#1011);
#1010 = CARTESIAN_POINT('',(-3.14159265359,0.));
#1011 = VECTOR('',#1012,1.);
#1012 = DIRECTION('',(-0.,-1.));
#1013 = ( GEOMETRIC_REPRESENTATION_CONTEXT(2) 
PARAMETRIC_REPRESENTATION_CONTEXT() REPRESENTATION_CONTEXT('2D SPACE',''
  ) );
#1014 = PCURVE('',#695,#1015);
#1015 = DEFINITIONAL_REPRESENTATION('',(#1016),#1020);
#1016 = LINE('',#1017,#1018);
#1017 = CARTESIAN_POINT('',(6.,0.));
#1018 = VECTOR('',#1019,1.);
#1019 = DIRECTION('',(0.,-1.));
#1020 = ( GEOMETRIC_REPRESENTATION_CONTEXT(2) 
PARAMETRIC_REPRESENTATION_CONTEXT() REPRESENTATION_CONTEXT('2D SPACE',''
  ) );
#1021 = ADVANCED_FACE('',(#1022),#284,.T.);
#1022 = FACE_BOUND('',#1023,.T.);
#1023 = EDGE_LOOP('',(#1024,#1025,#1026,#1027));
#1024 = ORIENTED_EDGE('',*,*,#921,.F.);
#1025 = ORIENTED_EDGE('',*,*,#267,.T.);
#1026 = ORIENTED_EDGE('',*,*,#323,.T.);
#1027 = ORIENTED_EDGE('',*,*,#1028,.F.);
#1028 = EDGE_CURVE('',#896,#324,#1029,.T.);
#1029 = SURFACE_CURVE('',#1030,(#1035,#1042),.PCURVE_S1.);
#1030 = CIRCLE('',#1031,10.95);
#1031 = AXIS2_PLACEMENT_3D('',#1032,#1033,#1034);
#1032 = CARTESIAN_POINT('',(-12.5,-10.5,0.));
#1033 = DIRECTION('',(0.,-0.,-1.));
#1034 = DIRECTION('',(1.544658121218E-16,-1.,0.));
#1035 = PCURVE('',#284,#1036);
#1036 = DEFINITIONAL_REPRESENTATION('',(#1037),#1041);
#1037 = LINE('',#1038,#1039);
#1038 = CARTESIAN_POINT('',(0.,1.570796326795));
#1039 = VECTOR('',#1040,1.);
#1040 = DIRECTION('',(1.,0.));
#1041 = ( GEOMETRIC_REPRESENTATION_CONTEXT(2) 
PARAMETRIC_REPRESENTATION_CONTEXT() REPRESENTATION_CONTEXT('2D SPACE',''
  ) );
#1042 = PCURVE('',#361,#1043);
#1043 = DEFINITIONAL_REPRESENTATION('',(#1044),#1052);
#1044 = ( BOUNDED_CURVE() B_SPLINE_CURVE(2,(#1045,#1046,#1047,#1048,
#1049,#1050,#1051),.UNSPECIFIED.,.T.,.F.) B_SPLINE_CURVE_WITH_KNOTS((1,2
    ,2,2,2,1),(-2.094395102393,0.,2.094395102393,4.188790204786,
6.28318530718,8.377580409573),.UNSPECIFIED.) CURVE() 
GEOMETRIC_REPRESENTATION_ITEM() RATIONAL_B_SPLINE_CURVE((1.,0.5,1.,0.5,
1.,0.5,1.)) REPRESENTATION_ITEM('') );
#1045 = CARTESIAN_POINT('',(-12.49999999882,-21.44999999758));
#1046 = CARTESIAN_POINT('',(-31.4659563417,-21.44999999758));
#1047 = CARTESIAN_POINT('',(-21.98297817026,-5.024999997588));
#1048 = CARTESIAN_POINT('',(-12.49999999882,11.400000002412));
#1049 = CARTESIAN_POINT('',(-3.017021827382,-5.024999997588));
#1050 = CARTESIAN_POINT('',(6.465956344058,-21.44999999758));
#1051 = CARTESIAN_POINT('',(-12.49999999882,-21.44999999758));
#1052 = ( GEOMETRIC_REPRESENTATION_CONTEXT(2) 
PARAMETRIC_REPRESENTATION_CONTEXT() REPRESENTATION_CONTEXT('2D SPACE',''
  ) );
#1053 = ADVANCED_FACE('',(#1054),#254,.T.);
#1054 = FACE_BOUND('',#1055,.F.);
#1055 = EDGE_LOOP('',(#1056,#1083,#1084,#1085));
#1056 = ORIENTED_EDGE('',*,*,#1057,.F.);
#1057 = EDGE_CURVE('',#212,#1058,#1060,.T.);
#1058 = VERTEX_POINT('',#1059);
#1059 = CARTESIAN_POINT('',(-12.5,-21.45,9.5));
#1060 = SURFACE_CURVE('',#1061,(#1066,#1072),.PCURVE_S1.);
#1061 = CIRCLE('',#1062,0.55);
#1062 = AXIS2_PLACEMENT_3D('',#1063,#1064,#1065);
#1063 = CARTESIAN_POINT('',(-12.5,-21.45,8.95));
#1064 = DIRECTION('',(-1.,-0.,0.));
#1065 = DIRECTION('',(0.,-1.,0.));
#1066 = PCURVE('',#254,#1067);
#1067 = DEFINITIONAL_REPRESENTATION('',(#1068),#1071);
#1068 = B_SPLINE_CURVE_WITH_KNOTS('',1,(#1069,#1070),.UNSPECIFIED.,.F.,
  .F.,(2,2),(0.,1.570796326795),.PIECEWISE_BEZIER_KNOTS.);
#1069 = CARTESIAN_POINT('',(0.,0.));
#1070 = CARTESIAN_POINT('',(0.,1.570796326795));
#1071 = ( GEOMETRIC_REPRESENTATION_CONTEXT(2) 
PARAMETRIC_REPRESENTATION_CONTEXT() REPRESENTATION_CONTEXT('2D SPACE',''
  ) );
#1072 = PCURVE('',#1073,#1078);
#1073 = CYLINDRICAL_SURFACE('',#1074,0.55);
#1074 = AXIS2_PLACEMENT_3D('',#1075,#1076,#1077);
#1075 = CARTESIAN_POINT('',(12.49999998742,-21.45,8.95));
#1076 = DIRECTION('',(-1.,-0.,-0.));
#1077 = DIRECTION('',(0.,-1.,0.));
#1078 = DEFINITIONAL_REPRESENTATION('',(#1079),#1082);
#1079 = B_SPLINE_CURVE_WITH_KNOTS('',1,(#1080,#1081),.UNSPECIFIED.,.F.,
  .F.,(2,2),(0.,1.570796326795),.PIECEWISE_BEZIER_KNOTS.);
#1080 = CARTESIAN_POINT('',(0.,24.99999998742));
#1081 = CARTESIAN_POINT('',(1.570796326795,24.99999998742));
#1082 = ( GEOMETRIC_REPRESENTATION_CONTEXT(2) 
PARAMETRIC_REPRESENTATION_CONTEXT() REPRESENTATION_CONTEXT('2D SPACE',''
  ) );
#1083 = ORIENTED_EDGE('',*,*,#239,.T.);
#1084 = ORIENTED_EDGE('',*,*,#402,.T.);
#1085 = ORIENTED_EDGE('',*,*,#1086,.F.);
#1086 = EDGE_CURVE('',#1058,#403,#1087,.T.);
#1087 = SURFACE_CURVE('',#1088,(#1093,#1100),.PCURVE_S1.);
#1088 = CIRCLE('',#1089,10.95);
#1089 = AXIS2_PLACEMENT_3D('',#1090,#1091,#1092);
#1090 = CARTESIAN_POINT('',(-12.5,-10.5,9.5));
#1091 = DIRECTION('',(0.,-0.,-1.));
#1092 = DIRECTION('',(1.544658121218E-16,-1.,0.));
#1093 = PCURVE('',#254,#1094);
#1094 = DEFINITIONAL_REPRESENTATION('',(#1095),#1099);
#1095 = LINE('',#1096,#1097);
#1096 = CARTESIAN_POINT('',(-0.,1.570796326795));
#1097 = VECTOR('',#1098,1.);
#1098 = DIRECTION('',(-1.,0.));
#1099 = ( GEOMETRIC_REPRESENTATION_CONTEXT(2) 
PARAMETRIC_REPRESENTATION_CONTEXT() REPRESENTATION_CONTEXT('2D SPACE',''
  ) );
#1100 = PCURVE('',#440,#1101);
#1101 = DEFINITIONAL_REPRESENTATION('',(#1102),#1110);
#1102 = ( BOUNDED_CURVE() B_SPLINE_CURVE(2,(#1103,#1104,#1105,#1106,
#1107,#1108,#1109),.UNSPECIFIED.,.T.,.F.) B_SPLINE_CURVE_WITH_KNOTS((1,2
    ,2,2,2,1),(-2.094395102393,0.,2.094395102393,4.188790204786,
6.28318530718,8.377580409573),.UNSPECIFIED.) CURVE() 
GEOMETRIC_REPRESENTATION_ITEM() RATIONAL_B_SPLINE_CURVE((1.,0.5,1.,0.5,
1.,0.5,1.)) REPRESENTATION_ITEM('') );
#1103 = CARTESIAN_POINT('',(-12.49999999882,-21.44999999758));
#1104 = CARTESIAN_POINT('',(-31.4659563417,-21.44999999758));
#1105 = CARTESIAN_POINT('',(-21.98297817026,-5.024999997588));
#1106 = CARTESIAN_POINT('',(-12.49999999882,11.400000002412));
#1107 = CARTESIAN_POINT('',(-3.017021827382,-5.024999997588));
#1108 = CARTESIAN_POINT('',(6.465956344058,-21.44999999758));
#1109 = CARTESIAN_POINT('',(-12.49999999882,-21.44999999758));
#1110 = ( GEOMETRIC_REPRESENTATION_CONTEXT(2) 
PARAMETRIC_REPRESENTATION_CONTEXT() REPRESENTATION_CONTEXT('2D SPACE',''
  ) );
#1111 = ADVANCED_FACE('',(#1112),#227,.F.);
#1112 = FACE_BOUND('',#1113,.F.);
#1113 = EDGE_LOOP('',(#1114,#1115,#1116,#1139,#1167,#1193,#1219,#1247));
#1114 = ORIENTED_EDGE('',*,*,#850,.F.);
#1115 = ORIENTED_EDGE('',*,*,#211,.T.);
#1116 = ORIENTED_EDGE('',*,*,#1117,.F.);
#1117 = EDGE_CURVE('',#1118,#212,#1120,.T.);
#1118 = VERTEX_POINT('',#1119);
#1119 = CARTESIAN_POINT('',(12.49999998742,-22.,8.95));
#1120 = SURFACE_CURVE('',#1121,(#1125,#1132),.PCURVE_S1.);
#1121 = LINE('',#1122,#1123);
#1122 = CARTESIAN_POINT('',(12.49999998742,-22.,8.95));
#1123 = VECTOR('',#1124,1.);
#1124 = DIRECTION('',(-1.,-0.,-0.));
#1125 = PCURVE('',#227,#1126);
#1126 = DEFINITIONAL_REPRESENTATION('',(#1127),#1131);
#1127 = LINE('',#1128,#1129);
#1128 = CARTESIAN_POINT('',(24.99999998742,-8.95));
#1129 = VECTOR('',#1130,1.);
#1130 = DIRECTION('',(-1.,0.));
#1131 = ( GEOMETRIC_REPRESENTATION_CONTEXT(2) 
PARAMETRIC_REPRESENTATION_CONTEXT() REPRESENTATION_CONTEXT('2D SPACE',''
  ) );
#1132 = PCURVE('',#1073,#1133);
#1133 = DEFINITIONAL_REPRESENTATION('',(#1134),#1138);
#1134 = LINE('',#1135,#1136);
#1135 = CARTESIAN_POINT('',(0.,0.));
#1136 = VECTOR('',#1137,1.);
#1137 = DIRECTION('',(0.,1.));
#1138 = ( GEOMETRIC_REPRESENTATION_CONTEXT(2) 
PARAMETRIC_REPRESENTATION_CONTEXT() REPRESENTATION_CONTEXT('2D SPACE',''
  ) );
#1139 = ORIENTED_EDGE('',*,*,#1140,.F.);
#1140 = EDGE_CURVE('',#1141,#1118,#1143,.T.);
#1141 = VERTEX_POINT('',#1142);
#1142 = CARTESIAN_POINT('',(12.49999998742,-22.,4.6));
#1143 = SURFACE_CURVE('',#1144,(#1148,#1155),.PCURVE_S1.);
#1144 = LINE('',#1145,#1146);
#1145 = CARTESIAN_POINT('',(12.49999998742,-22.,0.));
#1146 = VECTOR('',#1147,1.);
#1147 = DIRECTION('',(0.,0.,1.));
#1148 = PCURVE('',#227,#1149);
#1149 = DEFINITIONAL_REPRESENTATION('',(#1150),#1154);
#1150 = LINE('',#1151,#1152);
#1151 = CARTESIAN_POINT('',(24.99999998742,0.));
#1152 = VECTOR('',#1153,1.);
#1153 = DIRECTION('',(0.,-1.));
#1154 = ( GEOMETRIC_REPRESENTATION_CONTEXT(2) 
PARAMETRIC_REPRESENTATION_CONTEXT() REPRESENTATION_CONTEXT('2D SPACE',''
  ) );
#1155 = PCURVE('',#1156,#1161);
#1156 = CYLINDRICAL_SURFACE('',#1157,11.5);
#1157 = AXIS2_PLACEMENT_3D('',#1158,#1159,#1160);
#1158 = CARTESIAN_POINT('',(12.49999998742,-10.5,0.));
#1159 = DIRECTION('',(0.,0.,-1.));
#1160 = DIRECTION('',(-1.,0.,0.));
#1161 = DEFINITIONAL_REPRESENTATION('',(#1162),#1166);
#1162 = LINE('',#1163,#1164);
#1163 = CARTESIAN_POINT('',(4.712388980385,0.));
#1164 = VECTOR('',#1165,1.);
#1165 = DIRECTION('',(0.,-1.));
#1166 = ( GEOMETRIC_REPRESENTATION_CONTEXT(2) 
PARAMETRIC_REPRESENTATION_CONTEXT() REPRESENTATION_CONTEXT('2D SPACE',''
  ) );
#1167 = ORIENTED_EDGE('',*,*,#1168,.F.);
#1168 = EDGE_CURVE('',#1169,#1141,#1171,.T.);
#1169 = VERTEX_POINT('',#1170);
#1170 = CARTESIAN_POINT('',(7.708633526938,-22.,4.6));
#1171 = SURFACE_CURVE('',#1172,(#1176,#1182),.PCURVE_S1.);
#1172 = LINE('',#1173,#1174);
#1173 = CARTESIAN_POINT('',(-0.400000002881,-22.,4.6));
#1174 = VECTOR('',#1175,1.);
#1175 = DIRECTION('',(1.,0.,0.));
#1176 = PCURVE('',#227,#1177);
#1177 = DEFINITIONAL_REPRESENTATION('',(#1178),#1181);
#1178 = B_SPLINE_CURVE_WITH_KNOTS('',1,(#1179,#1180),.UNSPECIFIED.,.F.,
  .F.,(2,2),(7.999999988779,12.899999990302),.PIECEWISE_BEZIER_KNOTS.);
#1179 = CARTESIAN_POINT('',(20.099999985898,-4.6));
#1180 = CARTESIAN_POINT('',(24.99999998742,-4.6));
#1181 = ( GEOMETRIC_REPRESENTATION_CONTEXT(2) 
PARAMETRIC_REPRESENTATION_CONTEXT() REPRESENTATION_CONTEXT('2D SPACE',''
  ) );
#1182 = PCURVE('',#1183,#1188);
#1183 = PLANE('',#1184);
#1184 = AXIS2_PLACEMENT_3D('',#1185,#1186,#1187);
#1185 = CARTESIAN_POINT('',(11.699999994237,-25.8,4.6));
#1186 = DIRECTION('',(0.,0.,1.));
#1187 = DIRECTION('',(1.,0.,-0.));
#1188 = DEFINITIONAL_REPRESENTATION('',(#1189),#1192);
#1189 = B_SPLINE_CURVE_WITH_KNOTS('',1,(#1190,#1191),.UNSPECIFIED.,.F.,
  .F.,(2,2),(7.999999988779,12.899999990302),.PIECEWISE_BEZIER_KNOTS.);
#1190 = CARTESIAN_POINT('',(-4.100000008339,3.8));
#1191 = CARTESIAN_POINT('',(0.799999993183,3.8));
#1192 = ( GEOMETRIC_REPRESENTATION_CONTEXT(2) 
PARAMETRIC_REPRESENTATION_CONTEXT() REPRESENTATION_CONTEXT('2D SPACE',''
  ) );
#1193 = ORIENTED_EDGE('',*,*,#1194,.T.);
#1194 = EDGE_CURVE('',#1169,#1195,#1197,.T.);
#1195 = VERTEX_POINT('',#1196);
#1196 = CARTESIAN_POINT('',(7.708633526938,-22.,0.55));
#1197 = SURFACE_CURVE('',#1198,(#1202,#1208),.PCURVE_S1.);
#1198 = LINE('',#1199,#1200);
#1199 = CARTESIAN_POINT('',(7.708633526938,-22.,0.));
#1200 = VECTOR('',#1201,1.);
#1201 = DIRECTION('',(-0.,-0.,-1.));
#1202 = PCURVE('',#227,#1203);
#1203 = DEFINITIONAL_REPRESENTATION('',(#1204),#1207);
#1204 = B_SPLINE_CURVE_WITH_KNOTS('',1,(#1205,#1206),.UNSPECIFIED.,.F.,
  .F.,(2,2),(-4.6000006,6.E-07),.PIECEWISE_BEZIER_KNOTS.);
#1205 = CARTESIAN_POINT('',(20.208633526938,-4.6000006));
#1206 = CARTESIAN_POINT('',(20.208633526938,6.E-07));
#1207 = ( GEOMETRIC_REPRESENTATION_CONTEXT(2) 
PARAMETRIC_REPRESENTATION_CONTEXT() REPRESENTATION_CONTEXT('2D SPACE',''
  ) );
#1208 = PCURVE('',#1209,#1214);
#1209 = CYLINDRICAL_SURFACE('',#1210,3.);
#1210 = AXIS2_PLACEMENT_3D('',#1211,#1212,#1213);
#1211 = CARTESIAN_POINT('',(10.599999985898,-22.8,0.));
#1212 = DIRECTION('',(-0.,-0.,-1.));
#1213 = DIRECTION('',(1.,0.,0.));
#1214 = DEFINITIONAL_REPRESENTATION('',(#1215),#1218);
#1215 = B_SPLINE_CURVE_WITH_KNOTS('',1,(#1216,#1217),.UNSPECIFIED.,.F.,
  .F.,(2,2),(-4.6000006,6.E-07),.PIECEWISE_BEZIER_KNOTS.);
#1216 = CARTESIAN_POINT('',(-2.871659857756,-4.6000006));
#1217 = CARTESIAN_POINT('',(-2.871659857756,6.E-07));
#1218 = ( GEOMETRIC_REPRESENTATION_CONTEXT(2) 
PARAMETRIC_REPRESENTATION_CONTEXT() REPRESENTATION_CONTEXT('2D SPACE',''
  ) );
#1219 = ORIENTED_EDGE('',*,*,#1220,.T.);
#1220 = EDGE_CURVE('',#1195,#1221,#1223,.T.);
#1221 = VERTEX_POINT('',#1222);
#1222 = CARTESIAN_POINT('',(-7.70863355916,-22.,0.55));
#1223 = SURFACE_CURVE('',#1224,(#1228,#1235),.PCURVE_S1.);
#1224 = LINE('',#1225,#1226);
#1225 = CARTESIAN_POINT('',(12.49999998742,-22.,0.55));
#1226 = VECTOR('',#1227,1.);
#1227 = DIRECTION('',(-1.,-0.,-0.));
#1228 = PCURVE('',#227,#1229);
#1229 = DEFINITIONAL_REPRESENTATION('',(#1230),#1234);
#1230 = LINE('',#1231,#1232);
#1231 = CARTESIAN_POINT('',(24.99999998742,-0.55));
#1232 = VECTOR('',#1233,1.);
#1233 = DIRECTION('',(-1.,0.));
#1234 = ( GEOMETRIC_REPRESENTATION_CONTEXT(2) 
PARAMETRIC_REPRESENTATION_CONTEXT() REPRESENTATION_CONTEXT('2D SPACE',''
  ) );
#1235 = PCURVE('',#1236,#1241);
#1236 = CYLINDRICAL_SURFACE('',#1237,0.55);
#1237 = AXIS2_PLACEMENT_3D('',#1238,#1239,#1240);
#1238 = CARTESIAN_POINT('',(12.49999998742,-21.45,0.55));
#1239 = DIRECTION('',(-1.,-0.,-0.));
#1240 = DIRECTION('',(0.,-1.,0.));
#1241 = DEFINITIONAL_REPRESENTATION('',(#1242),#1246);
#1242 = LINE('',#1243,#1244);
#1243 = CARTESIAN_POINT('',(-0.,0.));
#1244 = VECTOR('',#1245,1.);
#1245 = DIRECTION('',(-0.,1.));
#1246 = ( GEOMETRIC_REPRESENTATION_CONTEXT(2) 
PARAMETRIC_REPRESENTATION_CONTEXT() REPRESENTATION_CONTEXT('2D SPACE',''
  ) );
#1247 = ORIENTED_EDGE('',*,*,#1248,.F.);
#1248 = EDGE_CURVE('',#822,#1221,#1249,.T.);
#1249 = SURFACE_CURVE('',#1250,(#1254,#1260),.PCURVE_S1.);
#1250 = LINE('',#1251,#1252);
#1251 = CARTESIAN_POINT('',(-7.70863355916,-22.,0.));
#1252 = VECTOR('',#1253,1.);
#1253 = DIRECTION('',(-0.,-0.,-1.));
#1254 = PCURVE('',#227,#1255);
#1255 = DEFINITIONAL_REPRESENTATION('',(#1256),#1259);
#1256 = B_SPLINE_CURVE_WITH_KNOTS('',1,(#1257,#1258),.UNSPECIFIED.,.F.,
  .F.,(2,2),(-4.6000006,6.E-07),.PIECEWISE_BEZIER_KNOTS.);
#1257 = CARTESIAN_POINT('',(4.79136644084,-4.6000006));
#1258 = CARTESIAN_POINT('',(4.79136644084,6.E-07));
#1259 = ( GEOMETRIC_REPRESENTATION_CONTEXT(2) 
PARAMETRIC_REPRESENTATION_CONTEXT() REPRESENTATION_CONTEXT('2D SPACE',''
  ) );
#1260 = PCURVE('',#838,#1261);
#1261 = DEFINITIONAL_REPRESENTATION('',(#1262),#1265);
#1262 = B_SPLINE_CURVE_WITH_KNOTS('',1,(#1263,#1264),.UNSPECIFIED.,.F.,
  .F.,(2,2),(-4.6000006,6.E-07),.PIECEWISE_BEZIER_KNOTS.);
#1263 = CARTESIAN_POINT('',(-0.269932795833,-4.6000006));
#1264 = CARTESIAN_POINT('',(-0.269932795833,6.E-07));
#1265 = ( GEOMETRIC_REPRESENTATION_CONTEXT(2) 
PARAMETRIC_REPRESENTATION_CONTEXT() REPRESENTATION_CONTEXT('2D SPACE',''
  ) );
#1266 = ADVANCED_FACE('',(#1267,#2174),#361,.F.);
#1267 = FACE_BOUND('',#1268,.F.);
#1268 = EDGE_LOOP('',(#1269,#1270,#1271,#1272,#1295,#1319,#1342,#1366,
    #1389,#1413,#1436,#1460,#1488,#1517,#1545,#1574,#1602,#1631,#1664,
    #1692,#1725,#1754,#1782,#1811,#1839,#1868,#1896,#1925,#1953,#1982,
    #2010,#2039,#2067,#2096,#2124,#2148));
#1269 = ORIENTED_EDGE('',*,*,#345,.F.);
#1270 = ORIENTED_EDGE('',*,*,#1028,.F.);
#1271 = ORIENTED_EDGE('',*,*,#895,.T.);
#1272 = ORIENTED_EDGE('',*,*,#1273,.F.);
#1273 = EDGE_CURVE('',#1274,#898,#1276,.T.);
#1274 = VERTEX_POINT('',#1275);
#1275 = CARTESIAN_POINT('',(-15.8,-28.8,0.));
#1276 = SURFACE_CURVE('',#1277,(#1281,#1288),.PCURVE_S1.);
#1277 = LINE('',#1278,#1279);
#1278 = CARTESIAN_POINT('',(-15.79999998589,-25.8,0.));
#1279 = VECTOR('',#1280,1.);
#1280 = DIRECTION('',(0.,1.,0.));
#1281 = PCURVE('',#361,#1282);
#1282 = DEFINITIONAL_REPRESENTATION('',(#1283),#1287);
#1283 = LINE('',#1284,#1285);
#1284 = CARTESIAN_POINT('',(-15.79999998471,-25.79999999758));
#1285 = VECTOR('',#1286,1.);
#1286 = DIRECTION('',(0.,1.));
#1287 = ( GEOMETRIC_REPRESENTATION_CONTEXT(2) 
PARAMETRIC_REPRESENTATION_CONTEXT() REPRESENTATION_CONTEXT('2D SPACE',''
  ) );
#1288 = PCURVE('',#695,#1289);
#1289 = DEFINITIONAL_REPRESENTATION('',(#1290),#1294);
#1290 = LINE('',#1291,#1292);
#1291 = CARTESIAN_POINT('',(3.,0.));
#1292 = VECTOR('',#1293,1.);
#1293 = DIRECTION('',(1.,0.));
#1294 = ( GEOMETRIC_REPRESENTATION_CONTEXT(2) 
PARAMETRIC_REPRESENTATION_CONTEXT() REPRESENTATION_CONTEXT('2D SPACE',''
  ) );
#1295 = ORIENTED_EDGE('',*,*,#1296,.T.);
#1296 = EDGE_CURVE('',#1274,#1297,#1299,.T.);
#1297 = VERTEX_POINT('',#1298);
#1298 = CARTESIAN_POINT('',(-12.8000000141,-31.8,0.));
#1299 = SURFACE_CURVE('',#1300,(#1305,#1312),.PCURVE_S1.);
#1300 = CIRCLE('',#1301,3.);
#1301 = AXIS2_PLACEMENT_3D('',#1302,#1303,#1304);
#1302 = CARTESIAN_POINT('',(-12.8000000141,-28.8,0.));
#1303 = DIRECTION('',(0.,0.,1.));
#1304 = DIRECTION('',(1.,0.,0.));
#1305 = PCURVE('',#361,#1306);
#1306 = DEFINITIONAL_REPRESENTATION('',(#1307),#1311);
#1307 = CIRCLE('',#1308,3.);
#1308 = AXIS2_PLACEMENT_2D('',#1309,#1310);
#1309 = CARTESIAN_POINT('',(-12.80000001292,-28.79999999758));
#1310 = DIRECTION('',(1.,0.));
#1311 = ( GEOMETRIC_REPRESENTATION_CONTEXT(2) 
PARAMETRIC_REPRESENTATION_CONTEXT() REPRESENTATION_CONTEXT('2D SPACE',''
  ) );
#1312 = PCURVE('',#724,#1313);
#1313 = DEFINITIONAL_REPRESENTATION('',(#1314),#1318);
#1314 = LINE('',#1315,#1316);
#1315 = CARTESIAN_POINT('',(-0.,0.));
#1316 = VECTOR('',#1317,1.);
#1317 = DIRECTION('',(-1.,0.));
#1318 = ( GEOMETRIC_REPRESENTATION_CONTEXT(2) 
PARAMETRIC_REPRESENTATION_CONTEXT() REPRESENTATION_CONTEXT('2D SPACE',''
  ) );
#1319 = ORIENTED_EDGE('',*,*,#1320,.T.);
#1320 = EDGE_CURVE('',#1297,#1321,#1323,.T.);
#1321 = VERTEX_POINT('',#1322);
#1322 = CARTESIAN_POINT('',(-10.60000001812,-31.8,0.));
#1323 = SURFACE_CURVE('',#1324,(#1328,#1335),.PCURVE_S1.);
#1324 = LINE('',#1325,#1326);
#1325 = CARTESIAN_POINT('',(-11.69999998589,-31.8,0.));
#1326 = VECTOR('',#1327,1.);
#1327 = DIRECTION('',(1.,0.,0.));
#1328 = PCURVE('',#361,#1329);
#1329 = DEFINITIONAL_REPRESENTATION('',(#1330),#1334);
#1330 = LINE('',#1331,#1332);
#1331 = CARTESIAN_POINT('',(-11.69999998471,-31.79999999758));
#1332 = VECTOR('',#1333,1.);
#1333 = DIRECTION('',(1.,0.));
#1334 = ( GEOMETRIC_REPRESENTATION_CONTEXT(2) 
PARAMETRIC_REPRESENTATION_CONTEXT() REPRESENTATION_CONTEXT('2D SPACE',''
  ) );
#1335 = PCURVE('',#752,#1336);
#1336 = DEFINITIONAL_REPRESENTATION('',(#1337),#1341);
#1337 = LINE('',#1338,#1339);
#1338 = CARTESIAN_POINT('',(1.100000028204,0.));
#1339 = VECTOR('',#1340,1.);
#1340 = DIRECTION('',(1.,0.));
#1341 = ( GEOMETRIC_REPRESENTATION_CONTEXT(2) 
PARAMETRIC_REPRESENTATION_CONTEXT() REPRESENTATION_CONTEXT('2D SPACE',''
  ) );
#1342 = ORIENTED_EDGE('',*,*,#1343,.T.);
#1343 = EDGE_CURVE('',#1321,#1344,#1346,.T.);
#1344 = VERTEX_POINT('',#1345);
#1345 = CARTESIAN_POINT('',(-7.600000002009,-28.8,0.));
#1346 = SURFACE_CURVE('',#1347,(#1352,#1359),.PCURVE_S1.);
#1347 = CIRCLE('',#1348,3.);
#1348 = AXIS2_PLACEMENT_3D('',#1349,#1350,#1351);
#1349 = CARTESIAN_POINT('',(-10.60000001812,-28.8,0.));
#1350 = DIRECTION('',(0.,0.,1.));
#1351 = DIRECTION('',(1.,0.,0.));
#1352 = PCURVE('',#361,#1353);
#1353 = DEFINITIONAL_REPRESENTATION('',(#1354),#1358);
#1354 = CIRCLE('',#1355,3.);
#1355 = AXIS2_PLACEMENT_2D('',#1356,#1357);
#1356 = CARTESIAN_POINT('',(-10.60000001694,-28.79999999758));
#1357 = DIRECTION('',(1.,0.));
#1358 = ( GEOMETRIC_REPRESENTATION_CONTEXT(2) 
PARAMETRIC_REPRESENTATION_CONTEXT() REPRESENTATION_CONTEXT('2D SPACE',''
  ) );
#1359 = PCURVE('',#781,#1360);
#1360 = DEFINITIONAL_REPRESENTATION('',(#1361),#1365);
#1361 = LINE('',#1362,#1363);
#1362 = CARTESIAN_POINT('',(-0.,0.));
#1363 = VECTOR('',#1364,1.);
#1364 = DIRECTION('',(-1.,0.));
#1365 = ( GEOMETRIC_REPRESENTATION_CONTEXT(2) 
PARAMETRIC_REPRESENTATION_CONTEXT() REPRESENTATION_CONTEXT('2D SPACE',''
  ) );
#1366 = ORIENTED_EDGE('',*,*,#1367,.T.);
#1367 = EDGE_CURVE('',#1344,#1368,#1370,.T.);
#1368 = VERTEX_POINT('',#1369);
#1369 = CARTESIAN_POINT('',(-7.600000002009,-22.8,0.));
#1370 = SURFACE_CURVE('',#1371,(#1375,#1382),.PCURVE_S1.);
#1371 = LINE('',#1372,#1373);
#1372 = CARTESIAN_POINT('',(-7.599999985898,-25.8,0.));
#1373 = VECTOR('',#1374,1.);
#1374 = DIRECTION('',(0.,1.,0.));
#1375 = PCURVE('',#361,#1376);
#1376 = DEFINITIONAL_REPRESENTATION('',(#1377),#1381);
#1377 = LINE('',#1378,#1379);
#1378 = CARTESIAN_POINT('',(-7.599999984719,-25.79999999758));
#1379 = VECTOR('',#1380,1.);
#1380 = DIRECTION('',(0.,1.));
#1381 = ( GEOMETRIC_REPRESENTATION_CONTEXT(2) 
PARAMETRIC_REPRESENTATION_CONTEXT() REPRESENTATION_CONTEXT('2D SPACE',''
  ) );
#1382 = PCURVE('',#809,#1383);
#1383 = DEFINITIONAL_REPRESENTATION('',(#1384),#1388);
#1384 = LINE('',#1385,#1386);
#1385 = CARTESIAN_POINT('',(3.,0.));
#1386 = VECTOR('',#1387,1.);
#1387 = DIRECTION('',(1.,0.));
#1388 = ( GEOMETRIC_REPRESENTATION_CONTEXT(2) 
PARAMETRIC_REPRESENTATION_CONTEXT() REPRESENTATION_CONTEXT('2D SPACE',''
  ) );
#1389 = ORIENTED_EDGE('',*,*,#1390,.T.);
#1390 = EDGE_CURVE('',#1368,#1391,#1393,.T.);
#1391 = VERTEX_POINT('',#1392);
#1392 = CARTESIAN_POINT('',(-7.920914353197,-21.45,-5.551115123126E-17)
  );
#1393 = SURFACE_CURVE('',#1394,(#1399,#1406),.PCURVE_S1.);
#1394 = CIRCLE('',#1395,3.);
#1395 = AXIS2_PLACEMENT_3D('',#1396,#1397,#1398);
#1396 = CARTESIAN_POINT('',(-10.60000001812,-22.8,0.));
#1397 = DIRECTION('',(0.,0.,1.));
#1398 = DIRECTION('',(1.,0.,0.));
#1399 = PCURVE('',#361,#1400);
#1400 = DEFINITIONAL_REPRESENTATION('',(#1401),#1405);
#1401 = CIRCLE('',#1402,3.);
#1402 = AXIS2_PLACEMENT_2D('',#1403,#1404);
#1403 = CARTESIAN_POINT('',(-10.60000001694,-22.79999999758));
#1404 = DIRECTION('',(1.,0.));
#1405 = ( GEOMETRIC_REPRESENTATION_CONTEXT(2) 
PARAMETRIC_REPRESENTATION_CONTEXT() REPRESENTATION_CONTEXT('2D SPACE',''
  ) );
#1406 = PCURVE('',#838,#1407);
#1407 = DEFINITIONAL_REPRESENTATION('',(#1408),#1412);
#1408 = LINE('',#1409,#1410);
#1409 = CARTESIAN_POINT('',(-0.,0.));
#1410 = VECTOR('',#1411,1.);
#1411 = DIRECTION('',(-1.,0.));
#1412 = ( GEOMETRIC_REPRESENTATION_CONTEXT(2) 
PARAMETRIC_REPRESENTATION_CONTEXT() REPRESENTATION_CONTEXT('2D SPACE',''
  ) );
#1413 = ORIENTED_EDGE('',*,*,#1414,.F.);
#1414 = EDGE_CURVE('',#1415,#1391,#1417,.T.);
#1415 = VERTEX_POINT('',#1416);
#1416 = CARTESIAN_POINT('',(7.920914320974,-21.45,-5.551115123126E-17));
#1417 = SURFACE_CURVE('',#1418,(#1422,#1429),.PCURVE_S1.);
#1418 = LINE('',#1419,#1420);
#1419 = CARTESIAN_POINT('',(12.49999998742,-21.45,-1.110223024625E-16));
#1420 = VECTOR('',#1421,1.);
#1421 = DIRECTION('',(-1.,-0.,-0.));
#1422 = PCURVE('',#361,#1423);
#1423 = DEFINITIONAL_REPRESENTATION('',(#1424),#1428);
#1424 = LINE('',#1425,#1426);
#1425 = CARTESIAN_POINT('',(12.499999988599,-21.44999999758));
#1426 = VECTOR('',#1427,1.);
#1427 = DIRECTION('',(-1.,0.));
#1428 = ( GEOMETRIC_REPRESENTATION_CONTEXT(2) 
PARAMETRIC_REPRESENTATION_CONTEXT() REPRESENTATION_CONTEXT('2D SPACE',''
  ) );
#1429 = PCURVE('',#1236,#1430);
#1430 = DEFINITIONAL_REPRESENTATION('',(#1431),#1435);
#1431 = LINE('',#1432,#1433);
#1432 = CARTESIAN_POINT('',(-1.570796326795,0.));
#1433 = VECTOR('',#1434,1.);
#1434 = DIRECTION('',(-0.,1.));
#1435 = ( GEOMETRIC_REPRESENTATION_CONTEXT(2) 
PARAMETRIC_REPRESENTATION_CONTEXT() REPRESENTATION_CONTEXT('2D SPACE',''
  ) );
#1436 = ORIENTED_EDGE('',*,*,#1437,.T.);
#1437 = EDGE_CURVE('',#1415,#1438,#1440,.T.);
#1438 = VERTEX_POINT('',#1439);
#1439 = CARTESIAN_POINT('',(7.6,-22.8,0.));
#1440 = SURFACE_CURVE('',#1441,(#1446,#1453),.PCURVE_S1.);
#1441 = CIRCLE('',#1442,3.);
#1442 = AXIS2_PLACEMENT_3D('',#1443,#1444,#1445);
#1443 = CARTESIAN_POINT('',(10.599999985898,-22.8,0.));
#1444 = DIRECTION('',(0.,0.,1.));
#1445 = DIRECTION('',(1.,0.,0.));
#1446 = PCURVE('',#361,#1447);
#1447 = DEFINITIONAL_REPRESENTATION('',(#1448),#1452);
#1448 = CIRCLE('',#1449,3.);
#1449 = AXIS2_PLACEMENT_2D('',#1450,#1451);
#1450 = CARTESIAN_POINT('',(10.599999987076,-22.79999999758));
#1451 = DIRECTION('',(1.,0.));
#1452 = ( GEOMETRIC_REPRESENTATION_CONTEXT(2) 
PARAMETRIC_REPRESENTATION_CONTEXT() REPRESENTATION_CONTEXT('2D SPACE',''
  ) );
#1453 = PCURVE('',#1209,#1454);
#1454 = DEFINITIONAL_REPRESENTATION('',(#1455),#1459);
#1455 = LINE('',#1456,#1457);
#1456 = CARTESIAN_POINT('',(-0.,0.));
#1457 = VECTOR('',#1458,1.);
#1458 = DIRECTION('',(-1.,0.));
#1459 = ( GEOMETRIC_REPRESENTATION_CONTEXT(2) 
PARAMETRIC_REPRESENTATION_CONTEXT() REPRESENTATION_CONTEXT('2D SPACE',''
  ) );
#1460 = ORIENTED_EDGE('',*,*,#1461,.F.);
#1461 = EDGE_CURVE('',#1462,#1438,#1464,.T.);
#1462 = VERTEX_POINT('',#1463);
#1463 = CARTESIAN_POINT('',(7.6,-28.8,0.));
#1464 = SURFACE_CURVE('',#1465,(#1469,#1476),.PCURVE_S1.);
#1465 = LINE('',#1466,#1467);
#1466 = CARTESIAN_POINT('',(7.600000014102,-25.8,0.));
#1467 = VECTOR('',#1468,1.);
#1468 = DIRECTION('',(0.,1.,0.));
#1469 = PCURVE('',#361,#1470);
#1470 = DEFINITIONAL_REPRESENTATION('',(#1471),#1475);
#1471 = LINE('',#1472,#1473);
#1472 = CARTESIAN_POINT('',(7.600000015281,-25.79999999758));
#1473 = VECTOR('',#1474,1.);
#1474 = DIRECTION('',(0.,1.));
#1475 = ( GEOMETRIC_REPRESENTATION_CONTEXT(2) 
PARAMETRIC_REPRESENTATION_CONTEXT() REPRESENTATION_CONTEXT('2D SPACE',''
  ) );
#1476 = PCURVE('',#1477,#1482);
#1477 = PLANE('',#1478);
#1478 = AXIS2_PLACEMENT_3D('',#1479,#1480,#1481);
#1479 = CARTESIAN_POINT('',(7.600000014102,-28.8,0.));
#1480 = DIRECTION('',(-1.,0.,0.));
#1481 = DIRECTION('',(0.,1.,0.));
#1482 = DEFINITIONAL_REPRESENTATION('',(#1483),#1487);
#1483 = LINE('',#1484,#1485);
#1484 = CARTESIAN_POINT('',(3.,0.));
#1485 = VECTOR('',#1486,1.);
#1486 = DIRECTION('',(1.,0.));
#1487 = ( GEOMETRIC_REPRESENTATION_CONTEXT(2) 
PARAMETRIC_REPRESENTATION_CONTEXT() REPRESENTATION_CONTEXT('2D SPACE',''
  ) );
#1488 = ORIENTED_EDGE('',*,*,#1489,.T.);
#1489 = EDGE_CURVE('',#1462,#1490,#1492,.T.);
#1490 = VERTEX_POINT('',#1491);
#1491 = CARTESIAN_POINT('',(10.599999985898,-31.8,0.));
#1492 = SURFACE_CURVE('',#1493,(#1498,#1505),.PCURVE_S1.);
#1493 = CIRCLE('',#1494,3.);
#1494 = AXIS2_PLACEMENT_3D('',#1495,#1496,#1497);
#1495 = CARTESIAN_POINT('',(10.599999985898,-28.8,0.));
#1496 = DIRECTION('',(0.,0.,1.));
#1497 = DIRECTION('',(1.,0.,0.));
#1498 = PCURVE('',#361,#1499);
#1499 = DEFINITIONAL_REPRESENTATION('',(#1500),#1504);
#1500 = CIRCLE('',#1501,3.);
#1501 = AXIS2_PLACEMENT_2D('',#1502,#1503);
#1502 = CARTESIAN_POINT('',(10.599999987076,-28.79999999758));
#1503 = DIRECTION('',(1.,0.));
#1504 = ( GEOMETRIC_REPRESENTATION_CONTEXT(2) 
PARAMETRIC_REPRESENTATION_CONTEXT() REPRESENTATION_CONTEXT('2D SPACE',''
  ) );
#1505 = PCURVE('',#1506,#1511);
#1506 = CYLINDRICAL_SURFACE('',#1507,3.);
#1507 = AXIS2_PLACEMENT_3D('',#1508,#1509,#1510);
#1508 = CARTESIAN_POINT('',(10.599999985898,-28.8,0.));
#1509 = DIRECTION('',(-0.,-0.,-1.));
#1510 = DIRECTION('',(1.,0.,0.));
#1511 = DEFINITIONAL_REPRESENTATION('',(#1512),#1516);
#1512 = LINE('',#1513,#1514);
#1513 = CARTESIAN_POINT('',(-0.,0.));
#1514 = VECTOR('',#1515,1.);
#1515 = DIRECTION('',(-1.,0.));
#1516 = ( GEOMETRIC_REPRESENTATION_CONTEXT(2) 
PARAMETRIC_REPRESENTATION_CONTEXT() REPRESENTATION_CONTEXT('2D SPACE',''
  ) );
#1517 = ORIENTED_EDGE('',*,*,#1518,.T.);
#1518 = EDGE_CURVE('',#1490,#1519,#1521,.T.);
#1519 = VERTEX_POINT('',#1520);
#1520 = CARTESIAN_POINT('',(12.79999998188,-31.8,0.));
#1521 = SURFACE_CURVE('',#1522,(#1526,#1533),.PCURVE_S1.);
#1522 = LINE('',#1523,#1524);
#1523 = CARTESIAN_POINT('',(11.700000014102,-31.8,0.));
#1524 = VECTOR('',#1525,1.);
#1525 = DIRECTION('',(1.,0.,0.));
#1526 = PCURVE('',#361,#1527);
#1527 = DEFINITIONAL_REPRESENTATION('',(#1528),#1532);
#1528 = LINE('',#1529,#1530);
#1529 = CARTESIAN_POINT('',(11.700000015281,-31.79999999758));
#1530 = VECTOR('',#1531,1.);
#1531 = DIRECTION('',(1.,0.));
#1532 = ( GEOMETRIC_REPRESENTATION_CONTEXT(2) 
PARAMETRIC_REPRESENTATION_CONTEXT() REPRESENTATION_CONTEXT('2D SPACE',''
  ) );
#1533 = PCURVE('',#1534,#1539);
#1534 = PLANE('',#1535);
#1535 = AXIS2_PLACEMENT_3D('',#1536,#1537,#1538);
#1536 = CARTESIAN_POINT('',(10.599999985898,-31.8,0.));
#1537 = DIRECTION('',(0.,1.,0.));
#1538 = DIRECTION('',(1.,0.,0.));
#1539 = DEFINITIONAL_REPRESENTATION('',(#1540),#1544);
#1540 = LINE('',#1541,#1542);
#1541 = CARTESIAN_POINT('',(1.100000028204,0.));
#1542 = VECTOR('',#1543,1.);
#1543 = DIRECTION('',(1.,0.));
#1544 = ( GEOMETRIC_REPRESENTATION_CONTEXT(2) 
PARAMETRIC_REPRESENTATION_CONTEXT() REPRESENTATION_CONTEXT('2D SPACE',''
  ) );
#1545 = ORIENTED_EDGE('',*,*,#1546,.T.);
#1546 = EDGE_CURVE('',#1519,#1547,#1549,.T.);
#1547 = VERTEX_POINT('',#1548);
#1548 = CARTESIAN_POINT('',(15.799999997991,-28.8,0.));
#1549 = SURFACE_CURVE('',#1550,(#1555,#1562),.PCURVE_S1.);
#1550 = CIRCLE('',#1551,3.);
#1551 = AXIS2_PLACEMENT_3D('',#1552,#1553,#1554);
#1552 = CARTESIAN_POINT('',(12.79999998188,-28.8,0.));
#1553 = DIRECTION('',(0.,0.,1.));
#1554 = DIRECTION('',(1.,0.,0.));
#1555 = PCURVE('',#361,#1556);
#1556 = DEFINITIONAL_REPRESENTATION('',(#1557),#1561);
#1557 = CIRCLE('',#1558,3.);
#1558 = AXIS2_PLACEMENT_2D('',#1559,#1560);
#1559 = CARTESIAN_POINT('',(12.799999983058,-28.79999999758));
#1560 = DIRECTION('',(1.,0.));
#1561 = ( GEOMETRIC_REPRESENTATION_CONTEXT(2) 
PARAMETRIC_REPRESENTATION_CONTEXT() REPRESENTATION_CONTEXT('2D SPACE',''
  ) );
#1562 = PCURVE('',#1563,#1568);
#1563 = CYLINDRICAL_SURFACE('',#1564,3.);
#1564 = AXIS2_PLACEMENT_3D('',#1565,#1566,#1567);
#1565 = CARTESIAN_POINT('',(12.79999998188,-28.8,0.));
#1566 = DIRECTION('',(-0.,-0.,-1.));
#1567 = DIRECTION('',(1.,0.,0.));
#1568 = DEFINITIONAL_REPRESENTATION('',(#1569),#1573);
#1569 = LINE('',#1570,#1571);
#1570 = CARTESIAN_POINT('',(-0.,0.));
#1571 = VECTOR('',#1572,1.);
#1572 = DIRECTION('',(-1.,0.));
#1573 = ( GEOMETRIC_REPRESENTATION_CONTEXT(2) 
PARAMETRIC_REPRESENTATION_CONTEXT() REPRESENTATION_CONTEXT('2D SPACE',''
  ) );
#1574 = ORIENTED_EDGE('',*,*,#1575,.T.);
#1575 = EDGE_CURVE('',#1547,#1576,#1578,.T.);
#1576 = VERTEX_POINT('',#1577);
#1577 = CARTESIAN_POINT('',(15.799999997991,-22.8,0.));
#1578 = SURFACE_CURVE('',#1579,(#1583,#1590),.PCURVE_S1.);
#1579 = LINE('',#1580,#1581);
#1580 = CARTESIAN_POINT('',(15.800000014102,-25.8,0.));
#1581 = VECTOR('',#1582,1.);
#1582 = DIRECTION('',(0.,1.,0.));
#1583 = PCURVE('',#361,#1584);
#1584 = DEFINITIONAL_REPRESENTATION('',(#1585),#1589);
#1585 = LINE('',#1586,#1587);
#1586 = CARTESIAN_POINT('',(15.800000015281,-25.79999999758));
#1587 = VECTOR('',#1588,1.);
#1588 = DIRECTION('',(0.,1.));
#1589 = ( GEOMETRIC_REPRESENTATION_CONTEXT(2) 
PARAMETRIC_REPRESENTATION_CONTEXT() REPRESENTATION_CONTEXT('2D SPACE',''
  ) );
#1590 = PCURVE('',#1591,#1596);
#1591 = PLANE('',#1592);
#1592 = AXIS2_PLACEMENT_3D('',#1593,#1594,#1595);
#1593 = CARTESIAN_POINT('',(15.800000014102,-28.8,0.));
#1594 = DIRECTION('',(-1.,0.,0.));
#1595 = DIRECTION('',(0.,1.,0.));
#1596 = DEFINITIONAL_REPRESENTATION('',(#1597),#1601);
#1597 = LINE('',#1598,#1599);
#1598 = CARTESIAN_POINT('',(3.,0.));
#1599 = VECTOR('',#1600,1.);
#1600 = DIRECTION('',(1.,0.));
#1601 = ( GEOMETRIC_REPRESENTATION_CONTEXT(2) 
PARAMETRIC_REPRESENTATION_CONTEXT() REPRESENTATION_CONTEXT('2D SPACE',''
  ) );
#1602 = ORIENTED_EDGE('',*,*,#1603,.T.);
#1603 = EDGE_CURVE('',#1576,#1604,#1606,.T.);
#1604 = VERTEX_POINT('',#1605);
#1605 = CARTESIAN_POINT('',(15.267966064653,-21.09437887727,0.));
#1606 = SURFACE_CURVE('',#1607,(#1612,#1619),.PCURVE_S1.);
#1607 = CIRCLE('',#1608,3.);
#1608 = AXIS2_PLACEMENT_3D('',#1609,#1610,#1611);
#1609 = CARTESIAN_POINT('',(12.79999998188,-22.8,0.));
#1610 = DIRECTION('',(0.,0.,1.));
#1611 = DIRECTION('',(1.,0.,0.));
#1612 = PCURVE('',#361,#1613);
#1613 = DEFINITIONAL_REPRESENTATION('',(#1614),#1618);
#1614 = CIRCLE('',#1615,3.);
#1615 = AXIS2_PLACEMENT_2D('',#1616,#1617);
#1616 = CARTESIAN_POINT('',(12.799999983058,-22.79999999758));
#1617 = DIRECTION('',(1.,0.));
#1618 = ( GEOMETRIC_REPRESENTATION_CONTEXT(2) 
PARAMETRIC_REPRESENTATION_CONTEXT() REPRESENTATION_CONTEXT('2D SPACE',''
  ) );
#1619 = PCURVE('',#1620,#1625);
#1620 = CYLINDRICAL_SURFACE('',#1621,3.);
#1621 = AXIS2_PLACEMENT_3D('',#1622,#1623,#1624);
#1622 = CARTESIAN_POINT('',(12.79999998188,-22.8,0.));
#1623 = DIRECTION('',(-0.,-0.,-1.));
#1624 = DIRECTION('',(1.,0.,0.));
#1625 = DEFINITIONAL_REPRESENTATION('',(#1626),#1630);
#1626 = LINE('',#1627,#1628);
#1627 = CARTESIAN_POINT('',(-0.,0.));
#1628 = VECTOR('',#1629,1.);
#1629 = DIRECTION('',(-1.,0.));
#1630 = ( GEOMETRIC_REPRESENTATION_CONTEXT(2) 
PARAMETRIC_REPRESENTATION_CONTEXT() REPRESENTATION_CONTEXT('2D SPACE',''
  ) );
#1631 = ORIENTED_EDGE('',*,*,#1632,.F.);
#1632 = EDGE_CURVE('',#1633,#1604,#1635,.T.);
#1633 = VERTEX_POINT('',#1634);
#1634 = CARTESIAN_POINT('',(23.45,-10.5,-1.110223024625E-16));
#1635 = SURFACE_CURVE('',#1636,(#1641,#1652),.PCURVE_S1.);
#1636 = CIRCLE('',#1637,10.95);
#1637 = AXIS2_PLACEMENT_3D('',#1638,#1639,#1640);
#1638 = CARTESIAN_POINT('',(12.49999998742,-10.5,0.));
#1639 = DIRECTION('',(0.,-0.,-1.));
#1640 = DIRECTION('',(1.,1.544658121218E-16,-0.));
#1641 = PCURVE('',#361,#1642);
#1642 = DEFINITIONAL_REPRESENTATION('',(#1643),#1651);
#1643 = ( BOUNDED_CURVE() B_SPLINE_CURVE(2,(#1644,#1645,#1646,#1647,
#1648,#1649,#1650),.UNSPECIFIED.,.T.,.F.) B_SPLINE_CURVE_WITH_KNOTS((1,2
    ,2,2,2,1),(-2.094395102393,0.,2.094395102393,4.188790204786,
6.28318530718,8.377580409573),.UNSPECIFIED.) CURVE() 
GEOMETRIC_REPRESENTATION_ITEM() RATIONAL_B_SPLINE_CURVE((1.,0.5,1.,0.5,
1.,0.5,1.)) REPRESENTATION_ITEM('') );
#1644 = CARTESIAN_POINT('',(23.449999988599,-10.49999999758));
#1645 = CARTESIAN_POINT('',(23.449999988599,-29.46595634046));
#1646 = CARTESIAN_POINT('',(7.024999988599,-19.98297816902));
#1647 = CARTESIAN_POINT('',(-9.400000011401,-10.49999999758));
#1648 = CARTESIAN_POINT('',(7.024999988599,-1.017021826148));
#1649 = CARTESIAN_POINT('',(23.449999988599,8.465956345291));
#1650 = CARTESIAN_POINT('',(23.449999988599,-10.49999999758));
#1651 = ( GEOMETRIC_REPRESENTATION_CONTEXT(2) 
PARAMETRIC_REPRESENTATION_CONTEXT() REPRESENTATION_CONTEXT('2D SPACE',''
  ) );
#1652 = PCURVE('',#1653,#1658);
#1653 = TOROIDAL_SURFACE('',#1654,10.95,0.55);
#1654 = AXIS2_PLACEMENT_3D('',#1655,#1656,#1657);
#1655 = CARTESIAN_POINT('',(12.49999998742,-10.5,0.55));
#1656 = DIRECTION('',(-0.,-0.,-1.));
#1657 = DIRECTION('',(1.,1.544658121218E-16,-0.));
#1658 = DEFINITIONAL_REPRESENTATION('',(#1659),#1663);
#1659 = LINE('',#1660,#1661);
#1660 = CARTESIAN_POINT('',(0.,1.570796326795));
#1661 = VECTOR('',#1662,1.);
#1662 = DIRECTION('',(1.,0.));
#1663 = ( GEOMETRIC_REPRESENTATION_CONTEXT(2) 
PARAMETRIC_REPRESENTATION_CONTEXT() REPRESENTATION_CONTEXT('2D SPACE',''
  ) );
#1664 = ORIENTED_EDGE('',*,*,#1665,.F.);
#1665 = EDGE_CURVE('',#1666,#1633,#1668,.T.);
#1666 = VERTEX_POINT('',#1667);
#1667 = CARTESIAN_POINT('',(23.45,10.499999992113,0.));
#1668 = SURFACE_CURVE('',#1669,(#1673,#1680),.PCURVE_S1.);
#1669 = LINE('',#1670,#1671);
#1670 = CARTESIAN_POINT('',(23.45,10.499999992113,-1.110223024625E-16));
#1671 = VECTOR('',#1672,1.);
#1672 = DIRECTION('',(-0.,-1.,-0.));
#1673 = PCURVE('',#361,#1674);
#1674 = DEFINITIONAL_REPRESENTATION('',(#1675),#1679);
#1675 = LINE('',#1676,#1677);
#1676 = CARTESIAN_POINT('',(23.450000001179,10.499999994525));
#1677 = VECTOR('',#1678,1.);
#1678 = DIRECTION('',(0.,-1.));
#1679 = ( GEOMETRIC_REPRESENTATION_CONTEXT(2) 
PARAMETRIC_REPRESENTATION_CONTEXT() REPRESENTATION_CONTEXT('2D SPACE',''
  ) );
#1680 = PCURVE('',#1681,#1686);
#1681 = CYLINDRICAL_SURFACE('',#1682,0.55);
#1682 = AXIS2_PLACEMENT_3D('',#1683,#1684,#1685);
#1683 = CARTESIAN_POINT('',(23.45,10.499999992113,0.55));
#1684 = DIRECTION('',(-0.,-1.,-0.));
#1685 = DIRECTION('',(1.,-0.,0.));
#1686 = DEFINITIONAL_REPRESENTATION('',(#1687),#1691);
#1687 = LINE('',#1688,#1689);
#1688 = CARTESIAN_POINT('',(-1.570796326795,0.));
#1689 = VECTOR('',#1690,1.);
#1690 = DIRECTION('',(-0.,1.));
#1691 = ( GEOMETRIC_REPRESENTATION_CONTEXT(2) 
PARAMETRIC_REPRESENTATION_CONTEXT() REPRESENTATION_CONTEXT('2D SPACE',''
  ) );
#1692 = ORIENTED_EDGE('',*,*,#1693,.F.);
#1693 = EDGE_CURVE('',#1694,#1666,#1696,.T.);
#1694 = VERTEX_POINT('',#1695);
#1695 = CARTESIAN_POINT('',(15.26796606196,21.09437887338,0.));
#1696 = SURFACE_CURVE('',#1697,(#1702,#1713),.PCURVE_S1.);
#1697 = CIRCLE('',#1698,10.95);
#1698 = AXIS2_PLACEMENT_3D('',#1699,#1700,#1701);
#1699 = CARTESIAN_POINT('',(12.5,10.499999992113,0.));
#1700 = DIRECTION('',(0.,-0.,-1.));
#1701 = DIRECTION('',(0.,1.,-0.));
#1702 = PCURVE('',#361,#1703);
#1703 = DEFINITIONAL_REPRESENTATION('',(#1704),#1712);
#1704 = ( BOUNDED_CURVE() B_SPLINE_CURVE(2,(#1705,#1706,#1707,#1708,
#1709,#1710,#1711),.UNSPECIFIED.,.T.,.F.) B_SPLINE_CURVE_WITH_KNOTS((1,2
    ,2,2,2,1),(-2.094395102393,0.,2.094395102393,4.188790204786,
6.28318530718,8.377580409573),.UNSPECIFIED.) CURVE() 
GEOMETRIC_REPRESENTATION_ITEM() RATIONAL_B_SPLINE_CURVE((1.,0.5,1.,0.5,
1.,0.5,1.)) REPRESENTATION_ITEM('') );
#1705 = CARTESIAN_POINT('',(12.500000001179,21.449999994525));
#1706 = CARTESIAN_POINT('',(31.465956344058,21.449999994525));
#1707 = CARTESIAN_POINT('',(21.982978172618,5.024999994525));
#1708 = CARTESIAN_POINT('',(12.500000001179,-11.40000000547));
#1709 = CARTESIAN_POINT('',(3.017021829739,5.024999994525));
#1710 = CARTESIAN_POINT('',(-6.465956341701,21.449999994525));
#1711 = CARTESIAN_POINT('',(12.500000001179,21.449999994525));
#1712 = ( GEOMETRIC_REPRESENTATION_CONTEXT(2) 
PARAMETRIC_REPRESENTATION_CONTEXT() REPRESENTATION_CONTEXT('2D SPACE',''
  ) );
#1713 = PCURVE('',#1714,#1719);
#1714 = TOROIDAL_SURFACE('',#1715,10.95,0.55);
#1715 = AXIS2_PLACEMENT_3D('',#1716,#1717,#1718);
#1716 = CARTESIAN_POINT('',(12.5,10.499999992113,0.55));
#1717 = DIRECTION('',(-0.,-0.,-1.));
#1718 = DIRECTION('',(0.,1.,-0.));
#1719 = DEFINITIONAL_REPRESENTATION('',(#1720),#1724);
#1720 = LINE('',#1721,#1722);
#1721 = CARTESIAN_POINT('',(0.,1.570796326795));
#1722 = VECTOR('',#1723,1.);
#1723 = DIRECTION('',(1.,0.));
#1724 = ( GEOMETRIC_REPRESENTATION_CONTEXT(2) 
PARAMETRIC_REPRESENTATION_CONTEXT() REPRESENTATION_CONTEXT('2D SPACE',''
  ) );
#1725 = ORIENTED_EDGE('',*,*,#1726,.T.);
#1726 = EDGE_CURVE('',#1694,#1727,#1729,.T.);
#1727 = VERTEX_POINT('',#1728);
#1728 = CARTESIAN_POINT('',(15.799999997991,22.8,0.));
#1729 = SURFACE_CURVE('',#1730,(#1735,#1742),.PCURVE_S1.);
#1730 = CIRCLE('',#1731,3.);
#1731 = AXIS2_PLACEMENT_3D('',#1732,#1733,#1734);
#1732 = CARTESIAN_POINT('',(12.79999998188,22.8,0.));
#1733 = DIRECTION('',(0.,0.,1.));
#1734 = DIRECTION('',(1.,0.,0.));
#1735 = PCURVE('',#361,#1736);
#1736 = DEFINITIONAL_REPRESENTATION('',(#1737),#1741);
#1737 = CIRCLE('',#1738,3.);
#1738 = AXIS2_PLACEMENT_2D('',#1739,#1740);
#1739 = CARTESIAN_POINT('',(12.799999983058,22.800000002412));
#1740 = DIRECTION('',(1.,0.));
#1741 = ( GEOMETRIC_REPRESENTATION_CONTEXT(2) 
PARAMETRIC_REPRESENTATION_CONTEXT() REPRESENTATION_CONTEXT('2D SPACE',''
  ) );
#1742 = PCURVE('',#1743,#1748);
#1743 = CYLINDRICAL_SURFACE('',#1744,3.);
#1744 = AXIS2_PLACEMENT_3D('',#1745,#1746,#1747);
#1745 = CARTESIAN_POINT('',(12.79999998188,22.8,0.));
#1746 = DIRECTION('',(-0.,-0.,-1.));
#1747 = DIRECTION('',(1.,0.,0.));
#1748 = DEFINITIONAL_REPRESENTATION('',(#1749),#1753);
#1749 = LINE('',#1750,#1751);
#1750 = CARTESIAN_POINT('',(-0.,0.));
#1751 = VECTOR('',#1752,1.);
#1752 = DIRECTION('',(-1.,0.));
#1753 = ( GEOMETRIC_REPRESENTATION_CONTEXT(2) 
PARAMETRIC_REPRESENTATION_CONTEXT() REPRESENTATION_CONTEXT('2D SPACE',''
  ) );
#1754 = ORIENTED_EDGE('',*,*,#1755,.T.);
#1755 = EDGE_CURVE('',#1727,#1756,#1758,.T.);
#1756 = VERTEX_POINT('',#1757);
#1757 = CARTESIAN_POINT('',(15.799999997991,28.8,0.));
#1758 = SURFACE_CURVE('',#1759,(#1763,#1770),.PCURVE_S1.);
#1759 = LINE('',#1760,#1761);
#1760 = CARTESIAN_POINT('',(15.800000014102,25.8,0.));
#1761 = VECTOR('',#1762,1.);
#1762 = DIRECTION('',(0.,1.,0.));
#1763 = PCURVE('',#361,#1764);
#1764 = DEFINITIONAL_REPRESENTATION('',(#1765),#1769);
#1765 = LINE('',#1766,#1767);
#1766 = CARTESIAN_POINT('',(15.800000015281,25.800000002412));
#1767 = VECTOR('',#1768,1.);
#1768 = DIRECTION('',(0.,1.));
#1769 = ( GEOMETRIC_REPRESENTATION_CONTEXT(2) 
PARAMETRIC_REPRESENTATION_CONTEXT() REPRESENTATION_CONTEXT('2D SPACE',''
  ) );
#1770 = PCURVE('',#1771,#1776);
#1771 = PLANE('',#1772);
#1772 = AXIS2_PLACEMENT_3D('',#1773,#1774,#1775);
#1773 = CARTESIAN_POINT('',(15.800000014102,22.8,0.));
#1774 = DIRECTION('',(-1.,0.,0.));
#1775 = DIRECTION('',(0.,1.,0.));
#1776 = DEFINITIONAL_REPRESENTATION('',(#1777),#1781);
#1777 = LINE('',#1778,#1779);
#1778 = CARTESIAN_POINT('',(3.,0.));
#1779 = VECTOR('',#1780,1.);
#1780 = DIRECTION('',(1.,0.));
#1781 = ( GEOMETRIC_REPRESENTATION_CONTEXT(2) 
PARAMETRIC_REPRESENTATION_CONTEXT() REPRESENTATION_CONTEXT('2D SPACE',''
  ) );
#1782 = ORIENTED_EDGE('',*,*,#1783,.T.);
#1783 = EDGE_CURVE('',#1756,#1784,#1786,.T.);
#1784 = VERTEX_POINT('',#1785);
#1785 = CARTESIAN_POINT('',(12.79999998188,31.8,0.));
#1786 = SURFACE_CURVE('',#1787,(#1792,#1799),.PCURVE_S1.);
#1787 = CIRCLE('',#1788,3.);
#1788 = AXIS2_PLACEMENT_3D('',#1789,#1790,#1791);
#1789 = CARTESIAN_POINT('',(12.79999998188,28.8,0.));
#1790 = DIRECTION('',(0.,0.,1.));
#1791 = DIRECTION('',(1.,0.,0.));
#1792 = PCURVE('',#361,#1793);
#1793 = DEFINITIONAL_REPRESENTATION('',(#1794),#1798);
#1794 = CIRCLE('',#1795,3.);
#1795 = AXIS2_PLACEMENT_2D('',#1796,#1797);
#1796 = CARTESIAN_POINT('',(12.799999983058,28.800000002412));
#1797 = DIRECTION('',(1.,0.));
#1798 = ( GEOMETRIC_REPRESENTATION_CONTEXT(2) 
PARAMETRIC_REPRESENTATION_CONTEXT() REPRESENTATION_CONTEXT('2D SPACE',''
  ) );
#1799 = PCURVE('',#1800,#1805);
#1800 = CYLINDRICAL_SURFACE('',#1801,3.);
#1801 = AXIS2_PLACEMENT_3D('',#1802,#1803,#1804);
#1802 = CARTESIAN_POINT('',(12.79999998188,28.8,0.));
#1803 = DIRECTION('',(-0.,-0.,-1.));
#1804 = DIRECTION('',(1.,0.,0.));
#1805 = DEFINITIONAL_REPRESENTATION('',(#1806),#1810);
#1806 = LINE('',#1807,#1808);
#1807 = CARTESIAN_POINT('',(-0.,0.));
#1808 = VECTOR('',#1809,1.);
#1809 = DIRECTION('',(-1.,0.));
#1810 = ( GEOMETRIC_REPRESENTATION_CONTEXT(2) 
PARAMETRIC_REPRESENTATION_CONTEXT() REPRESENTATION_CONTEXT('2D SPACE',''
  ) );
#1811 = ORIENTED_EDGE('',*,*,#1812,.F.);
#1812 = EDGE_CURVE('',#1813,#1784,#1815,.T.);
#1813 = VERTEX_POINT('',#1814);
#1814 = CARTESIAN_POINT('',(10.599999985898,31.8,0.));
#1815 = SURFACE_CURVE('',#1816,(#1820,#1827),.PCURVE_S1.);
#1816 = LINE('',#1817,#1818);
#1817 = CARTESIAN_POINT('',(11.700000014102,31.8,0.));
#1818 = VECTOR('',#1819,1.);
#1819 = DIRECTION('',(1.,0.,0.));
#1820 = PCURVE('',#361,#1821);
#1821 = DEFINITIONAL_REPRESENTATION('',(#1822),#1826);
#1822 = LINE('',#1823,#1824);
#1823 = CARTESIAN_POINT('',(11.700000015281,31.800000002412));
#1824 = VECTOR('',#1825,1.);
#1825 = DIRECTION('',(1.,0.));
#1826 = ( GEOMETRIC_REPRESENTATION_CONTEXT(2) 
PARAMETRIC_REPRESENTATION_CONTEXT() REPRESENTATION_CONTEXT('2D SPACE',''
  ) );
#1827 = PCURVE('',#1828,#1833);
#1828 = PLANE('',#1829);
#1829 = AXIS2_PLACEMENT_3D('',#1830,#1831,#1832);
#1830 = CARTESIAN_POINT('',(10.599999985898,31.8,0.));
#1831 = DIRECTION('',(0.,1.,0.));
#1832 = DIRECTION('',(1.,0.,0.));
#1833 = DEFINITIONAL_REPRESENTATION('',(#1834),#1838);
#1834 = LINE('',#1835,#1836);
#1835 = CARTESIAN_POINT('',(1.100000028204,0.));
#1836 = VECTOR('',#1837,1.);
#1837 = DIRECTION('',(1.,0.));
#1838 = ( GEOMETRIC_REPRESENTATION_CONTEXT(2) 
PARAMETRIC_REPRESENTATION_CONTEXT() REPRESENTATION_CONTEXT('2D SPACE',''
  ) );
#1839 = ORIENTED_EDGE('',*,*,#1840,.T.);
#1840 = EDGE_CURVE('',#1813,#1841,#1843,.T.);
#1841 = VERTEX_POINT('',#1842);
#1842 = CARTESIAN_POINT('',(7.6,28.8,0.));
#1843 = SURFACE_CURVE('',#1844,(#1849,#1856),.PCURVE_S1.);
#1844 = CIRCLE('',#1845,3.);
#1845 = AXIS2_PLACEMENT_3D('',#1846,#1847,#1848);
#1846 = CARTESIAN_POINT('',(10.599999985898,28.8,0.));
#1847 = DIRECTION('',(0.,0.,1.));
#1848 = DIRECTION('',(1.,0.,0.));
#1849 = PCURVE('',#361,#1850);
#1850 = DEFINITIONAL_REPRESENTATION('',(#1851),#1855);
#1851 = CIRCLE('',#1852,3.);
#1852 = AXIS2_PLACEMENT_2D('',#1853,#1854);
#1853 = CARTESIAN_POINT('',(10.599999987076,28.800000002412));
#1854 = DIRECTION('',(1.,0.));
#1855 = ( GEOMETRIC_REPRESENTATION_CONTEXT(2) 
PARAMETRIC_REPRESENTATION_CONTEXT() REPRESENTATION_CONTEXT('2D SPACE',''
  ) );
#1856 = PCURVE('',#1857,#1862);
#1857 = CYLINDRICAL_SURFACE('',#1858,3.);
#1858 = AXIS2_PLACEMENT_3D('',#1859,#1860,#1861);
#1859 = CARTESIAN_POINT('',(10.599999985898,28.8,0.));
#1860 = DIRECTION('',(-0.,-0.,-1.));
#1861 = DIRECTION('',(1.,0.,0.));
#1862 = DEFINITIONAL_REPRESENTATION('',(#1863),#1867);
#1863 = LINE('',#1864,#1865);
#1864 = CARTESIAN_POINT('',(-0.,0.));
#1865 = VECTOR('',#1866,1.);
#1866 = DIRECTION('',(-1.,0.));
#1867 = ( GEOMETRIC_REPRESENTATION_CONTEXT(2) 
PARAMETRIC_REPRESENTATION_CONTEXT() REPRESENTATION_CONTEXT('2D SPACE',''
  ) );
#1868 = ORIENTED_EDGE('',*,*,#1869,.F.);
#1869 = EDGE_CURVE('',#1870,#1841,#1872,.T.);
#1870 = VERTEX_POINT('',#1871);
#1871 = CARTESIAN_POINT('',(7.6,22.8,0.));
#1872 = SURFACE_CURVE('',#1873,(#1877,#1884),.PCURVE_S1.);
#1873 = LINE('',#1874,#1875);
#1874 = CARTESIAN_POINT('',(7.600000014102,25.8,0.));
#1875 = VECTOR('',#1876,1.);
#1876 = DIRECTION('',(0.,1.,0.));
#1877 = PCURVE('',#361,#1878);
#1878 = DEFINITIONAL_REPRESENTATION('',(#1879),#1883);
#1879 = LINE('',#1880,#1881);
#1880 = CARTESIAN_POINT('',(7.600000015281,25.800000002412));
#1881 = VECTOR('',#1882,1.);
#1882 = DIRECTION('',(0.,1.));
#1883 = ( GEOMETRIC_REPRESENTATION_CONTEXT(2) 
PARAMETRIC_REPRESENTATION_CONTEXT() REPRESENTATION_CONTEXT('2D SPACE',''
  ) );
#1884 = PCURVE('',#1885,#1890);
#1885 = PLANE('',#1886);
#1886 = AXIS2_PLACEMENT_3D('',#1887,#1888,#1889);
#1887 = CARTESIAN_POINT('',(7.600000014102,22.8,0.));
#1888 = DIRECTION('',(-1.,0.,0.));
#1889 = DIRECTION('',(0.,1.,0.));
#1890 = DEFINITIONAL_REPRESENTATION('',(#1891),#1895);
#1891 = LINE('',#1892,#1893);
#1892 = CARTESIAN_POINT('',(3.,0.));
#1893 = VECTOR('',#1894,1.);
#1894 = DIRECTION('',(1.,0.));
#1895 = ( GEOMETRIC_REPRESENTATION_CONTEXT(2) 
PARAMETRIC_REPRESENTATION_CONTEXT() REPRESENTATION_CONTEXT('2D SPACE',''
  ) );
#1896 = ORIENTED_EDGE('',*,*,#1897,.T.);
#1897 = EDGE_CURVE('',#1870,#1898,#1900,.T.);
#1898 = VERTEX_POINT('',#1899);
#1899 = CARTESIAN_POINT('',(7.920914320974,21.45,-5.551115123126E-17));
#1900 = SURFACE_CURVE('',#1901,(#1906,#1913),.PCURVE_S1.);
#1901 = CIRCLE('',#1902,3.);
#1902 = AXIS2_PLACEMENT_3D('',#1903,#1904,#1905);
#1903 = CARTESIAN_POINT('',(10.599999985898,22.8,0.));
#1904 = DIRECTION('',(0.,0.,1.));
#1905 = DIRECTION('',(1.,0.,0.));
#1906 = PCURVE('',#361,#1907);
#1907 = DEFINITIONAL_REPRESENTATION('',(#1908),#1912);
#1908 = CIRCLE('',#1909,3.);
#1909 = AXIS2_PLACEMENT_2D('',#1910,#1911);
#1910 = CARTESIAN_POINT('',(10.599999987076,22.800000002412));
#1911 = DIRECTION('',(1.,0.));
#1912 = ( GEOMETRIC_REPRESENTATION_CONTEXT(2) 
PARAMETRIC_REPRESENTATION_CONTEXT() REPRESENTATION_CONTEXT('2D SPACE',''
  ) );
#1913 = PCURVE('',#1914,#1919);
#1914 = CYLINDRICAL_SURFACE('',#1915,3.);
#1915 = AXIS2_PLACEMENT_3D('',#1916,#1917,#1918);
#1916 = CARTESIAN_POINT('',(10.599999985898,22.8,0.));
#1917 = DIRECTION('',(-0.,-0.,-1.));
#1918 = DIRECTION('',(1.,0.,0.));
#1919 = DEFINITIONAL_REPRESENTATION('',(#1920),#1924);
#1920 = LINE('',#1921,#1922);
#1921 = CARTESIAN_POINT('',(-0.,0.));
#1922 = VECTOR('',#1923,1.);
#1923 = DIRECTION('',(-1.,0.));
#1924 = ( GEOMETRIC_REPRESENTATION_CONTEXT(2) 
PARAMETRIC_REPRESENTATION_CONTEXT() REPRESENTATION_CONTEXT('2D SPACE',''
  ) );
#1925 = ORIENTED_EDGE('',*,*,#1926,.F.);
#1926 = EDGE_CURVE('',#1927,#1898,#1929,.T.);
#1927 = VERTEX_POINT('',#1928);
#1928 = CARTESIAN_POINT('',(-7.920914353197,21.45,-5.551115123126E-17));
#1929 = SURFACE_CURVE('',#1930,(#1934,#1941),.PCURVE_S1.);
#1930 = LINE('',#1931,#1932);
#1931 = CARTESIAN_POINT('',(-12.5,21.45,-1.110223024625E-16));
#1932 = VECTOR('',#1933,1.);
#1933 = DIRECTION('',(1.,0.,0.));
#1934 = PCURVE('',#361,#1935);
#1935 = DEFINITIONAL_REPRESENTATION('',(#1936),#1940);
#1936 = LINE('',#1937,#1938);
#1937 = CARTESIAN_POINT('',(-12.49999999882,21.450000002412));
#1938 = VECTOR('',#1939,1.);
#1939 = DIRECTION('',(1.,0.));
#1940 = ( GEOMETRIC_REPRESENTATION_CONTEXT(2) 
PARAMETRIC_REPRESENTATION_CONTEXT() REPRESENTATION_CONTEXT('2D SPACE',''
  ) );
#1941 = PCURVE('',#1942,#1947);
#1942 = CYLINDRICAL_SURFACE('',#1943,0.55);
#1943 = AXIS2_PLACEMENT_3D('',#1944,#1945,#1946);
#1944 = CARTESIAN_POINT('',(-12.5,21.45,0.55));
#1945 = DIRECTION('',(1.,0.,0.));
#1946 = DIRECTION('',(-0.,1.,0.));
#1947 = DEFINITIONAL_REPRESENTATION('',(#1948),#1952);
#1948 = LINE('',#1949,#1950);
#1949 = CARTESIAN_POINT('',(-1.570796326795,0.));
#1950 = VECTOR('',#1951,1.);
#1951 = DIRECTION('',(-0.,1.));
#1952 = ( GEOMETRIC_REPRESENTATION_CONTEXT(2) 
PARAMETRIC_REPRESENTATION_CONTEXT() REPRESENTATION_CONTEXT('2D SPACE',''
  ) );
#1953 = ORIENTED_EDGE('',*,*,#1954,.T.);
#1954 = EDGE_CURVE('',#1927,#1955,#1957,.T.);
#1955 = VERTEX_POINT('',#1956);
#1956 = CARTESIAN_POINT('',(-7.600000002009,22.8,0.));
#1957 = SURFACE_CURVE('',#1958,(#1963,#1970),.PCURVE_S1.);
#1958 = CIRCLE('',#1959,3.);
#1959 = AXIS2_PLACEMENT_3D('',#1960,#1961,#1962);
#1960 = CARTESIAN_POINT('',(-10.60000001812,22.8,0.));
#1961 = DIRECTION('',(0.,0.,1.));
#1962 = DIRECTION('',(1.,0.,0.));
#1963 = PCURVE('',#361,#1964);
#1964 = DEFINITIONAL_REPRESENTATION('',(#1965),#1969);
#1965 = CIRCLE('',#1966,3.);
#1966 = AXIS2_PLACEMENT_2D('',#1967,#1968);
#1967 = CARTESIAN_POINT('',(-10.60000001694,22.800000002412));
#1968 = DIRECTION('',(1.,0.));
#1969 = ( GEOMETRIC_REPRESENTATION_CONTEXT(2) 
PARAMETRIC_REPRESENTATION_CONTEXT() REPRESENTATION_CONTEXT('2D SPACE',''
  ) );
#1970 = PCURVE('',#1971,#1976);
#1971 = CYLINDRICAL_SURFACE('',#1972,3.);
#1972 = AXIS2_PLACEMENT_3D('',#1973,#1974,#1975);
#1973 = CARTESIAN_POINT('',(-10.60000001812,22.8,0.));
#1974 = DIRECTION('',(-0.,-0.,-1.));
#1975 = DIRECTION('',(1.,0.,0.));
#1976 = DEFINITIONAL_REPRESENTATION('',(#1977),#1981);
#1977 = LINE('',#1978,#1979);
#1978 = CARTESIAN_POINT('',(-0.,0.));
#1979 = VECTOR('',#1980,1.);
#1980 = DIRECTION('',(-1.,0.));
#1981 = ( GEOMETRIC_REPRESENTATION_CONTEXT(2) 
PARAMETRIC_REPRESENTATION_CONTEXT() REPRESENTATION_CONTEXT('2D SPACE',''
  ) );
#1982 = ORIENTED_EDGE('',*,*,#1983,.T.);
#1983 = EDGE_CURVE('',#1955,#1984,#1986,.T.);
#1984 = VERTEX_POINT('',#1985);
#1985 = CARTESIAN_POINT('',(-7.600000002009,28.8,0.));
#1986 = SURFACE_CURVE('',#1987,(#1991,#1998),.PCURVE_S1.);
#1987 = LINE('',#1988,#1989);
#1988 = CARTESIAN_POINT('',(-7.599999985898,25.8,0.));
#1989 = VECTOR('',#1990,1.);
#1990 = DIRECTION('',(0.,1.,0.));
#1991 = PCURVE('',#361,#1992);
#1992 = DEFINITIONAL_REPRESENTATION('',(#1993),#1997);
#1993 = LINE('',#1994,#1995);
#1994 = CARTESIAN_POINT('',(-7.599999984719,25.800000002412));
#1995 = VECTOR('',#1996,1.);
#1996 = DIRECTION('',(0.,1.));
#1997 = ( GEOMETRIC_REPRESENTATION_CONTEXT(2) 
PARAMETRIC_REPRESENTATION_CONTEXT() REPRESENTATION_CONTEXT('2D SPACE',''
  ) );
#1998 = PCURVE('',#1999,#2004);
#1999 = PLANE('',#2000);
#2000 = AXIS2_PLACEMENT_3D('',#2001,#2002,#2003);
#2001 = CARTESIAN_POINT('',(-7.599999985898,22.8,0.));
#2002 = DIRECTION('',(-1.,0.,0.));
#2003 = DIRECTION('',(0.,1.,0.));
#2004 = DEFINITIONAL_REPRESENTATION('',(#2005),#2009);
#2005 = LINE('',#2006,#2007);
#2006 = CARTESIAN_POINT('',(3.,0.));
#2007 = VECTOR('',#2008,1.);
#2008 = DIRECTION('',(1.,0.));
#2009 = ( GEOMETRIC_REPRESENTATION_CONTEXT(2) 
PARAMETRIC_REPRESENTATION_CONTEXT() REPRESENTATION_CONTEXT('2D SPACE',''
  ) );
#2010 = ORIENTED_EDGE('',*,*,#2011,.T.);
#2011 = EDGE_CURVE('',#1984,#2012,#2014,.T.);
#2012 = VERTEX_POINT('',#2013);
#2013 = CARTESIAN_POINT('',(-10.60000001812,31.8,0.));
#2014 = SURFACE_CURVE('',#2015,(#2020,#2027),.PCURVE_S1.);
#2015 = CIRCLE('',#2016,3.);
#2016 = AXIS2_PLACEMENT_3D('',#2017,#2018,#2019);
#2017 = CARTESIAN_POINT('',(-10.60000001812,28.8,0.));
#2018 = DIRECTION('',(0.,0.,1.));
#2019 = DIRECTION('',(1.,0.,0.));
#2020 = PCURVE('',#361,#2021);
#2021 = DEFINITIONAL_REPRESENTATION('',(#2022),#2026);
#2022 = CIRCLE('',#2023,3.);
#2023 = AXIS2_PLACEMENT_2D('',#2024,#2025);
#2024 = CARTESIAN_POINT('',(-10.60000001694,28.800000002412));
#2025 = DIRECTION('',(1.,0.));
#2026 = ( GEOMETRIC_REPRESENTATION_CONTEXT(2) 
PARAMETRIC_REPRESENTATION_CONTEXT() REPRESENTATION_CONTEXT('2D SPACE',''
  ) );
#2027 = PCURVE('',#2028,#2033);
#2028 = CYLINDRICAL_SURFACE('',#2029,3.);
#2029 = AXIS2_PLACEMENT_3D('',#2030,#2031,#2032);
#2030 = CARTESIAN_POINT('',(-10.60000001812,28.8,0.));
#2031 = DIRECTION('',(-0.,-0.,-1.));
#2032 = DIRECTION('',(1.,0.,0.));
#2033 = DEFINITIONAL_REPRESENTATION('',(#2034),#2038);
#2034 = LINE('',#2035,#2036);
#2035 = CARTESIAN_POINT('',(-0.,0.));
#2036 = VECTOR('',#2037,1.);
#2037 = DIRECTION('',(-1.,0.));
#2038 = ( GEOMETRIC_REPRESENTATION_CONTEXT(2) 
PARAMETRIC_REPRESENTATION_CONTEXT() REPRESENTATION_CONTEXT('2D SPACE',''
  ) );
#2039 = ORIENTED_EDGE('',*,*,#2040,.F.);
#2040 = EDGE_CURVE('',#2041,#2012,#2043,.T.);
#2041 = VERTEX_POINT('',#2042);
#2042 = CARTESIAN_POINT('',(-12.8000000141,31.8,0.));
#2043 = SURFACE_CURVE('',#2044,(#2048,#2055),.PCURVE_S1.);
#2044 = LINE('',#2045,#2046);
#2045 = CARTESIAN_POINT('',(-11.69999998589,31.8,0.));
#2046 = VECTOR('',#2047,1.);
#2047 = DIRECTION('',(1.,0.,0.));
#2048 = PCURVE('',#361,#2049);
#2049 = DEFINITIONAL_REPRESENTATION('',(#2050),#2054);
#2050 = LINE('',#2051,#2052);
#2051 = CARTESIAN_POINT('',(-11.69999998471,31.800000002412));
#2052 = VECTOR('',#2053,1.);
#2053 = DIRECTION('',(1.,0.));
#2054 = ( GEOMETRIC_REPRESENTATION_CONTEXT(2) 
PARAMETRIC_REPRESENTATION_CONTEXT() REPRESENTATION_CONTEXT('2D SPACE',''
  ) );
#2055 = PCURVE('',#2056,#2061);
#2056 = PLANE('',#2057);
#2057 = AXIS2_PLACEMENT_3D('',#2058,#2059,#2060);
#2058 = CARTESIAN_POINT('',(-12.8000000141,31.8,0.));
#2059 = DIRECTION('',(0.,1.,0.));
#2060 = DIRECTION('',(1.,0.,0.));
#2061 = DEFINITIONAL_REPRESENTATION('',(#2062),#2066);
#2062 = LINE('',#2063,#2064);
#2063 = CARTESIAN_POINT('',(1.100000028204,0.));
#2064 = VECTOR('',#2065,1.);
#2065 = DIRECTION('',(1.,0.));
#2066 = ( GEOMETRIC_REPRESENTATION_CONTEXT(2) 
PARAMETRIC_REPRESENTATION_CONTEXT() REPRESENTATION_CONTEXT('2D SPACE',''
  ) );
#2067 = ORIENTED_EDGE('',*,*,#2068,.T.);
#2068 = EDGE_CURVE('',#2041,#2069,#2071,.T.);
#2069 = VERTEX_POINT('',#2070);
#2070 = CARTESIAN_POINT('',(-15.8,28.8,0.));
#2071 = SURFACE_CURVE('',#2072,(#2077,#2084),.PCURVE_S1.);
#2072 = CIRCLE('',#2073,3.);
#2073 = AXIS2_PLACEMENT_3D('',#2074,#2075,#2076);
#2074 = CARTESIAN_POINT('',(-12.8000000141,28.8,0.));
#2075 = DIRECTION('',(0.,0.,1.));
#2076 = DIRECTION('',(1.,0.,0.));
#2077 = PCURVE('',#361,#2078);
#2078 = DEFINITIONAL_REPRESENTATION('',(#2079),#2083);
#2079 = CIRCLE('',#2080,3.);
#2080 = AXIS2_PLACEMENT_2D('',#2081,#2082);
#2081 = CARTESIAN_POINT('',(-12.80000001292,28.800000002412));
#2082 = DIRECTION('',(1.,0.));
#2083 = ( GEOMETRIC_REPRESENTATION_CONTEXT(2) 
PARAMETRIC_REPRESENTATION_CONTEXT() REPRESENTATION_CONTEXT('2D SPACE',''
  ) );
#2084 = PCURVE('',#2085,#2090);
#2085 = CYLINDRICAL_SURFACE('',#2086,3.);
#2086 = AXIS2_PLACEMENT_3D('',#2087,#2088,#2089);
#2087 = CARTESIAN_POINT('',(-12.8000000141,28.8,0.));
#2088 = DIRECTION('',(-0.,-0.,-1.));
#2089 = DIRECTION('',(1.,0.,0.));
#2090 = DEFINITIONAL_REPRESENTATION('',(#2091),#2095);
#2091 = LINE('',#2092,#2093);
#2092 = CARTESIAN_POINT('',(-0.,0.));
#2093 = VECTOR('',#2094,1.);
#2094 = DIRECTION('',(-1.,0.));
#2095 = ( GEOMETRIC_REPRESENTATION_CONTEXT(2) 
PARAMETRIC_REPRESENTATION_CONTEXT() REPRESENTATION_CONTEXT('2D SPACE',''
  ) );
#2096 = ORIENTED_EDGE('',*,*,#2097,.F.);
#2097 = EDGE_CURVE('',#2098,#2069,#2100,.T.);
#2098 = VERTEX_POINT('',#2099);
#2099 = CARTESIAN_POINT('',(-15.8,22.8,0.));
#2100 = SURFACE_CURVE('',#2101,(#2105,#2112),.PCURVE_S1.);
#2101 = LINE('',#2102,#2103);
#2102 = CARTESIAN_POINT('',(-15.79999998589,25.8,0.));
#2103 = VECTOR('',#2104,1.);
#2104 = DIRECTION('',(0.,1.,0.));
#2105 = PCURVE('',#361,#2106);
#2106 = DEFINITIONAL_REPRESENTATION('',(#2107),#2111);
#2107 = LINE('',#2108,#2109);
#2108 = CARTESIAN_POINT('',(-15.79999998471,25.800000002412));
#2109 = VECTOR('',#2110,1.);
#2110 = DIRECTION('',(0.,1.));
#2111 = ( GEOMETRIC_REPRESENTATION_CONTEXT(2) 
PARAMETRIC_REPRESENTATION_CONTEXT() REPRESENTATION_CONTEXT('2D SPACE',''
  ) );
#2112 = PCURVE('',#2113,#2118);
#2113 = PLANE('',#2114);
#2114 = AXIS2_PLACEMENT_3D('',#2115,#2116,#2117);
#2115 = CARTESIAN_POINT('',(-15.79999998589,22.8,0.));
#2116 = DIRECTION('',(-1.,0.,0.));
#2117 = DIRECTION('',(0.,1.,0.));
#2118 = DEFINITIONAL_REPRESENTATION('',(#2119),#2123);
#2119 = LINE('',#2120,#2121);
#2120 = CARTESIAN_POINT('',(3.,0.));
#2121 = VECTOR('',#2122,1.);
#2122 = DIRECTION('',(1.,0.));
#2123 = ( GEOMETRIC_REPRESENTATION_CONTEXT(2) 
PARAMETRIC_REPRESENTATION_CONTEXT() REPRESENTATION_CONTEXT('2D SPACE',''
  ) );
#2124 = ORIENTED_EDGE('',*,*,#2125,.T.);
#2125 = EDGE_CURVE('',#2098,#2126,#2128,.T.);
#2126 = VERTEX_POINT('',#2127);
#2127 = CARTESIAN_POINT('',(-15.26796608463,21.094378859568,0.));
#2128 = SURFACE_CURVE('',#2129,(#2134,#2141),.PCURVE_S1.);
#2129 = CIRCLE('',#2130,3.);
#2130 = AXIS2_PLACEMENT_3D('',#2131,#2132,#2133);
#2131 = CARTESIAN_POINT('',(-12.8000000141,22.8,0.));
#2132 = DIRECTION('',(0.,0.,1.));
#2133 = DIRECTION('',(1.,0.,0.));
#2134 = PCURVE('',#361,#2135);
#2135 = DEFINITIONAL_REPRESENTATION('',(#2136),#2140);
#2136 = CIRCLE('',#2137,3.);
#2137 = AXIS2_PLACEMENT_2D('',#2138,#2139);
#2138 = CARTESIAN_POINT('',(-12.80000001292,22.800000002412));
#2139 = DIRECTION('',(1.,0.));
#2140 = ( GEOMETRIC_REPRESENTATION_CONTEXT(2) 
PARAMETRIC_REPRESENTATION_CONTEXT() REPRESENTATION_CONTEXT('2D SPACE',''
  ) );
#2141 = PCURVE('',#604,#2142);
#2142 = DEFINITIONAL_REPRESENTATION('',(#2143),#2147);
#2143 = LINE('',#2144,#2145);
#2144 = CARTESIAN_POINT('',(-0.,0.));
#2145 = VECTOR('',#2146,1.);
#2146 = DIRECTION('',(-1.,0.));
#2147 = ( GEOMETRIC_REPRESENTATION_CONTEXT(2) 
PARAMETRIC_REPRESENTATION_CONTEXT() REPRESENTATION_CONTEXT('2D SPACE',''
  ) );
#2148 = ORIENTED_EDGE('',*,*,#2149,.F.);
#2149 = EDGE_CURVE('',#346,#2126,#2150,.T.);
#2150 = SURFACE_CURVE('',#2151,(#2156,#2167),.PCURVE_S1.);
#2151 = CIRCLE('',#2152,10.95);
#2152 = AXIS2_PLACEMENT_3D('',#2153,#2154,#2155);
#2153 = CARTESIAN_POINT('',(-12.5,10.499999984226,0.));
#2154 = DIRECTION('',(-0.,0.,-1.));
#2155 = DIRECTION('',(-1.,0.,0.));
#2156 = PCURVE('',#361,#2157);
#2157 = DEFINITIONAL_REPRESENTATION('',(#2158),#2166);
#2158 = ( BOUNDED_CURVE() B_SPLINE_CURVE(2,(#2159,#2160,#2161,#2162,
#2163,#2164,#2165),.UNSPECIFIED.,.T.,.F.) B_SPLINE_CURVE_WITH_KNOTS((1,2
    ,2,2,2,1),(-2.094395102393,0.,2.094395102393,4.188790204786,
6.28318530718,8.377580409573),.UNSPECIFIED.) CURVE() 
GEOMETRIC_REPRESENTATION_ITEM() RATIONAL_B_SPLINE_CURVE((1.,0.5,1.,0.5,
1.,0.5,1.)) REPRESENTATION_ITEM('') );
#2159 = CARTESIAN_POINT('',(-23.44999999882,10.499999986638));
#2160 = CARTESIAN_POINT('',(-23.44999999882,29.465956329517));
#2161 = CARTESIAN_POINT('',(-7.024999998821,19.982978158078));
#2162 = CARTESIAN_POINT('',(9.400000001179,10.499999986638));
#2163 = CARTESIAN_POINT('',(-7.024999998821,1.017021815198));
#2164 = CARTESIAN_POINT('',(-23.44999999882,-8.465956356241));
#2165 = CARTESIAN_POINT('',(-23.44999999882,10.499999986638));
#2166 = ( GEOMETRIC_REPRESENTATION_CONTEXT(2) 
PARAMETRIC_REPRESENTATION_CONTEXT() REPRESENTATION_CONTEXT('2D SPACE',''
  ) );
#2167 = PCURVE('',#387,#2168);
#2168 = DEFINITIONAL_REPRESENTATION('',(#2169),#2173);
#2169 = LINE('',#2170,#2171);
#2170 = CARTESIAN_POINT('',(0.,1.570796326795));
#2171 = VECTOR('',#2172,1.);
#2172 = DIRECTION('',(1.,0.));
#2173 = ( GEOMETRIC_REPRESENTATION_CONTEXT(2) 
PARAMETRIC_REPRESENTATION_CONTEXT() REPRESENTATION_CONTEXT('2D SPACE',''
  ) );
#2174 = FACE_BOUND('',#2175,.F.);
#2175 = EDGE_LOOP('',(#2176,#2205,#2238,#2265,#2298,#2325,#2358,#2385));
#2176 = ORIENTED_EDGE('',*,*,#2177,.F.);
#2177 = EDGE_CURVE('',#2178,#2180,#2182,.T.);
#2178 = VERTEX_POINT('',#2179);
#2179 = CARTESIAN_POINT('',(-6.5,2.499999971593,0.));
#2180 = VERTEX_POINT('',#2181);
#2181 = CARTESIAN_POINT('',(-6.5,-2.500000038121,0.));
#2182 = SURFACE_CURVE('',#2183,(#2187,#2194),.PCURVE_S1.);
#2183 = LINE('',#2184,#2185);
#2184 = CARTESIAN_POINT('',(-6.5,-1.250000020267,0.));
#2185 = VECTOR('',#2186,1.);
#2186 = DIRECTION('',(0.,-1.,0.));
#2187 = PCURVE('',#361,#2188);
#2188 = DEFINITIONAL_REPRESENTATION('',(#2189),#2193);
#2189 = LINE('',#2190,#2191);
#2190 = CARTESIAN_POINT('',(-6.499999998821,-1.250000017854));
#2191 = VECTOR('',#2192,1.);
#2192 = DIRECTION('',(0.,-1.));
#2193 = ( GEOMETRIC_REPRESENTATION_CONTEXT(2) 
PARAMETRIC_REPRESENTATION_CONTEXT() REPRESENTATION_CONTEXT('2D SPACE',''
  ) );
#2194 = PCURVE('',#2195,#2200);
#2195 = PLANE('',#2196);
#2196 = AXIS2_PLACEMENT_3D('',#2197,#2198,#2199);
#2197 = CARTESIAN_POINT('',(-6.5,-2.500000038121,-2.E-02));
#2198 = DIRECTION('',(-1.,0.,0.));
#2199 = DIRECTION('',(0.,1.,0.));
#2200 = DEFINITIONAL_REPRESENTATION('',(#2201),#2204);
#2201 = B_SPLINE_CURVE_WITH_KNOTS('',1,(#2202,#2203),.UNSPECIFIED.,.F.,
  .F.,(2,2),(-3.74999999186,1.250000017854),.PIECEWISE_BEZIER_KNOTS.);
#2202 = CARTESIAN_POINT('',(5.000000009714,-2.E-02));
#2203 = CARTESIAN_POINT('',(-4.440892098501E-16,-2.E-02));
#2204 = ( GEOMETRIC_REPRESENTATION_CONTEXT(2) 
PARAMETRIC_REPRESENTATION_CONTEXT() REPRESENTATION_CONTEXT('2D SPACE',''
  ) );
#2205 = ORIENTED_EDGE('',*,*,#2206,.T.);
#2206 = EDGE_CURVE('',#2178,#2207,#2209,.T.);
#2207 = VERTEX_POINT('',#2208);
#2208 = CARTESIAN_POINT('',(-2.5,6.500000004857,0.));
#2209 = SURFACE_CURVE('',#2210,(#2215,#2226),.PCURVE_S1.);
#2210 = CIRCLE('',#2211,4.);
#2211 = AXIS2_PLACEMENT_3D('',#2212,#2213,#2214);
#2212 = CARTESIAN_POINT('',(-2.5,2.499999971593,0.));
#2213 = DIRECTION('',(0.,0.,-1.));
#2214 = DIRECTION('',(-1.,0.,0.));
#2215 = PCURVE('',#361,#2216);
#2216 = DEFINITIONAL_REPRESENTATION('',(#2217),#2225);
#2217 = ( BOUNDED_CURVE() B_SPLINE_CURVE(2,(#2218,#2219,#2220,#2221,
#2222,#2223,#2224),.UNSPECIFIED.,.T.,.F.) B_SPLINE_CURVE_WITH_KNOTS((1,2
    ,2,2,2,1),(-2.094395102393,0.,2.094395102393,4.188790204786,
6.28318530718,8.377580409573),.UNSPECIFIED.) CURVE() 
GEOMETRIC_REPRESENTATION_ITEM() RATIONAL_B_SPLINE_CURVE((1.,0.5,1.,0.5,
1.,0.5,1.)) REPRESENTATION_ITEM('') );
#2218 = CARTESIAN_POINT('',(-6.499999998821,2.499999974006));
#2219 = CARTESIAN_POINT('',(-6.499999998821,9.428203204281));
#2220 = CARTESIAN_POINT('',(-0.499999998821,5.964101589143));
#2221 = CARTESIAN_POINT('',(5.500000001179,2.499999974006));
#2222 = CARTESIAN_POINT('',(-0.499999998821,-0.964101641132));
#2223 = CARTESIAN_POINT('',(-6.499999998821,-4.42820325627));
#2224 = CARTESIAN_POINT('',(-6.499999998821,2.499999974006));
#2225 = ( GEOMETRIC_REPRESENTATION_CONTEXT(2) 
PARAMETRIC_REPRESENTATION_CONTEXT() REPRESENTATION_CONTEXT('2D SPACE',''
  ) );
#2226 = PCURVE('',#2227,#2232);
#2227 = CYLINDRICAL_SURFACE('',#2228,4.);
#2228 = AXIS2_PLACEMENT_3D('',#2229,#2230,#2231);
#2229 = CARTESIAN_POINT('',(-2.5,2.499999971593,-2.E-02));
#2230 = DIRECTION('',(0.,0.,-1.));
#2231 = DIRECTION('',(-1.,0.,0.));
#2232 = DEFINITIONAL_REPRESENTATION('',(#2233),#2237);
#2233 = LINE('',#2234,#2235);
#2234 = CARTESIAN_POINT('',(0.,-2.E-02));
#2235 = VECTOR('',#2236,1.);
#2236 = DIRECTION('',(1.,0.));
#2237 = ( GEOMETRIC_REPRESENTATION_CONTEXT(2) 
PARAMETRIC_REPRESENTATION_CONTEXT() REPRESENTATION_CONTEXT('2D SPACE',''
  ) );
#2238 = ORIENTED_EDGE('',*,*,#2239,.F.);
#2239 = EDGE_CURVE('',#2240,#2207,#2242,.T.);
#2240 = VERTEX_POINT('',#2241);
#2241 = CARTESIAN_POINT('',(2.5,6.50000003679,0.));
#2242 = SURFACE_CURVE('',#2243,(#2247,#2254),.PCURVE_S1.);
#2243 = LINE('',#2244,#2245);
#2244 = CARTESIAN_POINT('',(-1.250000000589,6.500000038121,0.));
#2245 = VECTOR('',#2246,1.);
#2246 = DIRECTION('',(-1.,0.,0.));
#2247 = PCURVE('',#361,#2248);
#2248 = DEFINITIONAL_REPRESENTATION('',(#2249),#2253);
#2249 = LINE('',#2250,#2251);
#2250 = CARTESIAN_POINT('',(-1.249999999411,6.500000040533));
#2251 = VECTOR('',#2252,1.);
#2252 = DIRECTION('',(-1.,0.));
#2253 = ( GEOMETRIC_REPRESENTATION_CONTEXT(2) 
PARAMETRIC_REPRESENTATION_CONTEXT() REPRESENTATION_CONTEXT('2D SPACE',''
  ) );
#2254 = PCURVE('',#2255,#2260);
#2255 = PLANE('',#2256);
#2256 = AXIS2_PLACEMENT_3D('',#2257,#2258,#2259);
#2257 = CARTESIAN_POINT('',(-2.5,6.500000038121,-2.E-02));
#2258 = DIRECTION('',(0.,1.,0.));
#2259 = DIRECTION('',(1.,0.,0.));
#2260 = DEFINITIONAL_REPRESENTATION('',(#2261),#2264);
#2261 = B_SPLINE_CURVE_WITH_KNOTS('',1,(#2262,#2263),.UNSPECIFIED.,.F.,
  .F.,(2,2),(-3.750000000589,1.249999999411),.PIECEWISE_BEZIER_KNOTS.);
#2262 = CARTESIAN_POINT('',(5.,-2.E-02));
#2263 = CARTESIAN_POINT('',(0.,-2.E-02));
#2264 = ( GEOMETRIC_REPRESENTATION_CONTEXT(2) 
PARAMETRIC_REPRESENTATION_CONTEXT() REPRESENTATION_CONTEXT('2D SPACE',''
  ) );
#2265 = ORIENTED_EDGE('',*,*,#2266,.T.);
#2266 = EDGE_CURVE('',#2240,#2267,#2269,.T.);
#2267 = VERTEX_POINT('',#2268);
#2268 = CARTESIAN_POINT('',(6.5,2.50000003546,0.));
#2269 = SURFACE_CURVE('',#2270,(#2275,#2286),.PCURVE_S1.);
#2270 = CIRCLE('',#2271,4.);
#2271 = AXIS2_PLACEMENT_3D('',#2272,#2273,#2274);
#2272 = CARTESIAN_POINT('',(2.5,2.50000003546,0.));
#2273 = DIRECTION('',(0.,0.,-1.));
#2274 = DIRECTION('',(-1.,0.,0.));
#2275 = PCURVE('',#361,#2276);
#2276 = DEFINITIONAL_REPRESENTATION('',(#2277),#2285);
#2277 = ( BOUNDED_CURVE() B_SPLINE_CURVE(2,(#2278,#2279,#2280,#2281,
#2282,#2283,#2284),.UNSPECIFIED.,.T.,.F.) B_SPLINE_CURVE_WITH_KNOTS((1,2
    ,2,2,2,1),(-2.094395102393,0.,2.094395102393,4.188790204786,
6.28318530718,8.377580409573),.UNSPECIFIED.) CURVE() 
GEOMETRIC_REPRESENTATION_ITEM() RATIONAL_B_SPLINE_CURVE((1.,0.5,1.,0.5,
1.,0.5,1.)) REPRESENTATION_ITEM('') );
#2278 = CARTESIAN_POINT('',(-1.499999998821,2.500000037872));
#2279 = CARTESIAN_POINT('',(-1.499999998821,9.428203268147));
#2280 = CARTESIAN_POINT('',(4.500000001179,5.96410165301));
#2281 = CARTESIAN_POINT('',(10.500000001179,2.500000037872));
#2282 = CARTESIAN_POINT('',(4.500000001179,-0.964101577266));
#2283 = CARTESIAN_POINT('',(-1.499999998821,-4.428203192404));
#2284 = CARTESIAN_POINT('',(-1.499999998821,2.500000037872));
#2285 = ( GEOMETRIC_REPRESENTATION_CONTEXT(2) 
PARAMETRIC_REPRESENTATION_CONTEXT() REPRESENTATION_CONTEXT('2D SPACE',''
  ) );
#2286 = PCURVE('',#2287,#2292);
#2287 = CYLINDRICAL_SURFACE('',#2288,4.);
#2288 = AXIS2_PLACEMENT_3D('',#2289,#2290,#2291);
#2289 = CARTESIAN_POINT('',(2.5,2.50000003546,-2.E-02));
#2290 = DIRECTION('',(0.,0.,-1.));
#2291 = DIRECTION('',(-1.,0.,0.));
#2292 = DEFINITIONAL_REPRESENTATION('',(#2293),#2297);
#2293 = LINE('',#2294,#2295);
#2294 = CARTESIAN_POINT('',(0.,-2.E-02));
#2295 = VECTOR('',#2296,1.);
#2296 = DIRECTION('',(1.,0.));
#2297 = ( GEOMETRIC_REPRESENTATION_CONTEXT(2) 
PARAMETRIC_REPRESENTATION_CONTEXT() REPRESENTATION_CONTEXT('2D SPACE',''
  ) );
#2298 = ORIENTED_EDGE('',*,*,#2299,.T.);
#2299 = EDGE_CURVE('',#2267,#2300,#2302,.T.);
#2300 = VERTEX_POINT('',#2301);
#2301 = CARTESIAN_POINT('',(6.499999998669,-2.499999961879,0.));
#2302 = SURFACE_CURVE('',#2303,(#2307,#2314),.PCURVE_S1.);
#2303 = LINE('',#2304,#2305);
#2304 = CARTESIAN_POINT('',(6.5,-1.249999982146,0.));
#2305 = VECTOR('',#2306,1.);
#2306 = DIRECTION('',(0.,-1.,0.));
#2307 = PCURVE('',#361,#2308);
#2308 = DEFINITIONAL_REPRESENTATION('',(#2309),#2313);
#2309 = LINE('',#2310,#2311);
#2310 = CARTESIAN_POINT('',(6.500000001179,-1.249999979733));
#2311 = VECTOR('',#2312,1.);
#2312 = DIRECTION('',(0.,-1.));
#2313 = ( GEOMETRIC_REPRESENTATION_CONTEXT(2) 
PARAMETRIC_REPRESENTATION_CONTEXT() REPRESENTATION_CONTEXT('2D SPACE',''
  ) );
#2314 = PCURVE('',#2315,#2320);
#2315 = PLANE('',#2316);
#2316 = AXIS2_PLACEMENT_3D('',#2317,#2318,#2319);
#2317 = CARTESIAN_POINT('',(6.5,-2.499999961879,-2.E-02));
#2318 = DIRECTION('',(-1.,0.,0.));
#2319 = DIRECTION('',(0.,1.,0.));
#2320 = DEFINITIONAL_REPRESENTATION('',(#2321),#2324);
#2321 = B_SPLINE_CURVE_WITH_KNOTS('',1,(#2322,#2323),.UNSPECIFIED.,.F.,
  .F.,(2,2),(-3.750000017605,1.249999979733),.PIECEWISE_BEZIER_KNOTS.);
#2322 = CARTESIAN_POINT('',(4.999999997339,-2.E-02));
#2323 = CARTESIAN_POINT('',(0.,-2.E-02));
#2324 = ( GEOMETRIC_REPRESENTATION_CONTEXT(2) 
PARAMETRIC_REPRESENTATION_CONTEXT() REPRESENTATION_CONTEXT('2D SPACE',''
  ) );
#2325 = ORIENTED_EDGE('',*,*,#2326,.T.);
#2326 = EDGE_CURVE('',#2300,#2327,#2329,.T.);
#2327 = VERTEX_POINT('',#2328);
#2328 = CARTESIAN_POINT('',(2.499999997339,-6.499999961879,0.));
#2329 = SURFACE_CURVE('',#2330,(#2335,#2346),.PCURVE_S1.);
#2330 = CIRCLE('',#2331,4.);
#2331 = AXIS2_PLACEMENT_3D('',#2332,#2333,#2334);
#2332 = CARTESIAN_POINT('',(2.499999997339,-2.499999961879,0.));
#2333 = DIRECTION('',(0.,0.,-1.));
#2334 = DIRECTION('',(-1.,0.,0.));
#2335 = PCURVE('',#361,#2336);
#2336 = DEFINITIONAL_REPRESENTATION('',(#2337),#2345);
#2337 = ( BOUNDED_CURVE() B_SPLINE_CURVE(2,(#2338,#2339,#2340,#2341,
#2342,#2343,#2344),.UNSPECIFIED.,.T.,.F.) B_SPLINE_CURVE_WITH_KNOTS((1,2
    ,2,2,2,1),(-2.094395102393,0.,2.094395102393,4.188790204786,
6.28318530718,8.377580409573),.UNSPECIFIED.) CURVE() 
GEOMETRIC_REPRESENTATION_ITEM() RATIONAL_B_SPLINE_CURVE((1.,0.5,1.,0.5,
1.,0.5,1.)) REPRESENTATION_ITEM('') );
#2338 = CARTESIAN_POINT('',(-1.500000001483,-2.499999959467));
#2339 = CARTESIAN_POINT('',(-1.500000001483,4.428203270809));
#2340 = CARTESIAN_POINT('',(4.499999998517,0.964101655671));
#2341 = CARTESIAN_POINT('',(10.499999998517,-2.499999959467));
#2342 = CARTESIAN_POINT('',(4.499999998517,-5.964101574605));
#2343 = CARTESIAN_POINT('',(-1.500000001483,-9.428203189743));
#2344 = CARTESIAN_POINT('',(-1.500000001483,-2.499999959467));
#2345 = ( GEOMETRIC_REPRESENTATION_CONTEXT(2) 
PARAMETRIC_REPRESENTATION_CONTEXT() REPRESENTATION_CONTEXT('2D SPACE',''
  ) );
#2346 = PCURVE('',#2347,#2352);
#2347 = CYLINDRICAL_SURFACE('',#2348,4.);
#2348 = AXIS2_PLACEMENT_3D('',#2349,#2350,#2351);
#2349 = CARTESIAN_POINT('',(2.499999997339,-2.499999961879,-2.E-02));
#2350 = DIRECTION('',(0.,0.,-1.));
#2351 = DIRECTION('',(-1.,0.,0.));
#2352 = DEFINITIONAL_REPRESENTATION('',(#2353),#2357);
#2353 = LINE('',#2354,#2355);
#2354 = CARTESIAN_POINT('',(0.,-2.E-02));
#2355 = VECTOR('',#2356,1.);
#2356 = DIRECTION('',(1.,0.));
#2357 = ( GEOMETRIC_REPRESENTATION_CONTEXT(2) 
PARAMETRIC_REPRESENTATION_CONTEXT() REPRESENTATION_CONTEXT('2D SPACE',''
  ) );
#2358 = ORIENTED_EDGE('',*,*,#2359,.T.);
#2359 = EDGE_CURVE('',#2327,#2360,#2362,.T.);
#2360 = VERTEX_POINT('',#2361);
#2361 = CARTESIAN_POINT('',(-2.5,-6.5,0.));
#2362 = SURFACE_CURVE('',#2363,(#2367,#2374),.PCURVE_S1.);
#2363 = LINE('',#2364,#2365);
#2364 = CARTESIAN_POINT('',(-1.250000000589,-6.499999961879,0.));
#2365 = VECTOR('',#2366,1.);
#2366 = DIRECTION('',(-1.,0.,0.));
#2367 = PCURVE('',#361,#2368);
#2368 = DEFINITIONAL_REPRESENTATION('',(#2369),#2373);
#2369 = LINE('',#2370,#2371);
#2370 = CARTESIAN_POINT('',(-1.249999999411,-6.499999959467));
#2371 = VECTOR('',#2372,1.);
#2372 = DIRECTION('',(-1.,0.));
#2373 = ( GEOMETRIC_REPRESENTATION_CONTEXT(2) 
PARAMETRIC_REPRESENTATION_CONTEXT() REPRESENTATION_CONTEXT('2D SPACE',''
  ) );
#2374 = PCURVE('',#2375,#2380);
#2375 = PLANE('',#2376);
#2376 = AXIS2_PLACEMENT_3D('',#2377,#2378,#2379);
#2377 = CARTESIAN_POINT('',(-2.5,-6.499999961879,-2.E-02));
#2378 = DIRECTION('',(0.,1.,0.));
#2379 = DIRECTION('',(1.,0.,0.));
#2380 = DEFINITIONAL_REPRESENTATION('',(#2381),#2384);
#2381 = B_SPLINE_CURVE_WITH_KNOTS('',1,(#2382,#2383),.UNSPECIFIED.,.F.,
  .F.,(2,2),(-3.749999997928,1.249999999411),.PIECEWISE_BEZIER_KNOTS.);
#2382 = CARTESIAN_POINT('',(4.999999997339,-2.E-02));
#2383 = CARTESIAN_POINT('',(0.,-2.E-02));
#2384 = ( GEOMETRIC_REPRESENTATION_CONTEXT(2) 
PARAMETRIC_REPRESENTATION_CONTEXT() REPRESENTATION_CONTEXT('2D SPACE',''
  ) );
#2385 = ORIENTED_EDGE('',*,*,#2386,.T.);
#2386 = EDGE_CURVE('',#2360,#2180,#2387,.T.);
#2387 = SURFACE_CURVE('',#2388,(#2393,#2404),.PCURVE_S1.);
#2388 = CIRCLE('',#2389,4.);
#2389 = AXIS2_PLACEMENT_3D('',#2390,#2391,#2392);
#2390 = CARTESIAN_POINT('',(-2.5,-2.500000038121,0.));
#2391 = DIRECTION('',(0.,0.,-1.));
#2392 = DIRECTION('',(-1.,0.,0.));
#2393 = PCURVE('',#361,#2394);
#2394 = DEFINITIONAL_REPRESENTATION('',(#2395),#2403);
#2395 = ( BOUNDED_CURVE() B_SPLINE_CURVE(2,(#2396,#2397,#2398,#2399,
#2400,#2401,#2402),.UNSPECIFIED.,.T.,.F.) B_SPLINE_CURVE_WITH_KNOTS((1,2
    ,2,2,2,1),(-2.094395102393,0.,2.094395102393,4.188790204786,
6.28318530718,8.377580409573),.UNSPECIFIED.) CURVE() 
GEOMETRIC_REPRESENTATION_ITEM() RATIONAL_B_SPLINE_CURVE((1.,0.5,1.,0.5,
1.,0.5,1.)) REPRESENTATION_ITEM('') );
#2396 = CARTESIAN_POINT('',(-6.499999998821,-2.500000035708));
#2397 = CARTESIAN_POINT('',(-6.499999998821,4.428203194567));
#2398 = CARTESIAN_POINT('',(-0.499999998821,0.964101579429));
#2399 = CARTESIAN_POINT('',(5.500000001179,-2.500000035708));
#2400 = CARTESIAN_POINT('',(-0.499999998821,-5.964101650846));
#2401 = CARTESIAN_POINT('',(-6.499999998821,-9.428203265984));
#2402 = CARTESIAN_POINT('',(-6.499999998821,-2.500000035708));
#2403 = ( GEOMETRIC_REPRESENTATION_CONTEXT(2) 
PARAMETRIC_REPRESENTATION_CONTEXT() REPRESENTATION_CONTEXT('2D SPACE',''
  ) );
#2404 = PCURVE('',#2405,#2410);
#2405 = CYLINDRICAL_SURFACE('',#2406,4.);
#2406 = AXIS2_PLACEMENT_3D('',#2407,#2408,#2409);
#2407 = CARTESIAN_POINT('',(-2.5,-2.500000038121,-2.E-02));
#2408 = DIRECTION('',(0.,0.,-1.));
#2409 = DIRECTION('',(-1.,0.,0.));
#2410 = DEFINITIONAL_REPRESENTATION('',(#2411),#2415);
#2411 = LINE('',#2412,#2413);
#2412 = CARTESIAN_POINT('',(0.,-2.E-02));
#2413 = VECTOR('',#2414,1.);
#2414 = DIRECTION('',(1.,0.));
#2415 = ( GEOMETRIC_REPRESENTATION_CONTEXT(2) 
PARAMETRIC_REPRESENTATION_CONTEXT() REPRESENTATION_CONTEXT('2D SPACE',''
  ) );
#2416 = ADVANCED_FACE('',(#2417),#387,.T.);
#2417 = FACE_BOUND('',#2418,.T.);
#2418 = EDGE_LOOP('',(#2419,#2420,#2421,#2499));
#2419 = ORIENTED_EDGE('',*,*,#373,.F.);
#2420 = ORIENTED_EDGE('',*,*,#481,.T.);
#2421 = ORIENTED_EDGE('',*,*,#2422,.T.);
#2422 = EDGE_CURVE('',#482,#2126,#2423,.T.);
#2423 = SURFACE_CURVE('',#2424,(#2447,#2473),.PCURVE_S1.);
#2424 = B_SPLINE_CURVE_WITH_KNOTS('',6,(#2425,#2426,#2427,#2428,#2429,
    #2430,#2431,#2432,#2433,#2434,#2435,#2436,#2437,#2438,#2439,#2440,
    #2441,#2442,#2443,#2444,#2445,#2446),.UNSPECIFIED.,.F.,.F.,(7,5,5,5,
    7),(0.,0.259793003579,0.512346335242,0.939853633711,1.),
  .UNSPECIFIED.);
#2425 = CARTESIAN_POINT('',(-15.54496264587,21.589553739236,0.55));
#2426 = CARTESIAN_POINT('',(-15.54496264587,21.589553739236,
    0.514058200393));
#2427 = CARTESIAN_POINT('',(-15.54381292195,21.586946587525,
    0.478117683388));
#2428 = CARTESIAN_POINT('',(-15.54151386589,21.581732661576,
    0.442406720328));
#2429 = CARTESIAN_POINT('',(-15.53804988329,21.573927838593,
    0.407158573409));
#2430 = CARTESIAN_POINT('',(-15.5333926407,21.563567757762,
    0.372613079581));
#2431 = CARTESIAN_POINT('',(-15.52178007531,21.538214657349,
    0.30635957947));
#2432 = CARTESIAN_POINT('',(-15.51489267127,21.523359546967,
    0.274601306536));
#2433 = CARTESIAN_POINT('',(-15.50680858567,21.506202297154,
    0.243971050436));
#2434 = CARTESIAN_POINT('',(-15.49748650533,21.486823720868,
    0.214712303878));
#2435 = CARTESIAN_POINT('',(-15.48688871845,21.465339125757,
    0.187076480079));
#2436 = CARTESIAN_POINT('',(-15.45485532485,21.402243946118,
    0.117707428349));
#2437 = CARTESIAN_POINT('',(-15.43098017717,21.356967194179,
    7.943253437468E-02));
#2438 = CARTESIAN_POINT('',(-15.40328527914,21.306896490298,
    4.779565834152E-02));
#2439 = CARTESIAN_POINT('',(-15.37183166009,21.253231204004,
    2.398897056686E-02));
#2440 = CARTESIAN_POINT('',(-15.33706138646,21.197555791865,
    8.882882716286E-03));
#2441 = CARTESIAN_POINT('',(-15.29472450432,21.133735031324,
    1.758349870945E-03));
#2442 = CARTESIAN_POINT('',(-15.28945595438,21.12585751573,
    1.054941609274E-03));
#2443 = CARTESIAN_POINT('',(-15.2841431316,21.11797861863,
    5.273130356071E-04));
#2444 = CARTESIAN_POINT('',(-15.27878867944,21.110102885105,
    1.756772180647E-04));
#2445 = CARTESIAN_POINT('',(-15.27339536613,21.102234814328,
    5.494527629125E-19));
#2446 = CARTESIAN_POINT('',(-15.26796608463,21.094378859568,0.));
#2447 = PCURVE('',#387,#2448);
#2448 = DEFINITIONAL_REPRESENTATION('',(#2449),#2472);
#2449 = B_SPLINE_CURVE_WITH_KNOTS('',6,(#2450,#2451,#2452,#2453,#2454,
    #2455,#2456,#2457,#2458,#2459,#2460,#2461,#2462,#2463,#2464,#2465,
    #2466,#2467,#2468,#2469,#2470,#2471),.UNSPECIFIED.,.F.,.F.,(7,5,5,5,
    7),(0.,0.259793003579,0.512346335242,0.939853633711,1.),
  .UNSPECIFIED.);
#2450 = CARTESIAN_POINT('',(1.302821217457,0.));
#2451 = CARTESIAN_POINT('',(1.302821217457,6.534872655844E-02));
#2452 = CARTESIAN_POINT('',(1.302857596234,0.130695237714));
#2453 = CARTESIAN_POINT('',(1.302930335236,0.196126254768));
#2454 = CARTESIAN_POINT('',(1.303041230028,0.261720944837));
#2455 = CARTESIAN_POINT('',(1.303193757076,0.327553355171));
#2456 = CARTESIAN_POINT('',(1.303586573322,0.457993169653));
#2457 = CARTESIAN_POINT('',(1.303824295899,0.522580007046));
#2458 = CARTESIAN_POINT('',(1.304110636938,0.587518311748));
#2459 = CARTESIAN_POINT('',(1.304451561582,0.6528554197));
#2460 = CARTESIAN_POINT('',(1.304853767894,0.718620685394));
#2461 = CARTESIAN_POINT('',(1.306119936105,0.89688666498));
#2462 = CARTESIAN_POINT('',(1.307111452186,1.010298480105));
#2463 = CARTESIAN_POINT('',(1.308329853323,1.124918807255));
#2464 = CARTESIAN_POINT('',(1.309805230961,1.240512751573));
#2465 = CARTESIAN_POINT('',(1.311546347421,1.356726568316));
#2466 = CARTESIAN_POINT('',(1.313791391269,1.4891667607));
#2467 = CARTESIAN_POINT('',(1.314072805298,1.505500685707));
#2468 = CARTESIAN_POINT('',(1.314358636894,1.521832075166));
#2469 = CARTESIAN_POINT('',(1.314648775602,1.538159444024));
#2470 = CARTESIAN_POINT('',(1.314943097117,1.554481336641));
#2471 = CARTESIAN_POINT('',(1.31524146328,1.570796326795));
#2472 = ( GEOMETRIC_REPRESENTATION_CONTEXT(2) 
PARAMETRIC_REPRESENTATION_CONTEXT() REPRESENTATION_CONTEXT('2D SPACE',''
  ) );
#2473 = PCURVE('',#604,#2474);
#2474 = DEFINITIONAL_REPRESENTATION('',(#2475),#2498);
#2475 = B_SPLINE_CURVE_WITH_KNOTS('',6,(#2476,#2477,#2478,#2479,#2480,
    #2481,#2482,#2483,#2484,#2485,#2486,#2487,#2488,#2489,#2490,#2491,
    #2492,#2493,#2494,#2495,#2496,#2497),.UNSPECIFIED.,.F.,.F.,(7,5,5,5,
    7),(0.,0.259793003579,0.512346335242,0.939853633711,1.),
  .UNSPECIFIED.);
#2476 = CARTESIAN_POINT('',(-3.556911932226,-0.55));
#2477 = CARTESIAN_POINT('',(-3.556911932226,-0.514058200393));
#2478 = CARTESIAN_POINT('',(-3.557861726887,-0.478117683388));
#2479 = CARTESIAN_POINT('',(-3.559761181212,-0.442406720328));
#2480 = CARTESIAN_POINT('',(-3.562607484693,-0.407158573409));
#2481 = CARTESIAN_POINT('',(-3.566393647143,-0.372613079581));
#2482 = CARTESIAN_POINT('',(-3.575688994697,-0.30635957947));
#2483 = CARTESIAN_POINT('',(-3.581146965178,-0.274601306536));
#2484 = CARTESIAN_POINT('',(-3.587468896124,-0.243971050436));
#2485 = CARTESIAN_POINT('',(-3.594636531171,-0.214712303878));
#2486 = CARTESIAN_POINT('',(-3.602621408868,-0.187076480079));
#2487 = CARTESIAN_POINT('',(-3.626208458043,-0.117707428349));
#2488 = CARTESIAN_POINT('',(-3.643268394556,-7.943253437465E-02));
#2489 = CARTESIAN_POINT('',(-3.662335607445,-4.779565834157E-02));
#2490 = CARTESIAN_POINT('',(-3.6830584314,-2.398897056683E-02));
#2491 = CARTESIAN_POINT('',(-3.704930441392,-8.882882716286E-03));
#2492 = CARTESIAN_POINT('',(-3.730459294493,-1.758349870945E-03));
#2493 = CARTESIAN_POINT('',(-3.733618260307,-1.054941609274E-03));
#2494 = CARTESIAN_POINT('',(-3.736785824432,-5.273130356072E-04));
#2495 = CARTESIAN_POINT('',(-3.739960294905,-1.756772180647E-04));
#2496 = CARTESIAN_POINT('',(-3.743139970362,0.));
#2497 = CARTESIAN_POINT('',(-3.746323140039,0.));
#2498 = ( GEOMETRIC_REPRESENTATION_CONTEXT(2) 
PARAMETRIC_REPRESENTATION_CONTEXT() REPRESENTATION_CONTEXT('2D SPACE',''
  ) );
#2499 = ORIENTED_EDGE('',*,*,#2149,.F.);
#2500 = ADVANCED_FACE('',(#2501,#2676),#440,.T.);
#2501 = FACE_BOUND('',#2502,.T.);
#2502 = EDGE_LOOP('',(#2503,#2504,#2505,#2528,#2561,#2589,#2622,#2650));
#2503 = ORIENTED_EDGE('',*,*,#424,.F.);
#2504 = ORIENTED_EDGE('',*,*,#1086,.F.);
#2505 = ORIENTED_EDGE('',*,*,#2506,.F.);
#2506 = EDGE_CURVE('',#2507,#1058,#2509,.T.);
#2507 = VERTEX_POINT('',#2508);
#2508 = CARTESIAN_POINT('',(12.49999998742,-21.45,9.5));
#2509 = SURFACE_CURVE('',#2510,(#2514,#2521),.PCURVE_S1.);
#2510 = LINE('',#2511,#2512);
#2511 = CARTESIAN_POINT('',(12.49999998742,-21.45,9.5));
#2512 = VECTOR('',#2513,1.);
#2513 = DIRECTION('',(-1.,-0.,-0.));
#2514 = PCURVE('',#440,#2515);
#2515 = DEFINITIONAL_REPRESENTATION('',(#2516),#2520);
#2516 = LINE('',#2517,#2518);
#2517 = CARTESIAN_POINT('',(12.499999988599,-21.44999999758));
#2518 = VECTOR('',#2519,1.);
#2519 = DIRECTION('',(-1.,0.));
#2520 = ( GEOMETRIC_REPRESENTATION_CONTEXT(2) 
PARAMETRIC_REPRESENTATION_CONTEXT() REPRESENTATION_CONTEXT('2D SPACE',''
  ) );
#2521 = PCURVE('',#1073,#2522);
#2522 = DEFINITIONAL_REPRESENTATION('',(#2523),#2527);
#2523 = LINE('',#2524,#2525);
#2524 = CARTESIAN_POINT('',(1.570796326795,0.));
#2525 = VECTOR('',#2526,1.);
#2526 = DIRECTION('',(0.,1.));
#2527 = ( GEOMETRIC_REPRESENTATION_CONTEXT(2) 
PARAMETRIC_REPRESENTATION_CONTEXT() REPRESENTATION_CONTEXT('2D SPACE',''
  ) );
#2528 = ORIENTED_EDGE('',*,*,#2529,.F.);
#2529 = EDGE_CURVE('',#2530,#2507,#2532,.T.);
#2530 = VERTEX_POINT('',#2531);
#2531 = CARTESIAN_POINT('',(23.45,-10.5,9.5));
#2532 = SURFACE_CURVE('',#2533,(#2538,#2549),.PCURVE_S1.);
#2533 = CIRCLE('',#2534,10.95);
#2534 = AXIS2_PLACEMENT_3D('',#2535,#2536,#2537);
#2535 = CARTESIAN_POINT('',(12.49999998742,-10.5,9.5));
#2536 = DIRECTION('',(0.,-0.,-1.));
#2537 = DIRECTION('',(1.,1.544658121218E-16,-0.));
#2538 = PCURVE('',#440,#2539);
#2539 = DEFINITIONAL_REPRESENTATION('',(#2540),#2548);
#2540 = ( BOUNDED_CURVE() B_SPLINE_CURVE(2,(#2541,#2542,#2543,#2544,
#2545,#2546,#2547),.UNSPECIFIED.,.T.,.F.) B_SPLINE_CURVE_WITH_KNOTS((1,2
    ,2,2,2,1),(-2.094395102393,0.,2.094395102393,4.188790204786,
6.28318530718,8.377580409573),.UNSPECIFIED.) CURVE() 
GEOMETRIC_REPRESENTATION_ITEM() RATIONAL_B_SPLINE_CURVE((1.,0.5,1.,0.5,
1.,0.5,1.)) REPRESENTATION_ITEM('') );
#2541 = CARTESIAN_POINT('',(23.449999988599,-10.49999999758));
#2542 = CARTESIAN_POINT('',(23.449999988599,-29.46595634046));
#2543 = CARTESIAN_POINT('',(7.024999988599,-19.98297816902));
#2544 = CARTESIAN_POINT('',(-9.400000011401,-10.49999999758));
#2545 = CARTESIAN_POINT('',(7.024999988599,-1.017021826148));
#2546 = CARTESIAN_POINT('',(23.449999988599,8.465956345291));
#2547 = CARTESIAN_POINT('',(23.449999988599,-10.49999999758));
#2548 = ( GEOMETRIC_REPRESENTATION_CONTEXT(2) 
PARAMETRIC_REPRESENTATION_CONTEXT() REPRESENTATION_CONTEXT('2D SPACE',''
  ) );
#2549 = PCURVE('',#2550,#2555);
#2550 = TOROIDAL_SURFACE('',#2551,10.95,0.55);
#2551 = AXIS2_PLACEMENT_3D('',#2552,#2553,#2554);
#2552 = CARTESIAN_POINT('',(12.49999998742,-10.5,8.95));
#2553 = DIRECTION('',(0.,0.,1.));
#2554 = DIRECTION('',(1.,1.544658121218E-16,-0.));
#2555 = DEFINITIONAL_REPRESENTATION('',(#2556),#2560);
#2556 = LINE('',#2557,#2558);
#2557 = CARTESIAN_POINT('',(-0.,1.570796326795));
#2558 = VECTOR('',#2559,1.);
#2559 = DIRECTION('',(-1.,0.));
#2560 = ( GEOMETRIC_REPRESENTATION_CONTEXT(2) 
PARAMETRIC_REPRESENTATION_CONTEXT() REPRESENTATION_CONTEXT('2D SPACE',''
  ) );
#2561 = ORIENTED_EDGE('',*,*,#2562,.F.);
#2562 = EDGE_CURVE('',#2563,#2530,#2565,.T.);
#2563 = VERTEX_POINT('',#2564);
#2564 = CARTESIAN_POINT('',(23.45,10.499999992113,9.5));
#2565 = SURFACE_CURVE('',#2566,(#2570,#2577),.PCURVE_S1.);
#2566 = LINE('',#2567,#2568);
#2567 = CARTESIAN_POINT('',(23.45,10.499999992113,9.5));
#2568 = VECTOR('',#2569,1.);
#2569 = DIRECTION('',(-0.,-1.,-0.));
#2570 = PCURVE('',#440,#2571);
#2571 = DEFINITIONAL_REPRESENTATION('',(#2572),#2576);
#2572 = LINE('',#2573,#2574);
#2573 = CARTESIAN_POINT('',(23.450000001179,10.499999994525));
#2574 = VECTOR('',#2575,1.);
#2575 = DIRECTION('',(0.,-1.));
#2576 = ( GEOMETRIC_REPRESENTATION_CONTEXT(2) 
PARAMETRIC_REPRESENTATION_CONTEXT() REPRESENTATION_CONTEXT('2D SPACE',''
  ) );
#2577 = PCURVE('',#2578,#2583);
#2578 = CYLINDRICAL_SURFACE('',#2579,0.55);
#2579 = AXIS2_PLACEMENT_3D('',#2580,#2581,#2582);
#2580 = CARTESIAN_POINT('',(23.45,10.499999992113,8.95));
#2581 = DIRECTION('',(-0.,-1.,-0.));
#2582 = DIRECTION('',(1.,-0.,0.));
#2583 = DEFINITIONAL_REPRESENTATION('',(#2584),#2588);
#2584 = LINE('',#2585,#2586);
#2585 = CARTESIAN_POINT('',(1.570796326795,0.));
#2586 = VECTOR('',#2587,1.);
#2587 = DIRECTION('',(0.,1.));
#2588 = ( GEOMETRIC_REPRESENTATION_CONTEXT(2) 
PARAMETRIC_REPRESENTATION_CONTEXT() REPRESENTATION_CONTEXT('2D SPACE',''
  ) );
#2589 = ORIENTED_EDGE('',*,*,#2590,.F.);
#2590 = EDGE_CURVE('',#2591,#2563,#2593,.T.);
#2591 = VERTEX_POINT('',#2592);
#2592 = CARTESIAN_POINT('',(12.5,21.45,9.5));
#2593 = SURFACE_CURVE('',#2594,(#2599,#2610),.PCURVE_S1.);
#2594 = CIRCLE('',#2595,10.95);
#2595 = AXIS2_PLACEMENT_3D('',#2596,#2597,#2598);
#2596 = CARTESIAN_POINT('',(12.5,10.499999992113,9.5));
#2597 = DIRECTION('',(0.,-0.,-1.));
#2598 = DIRECTION('',(0.,1.,-0.));
#2599 = PCURVE('',#440,#2600);
#2600 = DEFINITIONAL_REPRESENTATION('',(#2601),#2609);
#2601 = ( BOUNDED_CURVE() B_SPLINE_CURVE(2,(#2602,#2603,#2604,#2605,
#2606,#2607,#2608),.UNSPECIFIED.,.T.,.F.) B_SPLINE_CURVE_WITH_KNOTS((1,2
    ,2,2,2,1),(-2.094395102393,0.,2.094395102393,4.188790204786,
6.28318530718,8.377580409573),.UNSPECIFIED.) CURVE() 
GEOMETRIC_REPRESENTATION_ITEM() RATIONAL_B_SPLINE_CURVE((1.,0.5,1.,0.5,
1.,0.5,1.)) REPRESENTATION_ITEM('') );
#2602 = CARTESIAN_POINT('',(12.500000001179,21.449999994525));
#2603 = CARTESIAN_POINT('',(31.465956344058,21.449999994525));
#2604 = CARTESIAN_POINT('',(21.982978172618,5.024999994525));
#2605 = CARTESIAN_POINT('',(12.500000001179,-11.40000000547));
#2606 = CARTESIAN_POINT('',(3.017021829739,5.024999994525));
#2607 = CARTESIAN_POINT('',(-6.465956341701,21.449999994525));
#2608 = CARTESIAN_POINT('',(12.500000001179,21.449999994525));
#2609 = ( GEOMETRIC_REPRESENTATION_CONTEXT(2) 
PARAMETRIC_REPRESENTATION_CONTEXT() REPRESENTATION_CONTEXT('2D SPACE',''
  ) );
#2610 = PCURVE('',#2611,#2616);
#2611 = TOROIDAL_SURFACE('',#2612,10.95,0.55);
#2612 = AXIS2_PLACEMENT_3D('',#2613,#2614,#2615);
#2613 = CARTESIAN_POINT('',(12.5,10.499999992113,8.95));
#2614 = DIRECTION('',(0.,0.,1.));
#2615 = DIRECTION('',(0.,1.,-0.));
#2616 = DEFINITIONAL_REPRESENTATION('',(#2617),#2621);
#2617 = LINE('',#2618,#2619);
#2618 = CARTESIAN_POINT('',(-0.,1.570796326795));
#2619 = VECTOR('',#2620,1.);
#2620 = DIRECTION('',(-1.,0.));
#2621 = ( GEOMETRIC_REPRESENTATION_CONTEXT(2) 
PARAMETRIC_REPRESENTATION_CONTEXT() REPRESENTATION_CONTEXT('2D SPACE',''
  ) );
#2622 = ORIENTED_EDGE('',*,*,#2623,.F.);
#2623 = EDGE_CURVE('',#2624,#2591,#2626,.T.);
#2624 = VERTEX_POINT('',#2625);
#2625 = CARTESIAN_POINT('',(-12.5,21.449999984226,9.5));
#2626 = SURFACE_CURVE('',#2627,(#2631,#2638),.PCURVE_S1.);
#2627 = LINE('',#2628,#2629);
#2628 = CARTESIAN_POINT('',(-12.5,21.45,9.5));
#2629 = VECTOR('',#2630,1.);
#2630 = DIRECTION('',(1.,0.,0.));
#2631 = PCURVE('',#440,#2632);
#2632 = DEFINITIONAL_REPRESENTATION('',(#2633),#2637);
#2633 = LINE('',#2634,#2635);
#2634 = CARTESIAN_POINT('',(-12.49999999882,21.450000002412));
#2635 = VECTOR('',#2636,1.);
#2636 = DIRECTION('',(1.,0.));
#2637 = ( GEOMETRIC_REPRESENTATION_CONTEXT(2) 
PARAMETRIC_REPRESENTATION_CONTEXT() REPRESENTATION_CONTEXT('2D SPACE',''
  ) );
#2638 = PCURVE('',#2639,#2644);
#2639 = CYLINDRICAL_SURFACE('',#2640,0.55);
#2640 = AXIS2_PLACEMENT_3D('',#2641,#2642,#2643);
#2641 = CARTESIAN_POINT('',(-12.5,21.45,8.95));
#2642 = DIRECTION('',(1.,0.,0.));
#2643 = DIRECTION('',(-0.,1.,0.));
#2644 = DEFINITIONAL_REPRESENTATION('',(#2645),#2649);
#2645 = LINE('',#2646,#2647);
#2646 = CARTESIAN_POINT('',(1.570796326795,0.));
#2647 = VECTOR('',#2648,1.);
#2648 = DIRECTION('',(0.,1.));
#2649 = ( GEOMETRIC_REPRESENTATION_CONTEXT(2) 
PARAMETRIC_REPRESENTATION_CONTEXT() REPRESENTATION_CONTEXT('2D SPACE',''
  ) );
#2650 = ORIENTED_EDGE('',*,*,#2651,.F.);
#2651 = EDGE_CURVE('',#425,#2624,#2652,.T.);
#2652 = SURFACE_CURVE('',#2653,(#2658,#2669),.PCURVE_S1.);
#2653 = CIRCLE('',#2654,10.95);
#2654 = AXIS2_PLACEMENT_3D('',#2655,#2656,#2657);
#2655 = CARTESIAN_POINT('',(-12.5,10.499999984226,9.5));
#2656 = DIRECTION('',(-0.,0.,-1.));
#2657 = DIRECTION('',(-1.,0.,0.));
#2658 = PCURVE('',#440,#2659);
#2659 = DEFINITIONAL_REPRESENTATION('',(#2660),#2668);
#2660 = ( BOUNDED_CURVE() B_SPLINE_CURVE(2,(#2661,#2662,#2663,#2664,
#2665,#2666,#2667),.UNSPECIFIED.,.T.,.F.) B_SPLINE_CURVE_WITH_KNOTS((1,2
    ,2,2,2,1),(-2.094395102393,0.,2.094395102393,4.188790204786,
6.28318530718,8.377580409573),.UNSPECIFIED.) CURVE() 
GEOMETRIC_REPRESENTATION_ITEM() RATIONAL_B_SPLINE_CURVE((1.,0.5,1.,0.5,
1.,0.5,1.)) REPRESENTATION_ITEM('') );
#2661 = CARTESIAN_POINT('',(-23.44999999882,10.499999986638));
#2662 = CARTESIAN_POINT('',(-23.44999999882,29.465956329517));
#2663 = CARTESIAN_POINT('',(-7.024999998821,19.982978158078));
#2664 = CARTESIAN_POINT('',(9.400000001179,10.499999986638));
#2665 = CARTESIAN_POINT('',(-7.024999998821,1.017021815198));
#2666 = CARTESIAN_POINT('',(-23.44999999882,-8.465956356241));
#2667 = CARTESIAN_POINT('',(-23.44999999882,10.499999986638));
#2668 = ( GEOMETRIC_REPRESENTATION_CONTEXT(2) 
PARAMETRIC_REPRESENTATION_CONTEXT() REPRESENTATION_CONTEXT('2D SPACE',''
  ) );
#2669 = PCURVE('',#466,#2670);
#2670 = DEFINITIONAL_REPRESENTATION('',(#2671),#2675);
#2671 = LINE('',#2672,#2673);
#2672 = CARTESIAN_POINT('',(-0.,1.570796326795));
#2673 = VECTOR('',#2674,1.);
#2674 = DIRECTION('',(-1.,0.));
#2675 = ( GEOMETRIC_REPRESENTATION_CONTEXT(2) 
PARAMETRIC_REPRESENTATION_CONTEXT() REPRESENTATION_CONTEXT('2D SPACE',''
  ) );
#2676 = FACE_BOUND('',#2677,.T.);
#2677 = EDGE_LOOP('',(#2678,#2701,#2734,#2760,#2793,#2819,#2852,#2878));
#2678 = ORIENTED_EDGE('',*,*,#2679,.F.);
#2679 = EDGE_CURVE('',#2680,#2682,#2684,.T.);
#2680 = VERTEX_POINT('',#2681);
#2681 = CARTESIAN_POINT('',(-21.2,10.699999946586,9.5));
#2682 = VERTEX_POINT('',#2683);
#2683 = CARTESIAN_POINT('',(-21.2,-10.7,9.5));
#2684 = SURFACE_CURVE('',#2685,(#2689,#2695),.PCURVE_S1.);
#2685 = LINE('',#2686,#2687);
#2686 = CARTESIAN_POINT('',(-21.2,-5.350000001206,9.5));
#2687 = VECTOR('',#2688,1.);
#2688 = DIRECTION('',(0.,-1.,0.));
#2689 = PCURVE('',#440,#2690);
#2690 = DEFINITIONAL_REPRESENTATION('',(#2691),#2694);
#2691 = B_SPLINE_CURVE_WITH_KNOTS('',1,(#2692,#2693),.UNSPECIFIED.,.F.,
  .F.,(2,2),(-16.04999994779,5.349999998794),.PIECEWISE_BEZIER_KNOTS.);
#2692 = CARTESIAN_POINT('',(-21.19999999882,10.699999948998));
#2693 = CARTESIAN_POINT('',(-21.19999999882,-10.69999999758));
#2694 = ( GEOMETRIC_REPRESENTATION_CONTEXT(2) 
PARAMETRIC_REPRESENTATION_CONTEXT() REPRESENTATION_CONTEXT('2D SPACE',''
  ) );
#2695 = PCURVE('',#635,#2696);
#2696 = DEFINITIONAL_REPRESENTATION('',(#2697),#2700);
#2697 = B_SPLINE_CURVE_WITH_KNOTS('',1,(#2698,#2699),.UNSPECIFIED.,.F.,
  .F.,(2,2),(-16.04999994779,5.349999998794),.PIECEWISE_BEZIER_KNOTS.);
#2698 = CARTESIAN_POINT('',(21.399999946586,-7.7));
#2699 = CARTESIAN_POINT('',(-1.7763568394E-15,-7.7));
#2700 = ( GEOMETRIC_REPRESENTATION_CONTEXT(2) 
PARAMETRIC_REPRESENTATION_CONTEXT() REPRESENTATION_CONTEXT('2D SPACE',''
  ) );
#2701 = ORIENTED_EDGE('',*,*,#2702,.T.);
#2702 = EDGE_CURVE('',#2680,#2703,#2705,.T.);
#2703 = VERTEX_POINT('',#2704);
#2704 = CARTESIAN_POINT('',(-12.7,19.199999973293,9.5));
#2705 = SURFACE_CURVE('',#2706,(#2711,#2722),.PCURVE_S1.);
#2706 = CIRCLE('',#2707,8.5);
#2707 = AXIS2_PLACEMENT_3D('',#2708,#2709,#2710);
#2708 = CARTESIAN_POINT('',(-12.7,10.699999946586,9.5));
#2709 = DIRECTION('',(0.,0.,-1.));
#2710 = DIRECTION('',(-1.,0.,0.));
#2711 = PCURVE('',#440,#2712);
#2712 = DEFINITIONAL_REPRESENTATION('',(#2713),#2721);
#2713 = ( BOUNDED_CURVE() B_SPLINE_CURVE(2,(#2714,#2715,#2716,#2717,
#2718,#2719,#2720),.UNSPECIFIED.,.T.,.F.) B_SPLINE_CURVE_WITH_KNOTS((1,2
    ,2,2,2,1),(-2.094395102393,0.,2.094395102393,4.188790204786,
6.28318530718,8.377580409573),.UNSPECIFIED.) CURVE() 
GEOMETRIC_REPRESENTATION_ITEM() RATIONAL_B_SPLINE_CURVE((1.,0.5,1.,0.5,
1.,0.5,1.)) REPRESENTATION_ITEM('') );
#2714 = CARTESIAN_POINT('',(-21.19999999882,10.699999948998));
#2715 = CARTESIAN_POINT('',(-21.19999999882,25.422431813334));
#2716 = CARTESIAN_POINT('',(-8.449999998821,18.061215881166));
#2717 = CARTESIAN_POINT('',(4.300000001179,10.699999948998));
#2718 = CARTESIAN_POINT('',(-8.449999998821,3.33878401683));
#2719 = CARTESIAN_POINT('',(-21.19999999882,-4.022431915337));
#2720 = CARTESIAN_POINT('',(-21.19999999882,10.699999948998));
#2721 = ( GEOMETRIC_REPRESENTATION_CONTEXT(2) 
PARAMETRIC_REPRESENTATION_CONTEXT() REPRESENTATION_CONTEXT('2D SPACE',''
  ) );
#2722 = PCURVE('',#2723,#2728);
#2723 = CYLINDRICAL_SURFACE('',#2724,8.5);
#2724 = AXIS2_PLACEMENT_3D('',#2725,#2726,#2727);
#2725 = CARTESIAN_POINT('',(-12.7,10.699999946586,1.8));
#2726 = DIRECTION('',(0.,0.,-1.));
#2727 = DIRECTION('',(-1.,0.,0.));
#2728 = DEFINITIONAL_REPRESENTATION('',(#2729),#2733);
#2729 = LINE('',#2730,#2731);
#2730 = CARTESIAN_POINT('',(0.,-7.7));
#2731 = VECTOR('',#2732,1.);
#2732 = DIRECTION('',(1.,0.));
#2733 = ( GEOMETRIC_REPRESENTATION_CONTEXT(2) 
PARAMETRIC_REPRESENTATION_CONTEXT() REPRESENTATION_CONTEXT('2D SPACE',''
  ) );
#2734 = ORIENTED_EDGE('',*,*,#2735,.F.);
#2735 = EDGE_CURVE('',#2736,#2703,#2738,.T.);
#2736 = VERTEX_POINT('',#2737);
#2737 = CARTESIAN_POINT('',(12.7,19.199999973293,9.5));
#2738 = SURFACE_CURVE('',#2739,(#2743,#2749),.PCURVE_S1.);
#2739 = LINE('',#2740,#2741);
#2740 = CARTESIAN_POINT('',(-6.350000000589,19.2,9.5));
#2741 = VECTOR('',#2742,1.);
#2742 = DIRECTION('',(-1.,0.,0.));
#2743 = PCURVE('',#440,#2744);
#2744 = DEFINITIONAL_REPRESENTATION('',(#2745),#2748);
#2745 = B_SPLINE_CURVE_WITH_KNOTS('',1,(#2746,#2747),.UNSPECIFIED.,.F.,
  .F.,(2,2),(-19.05000000058,6.349999999411),.PIECEWISE_BEZIER_KNOTS.);
#2746 = CARTESIAN_POINT('',(12.700000001179,19.200000002412));
#2747 = CARTESIAN_POINT('',(-12.69999999882,19.200000002412));
#2748 = ( GEOMETRIC_REPRESENTATION_CONTEXT(2) 
PARAMETRIC_REPRESENTATION_CONTEXT() REPRESENTATION_CONTEXT('2D SPACE',''
  ) );
#2749 = PCURVE('',#2750,#2755);
#2750 = PLANE('',#2751);
#2751 = AXIS2_PLACEMENT_3D('',#2752,#2753,#2754);
#2752 = CARTESIAN_POINT('',(-12.7,19.2,1.8));
#2753 = DIRECTION('',(0.,1.,0.));
#2754 = DIRECTION('',(1.,0.,0.));
#2755 = DEFINITIONAL_REPRESENTATION('',(#2756),#2759);
#2756 = B_SPLINE_CURVE_WITH_KNOTS('',1,(#2757,#2758),.UNSPECIFIED.,.F.,
  .F.,(2,2),(-19.05000000058,6.349999999411),.PIECEWISE_BEZIER_KNOTS.);
#2757 = CARTESIAN_POINT('',(25.4,-7.7));
#2758 = CARTESIAN_POINT('',(0.,-7.7));
#2759 = ( GEOMETRIC_REPRESENTATION_CONTEXT(2) 
PARAMETRIC_REPRESENTATION_CONTEXT() REPRESENTATION_CONTEXT('2D SPACE',''
  ) );
#2760 = ORIENTED_EDGE('',*,*,#2761,.T.);
#2761 = EDGE_CURVE('',#2736,#2762,#2764,.T.);
#2762 = VERTEX_POINT('',#2763);
#2763 = CARTESIAN_POINT('',(21.2,10.699999946586,9.5));
#2764 = SURFACE_CURVE('',#2765,(#2770,#2781),.PCURVE_S1.);
#2765 = CIRCLE('',#2766,8.5);
#2766 = AXIS2_PLACEMENT_3D('',#2767,#2768,#2769);
#2767 = CARTESIAN_POINT('',(12.7,10.699999946586,9.5));
#2768 = DIRECTION('',(0.,0.,-1.));
#2769 = DIRECTION('',(-1.,0.,0.));
#2770 = PCURVE('',#440,#2771);
#2771 = DEFINITIONAL_REPRESENTATION('',(#2772),#2780);
#2772 = ( BOUNDED_CURVE() B_SPLINE_CURVE(2,(#2773,#2774,#2775,#2776,
#2777,#2778,#2779),.UNSPECIFIED.,.T.,.F.) B_SPLINE_CURVE_WITH_KNOTS((1,2
    ,2,2,2,1),(-2.094395102393,0.,2.094395102393,4.188790204786,
6.28318530718,8.377580409573),.UNSPECIFIED.) CURVE() 
GEOMETRIC_REPRESENTATION_ITEM() RATIONAL_B_SPLINE_CURVE((1.,0.5,1.,0.5,
1.,0.5,1.)) REPRESENTATION_ITEM('') );
#2773 = CARTESIAN_POINT('',(4.200000001179,10.699999948998));
#2774 = CARTESIAN_POINT('',(4.200000001179,25.422431813334));
#2775 = CARTESIAN_POINT('',(16.950000001179,18.061215881166));
#2776 = CARTESIAN_POINT('',(29.700000001179,10.699999948998));
#2777 = CARTESIAN_POINT('',(16.950000001179,3.33878401683));
#2778 = CARTESIAN_POINT('',(4.200000001179,-4.022431915337));
#2779 = CARTESIAN_POINT('',(4.200000001179,10.699999948998));
#2780 = ( GEOMETRIC_REPRESENTATION_CONTEXT(2) 
PARAMETRIC_REPRESENTATION_CONTEXT() REPRESENTATION_CONTEXT('2D SPACE',''
  ) );
#2781 = PCURVE('',#2782,#2787);
#2782 = CYLINDRICAL_SURFACE('',#2783,8.5);
#2783 = AXIS2_PLACEMENT_3D('',#2784,#2785,#2786);
#2784 = CARTESIAN_POINT('',(12.7,10.699999946586,1.8));
#2785 = DIRECTION('',(0.,0.,-1.));
#2786 = DIRECTION('',(-1.,0.,0.));
#2787 = DEFINITIONAL_REPRESENTATION('',(#2788),#2792);
#2788 = LINE('',#2789,#2790);
#2789 = CARTESIAN_POINT('',(0.,-7.7));
#2790 = VECTOR('',#2791,1.);
#2791 = DIRECTION('',(1.,0.));
#2792 = ( GEOMETRIC_REPRESENTATION_CONTEXT(2) 
PARAMETRIC_REPRESENTATION_CONTEXT() REPRESENTATION_CONTEXT('2D SPACE',''
  ) );
#2793 = ORIENTED_EDGE('',*,*,#2794,.T.);
#2794 = EDGE_CURVE('',#2762,#2795,#2797,.T.);
#2795 = VERTEX_POINT('',#2796);
#2796 = CARTESIAN_POINT('',(21.199999995972,-10.7,9.5));
#2797 = SURFACE_CURVE('',#2798,(#2802,#2808),.PCURVE_S1.);
#2798 = LINE('',#2799,#2800);
#2799 = CARTESIAN_POINT('',(21.2,-5.350000001206,9.5));
#2800 = VECTOR('',#2801,1.);
#2801 = DIRECTION('',(0.,-1.,0.));
#2802 = PCURVE('',#440,#2803);
#2803 = DEFINITIONAL_REPRESENTATION('',(#2804),#2807);
#2804 = B_SPLINE_CURVE_WITH_KNOTS('',1,(#2805,#2806),.UNSPECIFIED.,.F.,
  .F.,(2,2),(-16.04999994779,5.349999998794),.PIECEWISE_BEZIER_KNOTS.);
#2805 = CARTESIAN_POINT('',(21.200000001179,10.699999948998));
#2806 = CARTESIAN_POINT('',(21.200000001179,-10.69999999758));
#2807 = ( GEOMETRIC_REPRESENTATION_CONTEXT(2) 
PARAMETRIC_REPRESENTATION_CONTEXT() REPRESENTATION_CONTEXT('2D SPACE',''
  ) );
#2808 = PCURVE('',#2809,#2814);
#2809 = PLANE('',#2810);
#2810 = AXIS2_PLACEMENT_3D('',#2811,#2812,#2813);
#2811 = CARTESIAN_POINT('',(21.2,-10.7,1.8));
#2812 = DIRECTION('',(-1.,0.,0.));
#2813 = DIRECTION('',(0.,1.,0.));
#2814 = DEFINITIONAL_REPRESENTATION('',(#2815),#2818);
#2815 = B_SPLINE_CURVE_WITH_KNOTS('',1,(#2816,#2817),.UNSPECIFIED.,.F.,
  .F.,(2,2),(-16.04999994779,5.349999998794),.PIECEWISE_BEZIER_KNOTS.);
#2816 = CARTESIAN_POINT('',(21.399999946586,-7.7));
#2817 = CARTESIAN_POINT('',(0.,-7.7));
#2818 = ( GEOMETRIC_REPRESENTATION_CONTEXT(2) 
PARAMETRIC_REPRESENTATION_CONTEXT() REPRESENTATION_CONTEXT('2D SPACE',''
  ) );
#2819 = ORIENTED_EDGE('',*,*,#2820,.T.);
#2820 = EDGE_CURVE('',#2795,#2821,#2823,.T.);
#2821 = VERTEX_POINT('',#2822);
#2822 = CARTESIAN_POINT('',(12.699999991944,-19.2,9.5));
#2823 = SURFACE_CURVE('',#2824,(#2829,#2840),.PCURVE_S1.);
#2824 = CIRCLE('',#2825,8.5);
#2825 = AXIS2_PLACEMENT_3D('',#2826,#2827,#2828);
#2826 = CARTESIAN_POINT('',(12.699999991944,-10.7,9.5));
#2827 = DIRECTION('',(0.,0.,-1.));
#2828 = DIRECTION('',(-1.,0.,0.));
#2829 = PCURVE('',#440,#2830);
#2830 = DEFINITIONAL_REPRESENTATION('',(#2831),#2839);
#2831 = ( BOUNDED_CURVE() B_SPLINE_CURVE(2,(#2832,#2833,#2834,#2835,
#2836,#2837,#2838),.UNSPECIFIED.,.T.,.F.) B_SPLINE_CURVE_WITH_KNOTS((1,2
    ,2,2,2,1),(-2.094395102393,0.,2.094395102393,4.188790204786,
6.28318530718,8.377580409573),.UNSPECIFIED.) CURVE() 
GEOMETRIC_REPRESENTATION_ITEM() RATIONAL_B_SPLINE_CURVE((1.,0.5,1.,0.5,
1.,0.5,1.)) REPRESENTATION_ITEM('') );
#2832 = CARTESIAN_POINT('',(4.199999993123,-10.69999999758));
#2833 = CARTESIAN_POINT('',(4.199999993123,4.022431866748));
#2834 = CARTESIAN_POINT('',(16.949999993123,-3.33878406542));
#2835 = CARTESIAN_POINT('',(29.699999993123,-10.69999999758));
#2836 = CARTESIAN_POINT('',(16.949999993123,-18.06121592975));
#2837 = CARTESIAN_POINT('',(4.199999993123,-25.42243186192));
#2838 = CARTESIAN_POINT('',(4.199999993123,-10.69999999758));
#2839 = ( GEOMETRIC_REPRESENTATION_CONTEXT(2) 
PARAMETRIC_REPRESENTATION_CONTEXT() REPRESENTATION_CONTEXT('2D SPACE',''
  ) );
#2840 = PCURVE('',#2841,#2846);
#2841 = CYLINDRICAL_SURFACE('',#2842,8.5);
#2842 = AXIS2_PLACEMENT_3D('',#2843,#2844,#2845);
#2843 = CARTESIAN_POINT('',(12.699999991944,-10.7,1.8));
#2844 = DIRECTION('',(0.,0.,-1.));
#2845 = DIRECTION('',(-1.,0.,0.));
#2846 = DEFINITIONAL_REPRESENTATION('',(#2847),#2851);
#2847 = LINE('',#2848,#2849);
#2848 = CARTESIAN_POINT('',(0.,-7.7));
#2849 = VECTOR('',#2850,1.);
#2850 = DIRECTION('',(1.,0.));
#2851 = ( GEOMETRIC_REPRESENTATION_CONTEXT(2) 
PARAMETRIC_REPRESENTATION_CONTEXT() REPRESENTATION_CONTEXT('2D SPACE',''
  ) );
#2852 = ORIENTED_EDGE('',*,*,#2853,.T.);
#2853 = EDGE_CURVE('',#2821,#2854,#2856,.T.);
#2854 = VERTEX_POINT('',#2855);
#2855 = CARTESIAN_POINT('',(-12.7,-19.2,9.5));
#2856 = SURFACE_CURVE('',#2857,(#2861,#2867),.PCURVE_S1.);
#2857 = LINE('',#2858,#2859);
#2858 = CARTESIAN_POINT('',(-6.350000000589,-19.2,9.5));
#2859 = VECTOR('',#2860,1.);
#2860 = DIRECTION('',(-1.,0.,0.));
#2861 = PCURVE('',#440,#2862);
#2862 = DEFINITIONAL_REPRESENTATION('',(#2863),#2866);
#2863 = B_SPLINE_CURVE_WITH_KNOTS('',1,(#2864,#2865),.UNSPECIFIED.,.F.,
  .F.,(2,2),(-19.04999999253,6.349999999411),.PIECEWISE_BEZIER_KNOTS.);
#2864 = CARTESIAN_POINT('',(12.699999993123,-19.19999999758));
#2865 = CARTESIAN_POINT('',(-12.69999999882,-19.19999999758));
#2866 = ( GEOMETRIC_REPRESENTATION_CONTEXT(2) 
PARAMETRIC_REPRESENTATION_CONTEXT() REPRESENTATION_CONTEXT('2D SPACE',''
  ) );
#2867 = PCURVE('',#2868,#2873);
#2868 = PLANE('',#2869);
#2869 = AXIS2_PLACEMENT_3D('',#2870,#2871,#2872);
#2870 = CARTESIAN_POINT('',(-12.7,-19.2,1.8));
#2871 = DIRECTION('',(0.,1.,0.));
#2872 = DIRECTION('',(1.,0.,0.));
#2873 = DEFINITIONAL_REPRESENTATION('',(#2874),#2877);
#2874 = B_SPLINE_CURVE_WITH_KNOTS('',1,(#2875,#2876),.UNSPECIFIED.,.F.,
  .F.,(2,2),(-19.04999999253,6.349999999411),.PIECEWISE_BEZIER_KNOTS.);
#2875 = CARTESIAN_POINT('',(25.399999991944,-7.7));
#2876 = CARTESIAN_POINT('',(0.,-7.7));
#2877 = ( GEOMETRIC_REPRESENTATION_CONTEXT(2) 
PARAMETRIC_REPRESENTATION_CONTEXT() REPRESENTATION_CONTEXT('2D SPACE',''
  ) );
#2878 = ORIENTED_EDGE('',*,*,#2879,.T.);
#2879 = EDGE_CURVE('',#2854,#2682,#2880,.T.);
#2880 = SURFACE_CURVE('',#2881,(#2886,#2897),.PCURVE_S1.);
#2881 = CIRCLE('',#2882,8.5);
#2882 = AXIS2_PLACEMENT_3D('',#2883,#2884,#2885);
#2883 = CARTESIAN_POINT('',(-12.7,-10.7,9.5));
#2884 = DIRECTION('',(0.,0.,-1.));
#2885 = DIRECTION('',(-1.,0.,0.));
#2886 = PCURVE('',#440,#2887);
#2887 = DEFINITIONAL_REPRESENTATION('',(#2888),#2896);
#2888 = ( BOUNDED_CURVE() B_SPLINE_CURVE(2,(#2889,#2890,#2891,#2892,
#2893,#2894,#2895),.UNSPECIFIED.,.T.,.F.) B_SPLINE_CURVE_WITH_KNOTS((1,2
    ,2,2,2,1),(-2.094395102393,0.,2.094395102393,4.188790204786,
6.28318530718,8.377580409573),.UNSPECIFIED.) CURVE() 
GEOMETRIC_REPRESENTATION_ITEM() RATIONAL_B_SPLINE_CURVE((1.,0.5,1.,0.5,
1.,0.5,1.)) REPRESENTATION_ITEM('') );
#2889 = CARTESIAN_POINT('',(-21.19999999882,-10.69999999758));
#2890 = CARTESIAN_POINT('',(-21.19999999882,4.022431866748));
#2891 = CARTESIAN_POINT('',(-8.449999998821,-3.33878406542));
#2892 = CARTESIAN_POINT('',(4.300000001179,-10.69999999758));
#2893 = CARTESIAN_POINT('',(-8.449999998821,-18.06121592975));
#2894 = CARTESIAN_POINT('',(-21.19999999882,-25.42243186192));
#2895 = CARTESIAN_POINT('',(-21.19999999882,-10.69999999758));
#2896 = ( GEOMETRIC_REPRESENTATION_CONTEXT(2) 
PARAMETRIC_REPRESENTATION_CONTEXT() REPRESENTATION_CONTEXT('2D SPACE',''
  ) );
#2897 = PCURVE('',#2898,#2903);
#2898 = CYLINDRICAL_SURFACE('',#2899,8.5);
#2899 = AXIS2_PLACEMENT_3D('',#2900,#2901,#2902);
#2900 = CARTESIAN_POINT('',(-12.7,-10.7,1.8));
#2901 = DIRECTION('',(0.,0.,-1.));
#2902 = DIRECTION('',(-1.,0.,0.));
#2903 = DEFINITIONAL_REPRESENTATION('',(#2904),#2908);
#2904 = LINE('',#2905,#2906);
#2905 = CARTESIAN_POINT('',(0.,-7.7));
#2906 = VECTOR('',#2907,1.);
#2907 = DIRECTION('',(1.,0.));
#2908 = ( GEOMETRIC_REPRESENTATION_CONTEXT(2) 
PARAMETRIC_REPRESENTATION_CONTEXT() REPRESENTATION_CONTEXT('2D SPACE',''
  ) );
#2909 = ADVANCED_FACE('',(#2910),#466,.T.);
#2910 = FACE_BOUND('',#2911,.F.);
#2911 = EDGE_LOOP('',(#2912,#2913,#2914,#2934));
#2912 = ORIENTED_EDGE('',*,*,#452,.F.);
#2913 = ORIENTED_EDGE('',*,*,#506,.T.);
#2914 = ORIENTED_EDGE('',*,*,#2915,.T.);
#2915 = EDGE_CURVE('',#507,#2624,#2916,.T.);
#2916 = SURFACE_CURVE('',#2917,(#2922,#2928),.PCURVE_S1.);
#2917 = CIRCLE('',#2918,0.55);
#2918 = AXIS2_PLACEMENT_3D('',#2919,#2920,#2921);
#2919 = CARTESIAN_POINT('',(-12.5,21.449999984226,8.95));
#2920 = DIRECTION('',(1.,6.123233995737E-17,-0.));
#2921 = DIRECTION('',(-6.123233995737E-17,1.,0.));
#2922 = PCURVE('',#466,#2923);
#2923 = DEFINITIONAL_REPRESENTATION('',(#2924),#2927);
#2924 = B_SPLINE_CURVE_WITH_KNOTS('',1,(#2925,#2926),.UNSPECIFIED.,.F.,
  .F.,(2,2),(0.,1.570796326795),.PIECEWISE_BEZIER_KNOTS.);
#2925 = CARTESIAN_POINT('',(-1.570796326795,0.));
#2926 = CARTESIAN_POINT('',(-1.570796326795,1.570796326795));
#2927 = ( GEOMETRIC_REPRESENTATION_CONTEXT(2) 
PARAMETRIC_REPRESENTATION_CONTEXT() REPRESENTATION_CONTEXT('2D SPACE',''
  ) );
#2928 = PCURVE('',#2639,#2929);
#2929 = DEFINITIONAL_REPRESENTATION('',(#2930),#2933);
#2930 = B_SPLINE_CURVE_WITH_KNOTS('',1,(#2931,#2932),.UNSPECIFIED.,.F.,
  .F.,(2,2),(0.,1.570796326795),.PIECEWISE_BEZIER_KNOTS.);
#2931 = CARTESIAN_POINT('',(0.,0.));
#2932 = CARTESIAN_POINT('',(1.570796326795,0.));
#2933 = ( GEOMETRIC_REPRESENTATION_CONTEXT(2) 
PARAMETRIC_REPRESENTATION_CONTEXT() REPRESENTATION_CONTEXT('2D SPACE',''
  ) );
#2934 = ORIENTED_EDGE('',*,*,#2651,.F.);
#2935 = ADVANCED_FACE('',(#2936),#604,.T.);
#2936 = FACE_BOUND('',#2937,.F.);
#2937 = EDGE_LOOP('',(#2938,#2939,#2962,#2984,#2985));
#2938 = ORIENTED_EDGE('',*,*,#2125,.F.);
#2939 = ORIENTED_EDGE('',*,*,#2940,.T.);
#2940 = EDGE_CURVE('',#2098,#2941,#2943,.T.);
#2941 = VERTEX_POINT('',#2942);
#2942 = CARTESIAN_POINT('',(-15.8,22.8,4.6));
#2943 = SURFACE_CURVE('',#2944,(#2948,#2955),.PCURVE_S1.);
#2944 = LINE('',#2945,#2946);
#2945 = CARTESIAN_POINT('',(-15.8,22.8,0.));
#2946 = VECTOR('',#2947,1.);
#2947 = DIRECTION('',(0.,0.,1.));
#2948 = PCURVE('',#604,#2949);
#2949 = DEFINITIONAL_REPRESENTATION('',(#2950),#2954);
#2950 = LINE('',#2951,#2952);
#2951 = CARTESIAN_POINT('',(-3.14159265359,0.));
#2952 = VECTOR('',#2953,1.);
#2953 = DIRECTION('',(-0.,-1.));
#2954 = ( GEOMETRIC_REPRESENTATION_CONTEXT(2) 
PARAMETRIC_REPRESENTATION_CONTEXT() REPRESENTATION_CONTEXT('2D SPACE',''
  ) );
#2955 = PCURVE('',#2113,#2956);
#2956 = DEFINITIONAL_REPRESENTATION('',(#2957),#2961);
#2957 = LINE('',#2958,#2959);
#2958 = CARTESIAN_POINT('',(0.,0.));
#2959 = VECTOR('',#2960,1.);
#2960 = DIRECTION('',(0.,-1.));
#2961 = ( GEOMETRIC_REPRESENTATION_CONTEXT(2) 
PARAMETRIC_REPRESENTATION_CONTEXT() REPRESENTATION_CONTEXT('2D SPACE',''
  ) );
#2962 = ORIENTED_EDGE('',*,*,#2963,.T.);
#2963 = EDGE_CURVE('',#2941,#559,#2964,.T.);
#2964 = SURFACE_CURVE('',#2965,(#2970,#2977),.PCURVE_S1.);
#2965 = CIRCLE('',#2966,3.);
#2966 = AXIS2_PLACEMENT_3D('',#2967,#2968,#2969);
#2967 = CARTESIAN_POINT('',(-12.8000000141,22.8,4.6));
#2968 = DIRECTION('',(0.,0.,1.));
#2969 = DIRECTION('',(1.,0.,0.));
#2970 = PCURVE('',#604,#2971);
#2971 = DEFINITIONAL_REPRESENTATION('',(#2972),#2976);
#2972 = LINE('',#2973,#2974);
#2973 = CARTESIAN_POINT('',(-0.,-4.6));
#2974 = VECTOR('',#2975,1.);
#2975 = DIRECTION('',(-1.,0.));
#2976 = ( GEOMETRIC_REPRESENTATION_CONTEXT(2) 
PARAMETRIC_REPRESENTATION_CONTEXT() REPRESENTATION_CONTEXT('2D SPACE',''
  ) );
#2977 = PCURVE('',#575,#2978);
#2978 = DEFINITIONAL_REPRESENTATION('',(#2979),#2983);
#2979 = CIRCLE('',#2980,3.);
#2980 = AXIS2_PLACEMENT_2D('',#2981,#2982);
#2981 = CARTESIAN_POINT('',(-1.100000008339,-3.));
#2982 = DIRECTION('',(1.,0.));
#2983 = ( GEOMETRIC_REPRESENTATION_CONTEXT(2) 
PARAMETRIC_REPRESENTATION_CONTEXT() REPRESENTATION_CONTEXT('2D SPACE',''
  ) );
#2984 = ORIENTED_EDGE('',*,*,#591,.T.);
#2985 = ORIENTED_EDGE('',*,*,#2422,.T.);
#2986 = ADVANCED_FACE('',(#2987),#575,.T.);
#2987 = FACE_BOUND('',#2988,.T.);
#2988 = EDGE_LOOP('',(#2989,#3012,#3013,#3014,#3035,#3059,#3082,#3106,
    #3129));
#2989 = ORIENTED_EDGE('',*,*,#2990,.F.);
#2990 = EDGE_CURVE('',#2941,#2991,#2993,.T.);
#2991 = VERTEX_POINT('',#2992);
#2992 = CARTESIAN_POINT('',(-15.8,28.8,4.6));
#2993 = SURFACE_CURVE('',#2994,(#2998,#3005),.PCURVE_S1.);
#2994 = LINE('',#2995,#2996);
#2995 = CARTESIAN_POINT('',(-15.79999998589,25.8,4.6));
#2996 = VECTOR('',#2997,1.);
#2997 = DIRECTION('',(0.,1.,0.));
#2998 = PCURVE('',#575,#2999);
#2999 = DEFINITIONAL_REPRESENTATION('',(#3000),#3004);
#3000 = LINE('',#3001,#3002);
#3001 = CARTESIAN_POINT('',(-4.099999980135,-1.901339693486E-16));
#3002 = VECTOR('',#3003,1.);
#3003 = DIRECTION('',(0.,1.));
#3004 = ( GEOMETRIC_REPRESENTATION_CONTEXT(2) 
PARAMETRIC_REPRESENTATION_CONTEXT() REPRESENTATION_CONTEXT('2D SPACE',''
  ) );
#3005 = PCURVE('',#2113,#3006);
#3006 = DEFINITIONAL_REPRESENTATION('',(#3007),#3011);
#3007 = LINE('',#3008,#3009);
#3008 = CARTESIAN_POINT('',(3.,-4.6));
#3009 = VECTOR('',#3010,1.);
#3010 = DIRECTION('',(1.,0.));
#3011 = ( GEOMETRIC_REPRESENTATION_CONTEXT(2) 
PARAMETRIC_REPRESENTATION_CONTEXT() REPRESENTATION_CONTEXT('2D SPACE',''
  ) );
#3012 = ORIENTED_EDGE('',*,*,#2963,.T.);
#3013 = ORIENTED_EDGE('',*,*,#558,.T.);
#3014 = ORIENTED_EDGE('',*,*,#3015,.T.);
#3015 = EDGE_CURVE('',#531,#3016,#3018,.T.);
#3016 = VERTEX_POINT('',#3017);
#3017 = CARTESIAN_POINT('',(-7.70863355916,22.,4.6));
#3018 = SURFACE_CURVE('',#3019,(#3023,#3029),.PCURVE_S1.);
#3019 = LINE('',#3020,#3021);
#3020 = CARTESIAN_POINT('',(-12.10000000288,22.,4.6));
#3021 = VECTOR('',#3022,1.);
#3022 = DIRECTION('',(1.,0.,0.));
#3023 = PCURVE('',#575,#3024);
#3024 = DEFINITIONAL_REPRESENTATION('',(#3025),#3028);
#3025 = B_SPLINE_CURVE_WITH_KNOTS('',1,(#3026,#3027),.UNSPECIFIED.,.F.,
  .F.,(2,2),(-0.399999997119,4.500000016984),.PIECEWISE_BEZIER_KNOTS.);
#3026 = CARTESIAN_POINT('',(-0.799999994237,-3.8));
#3027 = CARTESIAN_POINT('',(4.100000019865,-3.8));
#3028 = ( GEOMETRIC_REPRESENTATION_CONTEXT(2) 
PARAMETRIC_REPRESENTATION_CONTEXT() REPRESENTATION_CONTEXT('2D SPACE',''
  ) );
#3029 = PCURVE('',#546,#3030);
#3030 = DEFINITIONAL_REPRESENTATION('',(#3031),#3034);
#3031 = B_SPLINE_CURVE_WITH_KNOTS('',1,(#3032,#3033),.UNSPECIFIED.,.F.,
  .F.,(2,2),(-0.399999997119,4.500000016984),.PIECEWISE_BEZIER_KNOTS.);
#3032 = CARTESIAN_POINT('',(0.,-4.6));
#3033 = CARTESIAN_POINT('',(4.900000014102,-4.6));
#3034 = ( GEOMETRIC_REPRESENTATION_CONTEXT(2) 
PARAMETRIC_REPRESENTATION_CONTEXT() REPRESENTATION_CONTEXT('2D SPACE',''
  ) );
#3035 = ORIENTED_EDGE('',*,*,#3036,.T.);
#3036 = EDGE_CURVE('',#3016,#3037,#3039,.T.);
#3037 = VERTEX_POINT('',#3038);
#3038 = CARTESIAN_POINT('',(-7.600000002009,22.8,4.6));
#3039 = SURFACE_CURVE('',#3040,(#3045,#3052),.PCURVE_S1.);
#3040 = CIRCLE('',#3041,3.);
#3041 = AXIS2_PLACEMENT_3D('',#3042,#3043,#3044);
#3042 = CARTESIAN_POINT('',(-10.60000001812,22.8,4.6));
#3043 = DIRECTION('',(0.,0.,1.));
#3044 = DIRECTION('',(1.,0.,0.));
#3045 = PCURVE('',#575,#3046);
#3046 = DEFINITIONAL_REPRESENTATION('',(#3047),#3051);
#3047 = CIRCLE('',#3048,3.);
#3048 = AXIS2_PLACEMENT_2D('',#3049,#3050);
#3049 = CARTESIAN_POINT('',(1.099999987642,-3.));
#3050 = DIRECTION('',(1.,0.));
#3051 = ( GEOMETRIC_REPRESENTATION_CONTEXT(2) 
PARAMETRIC_REPRESENTATION_CONTEXT() REPRESENTATION_CONTEXT('2D SPACE',''
  ) );
#3052 = PCURVE('',#1971,#3053);
#3053 = DEFINITIONAL_REPRESENTATION('',(#3054),#3058);
#3054 = LINE('',#3055,#3056);
#3055 = CARTESIAN_POINT('',(-0.,-4.6));
#3056 = VECTOR('',#3057,1.);
#3057 = DIRECTION('',(-1.,0.));
#3058 = ( GEOMETRIC_REPRESENTATION_CONTEXT(2) 
PARAMETRIC_REPRESENTATION_CONTEXT() REPRESENTATION_CONTEXT('2D SPACE',''
  ) );
#3059 = ORIENTED_EDGE('',*,*,#3060,.T.);
#3060 = EDGE_CURVE('',#3037,#3061,#3063,.T.);
#3061 = VERTEX_POINT('',#3062);
#3062 = CARTESIAN_POINT('',(-7.600000002009,28.8,4.6));
#3063 = SURFACE_CURVE('',#3064,(#3068,#3075),.PCURVE_S1.);
#3064 = LINE('',#3065,#3066);
#3065 = CARTESIAN_POINT('',(-7.599999985898,25.8,4.6));
#3066 = VECTOR('',#3067,1.);
#3067 = DIRECTION('',(0.,1.,0.));
#3068 = PCURVE('',#575,#3069);
#3069 = DEFINITIONAL_REPRESENTATION('',(#3070),#3074);
#3070 = LINE('',#3071,#3072);
#3071 = CARTESIAN_POINT('',(4.100000019865,-1.901339693486E-16));
#3072 = VECTOR('',#3073,1.);
#3073 = DIRECTION('',(0.,1.));
#3074 = ( GEOMETRIC_REPRESENTATION_CONTEXT(2) 
PARAMETRIC_REPRESENTATION_CONTEXT() REPRESENTATION_CONTEXT('2D SPACE',''
  ) );
#3075 = PCURVE('',#1999,#3076);
#3076 = DEFINITIONAL_REPRESENTATION('',(#3077),#3081);
#3077 = LINE('',#3078,#3079);
#3078 = CARTESIAN_POINT('',(3.,-4.6));
#3079 = VECTOR('',#3080,1.);
#3080 = DIRECTION('',(1.,0.));
#3081 = ( GEOMETRIC_REPRESENTATION_CONTEXT(2) 
PARAMETRIC_REPRESENTATION_CONTEXT() REPRESENTATION_CONTEXT('2D SPACE',''
  ) );
#3082 = ORIENTED_EDGE('',*,*,#3083,.T.);
#3083 = EDGE_CURVE('',#3061,#3084,#3086,.T.);
#3084 = VERTEX_POINT('',#3085);
#3085 = CARTESIAN_POINT('',(-10.60000001812,31.8,4.6));
#3086 = SURFACE_CURVE('',#3087,(#3092,#3099),.PCURVE_S1.);
#3087 = CIRCLE('',#3088,3.);
#3088 = AXIS2_PLACEMENT_3D('',#3089,#3090,#3091);
#3089 = CARTESIAN_POINT('',(-10.60000001812,28.8,4.6));
#3090 = DIRECTION('',(0.,0.,1.));
#3091 = DIRECTION('',(1.,0.,0.));
#3092 = PCURVE('',#575,#3093);
#3093 = DEFINITIONAL_REPRESENTATION('',(#3094),#3098);
#3094 = CIRCLE('',#3095,3.);
#3095 = AXIS2_PLACEMENT_2D('',#3096,#3097);
#3096 = CARTESIAN_POINT('',(1.099999987642,3.));
#3097 = DIRECTION('',(1.,0.));
#3098 = ( GEOMETRIC_REPRESENTATION_CONTEXT(2) 
PARAMETRIC_REPRESENTATION_CONTEXT() REPRESENTATION_CONTEXT('2D SPACE',''
  ) );
#3099 = PCURVE('',#2028,#3100);
#3100 = DEFINITIONAL_REPRESENTATION('',(#3101),#3105);
#3101 = LINE('',#3102,#3103);
#3102 = CARTESIAN_POINT('',(-0.,-4.6));
#3103 = VECTOR('',#3104,1.);
#3104 = DIRECTION('',(-1.,0.));
#3105 = ( GEOMETRIC_REPRESENTATION_CONTEXT(2) 
PARAMETRIC_REPRESENTATION_CONTEXT() REPRESENTATION_CONTEXT('2D SPACE',''
  ) );
#3106 = ORIENTED_EDGE('',*,*,#3107,.F.);
#3107 = EDGE_CURVE('',#3108,#3084,#3110,.T.);
#3108 = VERTEX_POINT('',#3109);
#3109 = CARTESIAN_POINT('',(-12.8000000141,31.8,4.6));
#3110 = SURFACE_CURVE('',#3111,(#3115,#3122),.PCURVE_S1.);
#3111 = LINE('',#3112,#3113);
#3112 = CARTESIAN_POINT('',(-11.69999998589,31.8,4.6));
#3113 = VECTOR('',#3114,1.);
#3114 = DIRECTION('',(1.,0.,0.));
#3115 = PCURVE('',#575,#3116);
#3116 = DEFINITIONAL_REPRESENTATION('',(#3117),#3121);
#3117 = LINE('',#3118,#3119);
#3118 = CARTESIAN_POINT('',(1.986489848045E-08,6.));
#3119 = VECTOR('',#3120,1.);
#3120 = DIRECTION('',(1.,0.));
#3121 = ( GEOMETRIC_REPRESENTATION_CONTEXT(2) 
PARAMETRIC_REPRESENTATION_CONTEXT() REPRESENTATION_CONTEXT('2D SPACE',''
  ) );
#3122 = PCURVE('',#2056,#3123);
#3123 = DEFINITIONAL_REPRESENTATION('',(#3124),#3128);
#3124 = LINE('',#3125,#3126);
#3125 = CARTESIAN_POINT('',(1.100000028204,-4.6));
#3126 = VECTOR('',#3127,1.);
#3127 = DIRECTION('',(1.,0.));
#3128 = ( GEOMETRIC_REPRESENTATION_CONTEXT(2) 
PARAMETRIC_REPRESENTATION_CONTEXT() REPRESENTATION_CONTEXT('2D SPACE',''
  ) );
#3129 = ORIENTED_EDGE('',*,*,#3130,.T.);
#3130 = EDGE_CURVE('',#3108,#2991,#3131,.T.);
#3131 = SURFACE_CURVE('',#3132,(#3137,#3144),.PCURVE_S1.);
#3132 = CIRCLE('',#3133,3.);
#3133 = AXIS2_PLACEMENT_3D('',#3134,#3135,#3136);
#3134 = CARTESIAN_POINT('',(-12.8000000141,28.8,4.6));
#3135 = DIRECTION('',(0.,0.,1.));
#3136 = DIRECTION('',(1.,0.,0.));
#3137 = PCURVE('',#575,#3138);
#3138 = DEFINITIONAL_REPRESENTATION('',(#3139),#3143);
#3139 = CIRCLE('',#3140,3.);
#3140 = AXIS2_PLACEMENT_2D('',#3141,#3142);
#3141 = CARTESIAN_POINT('',(-1.100000008339,3.));
#3142 = DIRECTION('',(1.,0.));
#3143 = ( GEOMETRIC_REPRESENTATION_CONTEXT(2) 
PARAMETRIC_REPRESENTATION_CONTEXT() REPRESENTATION_CONTEXT('2D SPACE',''
  ) );
#3144 = PCURVE('',#2085,#3145);
#3145 = DEFINITIONAL_REPRESENTATION('',(#3146),#3150);
#3146 = LINE('',#3147,#3148);
#3147 = CARTESIAN_POINT('',(-0.,-4.6));
#3148 = VECTOR('',#3149,1.);
#3149 = DIRECTION('',(-1.,0.));
#3150 = ( GEOMETRIC_REPRESENTATION_CONTEXT(2) 
PARAMETRIC_REPRESENTATION_CONTEXT() REPRESENTATION_CONTEXT('2D SPACE',''
  ) );
#3151 = ADVANCED_FACE('',(#3152),#546,.T.);
#3152 = FACE_BOUND('',#3153,.T.);
#3153 = EDGE_LOOP('',(#3154,#3155,#3156,#3179,#3207,#3233,#3254,#3277));
#3154 = ORIENTED_EDGE('',*,*,#3015,.F.);
#3155 = ORIENTED_EDGE('',*,*,#530,.T.);
#3156 = ORIENTED_EDGE('',*,*,#3157,.T.);
#3157 = EDGE_CURVE('',#507,#3158,#3160,.T.);
#3158 = VERTEX_POINT('',#3159);
#3159 = CARTESIAN_POINT('',(12.5,22.,8.95));
#3160 = SURFACE_CURVE('',#3161,(#3165,#3172),.PCURVE_S1.);
#3161 = LINE('',#3162,#3163);
#3162 = CARTESIAN_POINT('',(-12.5,22.,8.95));
#3163 = VECTOR('',#3164,1.);
#3164 = DIRECTION('',(1.,0.,0.));
#3165 = PCURVE('',#546,#3166);
#3166 = DEFINITIONAL_REPRESENTATION('',(#3167),#3171);
#3167 = LINE('',#3168,#3169);
#3168 = CARTESIAN_POINT('',(0.,-8.95));
#3169 = VECTOR('',#3170,1.);
#3170 = DIRECTION('',(1.,0.));
#3171 = ( GEOMETRIC_REPRESENTATION_CONTEXT(2) 
PARAMETRIC_REPRESENTATION_CONTEXT() REPRESENTATION_CONTEXT('2D SPACE',''
  ) );
#3172 = PCURVE('',#2639,#3173);
#3173 = DEFINITIONAL_REPRESENTATION('',(#3174),#3178);
#3174 = LINE('',#3175,#3176);
#3175 = CARTESIAN_POINT('',(0.,0.));
#3176 = VECTOR('',#3177,1.);
#3177 = DIRECTION('',(0.,1.));
#3178 = ( GEOMETRIC_REPRESENTATION_CONTEXT(2) 
PARAMETRIC_REPRESENTATION_CONTEXT() REPRESENTATION_CONTEXT('2D SPACE',''
  ) );
#3179 = ORIENTED_EDGE('',*,*,#3180,.F.);
#3180 = EDGE_CURVE('',#3181,#3158,#3183,.T.);
#3181 = VERTEX_POINT('',#3182);
#3182 = CARTESIAN_POINT('',(12.5,21.999999996056,4.6));
#3183 = SURFACE_CURVE('',#3184,(#3188,#3195),.PCURVE_S1.);
#3184 = LINE('',#3185,#3186);
#3185 = CARTESIAN_POINT('',(12.5,21.999999996056,0.));
#3186 = VECTOR('',#3187,1.);
#3187 = DIRECTION('',(0.,0.,1.));
#3188 = PCURVE('',#546,#3189);
#3189 = DEFINITIONAL_REPRESENTATION('',(#3190),#3194);
#3190 = LINE('',#3191,#3192);
#3191 = CARTESIAN_POINT('',(25.,0.));
#3192 = VECTOR('',#3193,1.);
#3193 = DIRECTION('',(0.,-1.));
#3194 = ( GEOMETRIC_REPRESENTATION_CONTEXT(2) 
PARAMETRIC_REPRESENTATION_CONTEXT() REPRESENTATION_CONTEXT('2D SPACE',''
  ) );
#3195 = PCURVE('',#3196,#3201);
#3196 = CYLINDRICAL_SURFACE('',#3197,11.5);
#3197 = AXIS2_PLACEMENT_3D('',#3198,#3199,#3200);
#3198 = CARTESIAN_POINT('',(12.5,10.499999992113,0.));
#3199 = DIRECTION('',(0.,0.,-1.));
#3200 = DIRECTION('',(-1.,0.,0.));
#3201 = DEFINITIONAL_REPRESENTATION('',(#3202),#3206);
#3202 = LINE('',#3203,#3204);
#3203 = CARTESIAN_POINT('',(1.570796326795,0.));
#3204 = VECTOR('',#3205,1.);
#3205 = DIRECTION('',(0.,-1.));
#3206 = ( GEOMETRIC_REPRESENTATION_CONTEXT(2) 
PARAMETRIC_REPRESENTATION_CONTEXT() REPRESENTATION_CONTEXT('2D SPACE',''
  ) );
#3207 = ORIENTED_EDGE('',*,*,#3208,.F.);
#3208 = EDGE_CURVE('',#3209,#3181,#3211,.T.);
#3209 = VERTEX_POINT('',#3210);
#3210 = CARTESIAN_POINT('',(7.708633526938,22.,4.6));
#3211 = SURFACE_CURVE('',#3212,(#3216,#3222),.PCURVE_S1.);
#3212 = LINE('',#3213,#3214);
#3213 = CARTESIAN_POINT('',(-0.400000002881,22.,4.6));
#3214 = VECTOR('',#3215,1.);
#3215 = DIRECTION('',(1.,0.,0.));
#3216 = PCURVE('',#546,#3217);
#3217 = DEFINITIONAL_REPRESENTATION('',(#3218),#3221);
#3218 = B_SPLINE_CURVE_WITH_KNOTS('',1,(#3219,#3220),.UNSPECIFIED.,.F.,
  .F.,(2,2),(7.999999988779,12.900000002881),.PIECEWISE_BEZIER_KNOTS.);
#3219 = CARTESIAN_POINT('',(20.099999985898,-4.6));
#3220 = CARTESIAN_POINT('',(25.,-4.6));
#3221 = ( GEOMETRIC_REPRESENTATION_CONTEXT(2) 
PARAMETRIC_REPRESENTATION_CONTEXT() REPRESENTATION_CONTEXT('2D SPACE',''
  ) );
#3222 = PCURVE('',#3223,#3228);
#3223 = PLANE('',#3224);
#3224 = AXIS2_PLACEMENT_3D('',#3225,#3226,#3227);
#3225 = CARTESIAN_POINT('',(11.699999994237,25.8,4.6));
#3226 = DIRECTION('',(0.,0.,1.));
#3227 = DIRECTION('',(1.,0.,-0.));
#3228 = DEFINITIONAL_REPRESENTATION('',(#3229),#3232);
#3229 = B_SPLINE_CURVE_WITH_KNOTS('',1,(#3230,#3231),.UNSPECIFIED.,.F.,
  .F.,(2,2),(7.999999988779,12.900000002881),.PIECEWISE_BEZIER_KNOTS.);
#3230 = CARTESIAN_POINT('',(-4.100000008339,-3.8));
#3231 = CARTESIAN_POINT('',(0.800000005763,-3.8));
#3232 = ( GEOMETRIC_REPRESENTATION_CONTEXT(2) 
PARAMETRIC_REPRESENTATION_CONTEXT() REPRESENTATION_CONTEXT('2D SPACE',''
  ) );
#3233 = ORIENTED_EDGE('',*,*,#3234,.T.);
#3234 = EDGE_CURVE('',#3209,#3235,#3237,.T.);
#3235 = VERTEX_POINT('',#3236);
#3236 = CARTESIAN_POINT('',(7.708633526938,22.,0.55));
#3237 = SURFACE_CURVE('',#3238,(#3242,#3248),.PCURVE_S1.);
#3238 = LINE('',#3239,#3240);
#3239 = CARTESIAN_POINT('',(7.708633526938,22.,0.));
#3240 = VECTOR('',#3241,1.);
#3241 = DIRECTION('',(-0.,-0.,-1.));
#3242 = PCURVE('',#546,#3243);
#3243 = DEFINITIONAL_REPRESENTATION('',(#3244),#3247);
#3244 = B_SPLINE_CURVE_WITH_KNOTS('',1,(#3245,#3246),.UNSPECIFIED.,.F.,
  .F.,(2,2),(-4.6000006,6.E-07),.PIECEWISE_BEZIER_KNOTS.);
#3245 = CARTESIAN_POINT('',(20.208633526938,-4.6000006));
#3246 = CARTESIAN_POINT('',(20.208633526938,6.E-07));
#3247 = ( GEOMETRIC_REPRESENTATION_CONTEXT(2) 
PARAMETRIC_REPRESENTATION_CONTEXT() REPRESENTATION_CONTEXT('2D SPACE',''
  ) );
#3248 = PCURVE('',#1914,#3249);
#3249 = DEFINITIONAL_REPRESENTATION('',(#3250),#3253);
#3250 = B_SPLINE_CURVE_WITH_KNOTS('',1,(#3251,#3252),.UNSPECIFIED.,.F.,
  .F.,(2,2),(-4.6000006,6.E-07),.PIECEWISE_BEZIER_KNOTS.);
#3251 = CARTESIAN_POINT('',(-3.411525449423,-4.6000006));
#3252 = CARTESIAN_POINT('',(-3.411525449423,6.E-07));
#3253 = ( GEOMETRIC_REPRESENTATION_CONTEXT(2) 
PARAMETRIC_REPRESENTATION_CONTEXT() REPRESENTATION_CONTEXT('2D SPACE',''
  ) );
#3254 = ORIENTED_EDGE('',*,*,#3255,.F.);
#3255 = EDGE_CURVE('',#3256,#3235,#3258,.T.);
#3256 = VERTEX_POINT('',#3257);
#3257 = CARTESIAN_POINT('',(-7.70863355916,22.,0.55));
#3258 = SURFACE_CURVE('',#3259,(#3263,#3270),.PCURVE_S1.);
#3259 = LINE('',#3260,#3261);
#3260 = CARTESIAN_POINT('',(-12.5,22.,0.55));
#3261 = VECTOR('',#3262,1.);
#3262 = DIRECTION('',(1.,0.,0.));
#3263 = PCURVE('',#546,#3264);
#3264 = DEFINITIONAL_REPRESENTATION('',(#3265),#3269);
#3265 = LINE('',#3266,#3267);
#3266 = CARTESIAN_POINT('',(0.,-0.55));
#3267 = VECTOR('',#3268,1.);
#3268 = DIRECTION('',(1.,0.));
#3269 = ( GEOMETRIC_REPRESENTATION_CONTEXT(2) 
PARAMETRIC_REPRESENTATION_CONTEXT() REPRESENTATION_CONTEXT('2D SPACE',''
  ) );
#3270 = PCURVE('',#1942,#3271);
#3271 = DEFINITIONAL_REPRESENTATION('',(#3272),#3276);
#3272 = LINE('',#3273,#3274);
#3273 = CARTESIAN_POINT('',(-0.,0.));
#3274 = VECTOR('',#3275,1.);
#3275 = DIRECTION('',(-0.,1.));
#3276 = ( GEOMETRIC_REPRESENTATION_CONTEXT(2) 
PARAMETRIC_REPRESENTATION_CONTEXT() REPRESENTATION_CONTEXT('2D SPACE',''
  ) );
#3277 = ORIENTED_EDGE('',*,*,#3278,.F.);
#3278 = EDGE_CURVE('',#3016,#3256,#3279,.T.);
#3279 = SURFACE_CURVE('',#3280,(#3284,#3290),.PCURVE_S1.);
#3280 = LINE('',#3281,#3282);
#3281 = CARTESIAN_POINT('',(-7.70863355916,22.,0.));
#3282 = VECTOR('',#3283,1.);
#3283 = DIRECTION('',(-0.,-0.,-1.));
#3284 = PCURVE('',#546,#3285);
#3285 = DEFINITIONAL_REPRESENTATION('',(#3286),#3289);
#3286 = B_SPLINE_CURVE_WITH_KNOTS('',1,(#3287,#3288),.UNSPECIFIED.,.F.,
  .F.,(2,2),(-4.6000006,6.E-07),.PIECEWISE_BEZIER_KNOTS.);
#3287 = CARTESIAN_POINT('',(4.79136644084,-4.6000006));
#3288 = CARTESIAN_POINT('',(4.79136644084,6.E-07));
#3289 = ( GEOMETRIC_REPRESENTATION_CONTEXT(2) 
PARAMETRIC_REPRESENTATION_CONTEXT() REPRESENTATION_CONTEXT('2D SPACE',''
  ) );
#3290 = PCURVE('',#1971,#3291);
#3291 = DEFINITIONAL_REPRESENTATION('',(#3292),#3295);
#3292 = B_SPLINE_CURVE_WITH_KNOTS('',1,(#3293,#3294),.UNSPECIFIED.,.F.,
  .F.,(2,2),(-4.6000006,6.E-07),.PIECEWISE_BEZIER_KNOTS.);
#3293 = CARTESIAN_POINT('',(-6.013252511346,-4.6000006));
#3294 = CARTESIAN_POINT('',(-6.013252511346,6.E-07));
#3295 = ( GEOMETRIC_REPRESENTATION_CONTEXT(2) 
PARAMETRIC_REPRESENTATION_CONTEXT() REPRESENTATION_CONTEXT('2D SPACE',''
  ) );
#3296 = ADVANCED_FACE('',(#3297,#3372),#635,.F.);
#3297 = FACE_BOUND('',#3298,.F.);
#3298 = EDGE_LOOP('',(#3299,#3329,#3350,#3351));
#3299 = ORIENTED_EDGE('',*,*,#3300,.F.);
#3300 = EDGE_CURVE('',#3301,#3303,#3305,.T.);
#3301 = VERTEX_POINT('',#3302);
#3302 = CARTESIAN_POINT('',(-21.2,-10.7,1.8));
#3303 = VERTEX_POINT('',#3304);
#3304 = CARTESIAN_POINT('',(-21.2,10.699999946586,1.8));
#3305 = SURFACE_CURVE('',#3306,(#3310,#3317),.PCURVE_S1.);
#3306 = LINE('',#3307,#3308);
#3307 = CARTESIAN_POINT('',(-21.2,1.24344978758E-14,1.8));
#3308 = VECTOR('',#3309,1.);
#3309 = DIRECTION('',(0.,1.,0.));
#3310 = PCURVE('',#635,#3311);
#3311 = DEFINITIONAL_REPRESENTATION('',(#3312),#3316);
#3312 = LINE('',#3313,#3314);
#3313 = CARTESIAN_POINT('',(10.7,0.));
#3314 = VECTOR('',#3315,1.);
#3315 = DIRECTION('',(1.,0.));
#3316 = ( GEOMETRIC_REPRESENTATION_CONTEXT(2) 
PARAMETRIC_REPRESENTATION_CONTEXT() REPRESENTATION_CONTEXT('2D SPACE',''
  ) );
#3317 = PCURVE('',#3318,#3323);
#3318 = PLANE('',#3319);
#3319 = AXIS2_PLACEMENT_3D('',#3320,#3321,#3322);
#3320 = CARTESIAN_POINT('',(-1.425198320616E-09,-1.638325935653E-08,1.8)
  );
#3321 = DIRECTION('',(0.,0.,1.));
#3322 = DIRECTION('',(1.,0.,-0.));
#3323 = DEFINITIONAL_REPRESENTATION('',(#3324),#3328);
#3324 = LINE('',#3325,#3326);
#3325 = CARTESIAN_POINT('',(-21.19999999857,1.638327179102E-08));
#3326 = VECTOR('',#3327,1.);
#3327 = DIRECTION('',(0.,1.));
#3328 = ( GEOMETRIC_REPRESENTATION_CONTEXT(2) 
PARAMETRIC_REPRESENTATION_CONTEXT() REPRESENTATION_CONTEXT('2D SPACE',''
  ) );
#3329 = ORIENTED_EDGE('',*,*,#3330,.T.);
#3330 = EDGE_CURVE('',#3301,#2682,#3331,.T.);
#3331 = SURFACE_CURVE('',#3332,(#3336,#3343),.PCURVE_S1.);
#3332 = LINE('',#3333,#3334);
#3333 = CARTESIAN_POINT('',(-21.2,-10.7,1.8));
#3334 = VECTOR('',#3335,1.);
#3335 = DIRECTION('',(0.,0.,1.));
#3336 = PCURVE('',#635,#3337);
#3337 = DEFINITIONAL_REPRESENTATION('',(#3338),#3342);
#3338 = LINE('',#3339,#3340);
#3339 = CARTESIAN_POINT('',(-1.7763568394E-15,0.));
#3340 = VECTOR('',#3341,1.);
#3341 = DIRECTION('',(0.,-1.));
#3342 = ( GEOMETRIC_REPRESENTATION_CONTEXT(2) 
PARAMETRIC_REPRESENTATION_CONTEXT() REPRESENTATION_CONTEXT('2D SPACE',''
  ) );
#3343 = PCURVE('',#2898,#3344);
#3344 = DEFINITIONAL_REPRESENTATION('',(#3345),#3349);
#3345 = LINE('',#3346,#3347);
#3346 = CARTESIAN_POINT('',(6.28318530718,0.));
#3347 = VECTOR('',#3348,1.);
#3348 = DIRECTION('',(0.,-1.));
#3349 = ( GEOMETRIC_REPRESENTATION_CONTEXT(2) 
PARAMETRIC_REPRESENTATION_CONTEXT() REPRESENTATION_CONTEXT('2D SPACE',''
  ) );
#3350 = ORIENTED_EDGE('',*,*,#2679,.F.);
#3351 = ORIENTED_EDGE('',*,*,#3352,.F.);
#3352 = EDGE_CURVE('',#3303,#2680,#3353,.T.);
#3353 = SURFACE_CURVE('',#3354,(#3358,#3365),.PCURVE_S1.);
#3354 = LINE('',#3355,#3356);
#3355 = CARTESIAN_POINT('',(-21.2,10.699999946586,1.8));
#3356 = VECTOR('',#3357,1.);
#3357 = DIRECTION('',(0.,0.,1.));
#3358 = PCURVE('',#635,#3359);
#3359 = DEFINITIONAL_REPRESENTATION('',(#3360),#3364);
#3360 = LINE('',#3361,#3362);
#3361 = CARTESIAN_POINT('',(21.399999946586,0.));
#3362 = VECTOR('',#3363,1.);
#3363 = DIRECTION('',(0.,-1.));
#3364 = ( GEOMETRIC_REPRESENTATION_CONTEXT(2) 
PARAMETRIC_REPRESENTATION_CONTEXT() REPRESENTATION_CONTEXT('2D SPACE',''
  ) );
#3365 = PCURVE('',#2723,#3366);
#3366 = DEFINITIONAL_REPRESENTATION('',(#3367),#3371);
#3367 = LINE('',#3368,#3369);
#3368 = CARTESIAN_POINT('',(0.,0.));
#3369 = VECTOR('',#3370,1.);
#3370 = DIRECTION('',(0.,-1.));
#3371 = ( GEOMETRIC_REPRESENTATION_CONTEXT(2) 
PARAMETRIC_REPRESENTATION_CONTEXT() REPRESENTATION_CONTEXT('2D SPACE',''
  ) );
#3372 = FACE_BOUND('',#3373,.F.);
#3373 = EDGE_LOOP('',(#3374));
#3374 = ORIENTED_EDGE('',*,*,#618,.T.);
#3375 = ADVANCED_FACE('',(#3376),#695,.T.);
#3376 = FACE_BOUND('',#3377,.T.);
#3377 = EDGE_LOOP('',(#3378,#3379,#3402,#3435,#3463,#3484,#3485));
#3378 = ORIENTED_EDGE('',*,*,#1273,.F.);
#3379 = ORIENTED_EDGE('',*,*,#3380,.T.);
#3380 = EDGE_CURVE('',#1274,#3381,#3383,.T.);
#3381 = VERTEX_POINT('',#3382);
#3382 = CARTESIAN_POINT('',(-15.8,-28.8,1.451471862576));
#3383 = SURFACE_CURVE('',#3384,(#3388,#3395),.PCURVE_S1.);
#3384 = LINE('',#3385,#3386);
#3385 = CARTESIAN_POINT('',(-15.8,-28.8,0.));
#3386 = VECTOR('',#3387,1.);
#3387 = DIRECTION('',(0.,0.,1.));
#3388 = PCURVE('',#695,#3389);
#3389 = DEFINITIONAL_REPRESENTATION('',(#3390),#3394);
#3390 = LINE('',#3391,#3392);
#3391 = CARTESIAN_POINT('',(0.,0.));
#3392 = VECTOR('',#3393,1.);
#3393 = DIRECTION('',(0.,-1.));
#3394 = ( GEOMETRIC_REPRESENTATION_CONTEXT(2) 
PARAMETRIC_REPRESENTATION_CONTEXT() REPRESENTATION_CONTEXT('2D SPACE',''
  ) );
#3395 = PCURVE('',#724,#3396);
#3396 = DEFINITIONAL_REPRESENTATION('',(#3397),#3401);
#3397 = LINE('',#3398,#3399);
#3398 = CARTESIAN_POINT('',(-3.14159265359,0.));
#3399 = VECTOR('',#3400,1.);
#3400 = DIRECTION('',(-0.,-1.));
#3401 = ( GEOMETRIC_REPRESENTATION_CONTEXT(2) 
PARAMETRIC_REPRESENTATION_CONTEXT() REPRESENTATION_CONTEXT('2D SPACE',''
  ) );
#3402 = ORIENTED_EDGE('',*,*,#3403,.T.);
#3403 = EDGE_CURVE('',#3381,#3404,#3406,.T.);
#3404 = VERTEX_POINT('',#3405);
#3405 = CARTESIAN_POINT('',(-15.79999998589,-28.1,1.2));
#3406 = SURFACE_CURVE('',#3407,(#3412,#3423),.PCURVE_S1.);
#3407 = CIRCLE('',#3408,1.1);
#3408 = AXIS2_PLACEMENT_3D('',#3409,#3410,#3411);
#3409 = CARTESIAN_POINT('',(-15.79999998589,-28.1,2.3));
#3410 = DIRECTION('',(1.,0.,2.22044604925E-16));
#3411 = DIRECTION('',(2.22044604925E-16,0.,-1.));
#3412 = PCURVE('',#695,#3413);
#3413 = DEFINITIONAL_REPRESENTATION('',(#3414),#3422);
#3414 = ( BOUNDED_CURVE() B_SPLINE_CURVE(2,(#3415,#3416,#3417,#3418,
#3419,#3420,#3421),.UNSPECIFIED.,.T.,.F.) B_SPLINE_CURVE_WITH_KNOTS((1,2
    ,2,2,2,1),(-2.094395102393,0.,2.094395102393,4.188790204786,
6.28318530718,8.377580409573),.UNSPECIFIED.) CURVE() 
GEOMETRIC_REPRESENTATION_ITEM() RATIONAL_B_SPLINE_CURVE((1.,0.5,1.,0.5,
1.,0.5,1.)) REPRESENTATION_ITEM('') );
#3415 = CARTESIAN_POINT('',(0.7,-1.2));
#3416 = CARTESIAN_POINT('',(2.605255888326,-1.2));
#3417 = CARTESIAN_POINT('',(1.652627944163,-2.85));
#3418 = CARTESIAN_POINT('',(0.7,-4.5));
#3419 = CARTESIAN_POINT('',(-0.252627944163,-2.85));
#3420 = CARTESIAN_POINT('',(-1.205255888326,-1.2));
#3421 = CARTESIAN_POINT('',(0.7,-1.2));
#3422 = ( GEOMETRIC_REPRESENTATION_CONTEXT(2) 
PARAMETRIC_REPRESENTATION_CONTEXT() REPRESENTATION_CONTEXT('2D SPACE',''
  ) );
#3423 = PCURVE('',#3424,#3429);
#3424 = CYLINDRICAL_SURFACE('',#3425,1.1);
#3425 = AXIS2_PLACEMENT_3D('',#3426,#3427,#3428);
#3426 = CARTESIAN_POINT('',(-16.7,-28.1,2.3));
#3427 = DIRECTION('',(1.,0.,2.22044604925E-16));
#3428 = DIRECTION('',(2.22044604925E-16,0.,-1.));
#3429 = DEFINITIONAL_REPRESENTATION('',(#3430),#3434);
#3430 = LINE('',#3431,#3432);
#3431 = CARTESIAN_POINT('',(0.,0.900000014102));
#3432 = VECTOR('',#3433,1.);
#3433 = DIRECTION('',(1.,0.));
#3434 = ( GEOMETRIC_REPRESENTATION_CONTEXT(2) 
PARAMETRIC_REPRESENTATION_CONTEXT() REPRESENTATION_CONTEXT('2D SPACE',''
  ) );
#3435 = ORIENTED_EDGE('',*,*,#3436,.T.);
#3436 = EDGE_CURVE('',#3404,#3437,#3439,.T.);
#3437 = VERTEX_POINT('',#3438);
#3438 = CARTESIAN_POINT('',(-15.8,-28.8,3.148528137424));
#3439 = SURFACE_CURVE('',#3440,(#3445,#3456),.PCURVE_S1.);
#3440 = CIRCLE('',#3441,1.1);
#3441 = AXIS2_PLACEMENT_3D('',#3442,#3443,#3444);
#3442 = CARTESIAN_POINT('',(-15.79999998589,-28.1,2.3));
#3443 = DIRECTION('',(1.,0.,2.22044604925E-16));
#3444 = DIRECTION('',(2.22044604925E-16,0.,-1.));
#3445 = PCURVE('',#695,#3446);
#3446 = DEFINITIONAL_REPRESENTATION('',(#3447),#3455);
#3447 = ( BOUNDED_CURVE() B_SPLINE_CURVE(2,(#3448,#3449,#3450,#3451,
#3452,#3453,#3454),.UNSPECIFIED.,.T.,.F.) B_SPLINE_CURVE_WITH_KNOTS((1,2
    ,2,2,2,1),(-2.094395102393,0.,2.094395102393,4.188790204786,
6.28318530718,8.377580409573),.UNSPECIFIED.) CURVE() 
GEOMETRIC_REPRESENTATION_ITEM() RATIONAL_B_SPLINE_CURVE((1.,0.5,1.,0.5,
1.,0.5,1.)) REPRESENTATION_ITEM('') );
#3448 = CARTESIAN_POINT('',(0.7,-1.2));
#3449 = CARTESIAN_POINT('',(2.605255888326,-1.2));
#3450 = CARTESIAN_POINT('',(1.652627944163,-2.85));
#3451 = CARTESIAN_POINT('',(0.7,-4.5));
#3452 = CARTESIAN_POINT('',(-0.252627944163,-2.85));
#3453 = CARTESIAN_POINT('',(-1.205255888326,-1.2));
#3454 = CARTESIAN_POINT('',(0.7,-1.2));
#3455 = ( GEOMETRIC_REPRESENTATION_CONTEXT(2) 
PARAMETRIC_REPRESENTATION_CONTEXT() REPRESENTATION_CONTEXT('2D SPACE',''
  ) );
#3456 = PCURVE('',#3424,#3457);
#3457 = DEFINITIONAL_REPRESENTATION('',(#3458),#3462);
#3458 = LINE('',#3459,#3460);
#3459 = CARTESIAN_POINT('',(0.,0.900000014102));
#3460 = VECTOR('',#3461,1.);
#3461 = DIRECTION('',(1.,0.));
#3462 = ( GEOMETRIC_REPRESENTATION_CONTEXT(2) 
PARAMETRIC_REPRESENTATION_CONTEXT() REPRESENTATION_CONTEXT('2D SPACE',''
  ) );
#3463 = ORIENTED_EDGE('',*,*,#3464,.T.);
#3464 = EDGE_CURVE('',#3437,#678,#3465,.T.);
#3465 = SURFACE_CURVE('',#3466,(#3470,#3477),.PCURVE_S1.);
#3466 = LINE('',#3467,#3468);
#3467 = CARTESIAN_POINT('',(-15.8,-28.8,0.));
#3468 = VECTOR('',#3469,1.);
#3469 = DIRECTION('',(0.,0.,1.));
#3470 = PCURVE('',#695,#3471);
#3471 = DEFINITIONAL_REPRESENTATION('',(#3472),#3476);
#3472 = LINE('',#3473,#3474);
#3473 = CARTESIAN_POINT('',(0.,0.));
#3474 = VECTOR('',#3475,1.);
#3475 = DIRECTION('',(0.,-1.));
#3476 = ( GEOMETRIC_REPRESENTATION_CONTEXT(2) 
PARAMETRIC_REPRESENTATION_CONTEXT() REPRESENTATION_CONTEXT('2D SPACE',''
  ) );
#3477 = PCURVE('',#724,#3478);
#3478 = DEFINITIONAL_REPRESENTATION('',(#3479),#3483);
#3479 = LINE('',#3480,#3481);
#3480 = CARTESIAN_POINT('',(-3.14159265359,0.));
#3481 = VECTOR('',#3482,1.);
#3482 = DIRECTION('',(-0.,-1.));
#3483 = ( GEOMETRIC_REPRESENTATION_CONTEXT(2) 
PARAMETRIC_REPRESENTATION_CONTEXT() REPRESENTATION_CONTEXT('2D SPACE',''
  ) );
#3484 = ORIENTED_EDGE('',*,*,#677,.T.);
#3485 = ORIENTED_EDGE('',*,*,#1001,.F.);
#3486 = ADVANCED_FACE('',(#3487),#838,.T.);
#3487 = FACE_BOUND('',#3488,.F.);
#3488 = EDGE_LOOP('',(#3489,#3490,#3511,#3512,#3513));
#3489 = ORIENTED_EDGE('',*,*,#1390,.F.);
#3490 = ORIENTED_EDGE('',*,*,#3491,.T.);
#3491 = EDGE_CURVE('',#1368,#794,#3492,.T.);
#3492 = SURFACE_CURVE('',#3493,(#3497,#3504),.PCURVE_S1.);
#3493 = LINE('',#3494,#3495);
#3494 = CARTESIAN_POINT('',(-7.600000002009,-22.8,0.));
#3495 = VECTOR('',#3496,1.);
#3496 = DIRECTION('',(0.,0.,1.));
#3497 = PCURVE('',#838,#3498);
#3498 = DEFINITIONAL_REPRESENTATION('',(#3499),#3503);
#3499 = LINE('',#3500,#3501);
#3500 = CARTESIAN_POINT('',(-0.,0.));
#3501 = VECTOR('',#3502,1.);
#3502 = DIRECTION('',(-0.,-1.));
#3503 = ( GEOMETRIC_REPRESENTATION_CONTEXT(2) 
PARAMETRIC_REPRESENTATION_CONTEXT() REPRESENTATION_CONTEXT('2D SPACE',''
  ) );
#3504 = PCURVE('',#809,#3505);
#3505 = DEFINITIONAL_REPRESENTATION('',(#3506),#3510);
#3506 = LINE('',#3507,#3508);
#3507 = CARTESIAN_POINT('',(6.,0.));
#3508 = VECTOR('',#3509,1.);
#3509 = DIRECTION('',(0.,-1.));
#3510 = ( GEOMETRIC_REPRESENTATION_CONTEXT(2) 
PARAMETRIC_REPRESENTATION_CONTEXT() REPRESENTATION_CONTEXT('2D SPACE',''
  ) );
#3511 = ORIENTED_EDGE('',*,*,#821,.T.);
#3512 = ORIENTED_EDGE('',*,*,#1248,.T.);
#3513 = ORIENTED_EDGE('',*,*,#3514,.T.);
#3514 = EDGE_CURVE('',#1221,#1391,#3515,.T.);
#3515 = SURFACE_CURVE('',#3516,(#3531,#3549),.PCURVE_S1.);
#3516 = B_SPLINE_CURVE_WITH_KNOTS('',7,(#3517,#3518,#3519,#3520,#3521,
    #3522,#3523,#3524,#3525,#3526,#3527,#3528,#3529,#3530),
  .UNSPECIFIED.,.F.,.F.,(8,6,8),(0.,0.448264269073,1.),.UNSPECIFIED.);
#3517 = CARTESIAN_POINT('',(-7.70863355916,-22.,0.55));
#3518 = CARTESIAN_POINT('',(-7.70863355916,-22.,0.496260332516));
#3519 = CARTESIAN_POINT('',(-7.710328586971,-21.99387404884,
    0.442439487621));
#3520 = CARTESIAN_POINT('',(-7.713727532312,-21.98158877303,
    0.389323161543));
#3521 = CARTESIAN_POINT('',(-7.718898614516,-21.96321856316,
    0.337699106449));
#3522 = CARTESIAN_POINT('',(-7.725971449304,-21.93893768211,
    0.288340663928));
#3523 = CARTESIAN_POINT('',(-7.735124777972,-21.90901084679,
    0.24200082343));
#3524 = CARTESIAN_POINT('',(-7.76063446459,-21.8304220194,0.147003250057
    ));
#3525 = CARTESIAN_POINT('',(-7.778216300514,-21.77887474995,
    0.100091859579));
#3526 = CARTESIAN_POINT('',(-7.799564740643,-21.72017369005,
    6.073022865441E-02));
#3527 = CARTESIAN_POINT('',(-7.824815943609,-21.65596695881,
    3.041673243249E-02));
#3528 = CARTESIAN_POINT('',(-7.853874446223,-21.58817879203,
    1.005666175195E-02));
#3529 = CARTESIAN_POINT('',(-7.886218064398,-21.51885505922,
    -1.110223024625E-16));
#3530 = CARTESIAN_POINT('',(-7.920914353197,-21.45,-1.110223024625E-16)
  );
#3531 = PCURVE('',#838,#3532);
#3532 = DEFINITIONAL_REPRESENTATION('',(#3533),#3548);
#3533 = B_SPLINE_CURVE_WITH_KNOTS('',7,(#3534,#3535,#3536,#3537,#3538,
    #3539,#3540,#3541,#3542,#3543,#3544,#3545,#3546,#3547),
  .UNSPECIFIED.,.F.,.F.,(8,6,8),(0.,0.448264269073,1.),.UNSPECIFIED.);
#3534 = CARTESIAN_POINT('',(-0.269932795833,-0.55));
#3535 = CARTESIAN_POINT('',(-0.269932795833,-0.496260332516));
#3536 = CARTESIAN_POINT('',(-0.272051493321,-0.442439487621));
#3537 = CARTESIAN_POINT('',(-0.276300466813,-0.389323161543));
#3538 = CARTESIAN_POINT('',(-0.282661739877,-0.337699106449));
#3539 = CARTESIAN_POINT('',(-0.291090978207,-0.288340663928));
#3540 = CARTESIAN_POINT('',(-0.301521232874,-0.24200082343));
#3541 = CARTESIAN_POINT('',(-0.329063015075,-0.147003250057));
#3542 = CARTESIAN_POINT('',(-0.347215389674,-0.100091859579));
#3543 = CARTESIAN_POINT('',(-0.368029432713,-6.073022865429E-02));
#3544 = CARTESIAN_POINT('',(-0.391011532185,-3.041673243261E-02));
#3545 = CARTESIAN_POINT('',(-0.41557678531,-1.00566617519E-02));
#3546 = CARTESIAN_POINT('',(-0.441064384381,1.110223024625E-16));
#3547 = CARTESIAN_POINT('',(-0.466765339047,1.110223024625E-16));
#3548 = ( GEOMETRIC_REPRESENTATION_CONTEXT(2) 
PARAMETRIC_REPRESENTATION_CONTEXT() REPRESENTATION_CONTEXT('2D SPACE',''
  ) );
#3549 = PCURVE('',#1236,#3550);
#3550 = DEFINITIONAL_REPRESENTATION('',(#3551),#3566);
#3551 = B_SPLINE_CURVE_WITH_KNOTS('',7,(#3552,#3553,#3554,#3555,#3556,
    #3557,#3558,#3559,#3560,#3561,#3562,#3563,#3564,#3565),
  .UNSPECIFIED.,.F.,.F.,(8,6,8),(0.,0.448264269073,1.),.UNSPECIFIED.);
#3552 = CARTESIAN_POINT('',(0.,20.208633546581));
#3553 = CARTESIAN_POINT('',(-9.770848633504E-02,20.208633546581));
#3554 = CARTESIAN_POINT('',(-0.195564754522,20.210328574392));
#3555 = CARTESIAN_POINT('',(-0.293662897448,20.213727519732));
#3556 = CARTESIAN_POINT('',(-0.392117016082,20.218898601937));
#3557 = CARTESIAN_POINT('',(-0.491061794426,20.225971436725));
#3558 = CARTESIAN_POINT('',(-0.590664781991,20.235124765393));
#3559 = CARTESIAN_POINT('',(-0.814830767843,20.260634452011));
#3560 = CARTESIAN_POINT('',(-0.940291274758,20.278216287935));
#3561 = CARTESIAN_POINT('',(-1.066556515009,20.299564728064));
#3562 = CARTESIAN_POINT('',(-1.193106062096,20.324815931029));
#3563 = CARTESIAN_POINT('',(-1.319562187688,20.353874433644));
#3564 = CARTESIAN_POINT('',(-1.44560531003,20.386218051818));
#3565 = CARTESIAN_POINT('',(-1.570796326795,20.420914340617));
#3566 = ( GEOMETRIC_REPRESENTATION_CONTEXT(2) 
PARAMETRIC_REPRESENTATION_CONTEXT() REPRESENTATION_CONTEXT('2D SPACE',''
  ) );
#3567 = ADVANCED_FACE('',(#3568),#809,.F.);
#3568 = FACE_BOUND('',#3569,.F.);
#3569 = EDGE_LOOP('',(#3570,#3571,#3594,#3622,#3650,#3671,#3672));
#3570 = ORIENTED_EDGE('',*,*,#1367,.F.);
#3571 = ORIENTED_EDGE('',*,*,#3572,.T.);
#3572 = EDGE_CURVE('',#1344,#3573,#3575,.T.);
#3573 = VERTEX_POINT('',#3574);
#3574 = CARTESIAN_POINT('',(-7.600000002009,-28.8,1.451471862576));
#3575 = SURFACE_CURVE('',#3576,(#3580,#3587),.PCURVE_S1.);
#3576 = LINE('',#3577,#3578);
#3577 = CARTESIAN_POINT('',(-7.600000002009,-28.8,0.));
#3578 = VECTOR('',#3579,1.);
#3579 = DIRECTION('',(0.,0.,1.));
#3580 = PCURVE('',#809,#3581);
#3581 = DEFINITIONAL_REPRESENTATION('',(#3582),#3586);
#3582 = LINE('',#3583,#3584);
#3583 = CARTESIAN_POINT('',(0.,0.));
#3584 = VECTOR('',#3585,1.);
#3585 = DIRECTION('',(0.,-1.));
#3586 = ( GEOMETRIC_REPRESENTATION_CONTEXT(2) 
PARAMETRIC_REPRESENTATION_CONTEXT() REPRESENTATION_CONTEXT('2D SPACE',''
  ) );
#3587 = PCURVE('',#781,#3588);
#3588 = DEFINITIONAL_REPRESENTATION('',(#3589),#3593);
#3589 = LINE('',#3590,#3591);
#3590 = CARTESIAN_POINT('',(-6.28318530718,0.));
#3591 = VECTOR('',#3592,1.);
#3592 = DIRECTION('',(-0.,-1.));
#3593 = ( GEOMETRIC_REPRESENTATION_CONTEXT(2) 
PARAMETRIC_REPRESENTATION_CONTEXT() REPRESENTATION_CONTEXT('2D SPACE',''
  ) );
#3594 = ORIENTED_EDGE('',*,*,#3595,.T.);
#3595 = EDGE_CURVE('',#3573,#3596,#3598,.T.);
#3596 = VERTEX_POINT('',#3597);
#3597 = CARTESIAN_POINT('',(-7.599999985898,-28.1,1.2));
#3598 = SURFACE_CURVE('',#3599,(#3604,#3615),.PCURVE_S1.);
#3599 = CIRCLE('',#3600,1.1);
#3600 = AXIS2_PLACEMENT_3D('',#3601,#3602,#3603);
#3601 = CARTESIAN_POINT('',(-7.599999985898,-28.1,2.3));
#3602 = DIRECTION('',(1.,0.,2.22044604925E-16));
#3603 = DIRECTION('',(2.22044604925E-16,0.,-1.));
#3604 = PCURVE('',#809,#3605);
#3605 = DEFINITIONAL_REPRESENTATION('',(#3606),#3614);
#3606 = ( BOUNDED_CURVE() B_SPLINE_CURVE(2,(#3607,#3608,#3609,#3610,
#3611,#3612,#3613),.UNSPECIFIED.,.T.,.F.) B_SPLINE_CURVE_WITH_KNOTS((1,2
    ,2,2,2,1),(-2.094395102393,0.,2.094395102393,4.188790204786,
6.28318530718,8.377580409573),.UNSPECIFIED.) CURVE() 
GEOMETRIC_REPRESENTATION_ITEM() RATIONAL_B_SPLINE_CURVE((1.,0.5,1.,0.5,
1.,0.5,1.)) REPRESENTATION_ITEM('') );
#3607 = CARTESIAN_POINT('',(0.7,-1.2));
#3608 = CARTESIAN_POINT('',(2.605255888326,-1.2));
#3609 = CARTESIAN_POINT('',(1.652627944163,-2.85));
#3610 = CARTESIAN_POINT('',(0.7,-4.5));
#3611 = CARTESIAN_POINT('',(-0.252627944163,-2.85));
#3612 = CARTESIAN_POINT('',(-1.205255888326,-1.2));
#3613 = CARTESIAN_POINT('',(0.7,-1.2));
#3614 = ( GEOMETRIC_REPRESENTATION_CONTEXT(2) 
PARAMETRIC_REPRESENTATION_CONTEXT() REPRESENTATION_CONTEXT('2D SPACE',''
  ) );
#3615 = PCURVE('',#3424,#3616);
#3616 = DEFINITIONAL_REPRESENTATION('',(#3617),#3621);
#3617 = LINE('',#3618,#3619);
#3618 = CARTESIAN_POINT('',(0.,9.100000014102));
#3619 = VECTOR('',#3620,1.);
#3620 = DIRECTION('',(1.,0.));
#3621 = ( GEOMETRIC_REPRESENTATION_CONTEXT(2) 
PARAMETRIC_REPRESENTATION_CONTEXT() REPRESENTATION_CONTEXT('2D SPACE',''
  ) );
#3622 = ORIENTED_EDGE('',*,*,#3623,.T.);
#3623 = EDGE_CURVE('',#3596,#3624,#3626,.T.);
#3624 = VERTEX_POINT('',#3625);
#3625 = CARTESIAN_POINT('',(-7.600000002009,-28.8,3.148528137424));
#3626 = SURFACE_CURVE('',#3627,(#3632,#3643),.PCURVE_S1.);
#3627 = CIRCLE('',#3628,1.1);
#3628 = AXIS2_PLACEMENT_3D('',#3629,#3630,#3631);
#3629 = CARTESIAN_POINT('',(-7.599999985898,-28.1,2.3));
#3630 = DIRECTION('',(1.,0.,2.22044604925E-16));
#3631 = DIRECTION('',(2.22044604925E-16,0.,-1.));
#3632 = PCURVE('',#809,#3633);
#3633 = DEFINITIONAL_REPRESENTATION('',(#3634),#3642);
#3634 = ( BOUNDED_CURVE() B_SPLINE_CURVE(2,(#3635,#3636,#3637,#3638,
#3639,#3640,#3641),.UNSPECIFIED.,.T.,.F.) B_SPLINE_CURVE_WITH_KNOTS((1,2
    ,2,2,2,1),(-2.094395102393,0.,2.094395102393,4.188790204786,
6.28318530718,8.377580409573),.UNSPECIFIED.) CURVE() 
GEOMETRIC_REPRESENTATION_ITEM() RATIONAL_B_SPLINE_CURVE((1.,0.5,1.,0.5,
1.,0.5,1.)) REPRESENTATION_ITEM('') );
#3635 = CARTESIAN_POINT('',(0.7,-1.2));
#3636 = CARTESIAN_POINT('',(2.605255888326,-1.2));
#3637 = CARTESIAN_POINT('',(1.652627944163,-2.85));
#3638 = CARTESIAN_POINT('',(0.7,-4.5));
#3639 = CARTESIAN_POINT('',(-0.252627944163,-2.85));
#3640 = CARTESIAN_POINT('',(-1.205255888326,-1.2));
#3641 = CARTESIAN_POINT('',(0.7,-1.2));
#3642 = ( GEOMETRIC_REPRESENTATION_CONTEXT(2) 
PARAMETRIC_REPRESENTATION_CONTEXT() REPRESENTATION_CONTEXT('2D SPACE',''
  ) );
#3643 = PCURVE('',#3424,#3644);
#3644 = DEFINITIONAL_REPRESENTATION('',(#3645),#3649);
#3645 = LINE('',#3646,#3647);
#3646 = CARTESIAN_POINT('',(0.,9.100000014102));
#3647 = VECTOR('',#3648,1.);
#3648 = DIRECTION('',(1.,0.));
#3649 = ( GEOMETRIC_REPRESENTATION_CONTEXT(2) 
PARAMETRIC_REPRESENTATION_CONTEXT() REPRESENTATION_CONTEXT('2D SPACE',''
  ) );
#3650 = ORIENTED_EDGE('',*,*,#3651,.T.);
#3651 = EDGE_CURVE('',#3624,#765,#3652,.T.);
#3652 = SURFACE_CURVE('',#3653,(#3657,#3664),.PCURVE_S1.);
#3653 = LINE('',#3654,#3655);
#3654 = CARTESIAN_POINT('',(-7.600000002009,-28.8,0.));
#3655 = VECTOR('',#3656,1.);
#3656 = DIRECTION('',(0.,0.,1.));
#3657 = PCURVE('',#809,#3658);
#3658 = DEFINITIONAL_REPRESENTATION('',(#3659),#3663);
#3659 = LINE('',#3660,#3661);
#3660 = CARTESIAN_POINT('',(0.,0.));
#3661 = VECTOR('',#3662,1.);
#3662 = DIRECTION('',(0.,-1.));
#3663 = ( GEOMETRIC_REPRESENTATION_CONTEXT(2) 
PARAMETRIC_REPRESENTATION_CONTEXT() REPRESENTATION_CONTEXT('2D SPACE',''
  ) );
#3664 = PCURVE('',#781,#3665);
#3665 = DEFINITIONAL_REPRESENTATION('',(#3666),#3670);
#3666 = LINE('',#3667,#3668);
#3667 = CARTESIAN_POINT('',(-6.28318530718,0.));
#3668 = VECTOR('',#3669,1.);
#3669 = DIRECTION('',(-0.,-1.));
#3670 = ( GEOMETRIC_REPRESENTATION_CONTEXT(2) 
PARAMETRIC_REPRESENTATION_CONTEXT() REPRESENTATION_CONTEXT('2D SPACE',''
  ) );
#3671 = ORIENTED_EDGE('',*,*,#793,.T.);
#3672 = ORIENTED_EDGE('',*,*,#3491,.F.);
#3673 = ADVANCED_FACE('',(#3674),#781,.T.);
#3674 = FACE_BOUND('',#3675,.F.);
#3675 = EDGE_LOOP('',(#3676,#3677,#3698,#3699,#3700,#3790));
#3676 = ORIENTED_EDGE('',*,*,#1343,.F.);
#3677 = ORIENTED_EDGE('',*,*,#3678,.T.);
#3678 = EDGE_CURVE('',#1321,#737,#3679,.T.);
#3679 = SURFACE_CURVE('',#3680,(#3684,#3691),.PCURVE_S1.);
#3680 = LINE('',#3681,#3682);
#3681 = CARTESIAN_POINT('',(-10.60000001812,-31.8,0.));
#3682 = VECTOR('',#3683,1.);
#3683 = DIRECTION('',(0.,0.,1.));
#3684 = PCURVE('',#781,#3685);
#3685 = DEFINITIONAL_REPRESENTATION('',(#3686),#3690);
#3686 = LINE('',#3687,#3688);
#3687 = CARTESIAN_POINT('',(-4.712388980385,0.));
#3688 = VECTOR('',#3689,1.);
#3689 = DIRECTION('',(-0.,-1.));
#3690 = ( GEOMETRIC_REPRESENTATION_CONTEXT(2) 
PARAMETRIC_REPRESENTATION_CONTEXT() REPRESENTATION_CONTEXT('2D SPACE',''
  ) );
#3691 = PCURVE('',#752,#3692);
#3692 = DEFINITIONAL_REPRESENTATION('',(#3693),#3697);
#3693 = LINE('',#3694,#3695);
#3694 = CARTESIAN_POINT('',(2.199999995982,0.));
#3695 = VECTOR('',#3696,1.);
#3696 = DIRECTION('',(0.,-1.));
#3697 = ( GEOMETRIC_REPRESENTATION_CONTEXT(2) 
PARAMETRIC_REPRESENTATION_CONTEXT() REPRESENTATION_CONTEXT('2D SPACE',''
  ) );
#3698 = ORIENTED_EDGE('',*,*,#764,.T.);
#3699 = ORIENTED_EDGE('',*,*,#3651,.F.);
#3700 = ORIENTED_EDGE('',*,*,#3701,.T.);
#3701 = EDGE_CURVE('',#3624,#3573,#3702,.T.);
#3702 = SURFACE_CURVE('',#3703,(#3730,#3760),.PCURVE_S1.);
#3703 = B_SPLINE_CURVE_WITH_KNOTS('',5,(#3704,#3705,#3706,#3707,#3708,
    #3709,#3710,#3711,#3712,#3713,#3714,#3715,#3716,#3717,#3718,#3719,
    #3720,#3721,#3722,#3723,#3724,#3725,#3726,#3727,#3728,#3729),
  .UNSPECIFIED.,.F.,.F.,(6,4,4,4,4,4,6),(0.,0.125203008289,
    0.218833361455,0.499999837444,0.780957367844,0.875562566696,1.),
  .UNSPECIFIED.);
#3704 = CARTESIAN_POINT('',(-7.60000001812,-28.8,3.148528137424));
#3705 = CARTESIAN_POINT('',(-7.60000001812,-28.84005885843,
    3.115481265235));
#3706 = CARTESIAN_POINT('',(-7.600668656588,-28.87770314003,
    3.080453555098));
#3707 = CARTESIAN_POINT('',(-7.601844672269,-28.91286987672,
    3.043681107086));
#3708 = CARTESIAN_POINT('',(-7.603379545622,-28.94551675806,
    3.005390076779));
#3709 = CARTESIAN_POINT('',(-7.606465059069,-28.99813384074,
    2.93619104128));
#3710 = CARTESIAN_POINT('',(-7.607914433059,-29.01922960825,2.9058495338
    ));
#3711 = CARTESIAN_POINT('',(-7.60943969647,-29.03890474031,
    2.874856045982));
#3712 = CARTESIAN_POINT('',(-7.610994336267,-29.05715935576,
    2.843285094381));
#3713 = CARTESIAN_POINT('',(-7.617176088933,-29.12456056373,
    2.714865479433));
#3714 = CARTESIAN_POINT('',(-7.621719329223,-29.16233563962,
    2.613946885337));
#3715 = CARTESIAN_POINT('',(-7.625097108075,-29.18744484674,
    2.51022280058));
#3716 = CARTESIAN_POINT('',(-7.626786268657,-29.2,2.405111277244));
#3717 = CARTESIAN_POINT('',(-7.626786268657,-29.2,2.194966834977));
#3718 = CARTESIAN_POINT('',(-7.625099617729,-29.18746350082,
    2.089933420182));
#3719 = CARTESIAN_POINT('',(-7.621726856698,-29.16239159422,
    1.986284373055));
#3720 = CARTESIAN_POINT('',(-7.617189591875,-29.12467282767,
    1.885434548419));
#3721 = CARTESIAN_POINT('',(-7.610995583002,-29.05718463503,
    1.75673428145));
#3722 = CARTESIAN_POINT('',(-7.60942447141,-29.03873786873,
    1.724834945332));
#3723 = CARTESIAN_POINT('',(-7.607883471231,-29.01884081323,
    1.693525377349));
#3724 = CARTESIAN_POINT('',(-7.60642060483,-28.99749337375,
    1.662882493309));
#3725 = CARTESIAN_POINT('',(-7.60334208019,-28.94471754862,
    1.593673569779));
#3726 = CARTESIAN_POINT('',(-7.601823153519,-28.9122244071,
    1.555644429287));
#3727 = CARTESIAN_POINT('',(-7.6006604991,-28.87724254802,1.519118009132
    ));
#3728 = CARTESIAN_POINT('',(-7.60000001812,-28.83981375272,
    1.484316532865));
#3729 = CARTESIAN_POINT('',(-7.60000001812,-28.8,1.451471862576));
#3730 = PCURVE('',#781,#3731);
#3731 = DEFINITIONAL_REPRESENTATION('',(#3732),#3759);
#3732 = B_SPLINE_CURVE_WITH_KNOTS('',5,(#3733,#3734,#3735,#3736,#3737,
    #3738,#3739,#3740,#3741,#3742,#3743,#3744,#3745,#3746,#3747,#3748,
    #3749,#3750,#3751,#3752,#3753,#3754,#3755,#3756,#3757,#3758),
  .UNSPECIFIED.,.F.,.F.,(6,4,4,4,4,4,6),(0.,0.125203008289,
    0.218833361455,0.499999837444,0.780957367844,0.875562566696,1.),
  .UNSPECIFIED.);
#3733 = CARTESIAN_POINT('',(-6.28318530718,-3.148528137424));
#3734 = CARTESIAN_POINT('',(-6.269832354367,-3.115481265235));
#3735 = CARTESIAN_POINT('',(-6.257284260633,-3.080453555098));
#3736 = CARTESIAN_POINT('',(-6.245557054061,-3.043681107086));
#3737 = CARTESIAN_POINT('',(-6.234663472205,-3.005390076779));
#3738 = CARTESIAN_POINT('',(-6.217094314308,-2.93619104128));
#3739 = CARTESIAN_POINT('',(-6.210046150389,-2.9058495338));
#3740 = CARTESIAN_POINT('',(-6.203468410019,-2.874856045982));
#3741 = CARTESIAN_POINT('',(-6.197361623013,-2.843285094381));
#3742 = CARTESIAN_POINT('',(-6.174800257553,-2.714865479433));
#3743 = CARTESIAN_POINT('',(-6.162122584356,-2.613946885337));
#3744 = CARTESIAN_POINT('',(-6.153676187291,-2.51022280058));
#3745 = CARTESIAN_POINT('',(-6.14945371777,-2.405111277244));
#3746 = CARTESIAN_POINT('',(-6.14945371777,-2.194966834977));
#3747 = CARTESIAN_POINT('',(-6.153669914403,-2.089933420182));
#3748 = CARTESIAN_POINT('',(-6.162103760555,-1.986284373055));
#3749 = CARTESIAN_POINT('',(-6.174762581528,-1.885434548419));
#3750 = CARTESIAN_POINT('',(-6.197353193863,-1.75673428145));
#3751 = CARTESIAN_POINT('',(-6.203524263327,-1.724834945332));
#3752 = CARTESIAN_POINT('',(-6.210176151234,-1.693525377349));
#3753 = CARTESIAN_POINT('',(-6.217308304282,-1.662882493309));
#3754 = CARTESIAN_POINT('',(-6.234930150041,-1.593673569779));
#3755 = CARTESIAN_POINT('',(-6.245772301078,-1.555644429287));
#3756 = CARTESIAN_POINT('',(-6.257437791311,-1.519118009132));
#3757 = CARTESIAN_POINT('',(-6.269914056273,-1.484316532865));
#3758 = CARTESIAN_POINT('',(-6.28318530718,-1.451471862576));
#3759 = ( GEOMETRIC_REPRESENTATION_CONTEXT(2) 
PARAMETRIC_REPRESENTATION_CONTEXT() REPRESENTATION_CONTEXT('2D SPACE',''
  ) );
#3760 = PCURVE('',#3424,#3761);
#3761 = DEFINITIONAL_REPRESENTATION('',(#3762),#3789);
#3762 = B_SPLINE_CURVE_WITH_KNOTS('',5,(#3763,#3764,#3765,#3766,#3767,
    #3768,#3769,#3770,#3771,#3772,#3773,#3774,#3775,#3776,#3777,#3778,
    #3779,#3780,#3781,#3782,#3783,#3784,#3785,#3786,#3787,#3788),
  .UNSPECIFIED.,.F.,.F.,(6,4,4,4,4,4,6),(0.,0.125203008289,
    0.218833361455,0.499999837444,0.780957367844,0.875562566696,1.),
  .UNSPECIFIED.);
#3763 = CARTESIAN_POINT('',(3.831367654375,9.09999998188));
#3764 = CARTESIAN_POINT('',(3.878577471788,9.09999998188));
#3765 = CARTESIAN_POINT('',(3.925239994789,9.099331343412));
#3766 = CARTESIAN_POINT('',(3.971393560225,9.098155327731));
#3767 = CARTESIAN_POINT('',(4.017066831056,9.096620454378));
#3768 = CARTESIAN_POINT('',(4.096095353492,9.093534940931));
#3769 = CARTESIAN_POINT('',(4.129660092683,9.092085566941));
#3770 = CARTESIAN_POINT('',(4.162995141321,9.09056030353));
#3771 = CARTESIAN_POINT('',(4.196120735036,9.089005663733));
#3772 = CARTESIAN_POINT('',(4.327968757803,9.082823911067));
#3773 = CARTESIAN_POINT('',(4.425163875919,9.078280670777));
#3774 = CARTESIAN_POINT('',(4.521277769716,9.074902891925));
#3775 = CARTESIAN_POINT('',(4.616833273799,9.073213731343));
#3776 = CARTESIAN_POINT('',(4.807873675861,9.073213731343));
#3777 = CARTESIAN_POINT('',(4.903358173935,9.074900382271));
#3778 = CARTESIAN_POINT('',(4.999399795677,9.078273143302));
#3779 = CARTESIAN_POINT('',(5.096520257395,9.082810408125));
#3780 = CARTESIAN_POINT('',(5.228630951224,9.089004416998));
#3781 = CARTESIAN_POINT('',(5.262101559169,9.09057552859));
#3782 = CARTESIAN_POINT('',(5.295786097501,9.092116528769));
#3783 = CARTESIAN_POINT('',(5.329705430109,9.09357939517));
#3784 = CARTESIAN_POINT('',(5.408828531258,9.09665791981));
#3785 = CARTESIAN_POINT('',(5.454231226827,9.098176846481));
#3786 = CARTESIAN_POINT('',(5.500108818167,9.0993395009));
#3787 = CARTESIAN_POINT('',(5.546489348839,9.09999998188));
#3788 = CARTESIAN_POINT('',(5.593410306394,9.09999998188));
#3789 = ( GEOMETRIC_REPRESENTATION_CONTEXT(2) 
PARAMETRIC_REPRESENTATION_CONTEXT() REPRESENTATION_CONTEXT('2D SPACE',''
  ) );
#3790 = ORIENTED_EDGE('',*,*,#3572,.F.);
#3791 = ADVANCED_FACE('',(#3792),#752,.F.);
#3792 = FACE_BOUND('',#3793,.F.);
#3793 = EDGE_LOOP('',(#3794,#3815,#3816,#3817));
#3794 = ORIENTED_EDGE('',*,*,#3795,.T.);
#3795 = EDGE_CURVE('',#1297,#708,#3796,.T.);
#3796 = SURFACE_CURVE('',#3797,(#3801,#3808),.PCURVE_S1.);
#3797 = LINE('',#3798,#3799);
#3798 = CARTESIAN_POINT('',(-12.8000000141,-31.8,0.));
#3799 = VECTOR('',#3800,1.);
#3800 = DIRECTION('',(0.,0.,1.));
#3801 = PCURVE('',#752,#3802);
#3802 = DEFINITIONAL_REPRESENTATION('',(#3803),#3807);
#3803 = LINE('',#3804,#3805);
#3804 = CARTESIAN_POINT('',(2.22044604925E-16,0.));
#3805 = VECTOR('',#3806,1.);
#3806 = DIRECTION('',(0.,-1.));
#3807 = ( GEOMETRIC_REPRESENTATION_CONTEXT(2) 
PARAMETRIC_REPRESENTATION_CONTEXT() REPRESENTATION_CONTEXT('2D SPACE',''
  ) );
#3808 = PCURVE('',#724,#3809);
#3809 = DEFINITIONAL_REPRESENTATION('',(#3810),#3814);
#3810 = LINE('',#3811,#3812);
#3811 = CARTESIAN_POINT('',(-4.712388980385,0.));
#3812 = VECTOR('',#3813,1.);
#3813 = DIRECTION('',(-0.,-1.));
#3814 = ( GEOMETRIC_REPRESENTATION_CONTEXT(2) 
PARAMETRIC_REPRESENTATION_CONTEXT() REPRESENTATION_CONTEXT('2D SPACE',''
  ) );
#3815 = ORIENTED_EDGE('',*,*,#736,.T.);
#3816 = ORIENTED_EDGE('',*,*,#3678,.F.);
#3817 = ORIENTED_EDGE('',*,*,#1320,.F.);
#3818 = ADVANCED_FACE('',(#3819),#724,.T.);
#3819 = FACE_BOUND('',#3820,.F.);
#3820 = EDGE_LOOP('',(#3821,#3822,#3823,#3913,#3914,#3915));
#3821 = ORIENTED_EDGE('',*,*,#1296,.F.);
#3822 = ORIENTED_EDGE('',*,*,#3380,.T.);
#3823 = ORIENTED_EDGE('',*,*,#3824,.F.);
#3824 = EDGE_CURVE('',#3437,#3381,#3825,.T.);
#3825 = SURFACE_CURVE('',#3826,(#3853,#3883),.PCURVE_S1.);
#3826 = B_SPLINE_CURVE_WITH_KNOTS('',5,(#3827,#3828,#3829,#3830,#3831,
    #3832,#3833,#3834,#3835,#3836,#3837,#3838,#3839,#3840,#3841,#3842,
    #3843,#3844,#3845,#3846,#3847,#3848,#3849,#3850,#3851,#3852),
  .UNSPECIFIED.,.F.,.F.,(6,4,4,4,4,4,6),(0.,0.12520300422,0.218833354344
    ,0.499999837452,0.780957374935,0.875562570725,1.),.UNSPECIFIED.);
#3827 = CARTESIAN_POINT('',(-15.8000000141,-28.8,3.148528137424));
#3828 = CARTESIAN_POINT('',(-15.8000000141,-28.84005885843,
    3.115481265235));
#3829 = CARTESIAN_POINT('',(-15.79933137563,-28.87770314003,
    3.080453555098));
#3830 = CARTESIAN_POINT('',(-15.79815535995,-28.91286987672,
    3.043681107086));
#3831 = CARTESIAN_POINT('',(-15.7966204866,-28.94551675806,
    3.005390076779));
#3832 = CARTESIAN_POINT('',(-15.79353497315,-28.99813384074,
    2.93619104128));
#3833 = CARTESIAN_POINT('',(-15.79208559916,-29.01922960825,2.9058495338
    ));
#3834 = CARTESIAN_POINT('',(-15.79056033575,-29.03890474031,
    2.874856045982));
#3835 = CARTESIAN_POINT('',(-15.78900569595,-29.05715935576,
    2.843285094381));
#3836 = CARTESIAN_POINT('',(-15.78282394302,-29.12456056666,
    2.714865473863));
#3837 = CARTESIAN_POINT('',(-15.77828070344,-29.16233563488,
    2.613946899527));
#3838 = CARTESIAN_POINT('',(-15.7749029239,-29.18744484922,
    2.510222786259));
#3839 = CARTESIAN_POINT('',(-15.77321376356,-29.2,2.405111283009));
#3840 = CARTESIAN_POINT('',(-15.77321376356,-29.2,2.194966829227));
#3841 = CARTESIAN_POINT('',(-15.77490041425,-29.18746350329,
    2.089933434456));
#3842 = CARTESIAN_POINT('',(-15.77827317597,-29.16239158951,
    1.986284358921));
#3843 = CARTESIAN_POINT('',(-15.78281044008,-29.12467283057,
    1.885434553964));
#3844 = CARTESIAN_POINT('',(-15.78900444922,-29.05718463503,
    1.75673428145));
#3845 = CARTESIAN_POINT('',(-15.79057556081,-29.03873786873,
    1.724834945332));
#3846 = CARTESIAN_POINT('',(-15.79211656099,-29.01884081323,
    1.693525377349));
#3847 = CARTESIAN_POINT('',(-15.79357942739,-28.99749337375,
    1.662882493309));
#3848 = CARTESIAN_POINT('',(-15.79665795203,-28.94471754862,
    1.593673569779));
#3849 = CARTESIAN_POINT('',(-15.7981768787,-28.9122244071,1.555644429286
    ));
#3850 = CARTESIAN_POINT('',(-15.79933953312,-28.87724254802,
    1.519118009132));
#3851 = CARTESIAN_POINT('',(-15.8000000141,-28.83981375272,
    1.484316532865));
#3852 = CARTESIAN_POINT('',(-15.8000000141,-28.8,1.451471862576));
#3853 = PCURVE('',#724,#3854);
#3854 = DEFINITIONAL_REPRESENTATION('',(#3855),#3882);
#3855 = B_SPLINE_CURVE_WITH_KNOTS('',5,(#3856,#3857,#3858,#3859,#3860,
    #3861,#3862,#3863,#3864,#3865,#3866,#3867,#3868,#3869,#3870,#3871,
    #3872,#3873,#3874,#3875,#3876,#3877,#3878,#3879,#3880,#3881),
  .UNSPECIFIED.,.F.,.F.,(6,4,4,4,4,4,6),(0.,0.12520300422,0.218833354344
    ,0.499999837452,0.780957374935,0.875562570725,1.),.UNSPECIFIED.);
#3856 = CARTESIAN_POINT('',(-3.14159265359,-3.148528137424));
#3857 = CARTESIAN_POINT('',(-3.154945606402,-3.115481265235));
#3858 = CARTESIAN_POINT('',(-3.167493700136,-3.080453555098));
#3859 = CARTESIAN_POINT('',(-3.179220906708,-3.043681107086));
#3860 = CARTESIAN_POINT('',(-3.190114488564,-3.005390076779));
#3861 = CARTESIAN_POINT('',(-3.207683646462,-2.93619104128));
#3862 = CARTESIAN_POINT('',(-3.214731810381,-2.9058495338));
#3863 = CARTESIAN_POINT('',(-3.22130955075,-2.874856045982));
#3864 = CARTESIAN_POINT('',(-3.227416337756,-2.843285094381));
#3865 = CARTESIAN_POINT('',(-3.249977704195,-2.714865473863));
#3866 = CARTESIAN_POINT('',(-3.262655374825,-2.613946899527));
#3867 = CARTESIAN_POINT('',(-3.271101774309,-2.510222786259));
#3868 = CARTESIAN_POINT('',(-3.275324243,-2.405111283009));
#3869 = CARTESIAN_POINT('',(-3.275324243,-2.194966829227));
#3870 = CARTESIAN_POINT('',(-3.271108047193,-2.089933434457));
#3871 = CARTESIAN_POINT('',(-3.262674198635,-1.986284358921));
#3872 = CARTESIAN_POINT('',(-3.250015380215,-1.885434553964));
#3873 = CARTESIAN_POINT('',(-3.227424766906,-1.75673428145));
#3874 = CARTESIAN_POINT('',(-3.221253697442,-1.724834945332));
#3875 = CARTESIAN_POINT('',(-3.214601809535,-1.693525377349));
#3876 = CARTESIAN_POINT('',(-3.207469656488,-1.662882493309));
#3877 = CARTESIAN_POINT('',(-3.189847810729,-1.593673569779));
#3878 = CARTESIAN_POINT('',(-3.179005659691,-1.555644429286));
#3879 = CARTESIAN_POINT('',(-3.167340169458,-1.519118009132));
#3880 = CARTESIAN_POINT('',(-3.154863904497,-1.484316532865));
#3881 = CARTESIAN_POINT('',(-3.14159265359,-1.451471862576));
#3882 = ( GEOMETRIC_REPRESENTATION_CONTEXT(2) 
PARAMETRIC_REPRESENTATION_CONTEXT() REPRESENTATION_CONTEXT('2D SPACE',''
  ) );
#3883 = PCURVE('',#3424,#3884);
#3884 = DEFINITIONAL_REPRESENTATION('',(#3885),#3912);
#3885 = B_SPLINE_CURVE_WITH_KNOTS('',5,(#3886,#3887,#3888,#3889,#3890,
    #3891,#3892,#3893,#3894,#3895,#3896,#3897,#3898,#3899,#3900,#3901,
    #3902,#3903,#3904,#3905,#3906,#3907,#3908,#3909,#3910,#3911),
  .UNSPECIFIED.,.F.,.F.,(6,4,4,4,4,4,6),(0.,0.12520300422,0.218833354344
    ,0.499999837452,0.780957374935,0.875562570725,1.),.UNSPECIFIED.);
#3886 = CARTESIAN_POINT('',(3.831367654375,0.899999985898));
#3887 = CARTESIAN_POINT('',(3.878577471788,0.899999985898));
#3888 = CARTESIAN_POINT('',(3.925239994789,0.900668624365));
#3889 = CARTESIAN_POINT('',(3.971393560225,0.901844640046));
#3890 = CARTESIAN_POINT('',(4.017066831056,0.9033795134));
#3891 = CARTESIAN_POINT('',(4.096095353492,0.906465026847));
#3892 = CARTESIAN_POINT('',(4.129660092683,0.907914400837));
#3893 = CARTESIAN_POINT('',(4.162995141321,0.909439664247));
#3894 = CARTESIAN_POINT('',(4.196120735036,0.910994304044));
#3895 = CARTESIAN_POINT('',(4.327968763521,0.917176056979));
#3896 = CARTESIAN_POINT('',(4.425163862009,0.921719296551));
#3897 = CARTESIAN_POINT('',(4.52127778324,0.925097076094));
#3898 = CARTESIAN_POINT('',(4.616833268559,0.926786236434));
#3899 = CARTESIAN_POINT('',(4.807873681087,0.926786236434));
#3900 = CARTESIAN_POINT('',(4.903358160457,0.925099585747));
#3901 = CARTESIAN_POINT('',(4.99939980953,0.921726824027));
#3902 = CARTESIAN_POINT('',(5.096520251703,0.917189559919));
#3903 = CARTESIAN_POINT('',(5.228630951224,0.910995550779));
#3904 = CARTESIAN_POINT('',(5.262101559169,0.909424439188));
#3905 = CARTESIAN_POINT('',(5.295786097501,0.907883439009));
#3906 = CARTESIAN_POINT('',(5.329705430109,0.906420572608));
#3907 = CARTESIAN_POINT('',(5.408828531258,0.903342047967));
#3908 = CARTESIAN_POINT('',(5.454231226827,0.901823121296));
#3909 = CARTESIAN_POINT('',(5.500108818167,0.900660466878));
#3910 = CARTESIAN_POINT('',(5.546489348839,0.899999985898));
#3911 = CARTESIAN_POINT('',(5.593410306394,0.899999985898));
#3912 = ( GEOMETRIC_REPRESENTATION_CONTEXT(2) 
PARAMETRIC_REPRESENTATION_CONTEXT() REPRESENTATION_CONTEXT('2D SPACE',''
  ) );
#3913 = ORIENTED_EDGE('',*,*,#3464,.T.);
#3914 = ORIENTED_EDGE('',*,*,#707,.T.);
#3915 = ORIENTED_EDGE('',*,*,#3795,.F.);
#3916 = ADVANCED_FACE('',(#3917),#1073,.T.);
#3917 = FACE_BOUND('',#3918,.T.);
#3918 = EDGE_LOOP('',(#3919,#3939,#3940,#3941));
#3919 = ORIENTED_EDGE('',*,*,#3920,.T.);
#3920 = EDGE_CURVE('',#1118,#2507,#3921,.T.);
#3921 = SURFACE_CURVE('',#3922,(#3927,#3933),.PCURVE_S1.);
#3922 = CIRCLE('',#3923,0.55);
#3923 = AXIS2_PLACEMENT_3D('',#3924,#3925,#3926);
#3924 = CARTESIAN_POINT('',(12.49999998742,-21.45,8.95));
#3925 = DIRECTION('',(-1.,-2.156981520791E-16,0.));
#3926 = DIRECTION('',(2.156981520791E-16,-1.,-0.));
#3927 = PCURVE('',#1073,#3928);
#3928 = DEFINITIONAL_REPRESENTATION('',(#3929),#3932);
#3929 = B_SPLINE_CURVE_WITH_KNOTS('',1,(#3930,#3931),.UNSPECIFIED.,.F.,
  .F.,(2,2),(0.,1.570796326795),.PIECEWISE_BEZIER_KNOTS.);
#3930 = CARTESIAN_POINT('',(0.,0.));
#3931 = CARTESIAN_POINT('',(1.570796326795,0.));
#3932 = ( GEOMETRIC_REPRESENTATION_CONTEXT(2) 
PARAMETRIC_REPRESENTATION_CONTEXT() REPRESENTATION_CONTEXT('2D SPACE',''
  ) );
#3933 = PCURVE('',#2550,#3934);
#3934 = DEFINITIONAL_REPRESENTATION('',(#3935),#3938);
#3935 = B_SPLINE_CURVE_WITH_KNOTS('',1,(#3936,#3937),.UNSPECIFIED.,.F.,
  .F.,(2,2),(0.,1.570796326795),.PIECEWISE_BEZIER_KNOTS.);
#3936 = CARTESIAN_POINT('',(-1.570796326795,0.));
#3937 = CARTESIAN_POINT('',(-1.570796326795,1.570796326795));
#3938 = ( GEOMETRIC_REPRESENTATION_CONTEXT(2) 
PARAMETRIC_REPRESENTATION_CONTEXT() REPRESENTATION_CONTEXT('2D SPACE',''
  ) );
#3939 = ORIENTED_EDGE('',*,*,#2506,.T.);
#3940 = ORIENTED_EDGE('',*,*,#1057,.F.);
#3941 = ORIENTED_EDGE('',*,*,#1117,.F.);
#3942 = ADVANCED_FACE('',(#3943),#1236,.T.);
#3943 = FACE_BOUND('',#3944,.F.);
#3944 = EDGE_LOOP('',(#3945,#3946,#4000,#4001));
#3945 = ORIENTED_EDGE('',*,*,#1220,.F.);
#3946 = ORIENTED_EDGE('',*,*,#3947,.T.);
#3947 = EDGE_CURVE('',#1195,#1415,#3948,.T.);
#3948 = SURFACE_CURVE('',#3949,(#3964,#3982),.PCURVE_S1.);
#3949 = B_SPLINE_CURVE_WITH_KNOTS('',7,(#3950,#3951,#3952,#3953,#3954,
    #3955,#3956,#3957,#3958,#3959,#3960,#3961,#3962,#3963),
  .UNSPECIFIED.,.F.,.F.,(8,6,8),(0.,0.448264269073,1.),.UNSPECIFIED.);
#3950 = CARTESIAN_POINT('',(7.708633526938,-22.,0.55));
#3951 = CARTESIAN_POINT('',(7.708633526938,-22.,0.496260332516));
#3952 = CARTESIAN_POINT('',(7.710328554749,-21.99387404884,
    0.442439487621));
#3953 = CARTESIAN_POINT('',(7.713727500089,-21.98158877303,
    0.389323161543));
#3954 = CARTESIAN_POINT('',(7.718898582294,-21.96321856316,
    0.337699106449));
#3955 = CARTESIAN_POINT('',(7.725971417082,-21.93893768211,
    0.288340663928));
#3956 = CARTESIAN_POINT('',(7.73512474575,-21.90901084679,0.24200082343)
  );
#3957 = CARTESIAN_POINT('',(7.760634432368,-21.8304220194,0.147003250057
    ));
#3958 = CARTESIAN_POINT('',(7.778216268292,-21.77887474995,
    0.100091859579));
#3959 = CARTESIAN_POINT('',(7.799564708421,-21.72017369005,
    6.073022865423E-02));
#3960 = CARTESIAN_POINT('',(7.824815911386,-21.65596695881,
    3.041673243265E-02));
#3961 = CARTESIAN_POINT('',(7.853874414001,-21.58817879203,
    1.00566617519E-02));
#3962 = CARTESIAN_POINT('',(7.886218032175,-21.51885505922,
    -1.110223024625E-16));
#3963 = CARTESIAN_POINT('',(7.920914320974,-21.45,-1.110223024625E-16));
#3964 = PCURVE('',#1236,#3965);
#3965 = DEFINITIONAL_REPRESENTATION('',(#3966),#3981);
#3966 = B_SPLINE_CURVE_WITH_KNOTS('',7,(#3967,#3968,#3969,#3970,#3971,
    #3972,#3973,#3974,#3975,#3976,#3977,#3978,#3979,#3980),
  .UNSPECIFIED.,.F.,.F.,(8,6,8),(0.,0.448264269073,1.),.UNSPECIFIED.);
#3967 = CARTESIAN_POINT('',(0.,4.791366460483));
#3968 = CARTESIAN_POINT('',(-9.770848633504E-02,4.791366460483));
#3969 = CARTESIAN_POINT('',(-0.195564754522,4.789671432672));
#3970 = CARTESIAN_POINT('',(-0.293662897448,4.786272487331));
#3971 = CARTESIAN_POINT('',(-0.392117016082,4.781101405127));
#3972 = CARTESIAN_POINT('',(-0.491061794426,4.774028570339));
#3973 = CARTESIAN_POINT('',(-0.590664781991,4.764875241671));
#3974 = CARTESIAN_POINT('',(-0.814830767843,4.739365555053));
#3975 = CARTESIAN_POINT('',(-0.940291274758,4.721783719129));
#3976 = CARTESIAN_POINT('',(-1.066556515009,4.700435279));
#3977 = CARTESIAN_POINT('',(-1.193106062095,4.675184076034));
#3978 = CARTESIAN_POINT('',(-1.319562187688,4.64612557342));
#3979 = CARTESIAN_POINT('',(-1.44560531003,4.613781955245));
#3980 = CARTESIAN_POINT('',(-1.570796326795,4.579085666446));
#3981 = ( GEOMETRIC_REPRESENTATION_CONTEXT(2) 
PARAMETRIC_REPRESENTATION_CONTEXT() REPRESENTATION_CONTEXT('2D SPACE',''
  ) );
#3982 = PCURVE('',#1209,#3983);
#3983 = DEFINITIONAL_REPRESENTATION('',(#3984),#3999);
#3984 = B_SPLINE_CURVE_WITH_KNOTS('',7,(#3985,#3986,#3987,#3988,#3989,
    #3990,#3991,#3992,#3993,#3994,#3995,#3996,#3997,#3998),
  .UNSPECIFIED.,.F.,.F.,(8,6,8),(0.,0.448264269073,1.),.UNSPECIFIED.);
#3985 = CARTESIAN_POINT('',(-2.871659857756,-0.55));
#3986 = CARTESIAN_POINT('',(-2.871659857756,-0.496260332516));
#3987 = CARTESIAN_POINT('',(-2.869541160268,-0.442439487621));
#3988 = CARTESIAN_POINT('',(-2.865292186777,-0.389323161543));
#3989 = CARTESIAN_POINT('',(-2.858930913713,-0.337699106449));
#3990 = CARTESIAN_POINT('',(-2.850501675382,-0.288340663928));
#3991 = CARTESIAN_POINT('',(-2.840071420716,-0.24200082343));
#3992 = CARTESIAN_POINT('',(-2.812529638515,-0.147003250057));
#3993 = CARTESIAN_POINT('',(-2.794377263916,-0.100091859579));
#3994 = CARTESIAN_POINT('',(-2.773563220877,-6.073022865417E-02));
#3995 = CARTESIAN_POINT('',(-2.750581121405,-3.041673243271E-02));
#3996 = CARTESIAN_POINT('',(-2.72601586828,-1.005666175188E-02));
#3997 = CARTESIAN_POINT('',(-2.700528269208,1.110223024625E-16));
#3998 = CARTESIAN_POINT('',(-2.674827314542,1.110223024625E-16));
#3999 = ( GEOMETRIC_REPRESENTATION_CONTEXT(2) 
PARAMETRIC_REPRESENTATION_CONTEXT() REPRESENTATION_CONTEXT('2D SPACE',''
  ) );
#4000 = ORIENTED_EDGE('',*,*,#1414,.T.);
#4001 = ORIENTED_EDGE('',*,*,#3514,.F.);
#4002 = ADVANCED_FACE('',(#4003),#1209,.T.);
#4003 = FACE_BOUND('',#4004,.F.);
#4004 = EDGE_LOOP('',(#4005,#4006,#4007,#4008,#4032));
#4005 = ORIENTED_EDGE('',*,*,#1437,.F.);
#4006 = ORIENTED_EDGE('',*,*,#3947,.F.);
#4007 = ORIENTED_EDGE('',*,*,#1194,.F.);
#4008 = ORIENTED_EDGE('',*,*,#4009,.T.);
#4009 = EDGE_CURVE('',#1169,#4010,#4012,.T.);
#4010 = VERTEX_POINT('',#4011);
#4011 = CARTESIAN_POINT('',(7.6,-22.8,4.6));
#4012 = SURFACE_CURVE('',#4013,(#4018,#4025),.PCURVE_S1.);
#4013 = CIRCLE('',#4014,3.);
#4014 = AXIS2_PLACEMENT_3D('',#4015,#4016,#4017);
#4015 = CARTESIAN_POINT('',(10.599999985898,-22.8,4.6));
#4016 = DIRECTION('',(0.,0.,1.));
#4017 = DIRECTION('',(1.,0.,0.));
#4018 = PCURVE('',#1209,#4019);
#4019 = DEFINITIONAL_REPRESENTATION('',(#4020),#4024);
#4020 = LINE('',#4021,#4022);
#4021 = CARTESIAN_POINT('',(-0.,-4.6));
#4022 = VECTOR('',#4023,1.);
#4023 = DIRECTION('',(-1.,0.));
#4024 = ( GEOMETRIC_REPRESENTATION_CONTEXT(2) 
PARAMETRIC_REPRESENTATION_CONTEXT() REPRESENTATION_CONTEXT('2D SPACE',''
  ) );
#4025 = PCURVE('',#1183,#4026);
#4026 = DEFINITIONAL_REPRESENTATION('',(#4027),#4031);
#4027 = CIRCLE('',#4028,3.);
#4028 = AXIS2_PLACEMENT_2D('',#4029,#4030);
#4029 = CARTESIAN_POINT('',(-1.100000008339,3.));
#4030 = DIRECTION('',(1.,0.));
#4031 = ( GEOMETRIC_REPRESENTATION_CONTEXT(2) 
PARAMETRIC_REPRESENTATION_CONTEXT() REPRESENTATION_CONTEXT('2D SPACE',''
  ) );
#4032 = ORIENTED_EDGE('',*,*,#4033,.F.);
#4033 = EDGE_CURVE('',#1438,#4010,#4034,.T.);
#4034 = SURFACE_CURVE('',#4035,(#4039,#4046),.PCURVE_S1.);
#4035 = LINE('',#4036,#4037);
#4036 = CARTESIAN_POINT('',(7.6,-22.8,0.));
#4037 = VECTOR('',#4038,1.);
#4038 = DIRECTION('',(0.,0.,1.));
#4039 = PCURVE('',#1209,#4040);
#4040 = DEFINITIONAL_REPRESENTATION('',(#4041),#4045);
#4041 = LINE('',#4042,#4043);
#4042 = CARTESIAN_POINT('',(-3.14159265359,0.));
#4043 = VECTOR('',#4044,1.);
#4044 = DIRECTION('',(-0.,-1.));
#4045 = ( GEOMETRIC_REPRESENTATION_CONTEXT(2) 
PARAMETRIC_REPRESENTATION_CONTEXT() REPRESENTATION_CONTEXT('2D SPACE',''
  ) );
#4046 = PCURVE('',#1477,#4047);
#4047 = DEFINITIONAL_REPRESENTATION('',(#4048),#4052);
#4048 = LINE('',#4049,#4050);
#4049 = CARTESIAN_POINT('',(6.,0.));
#4050 = VECTOR('',#4051,1.);
#4051 = DIRECTION('',(0.,-1.));
#4052 = ( GEOMETRIC_REPRESENTATION_CONTEXT(2) 
PARAMETRIC_REPRESENTATION_CONTEXT() REPRESENTATION_CONTEXT('2D SPACE',''
  ) );
#4053 = ADVANCED_FACE('',(#4054),#1183,.T.);
#4054 = FACE_BOUND('',#4055,.T.);
#4055 = EDGE_LOOP('',(#4056,#4079,#4103,#4126,#4150,#4173,#4197,#4223,
    #4224));
#4056 = ORIENTED_EDGE('',*,*,#4057,.F.);
#4057 = EDGE_CURVE('',#4058,#4010,#4060,.T.);
#4058 = VERTEX_POINT('',#4059);
#4059 = CARTESIAN_POINT('',(7.6,-28.8,4.6));
#4060 = SURFACE_CURVE('',#4061,(#4065,#4072),.PCURVE_S1.);
#4061 = LINE('',#4062,#4063);
#4062 = CARTESIAN_POINT('',(7.600000014102,-25.8,4.6));
#4063 = VECTOR('',#4064,1.);
#4064 = DIRECTION('',(0.,1.,0.));
#4065 = PCURVE('',#1183,#4066);
#4066 = DEFINITIONAL_REPRESENTATION('',(#4067),#4071);
#4067 = LINE('',#4068,#4069);
#4068 = CARTESIAN_POINT('',(-4.099999980135,-1.901339693486E-16));
#4069 = VECTOR('',#4070,1.);
#4070 = DIRECTION('',(0.,1.));
#4071 = ( GEOMETRIC_REPRESENTATION_CONTEXT(2) 
PARAMETRIC_REPRESENTATION_CONTEXT() REPRESENTATION_CONTEXT('2D SPACE',''
  ) );
#4072 = PCURVE('',#1477,#4073);
#4073 = DEFINITIONAL_REPRESENTATION('',(#4074),#4078);
#4074 = LINE('',#4075,#4076);
#4075 = CARTESIAN_POINT('',(3.,-4.6));
#4076 = VECTOR('',#4077,1.);
#4077 = DIRECTION('',(1.,0.));
#4078 = ( GEOMETRIC_REPRESENTATION_CONTEXT(2) 
PARAMETRIC_REPRESENTATION_CONTEXT() REPRESENTATION_CONTEXT('2D SPACE',''
  ) );
#4079 = ORIENTED_EDGE('',*,*,#4080,.T.);
#4080 = EDGE_CURVE('',#4058,#4081,#4083,.T.);
#4081 = VERTEX_POINT('',#4082);
#4082 = CARTESIAN_POINT('',(10.599999985898,-31.8,4.6));
#4083 = SURFACE_CURVE('',#4084,(#4089,#4096),.PCURVE_S1.);
#4084 = CIRCLE('',#4085,3.);
#4085 = AXIS2_PLACEMENT_3D('',#4086,#4087,#4088);
#4086 = CARTESIAN_POINT('',(10.599999985898,-28.8,4.6));
#4087 = DIRECTION('',(0.,0.,1.));
#4088 = DIRECTION('',(1.,0.,0.));
#4089 = PCURVE('',#1183,#4090);
#4090 = DEFINITIONAL_REPRESENTATION('',(#4091),#4095);
#4091 = CIRCLE('',#4092,3.);
#4092 = AXIS2_PLACEMENT_2D('',#4093,#4094);
#4093 = CARTESIAN_POINT('',(-1.100000008339,-3.));
#4094 = DIRECTION('',(1.,0.));
#4095 = ( GEOMETRIC_REPRESENTATION_CONTEXT(2) 
PARAMETRIC_REPRESENTATION_CONTEXT() REPRESENTATION_CONTEXT('2D SPACE',''
  ) );
#4096 = PCURVE('',#1506,#4097);
#4097 = DEFINITIONAL_REPRESENTATION('',(#4098),#4102);
#4098 = LINE('',#4099,#4100);
#4099 = CARTESIAN_POINT('',(-0.,-4.6));
#4100 = VECTOR('',#4101,1.);
#4101 = DIRECTION('',(-1.,0.));
#4102 = ( GEOMETRIC_REPRESENTATION_CONTEXT(2) 
PARAMETRIC_REPRESENTATION_CONTEXT() REPRESENTATION_CONTEXT('2D SPACE',''
  ) );
#4103 = ORIENTED_EDGE('',*,*,#4104,.T.);
#4104 = EDGE_CURVE('',#4081,#4105,#4107,.T.);
#4105 = VERTEX_POINT('',#4106);
#4106 = CARTESIAN_POINT('',(12.79999998188,-31.8,4.6));
#4107 = SURFACE_CURVE('',#4108,(#4112,#4119),.PCURVE_S1.);
#4108 = LINE('',#4109,#4110);
#4109 = CARTESIAN_POINT('',(11.700000014102,-31.8,4.6));
#4110 = VECTOR('',#4111,1.);
#4111 = DIRECTION('',(1.,0.,0.));
#4112 = PCURVE('',#1183,#4113);
#4113 = DEFINITIONAL_REPRESENTATION('',(#4114),#4118);
#4114 = LINE('',#4115,#4116);
#4115 = CARTESIAN_POINT('',(1.986489848045E-08,-6.));
#4116 = VECTOR('',#4117,1.);
#4117 = DIRECTION('',(1.,0.));
#4118 = ( GEOMETRIC_REPRESENTATION_CONTEXT(2) 
PARAMETRIC_REPRESENTATION_CONTEXT() REPRESENTATION_CONTEXT('2D SPACE',''
  ) );
#4119 = PCURVE('',#1534,#4120);
#4120 = DEFINITIONAL_REPRESENTATION('',(#4121),#4125);
#4121 = LINE('',#4122,#4123);
#4122 = CARTESIAN_POINT('',(1.100000028204,-4.6));
#4123 = VECTOR('',#4124,1.);
#4124 = DIRECTION('',(1.,0.));
#4125 = ( GEOMETRIC_REPRESENTATION_CONTEXT(2) 
PARAMETRIC_REPRESENTATION_CONTEXT() REPRESENTATION_CONTEXT('2D SPACE',''
  ) );
#4126 = ORIENTED_EDGE('',*,*,#4127,.T.);
#4127 = EDGE_CURVE('',#4105,#4128,#4130,.T.);
#4128 = VERTEX_POINT('',#4129);
#4129 = CARTESIAN_POINT('',(15.799999997991,-28.8,4.6));
#4130 = SURFACE_CURVE('',#4131,(#4136,#4143),.PCURVE_S1.);
#4131 = CIRCLE('',#4132,3.);
#4132 = AXIS2_PLACEMENT_3D('',#4133,#4134,#4135);
#4133 = CARTESIAN_POINT('',(12.79999998188,-28.8,4.6));
#4134 = DIRECTION('',(0.,0.,1.));
#4135 = DIRECTION('',(1.,0.,0.));
#4136 = PCURVE('',#1183,#4137);
#4137 = DEFINITIONAL_REPRESENTATION('',(#4138),#4142);
#4138 = CIRCLE('',#4139,3.);
#4139 = AXIS2_PLACEMENT_2D('',#4140,#4141);
#4140 = CARTESIAN_POINT('',(1.099999987642,-3.));
#4141 = DIRECTION('',(1.,0.));
#4142 = ( GEOMETRIC_REPRESENTATION_CONTEXT(2) 
PARAMETRIC_REPRESENTATION_CONTEXT() REPRESENTATION_CONTEXT('2D SPACE',''
  ) );
#4143 = PCURVE('',#1563,#4144);
#4144 = DEFINITIONAL_REPRESENTATION('',(#4145),#4149);
#4145 = LINE('',#4146,#4147);
#4146 = CARTESIAN_POINT('',(-0.,-4.6));
#4147 = VECTOR('',#4148,1.);
#4148 = DIRECTION('',(-1.,0.));
#4149 = ( GEOMETRIC_REPRESENTATION_CONTEXT(2) 
PARAMETRIC_REPRESENTATION_CONTEXT() REPRESENTATION_CONTEXT('2D SPACE',''
  ) );
#4150 = ORIENTED_EDGE('',*,*,#4151,.T.);
#4151 = EDGE_CURVE('',#4128,#4152,#4154,.T.);
#4152 = VERTEX_POINT('',#4153);
#4153 = CARTESIAN_POINT('',(15.799999997991,-22.8,4.6));
#4154 = SURFACE_CURVE('',#4155,(#4159,#4166),.PCURVE_S1.);
#4155 = LINE('',#4156,#4157);
#4156 = CARTESIAN_POINT('',(15.800000014102,-25.8,4.6));
#4157 = VECTOR('',#4158,1.);
#4158 = DIRECTION('',(0.,1.,0.));
#4159 = PCURVE('',#1183,#4160);
#4160 = DEFINITIONAL_REPRESENTATION('',(#4161),#4165);
#4161 = LINE('',#4162,#4163);
#4162 = CARTESIAN_POINT('',(4.100000019865,-1.901339693486E-16));
#4163 = VECTOR('',#4164,1.);
#4164 = DIRECTION('',(0.,1.));
#4165 = ( GEOMETRIC_REPRESENTATION_CONTEXT(2) 
PARAMETRIC_REPRESENTATION_CONTEXT() REPRESENTATION_CONTEXT('2D SPACE',''
  ) );
#4166 = PCURVE('',#1591,#4167);
#4167 = DEFINITIONAL_REPRESENTATION('',(#4168),#4172);
#4168 = LINE('',#4169,#4170);
#4169 = CARTESIAN_POINT('',(3.,-4.6));
#4170 = VECTOR('',#4171,1.);
#4171 = DIRECTION('',(1.,0.));
#4172 = ( GEOMETRIC_REPRESENTATION_CONTEXT(2) 
PARAMETRIC_REPRESENTATION_CONTEXT() REPRESENTATION_CONTEXT('2D SPACE',''
  ) );
#4173 = ORIENTED_EDGE('',*,*,#4174,.T.);
#4174 = EDGE_CURVE('',#4152,#4175,#4177,.T.);
#4175 = VERTEX_POINT('',#4176);
#4176 = CARTESIAN_POINT('',(15.544962621974,-21.58955375811,4.6));
#4177 = SURFACE_CURVE('',#4178,(#4183,#4190),.PCURVE_S1.);
#4178 = CIRCLE('',#4179,3.);
#4179 = AXIS2_PLACEMENT_3D('',#4180,#4181,#4182);
#4180 = CARTESIAN_POINT('',(12.79999998188,-22.8,4.6));
#4181 = DIRECTION('',(0.,0.,1.));
#4182 = DIRECTION('',(1.,0.,0.));
#4183 = PCURVE('',#1183,#4184);
#4184 = DEFINITIONAL_REPRESENTATION('',(#4185),#4189);
#4185 = CIRCLE('',#4186,3.);
#4186 = AXIS2_PLACEMENT_2D('',#4187,#4188);
#4187 = CARTESIAN_POINT('',(1.099999987642,3.));
#4188 = DIRECTION('',(1.,0.));
#4189 = ( GEOMETRIC_REPRESENTATION_CONTEXT(2) 
PARAMETRIC_REPRESENTATION_CONTEXT() REPRESENTATION_CONTEXT('2D SPACE',''
  ) );
#4190 = PCURVE('',#1620,#4191);
#4191 = DEFINITIONAL_REPRESENTATION('',(#4192),#4196);
#4192 = LINE('',#4193,#4194);
#4193 = CARTESIAN_POINT('',(-0.,-4.6));
#4194 = VECTOR('',#4195,1.);
#4195 = DIRECTION('',(-1.,0.));
#4196 = ( GEOMETRIC_REPRESENTATION_CONTEXT(2) 
PARAMETRIC_REPRESENTATION_CONTEXT() REPRESENTATION_CONTEXT('2D SPACE',''
  ) );
#4197 = ORIENTED_EDGE('',*,*,#4198,.T.);
#4198 = EDGE_CURVE('',#4175,#1141,#4199,.T.);
#4199 = SURFACE_CURVE('',#4200,(#4205,#4216),.PCURVE_S1.);
#4200 = CIRCLE('',#4201,11.5);
#4201 = AXIS2_PLACEMENT_3D('',#4202,#4203,#4204);
#4202 = CARTESIAN_POINT('',(12.49999998742,-10.5,4.6));
#4203 = DIRECTION('',(0.,0.,-1.));
#4204 = DIRECTION('',(-1.,0.,0.));
#4205 = PCURVE('',#1183,#4206);
#4206 = DEFINITIONAL_REPRESENTATION('',(#4207),#4215);
#4207 = ( BOUNDED_CURVE() B_SPLINE_CURVE(2,(#4208,#4209,#4210,#4211,
#4212,#4213,#4214),.UNSPECIFIED.,.T.,.F.) B_SPLINE_CURVE_WITH_KNOTS((1,2
    ,2,2,2,1),(-2.094395102393,0.,2.094395102393,4.188790204786,
6.28318530718,8.377580409573),.UNSPECIFIED.) CURVE() 
GEOMETRIC_REPRESENTATION_ITEM() RATIONAL_B_SPLINE_CURVE((1.,0.5,1.,0.5,
1.,0.5,1.)) REPRESENTATION_ITEM('') );
#4208 = CARTESIAN_POINT('',(-10.70000000681,15.3));
#4209 = CARTESIAN_POINT('',(-10.70000000681,35.218584287042));
#4210 = CARTESIAN_POINT('',(6.549999993183,25.259292143521));
#4211 = CARTESIAN_POINT('',(23.799999993183,15.3));
#4212 = CARTESIAN_POINT('',(6.549999993183,5.340707856479));
#4213 = CARTESIAN_POINT('',(-10.70000000681,-4.618584287042));
#4214 = CARTESIAN_POINT('',(-10.70000000681,15.3));
#4215 = ( GEOMETRIC_REPRESENTATION_CONTEXT(2) 
PARAMETRIC_REPRESENTATION_CONTEXT() REPRESENTATION_CONTEXT('2D SPACE',''
  ) );
#4216 = PCURVE('',#1156,#4217);
#4217 = DEFINITIONAL_REPRESENTATION('',(#4218),#4222);
#4218 = LINE('',#4219,#4220);
#4219 = CARTESIAN_POINT('',(0.,-4.6));
#4220 = VECTOR('',#4221,1.);
#4221 = DIRECTION('',(1.,0.));
#4222 = ( GEOMETRIC_REPRESENTATION_CONTEXT(2) 
PARAMETRIC_REPRESENTATION_CONTEXT() REPRESENTATION_CONTEXT('2D SPACE',''
  ) );
#4223 = ORIENTED_EDGE('',*,*,#1168,.F.);
#4224 = ORIENTED_EDGE('',*,*,#4009,.T.);
#4225 = ADVANCED_FACE('',(#4226),#1156,.T.);
#4226 = FACE_BOUND('',#4227,.T.);
#4227 = EDGE_LOOP('',(#4228,#4254,#4282,#4304,#4305,#4306));
#4228 = ORIENTED_EDGE('',*,*,#4229,.F.);
#4229 = EDGE_CURVE('',#4230,#4232,#4234,.T.);
#4230 = VERTEX_POINT('',#4231);
#4231 = CARTESIAN_POINT('',(24.,-10.5,0.55));
#4232 = VERTEX_POINT('',#4233);
#4233 = CARTESIAN_POINT('',(15.544962621974,-21.58955375811,0.55));
#4234 = SURFACE_CURVE('',#4235,(#4240,#4247),.PCURVE_S1.);
#4235 = CIRCLE('',#4236,11.5);
#4236 = AXIS2_PLACEMENT_3D('',#4237,#4238,#4239);
#4237 = CARTESIAN_POINT('',(12.49999998742,-10.5,0.55));
#4238 = DIRECTION('',(0.,-0.,-1.));
#4239 = DIRECTION('',(1.,1.544658121218E-16,-0.));
#4240 = PCURVE('',#1156,#4241);
#4241 = DEFINITIONAL_REPRESENTATION('',(#4242),#4246);
#4242 = LINE('',#4243,#4244);
#4243 = CARTESIAN_POINT('',(3.14159265359,-0.55));
#4244 = VECTOR('',#4245,1.);
#4245 = DIRECTION('',(1.,0.));
#4246 = ( GEOMETRIC_REPRESENTATION_CONTEXT(2) 
PARAMETRIC_REPRESENTATION_CONTEXT() REPRESENTATION_CONTEXT('2D SPACE',''
  ) );
#4247 = PCURVE('',#1653,#4248);
#4248 = DEFINITIONAL_REPRESENTATION('',(#4249),#4253);
#4249 = LINE('',#4250,#4251);
#4250 = CARTESIAN_POINT('',(0.,0.));
#4251 = VECTOR('',#4252,1.);
#4252 = DIRECTION('',(1.,0.));
#4253 = ( GEOMETRIC_REPRESENTATION_CONTEXT(2) 
PARAMETRIC_REPRESENTATION_CONTEXT() REPRESENTATION_CONTEXT('2D SPACE',''
  ) );
#4254 = ORIENTED_EDGE('',*,*,#4255,.T.);
#4255 = EDGE_CURVE('',#4230,#4256,#4258,.T.);
#4256 = VERTEX_POINT('',#4257);
#4257 = CARTESIAN_POINT('',(24.,-10.5,8.95));
#4258 = SURFACE_CURVE('',#4259,(#4263,#4270),.PCURVE_S1.);
#4259 = LINE('',#4260,#4261);
#4260 = CARTESIAN_POINT('',(23.99999999371,-10.5,0.));
#4261 = VECTOR('',#4262,1.);
#4262 = DIRECTION('',(0.,0.,1.));
#4263 = PCURVE('',#1156,#4264);
#4264 = DEFINITIONAL_REPRESENTATION('',(#4265),#4269);
#4265 = LINE('',#4266,#4267);
#4266 = CARTESIAN_POINT('',(3.14159265359,0.));
#4267 = VECTOR('',#4268,1.);
#4268 = DIRECTION('',(0.,-1.));
#4269 = ( GEOMETRIC_REPRESENTATION_CONTEXT(2) 
PARAMETRIC_REPRESENTATION_CONTEXT() REPRESENTATION_CONTEXT('2D SPACE',''
  ) );
#4270 = PCURVE('',#4271,#4276);
#4271 = PLANE('',#4272);
#4272 = AXIS2_PLACEMENT_3D('',#4273,#4274,#4275);
#4273 = CARTESIAN_POINT('',(24.,-10.5,0.));
#4274 = DIRECTION('',(-1.,0.,0.));
#4275 = DIRECTION('',(0.,1.,0.));
#4276 = DEFINITIONAL_REPRESENTATION('',(#4277),#4281);
#4277 = LINE('',#4278,#4279);
#4278 = CARTESIAN_POINT('',(0.,0.));
#4279 = VECTOR('',#4280,1.);
#4280 = DIRECTION('',(0.,-1.));
#4281 = ( GEOMETRIC_REPRESENTATION_CONTEXT(2) 
PARAMETRIC_REPRESENTATION_CONTEXT() REPRESENTATION_CONTEXT('2D SPACE',''
  ) );
#4282 = ORIENTED_EDGE('',*,*,#4283,.T.);
#4283 = EDGE_CURVE('',#4256,#1118,#4284,.T.);
#4284 = SURFACE_CURVE('',#4285,(#4290,#4297),.PCURVE_S1.);
#4285 = CIRCLE('',#4286,11.5);
#4286 = AXIS2_PLACEMENT_3D('',#4287,#4288,#4289);
#4287 = CARTESIAN_POINT('',(12.49999998742,-10.5,8.95));
#4288 = DIRECTION('',(0.,-0.,-1.));
#4289 = DIRECTION('',(1.,1.544658121218E-16,-0.));
#4290 = PCURVE('',#1156,#4291);
#4291 = DEFINITIONAL_REPRESENTATION('',(#4292),#4296);
#4292 = LINE('',#4293,#4294);
#4293 = CARTESIAN_POINT('',(3.14159265359,-8.95));
#4294 = VECTOR('',#4295,1.);
#4295 = DIRECTION('',(1.,0.));
#4296 = ( GEOMETRIC_REPRESENTATION_CONTEXT(2) 
PARAMETRIC_REPRESENTATION_CONTEXT() REPRESENTATION_CONTEXT('2D SPACE',''
  ) );
#4297 = PCURVE('',#2550,#4298);
#4298 = DEFINITIONAL_REPRESENTATION('',(#4299),#4303);
#4299 = LINE('',#4300,#4301);
#4300 = CARTESIAN_POINT('',(-0.,0.));
#4301 = VECTOR('',#4302,1.);
#4302 = DIRECTION('',(-1.,0.));
#4303 = ( GEOMETRIC_REPRESENTATION_CONTEXT(2) 
PARAMETRIC_REPRESENTATION_CONTEXT() REPRESENTATION_CONTEXT('2D SPACE',''
  ) );
#4304 = ORIENTED_EDGE('',*,*,#1140,.F.);
#4305 = ORIENTED_EDGE('',*,*,#4198,.F.);
#4306 = ORIENTED_EDGE('',*,*,#4307,.T.);
#4307 = EDGE_CURVE('',#4175,#4232,#4308,.T.);
#4308 = SURFACE_CURVE('',#4309,(#4313,#4319),.PCURVE_S1.);
#4309 = LINE('',#4310,#4311);
#4310 = CARTESIAN_POINT('',(15.544962621974,-21.58955375811,0.));
#4311 = VECTOR('',#4312,1.);
#4312 = DIRECTION('',(0.,0.,-1.));
#4313 = PCURVE('',#1156,#4314);
#4314 = DEFINITIONAL_REPRESENTATION('',(#4315),#4318);
#4315 = B_SPLINE_CURVE_WITH_KNOTS('',1,(#4316,#4317),.UNSPECIFIED.,.F.,
  .F.,(2,2),(-4.6000006,-0.5499994),.PIECEWISE_BEZIER_KNOTS.);
#4316 = CARTESIAN_POINT('',(4.444413872067,-4.6000006));
#4317 = CARTESIAN_POINT('',(4.444413872067,-0.5499994));
#4318 = ( GEOMETRIC_REPRESENTATION_CONTEXT(2) 
PARAMETRIC_REPRESENTATION_CONTEXT() REPRESENTATION_CONTEXT('2D SPACE',''
  ) );
#4319 = PCURVE('',#1620,#4320);
#4320 = DEFINITIONAL_REPRESENTATION('',(#4321),#4324);
#4321 = B_SPLINE_CURVE_WITH_KNOTS('',1,(#4322,#4323),.UNSPECIFIED.,.F.,
  .F.,(2,2),(-4.6000006,-0.5499994),.PIECEWISE_BEZIER_KNOTS.);
#4322 = CARTESIAN_POINT('',(-0.415319271758,-4.6000006));
#4323 = CARTESIAN_POINT('',(-0.415319271758,-0.5499994));
#4324 = ( GEOMETRIC_REPRESENTATION_CONTEXT(2) 
PARAMETRIC_REPRESENTATION_CONTEXT() REPRESENTATION_CONTEXT('2D SPACE',''
  ) );
#4325 = ADVANCED_FACE('',(#4326),#1477,.T.);
#4326 = FACE_BOUND('',#4327,.T.);
#4327 = EDGE_LOOP('',(#4328,#4329,#4352,#4385,#4413,#4434,#4435));
#4328 = ORIENTED_EDGE('',*,*,#1461,.F.);
#4329 = ORIENTED_EDGE('',*,*,#4330,.T.);
#4330 = EDGE_CURVE('',#1462,#4331,#4333,.T.);
#4331 = VERTEX_POINT('',#4332);
#4332 = CARTESIAN_POINT('',(7.6,-28.8,1.451471862576));
#4333 = SURFACE_CURVE('',#4334,(#4338,#4345),.PCURVE_S1.);
#4334 = LINE('',#4335,#4336);
#4335 = CARTESIAN_POINT('',(7.6,-28.8,0.));
#4336 = VECTOR('',#4337,1.);
#4337 = DIRECTION('',(0.,0.,1.));
#4338 = PCURVE('',#1477,#4339);
#4339 = DEFINITIONAL_REPRESENTATION('',(#4340),#4344);
#4340 = LINE('',#4341,#4342);
#4341 = CARTESIAN_POINT('',(0.,0.));
#4342 = VECTOR('',#4343,1.);
#4343 = DIRECTION('',(0.,-1.));
#4344 = ( GEOMETRIC_REPRESENTATION_CONTEXT(2) 
PARAMETRIC_REPRESENTATION_CONTEXT() REPRESENTATION_CONTEXT('2D SPACE',''
  ) );
#4345 = PCURVE('',#1506,#4346);
#4346 = DEFINITIONAL_REPRESENTATION('',(#4347),#4351);
#4347 = LINE('',#4348,#4349);
#4348 = CARTESIAN_POINT('',(-3.14159265359,0.));
#4349 = VECTOR('',#4350,1.);
#4350 = DIRECTION('',(-0.,-1.));
#4351 = ( GEOMETRIC_REPRESENTATION_CONTEXT(2) 
PARAMETRIC_REPRESENTATION_CONTEXT() REPRESENTATION_CONTEXT('2D SPACE',''
  ) );
#4352 = ORIENTED_EDGE('',*,*,#4353,.T.);
#4353 = EDGE_CURVE('',#4331,#4354,#4356,.T.);
#4354 = VERTEX_POINT('',#4355);
#4355 = CARTESIAN_POINT('',(7.600000014102,-28.1,1.2));
#4356 = SURFACE_CURVE('',#4357,(#4362,#4373),.PCURVE_S1.);
#4357 = CIRCLE('',#4358,1.1);
#4358 = AXIS2_PLACEMENT_3D('',#4359,#4360,#4361);
#4359 = CARTESIAN_POINT('',(7.600000014102,-28.1,2.3));
#4360 = DIRECTION('',(1.,0.,2.22044604925E-16));
#4361 = DIRECTION('',(2.22044604925E-16,0.,-1.));
#4362 = PCURVE('',#1477,#4363);
#4363 = DEFINITIONAL_REPRESENTATION('',(#4364),#4372);
#4364 = ( BOUNDED_CURVE() B_SPLINE_CURVE(2,(#4365,#4366,#4367,#4368,
#4369,#4370,#4371),.UNSPECIFIED.,.T.,.F.) B_SPLINE_CURVE_WITH_KNOTS((1,2
    ,2,2,2,1),(-2.094395102393,0.,2.094395102393,4.188790204786,
6.28318530718,8.377580409573),.UNSPECIFIED.) CURVE() 
GEOMETRIC_REPRESENTATION_ITEM() RATIONAL_B_SPLINE_CURVE((1.,0.5,1.,0.5,
1.,0.5,1.)) REPRESENTATION_ITEM('') );
#4365 = CARTESIAN_POINT('',(0.7,-1.2));
#4366 = CARTESIAN_POINT('',(2.605255888326,-1.2));
#4367 = CARTESIAN_POINT('',(1.652627944163,-2.85));
#4368 = CARTESIAN_POINT('',(0.7,-4.5));
#4369 = CARTESIAN_POINT('',(-0.252627944163,-2.85));
#4370 = CARTESIAN_POINT('',(-1.205255888326,-1.2));
#4371 = CARTESIAN_POINT('',(0.7,-1.2));
#4372 = ( GEOMETRIC_REPRESENTATION_CONTEXT(2) 
PARAMETRIC_REPRESENTATION_CONTEXT() REPRESENTATION_CONTEXT('2D SPACE',''
  ) );
#4373 = PCURVE('',#4374,#4379);
#4374 = CYLINDRICAL_SURFACE('',#4375,1.1);
#4375 = AXIS2_PLACEMENT_3D('',#4376,#4377,#4378);
#4376 = CARTESIAN_POINT('',(6.7,-28.1,2.3));
#4377 = DIRECTION('',(1.,0.,2.22044604925E-16));
#4378 = DIRECTION('',(2.22044604925E-16,0.,-1.));
#4379 = DEFINITIONAL_REPRESENTATION('',(#4380),#4384);
#4380 = LINE('',#4381,#4382);
#4381 = CARTESIAN_POINT('',(0.,0.900000014102));
#4382 = VECTOR('',#4383,1.);
#4383 = DIRECTION('',(1.,0.));
#4384 = ( GEOMETRIC_REPRESENTATION_CONTEXT(2) 
PARAMETRIC_REPRESENTATION_CONTEXT() REPRESENTATION_CONTEXT('2D SPACE',''
  ) );
#4385 = ORIENTED_EDGE('',*,*,#4386,.T.);
#4386 = EDGE_CURVE('',#4354,#4387,#4389,.T.);
#4387 = VERTEX_POINT('',#4388);
#4388 = CARTESIAN_POINT('',(7.6,-28.8,3.148528137424));
#4389 = SURFACE_CURVE('',#4390,(#4395,#4406),.PCURVE_S1.);
#4390 = CIRCLE('',#4391,1.1);
#4391 = AXIS2_PLACEMENT_3D('',#4392,#4393,#4394);
#4392 = CARTESIAN_POINT('',(7.600000014102,-28.1,2.3));
#4393 = DIRECTION('',(1.,0.,2.22044604925E-16));
#4394 = DIRECTION('',(2.22044604925E-16,0.,-1.));
#4395 = PCURVE('',#1477,#4396);
#4396 = DEFINITIONAL_REPRESENTATION('',(#4397),#4405);
#4397 = ( BOUNDED_CURVE() B_SPLINE_CURVE(2,(#4398,#4399,#4400,#4401,
#4402,#4403,#4404),.UNSPECIFIED.,.T.,.F.) B_SPLINE_CURVE_WITH_KNOTS((1,2
    ,2,2,2,1),(-2.094395102393,0.,2.094395102393,4.188790204786,
6.28318530718,8.377580409573),.UNSPECIFIED.) CURVE() 
GEOMETRIC_REPRESENTATION_ITEM() RATIONAL_B_SPLINE_CURVE((1.,0.5,1.,0.5,
1.,0.5,1.)) REPRESENTATION_ITEM('') );
#4398 = CARTESIAN_POINT('',(0.7,-1.2));
#4399 = CARTESIAN_POINT('',(2.605255888326,-1.2));
#4400 = CARTESIAN_POINT('',(1.652627944163,-2.85));
#4401 = CARTESIAN_POINT('',(0.7,-4.5));
#4402 = CARTESIAN_POINT('',(-0.252627944163,-2.85));
#4403 = CARTESIAN_POINT('',(-1.205255888326,-1.2));
#4404 = CARTESIAN_POINT('',(0.7,-1.2));
#4405 = ( GEOMETRIC_REPRESENTATION_CONTEXT(2) 
PARAMETRIC_REPRESENTATION_CONTEXT() REPRESENTATION_CONTEXT('2D SPACE',''
  ) );
#4406 = PCURVE('',#4374,#4407);
#4407 = DEFINITIONAL_REPRESENTATION('',(#4408),#4412);
#4408 = LINE('',#4409,#4410);
#4409 = CARTESIAN_POINT('',(0.,0.900000014102));
#4410 = VECTOR('',#4411,1.);
#4411 = DIRECTION('',(1.,0.));
#4412 = ( GEOMETRIC_REPRESENTATION_CONTEXT(2) 
PARAMETRIC_REPRESENTATION_CONTEXT() REPRESENTATION_CONTEXT('2D SPACE',''
  ) );
#4413 = ORIENTED_EDGE('',*,*,#4414,.T.);
#4414 = EDGE_CURVE('',#4387,#4058,#4415,.T.);
#4415 = SURFACE_CURVE('',#4416,(#4420,#4427),.PCURVE_S1.);
#4416 = LINE('',#4417,#4418);
#4417 = CARTESIAN_POINT('',(7.6,-28.8,0.));
#4418 = VECTOR('',#4419,1.);
#4419 = DIRECTION('',(0.,0.,1.));
#4420 = PCURVE('',#1477,#4421);
#4421 = DEFINITIONAL_REPRESENTATION('',(#4422),#4426);
#4422 = LINE('',#4423,#4424);
#4423 = CARTESIAN_POINT('',(0.,0.));
#4424 = VECTOR('',#4425,1.);
#4425 = DIRECTION('',(0.,-1.));
#4426 = ( GEOMETRIC_REPRESENTATION_CONTEXT(2) 
PARAMETRIC_REPRESENTATION_CONTEXT() REPRESENTATION_CONTEXT('2D SPACE',''
  ) );
#4427 = PCURVE('',#1506,#4428);
#4428 = DEFINITIONAL_REPRESENTATION('',(#4429),#4433);
#4429 = LINE('',#4430,#4431);
#4430 = CARTESIAN_POINT('',(-3.14159265359,0.));
#4431 = VECTOR('',#4432,1.);
#4432 = DIRECTION('',(-0.,-1.));
#4433 = ( GEOMETRIC_REPRESENTATION_CONTEXT(2) 
PARAMETRIC_REPRESENTATION_CONTEXT() REPRESENTATION_CONTEXT('2D SPACE',''
  ) );
#4434 = ORIENTED_EDGE('',*,*,#4057,.T.);
#4435 = ORIENTED_EDGE('',*,*,#4033,.F.);
#4436 = ADVANCED_FACE('',(#4437),#1506,.T.);
#4437 = FACE_BOUND('',#4438,.F.);
#4438 = EDGE_LOOP('',(#4439,#4440,#4441,#4531,#4532,#4533));
#4439 = ORIENTED_EDGE('',*,*,#1489,.F.);
#4440 = ORIENTED_EDGE('',*,*,#4330,.T.);
#4441 = ORIENTED_EDGE('',*,*,#4442,.F.);
#4442 = EDGE_CURVE('',#4387,#4331,#4443,.T.);
#4443 = SURFACE_CURVE('',#4444,(#4471,#4501),.PCURVE_S1.);
#4444 = B_SPLINE_CURVE_WITH_KNOTS('',5,(#4445,#4446,#4447,#4448,#4449,
    #4450,#4451,#4452,#4453,#4454,#4455,#4456,#4457,#4458,#4459,#4460,
    #4461,#4462,#4463,#4464,#4465,#4466,#4467,#4468,#4469,#4470),
  .UNSPECIFIED.,.F.,.F.,(6,4,4,4,4,4,6),(0.,0.125203008289,
    0.218833361455,0.499999837444,0.780957367843,0.875562566696,1.),
  .UNSPECIFIED.);
#4445 = CARTESIAN_POINT('',(7.599999985898,-28.8,3.148528137424));
#4446 = CARTESIAN_POINT('',(7.599999985898,-28.84005885843,
    3.115481265235));
#4447 = CARTESIAN_POINT('',(7.600668624365,-28.87770314003,
    3.080453555098));
#4448 = CARTESIAN_POINT('',(7.601844640046,-28.91286987672,
    3.043681107086));
#4449 = CARTESIAN_POINT('',(7.6033795134,-28.94551675806,3.005390076779)
  );
#4450 = CARTESIAN_POINT('',(7.606465026847,-28.99813384074,2.93619104128
    ));
#4451 = CARTESIAN_POINT('',(7.607914400837,-29.01922960825,2.9058495338)
  );
#4452 = CARTESIAN_POINT('',(7.609439664247,-29.03890474031,
    2.874856045982));
#4453 = CARTESIAN_POINT('',(7.610994304044,-29.05715935576,
    2.843285094381));
#4454 = CARTESIAN_POINT('',(7.617176056711,-29.12456056373,
    2.714865479433));
#4455 = CARTESIAN_POINT('',(7.621719297001,-29.16233563962,
    2.613946885337));
#4456 = CARTESIAN_POINT('',(7.625097075852,-29.18744484674,2.51022280058
    ));
#4457 = CARTESIAN_POINT('',(7.626786236434,-29.2,2.405111277244));
#4458 = CARTESIAN_POINT('',(7.626786236434,-29.2,2.194966834976));
#4459 = CARTESIAN_POINT('',(7.625099585507,-29.18746350082,
    2.089933420182));
#4460 = CARTESIAN_POINT('',(7.621726824476,-29.16239159422,
    1.986284373055));
#4461 = CARTESIAN_POINT('',(7.617189559652,-29.12467282767,
    1.885434548419));
#4462 = CARTESIAN_POINT('',(7.610995550779,-29.05718463503,1.75673428145
    ));
#4463 = CARTESIAN_POINT('',(7.609424439188,-29.03873786873,
    1.724834945332));
#4464 = CARTESIAN_POINT('',(7.607883439009,-29.01884081323,
    1.693525377349));
#4465 = CARTESIAN_POINT('',(7.606420572608,-28.99749337375,
    1.662882493309));
#4466 = CARTESIAN_POINT('',(7.603342047967,-28.94471754862,
    1.593673569779));
#4467 = CARTESIAN_POINT('',(7.601823121296,-28.9122244071,1.555644429286
    ));
#4468 = CARTESIAN_POINT('',(7.600660466878,-28.87724254802,
    1.519118009132));
#4469 = CARTESIAN_POINT('',(7.599999985898,-28.83981375272,
    1.484316532865));
#4470 = CARTESIAN_POINT('',(7.599999985898,-28.8,1.451471862576));
#4471 = PCURVE('',#1506,#4472);
#4472 = DEFINITIONAL_REPRESENTATION('',(#4473),#4500);
#4473 = B_SPLINE_CURVE_WITH_KNOTS('',5,(#4474,#4475,#4476,#4477,#4478,
    #4479,#4480,#4481,#4482,#4483,#4484,#4485,#4486,#4487,#4488,#4489,
    #4490,#4491,#4492,#4493,#4494,#4495,#4496,#4497,#4498,#4499),
  .UNSPECIFIED.,.F.,.F.,(6,4,4,4,4,4,6),(0.,0.125203008289,
    0.218833361455,0.499999837444,0.780957367843,0.875562566696,1.),
  .UNSPECIFIED.);
#4474 = CARTESIAN_POINT('',(-3.14159265359,-3.148528137424));
#4475 = CARTESIAN_POINT('',(-3.154945606402,-3.115481265235));
#4476 = CARTESIAN_POINT('',(-3.167493700136,-3.080453555098));
#4477 = CARTESIAN_POINT('',(-3.179220906708,-3.043681107086));
#4478 = CARTESIAN_POINT('',(-3.190114488564,-3.005390076779));
#4479 = CARTESIAN_POINT('',(-3.207683646462,-2.93619104128));
#4480 = CARTESIAN_POINT('',(-3.214731810381,-2.9058495338));
#4481 = CARTESIAN_POINT('',(-3.22130955075,-2.874856045982));
#4482 = CARTESIAN_POINT('',(-3.227416337756,-2.843285094381));
#4483 = CARTESIAN_POINT('',(-3.249977703216,-2.714865479433));
#4484 = CARTESIAN_POINT('',(-3.262655376413,-2.613946885337));
#4485 = CARTESIAN_POINT('',(-3.271101773479,-2.51022280058));
#4486 = CARTESIAN_POINT('',(-3.275324243,-2.405111277244));
#4487 = CARTESIAN_POINT('',(-3.275324243,-2.194966834976));
#4488 = CARTESIAN_POINT('',(-3.271108046366,-2.089933420182));
#4489 = CARTESIAN_POINT('',(-3.262674200215,-1.986284373055));
#4490 = CARTESIAN_POINT('',(-3.250015379242,-1.885434548419));
#4491 = CARTESIAN_POINT('',(-3.227424766906,-1.75673428145));
#4492 = CARTESIAN_POINT('',(-3.221253697442,-1.724834945332));
#4493 = CARTESIAN_POINT('',(-3.214601809535,-1.693525377349));
#4494 = CARTESIAN_POINT('',(-3.207469656488,-1.662882493309));
#4495 = CARTESIAN_POINT('',(-3.189847810729,-1.593673569779));
#4496 = CARTESIAN_POINT('',(-3.179005659691,-1.555644429286));
#4497 = CARTESIAN_POINT('',(-3.167340169458,-1.519118009132));
#4498 = CARTESIAN_POINT('',(-3.154863904497,-1.484316532865));
#4499 = CARTESIAN_POINT('',(-3.14159265359,-1.451471862576));
#4500 = ( GEOMETRIC_REPRESENTATION_CONTEXT(2) 
PARAMETRIC_REPRESENTATION_CONTEXT() REPRESENTATION_CONTEXT('2D SPACE',''
  ) );
#4501 = PCURVE('',#4374,#4502);
#4502 = DEFINITIONAL_REPRESENTATION('',(#4503),#4530);
#4503 = B_SPLINE_CURVE_WITH_KNOTS('',5,(#4504,#4505,#4506,#4507,#4508,
    #4509,#4510,#4511,#4512,#4513,#4514,#4515,#4516,#4517,#4518,#4519,
    #4520,#4521,#4522,#4523,#4524,#4525,#4526,#4527,#4528,#4529),
  .UNSPECIFIED.,.F.,.F.,(6,4,4,4,4,4,6),(0.,0.125203008289,
    0.218833361455,0.499999837444,0.780957367843,0.875562566696,1.),
  .UNSPECIFIED.);
#4504 = CARTESIAN_POINT('',(3.831367654375,0.899999985898));
#4505 = CARTESIAN_POINT('',(3.878577471788,0.899999985898));
#4506 = CARTESIAN_POINT('',(3.925239994789,0.900668624365));
#4507 = CARTESIAN_POINT('',(3.971393560225,0.901844640046));
#4508 = CARTESIAN_POINT('',(4.017066831056,0.9033795134));
#4509 = CARTESIAN_POINT('',(4.096095353492,0.906465026847));
#4510 = CARTESIAN_POINT('',(4.129660092683,0.907914400837));
#4511 = CARTESIAN_POINT('',(4.162995141321,0.909439664247));
#4512 = CARTESIAN_POINT('',(4.196120735036,0.910994304044));
#4513 = CARTESIAN_POINT('',(4.327968757803,0.917176056711));
#4514 = CARTESIAN_POINT('',(4.425163875919,0.921719297001));
#4515 = CARTESIAN_POINT('',(4.521277769716,0.925097075852));
#4516 = CARTESIAN_POINT('',(4.616833273799,0.926786236434));
#4517 = CARTESIAN_POINT('',(4.807873675861,0.926786236434));
#4518 = CARTESIAN_POINT('',(4.903358173935,0.925099585507));
#4519 = CARTESIAN_POINT('',(4.999399795677,0.921726824476));
#4520 = CARTESIAN_POINT('',(5.096520257395,0.917189559652));
#4521 = CARTESIAN_POINT('',(5.228630951224,0.910995550779));
#4522 = CARTESIAN_POINT('',(5.262101559169,0.909424439188));
#4523 = CARTESIAN_POINT('',(5.295786097501,0.907883439009));
#4524 = CARTESIAN_POINT('',(5.329705430109,0.906420572608));
#4525 = CARTESIAN_POINT('',(5.408828531258,0.903342047967));
#4526 = CARTESIAN_POINT('',(5.454231226827,0.901823121296));
#4527 = CARTESIAN_POINT('',(5.500108818167,0.900660466878));
#4528 = CARTESIAN_POINT('',(5.546489348839,0.899999985898));
#4529 = CARTESIAN_POINT('',(5.593410306394,0.899999985898));
#4530 = ( GEOMETRIC_REPRESENTATION_CONTEXT(2) 
PARAMETRIC_REPRESENTATION_CONTEXT() REPRESENTATION_CONTEXT('2D SPACE',''
  ) );
#4531 = ORIENTED_EDGE('',*,*,#4414,.T.);
#4532 = ORIENTED_EDGE('',*,*,#4080,.T.);
#4533 = ORIENTED_EDGE('',*,*,#4534,.F.);
#4534 = EDGE_CURVE('',#1490,#4081,#4535,.T.);
#4535 = SURFACE_CURVE('',#4536,(#4540,#4547),.PCURVE_S1.);
#4536 = LINE('',#4537,#4538);
#4537 = CARTESIAN_POINT('',(10.599999985898,-31.8,0.));
#4538 = VECTOR('',#4539,1.);
#4539 = DIRECTION('',(0.,0.,1.));
#4540 = PCURVE('',#1506,#4541);
#4541 = DEFINITIONAL_REPRESENTATION('',(#4542),#4546);
#4542 = LINE('',#4543,#4544);
#4543 = CARTESIAN_POINT('',(-4.712388980385,0.));
#4544 = VECTOR('',#4545,1.);
#4545 = DIRECTION('',(-0.,-1.));
#4546 = ( GEOMETRIC_REPRESENTATION_CONTEXT(2) 
PARAMETRIC_REPRESENTATION_CONTEXT() REPRESENTATION_CONTEXT('2D SPACE',''
  ) );
#4547 = PCURVE('',#1534,#4548);
#4548 = DEFINITIONAL_REPRESENTATION('',(#4549),#4553);
#4549 = LINE('',#4550,#4551);
#4550 = CARTESIAN_POINT('',(2.22044604925E-16,0.));
#4551 = VECTOR('',#4552,1.);
#4552 = DIRECTION('',(0.,-1.));
#4553 = ( GEOMETRIC_REPRESENTATION_CONTEXT(2) 
PARAMETRIC_REPRESENTATION_CONTEXT() REPRESENTATION_CONTEXT('2D SPACE',''
  ) );
#4554 = ADVANCED_FACE('',(#4555),#1534,.F.);
#4555 = FACE_BOUND('',#4556,.F.);
#4556 = EDGE_LOOP('',(#4557,#4558,#4559,#4580));
#4557 = ORIENTED_EDGE('',*,*,#4534,.T.);
#4558 = ORIENTED_EDGE('',*,*,#4104,.T.);
#4559 = ORIENTED_EDGE('',*,*,#4560,.F.);
#4560 = EDGE_CURVE('',#1519,#4105,#4561,.T.);
#4561 = SURFACE_CURVE('',#4562,(#4566,#4573),.PCURVE_S1.);
#4562 = LINE('',#4563,#4564);
#4563 = CARTESIAN_POINT('',(12.79999998188,-31.8,0.));
#4564 = VECTOR('',#4565,1.);
#4565 = DIRECTION('',(0.,0.,1.));
#4566 = PCURVE('',#1534,#4567);
#4567 = DEFINITIONAL_REPRESENTATION('',(#4568),#4572);
#4568 = LINE('',#4569,#4570);
#4569 = CARTESIAN_POINT('',(2.199999995982,0.));
#4570 = VECTOR('',#4571,1.);
#4571 = DIRECTION('',(0.,-1.));
#4572 = ( GEOMETRIC_REPRESENTATION_CONTEXT(2) 
PARAMETRIC_REPRESENTATION_CONTEXT() REPRESENTATION_CONTEXT('2D SPACE',''
  ) );
#4573 = PCURVE('',#1563,#4574);
#4574 = DEFINITIONAL_REPRESENTATION('',(#4575),#4579);
#4575 = LINE('',#4576,#4577);
#4576 = CARTESIAN_POINT('',(-4.712388980385,0.));
#4577 = VECTOR('',#4578,1.);
#4578 = DIRECTION('',(-0.,-1.));
#4579 = ( GEOMETRIC_REPRESENTATION_CONTEXT(2) 
PARAMETRIC_REPRESENTATION_CONTEXT() REPRESENTATION_CONTEXT('2D SPACE',''
  ) );
#4580 = ORIENTED_EDGE('',*,*,#1518,.F.);
#4581 = ADVANCED_FACE('',(#4582),#1563,.T.);
#4582 = FACE_BOUND('',#4583,.F.);
#4583 = EDGE_LOOP('',(#4584,#4585,#4586,#4587,#4610,#4702));
#4584 = ORIENTED_EDGE('',*,*,#1546,.F.);
#4585 = ORIENTED_EDGE('',*,*,#4560,.T.);
#4586 = ORIENTED_EDGE('',*,*,#4127,.T.);
#4587 = ORIENTED_EDGE('',*,*,#4588,.F.);
#4588 = EDGE_CURVE('',#4589,#4128,#4591,.T.);
#4589 = VERTEX_POINT('',#4590);
#4590 = CARTESIAN_POINT('',(15.799999997991,-28.8,3.148528137424));
#4591 = SURFACE_CURVE('',#4592,(#4596,#4603),.PCURVE_S1.);
#4592 = LINE('',#4593,#4594);
#4593 = CARTESIAN_POINT('',(15.799999997991,-28.8,0.));
#4594 = VECTOR('',#4595,1.);
#4595 = DIRECTION('',(0.,0.,1.));
#4596 = PCURVE('',#1563,#4597);
#4597 = DEFINITIONAL_REPRESENTATION('',(#4598),#4602);
#4598 = LINE('',#4599,#4600);
#4599 = CARTESIAN_POINT('',(-6.28318530718,0.));
#4600 = VECTOR('',#4601,1.);
#4601 = DIRECTION('',(-0.,-1.));
#4602 = ( GEOMETRIC_REPRESENTATION_CONTEXT(2) 
PARAMETRIC_REPRESENTATION_CONTEXT() REPRESENTATION_CONTEXT('2D SPACE',''
  ) );
#4603 = PCURVE('',#1591,#4604);
#4604 = DEFINITIONAL_REPRESENTATION('',(#4605),#4609);
#4605 = LINE('',#4606,#4607);
#4606 = CARTESIAN_POINT('',(0.,0.));
#4607 = VECTOR('',#4608,1.);
#4608 = DIRECTION('',(0.,-1.));
#4609 = ( GEOMETRIC_REPRESENTATION_CONTEXT(2) 
PARAMETRIC_REPRESENTATION_CONTEXT() REPRESENTATION_CONTEXT('2D SPACE',''
  ) );
#4610 = ORIENTED_EDGE('',*,*,#4611,.T.);
#4611 = EDGE_CURVE('',#4589,#4612,#4614,.T.);
#4612 = VERTEX_POINT('',#4613);
#4613 = CARTESIAN_POINT('',(15.799999997991,-28.8,1.451471862576));
#4614 = SURFACE_CURVE('',#4615,(#4642,#4672),.PCURVE_S1.);
#4615 = B_SPLINE_CURVE_WITH_KNOTS('',5,(#4616,#4617,#4618,#4619,#4620,
    #4621,#4622,#4623,#4624,#4625,#4626,#4627,#4628,#4629,#4630,#4631,
    #4632,#4633,#4634,#4635,#4636,#4637,#4638,#4639,#4640,#4641),
  .UNSPECIFIED.,.F.,.F.,(6,4,4,4,4,4,6),(0.,0.125203008289,
    0.218833361455,0.499999837444,0.780957367844,0.875562566696,1.),
  .UNSPECIFIED.);
#4616 = CARTESIAN_POINT('',(15.79999998188,-28.8,3.148528137424));
#4617 = CARTESIAN_POINT('',(15.79999998188,-28.84005885843,
    3.115481265235));
#4618 = CARTESIAN_POINT('',(15.799331343412,-28.87770314003,
    3.080453555098));
#4619 = CARTESIAN_POINT('',(15.798155327731,-28.91286987672,
    3.043681107086));
#4620 = CARTESIAN_POINT('',(15.796620454378,-28.94551675806,
    3.005390076779));
#4621 = CARTESIAN_POINT('',(15.793534940931,-28.99813384074,
    2.93619104128));
#4622 = CARTESIAN_POINT('',(15.792085566941,-29.01922960825,2.9058495338
    ));
#4623 = CARTESIAN_POINT('',(15.79056030353,-29.03890474031,
    2.874856045982));
#4624 = CARTESIAN_POINT('',(15.789005663733,-29.05715935576,
    2.843285094381));
#4625 = CARTESIAN_POINT('',(15.782823911067,-29.12456056373,
    2.714865479433));
#4626 = CARTESIAN_POINT('',(15.778280670777,-29.16233563962,
    2.613946885337));
#4627 = CARTESIAN_POINT('',(15.774902891925,-29.18744484674,
    2.51022280058));
#4628 = CARTESIAN_POINT('',(15.773213731343,-29.2,2.405111277244));
#4629 = CARTESIAN_POINT('',(15.773213731343,-29.2,2.194966834977));
#4630 = CARTESIAN_POINT('',(15.774900382271,-29.18746350082,
    2.089933420182));
#4631 = CARTESIAN_POINT('',(15.778273143302,-29.16239159422,
    1.986284373055));
#4632 = CARTESIAN_POINT('',(15.782810408125,-29.12467282767,
    1.885434548419));
#4633 = CARTESIAN_POINT('',(15.789004416998,-29.05718463503,
    1.75673428145));
#4634 = CARTESIAN_POINT('',(15.79057552859,-29.03873786873,
    1.724834945332));
#4635 = CARTESIAN_POINT('',(15.792116528769,-29.01884081323,
    1.693525377349));
#4636 = CARTESIAN_POINT('',(15.79357939517,-28.99749337375,
    1.662882493309));
#4637 = CARTESIAN_POINT('',(15.79665791981,-28.94471754862,
    1.593673569779));
#4638 = CARTESIAN_POINT('',(15.798176846481,-28.9122244071,
    1.555644429287));
#4639 = CARTESIAN_POINT('',(15.7993395009,-28.87724254802,1.519118009132
    ));
#4640 = CARTESIAN_POINT('',(15.79999998188,-28.83981375272,
    1.484316532865));
#4641 = CARTESIAN_POINT('',(15.79999998188,-28.8,1.451471862576));
#4642 = PCURVE('',#1563,#4643);
#4643 = DEFINITIONAL_REPRESENTATION('',(#4644),#4671);
#4644 = B_SPLINE_CURVE_WITH_KNOTS('',5,(#4645,#4646,#4647,#4648,#4649,
    #4650,#4651,#4652,#4653,#4654,#4655,#4656,#4657,#4658,#4659,#4660,
    #4661,#4662,#4663,#4664,#4665,#4666,#4667,#4668,#4669,#4670),
  .UNSPECIFIED.,.F.,.F.,(6,4,4,4,4,4,6),(0.,0.125203008289,
    0.218833361455,0.499999837444,0.780957367844,0.875562566696,1.),
  .UNSPECIFIED.);
#4645 = CARTESIAN_POINT('',(-6.28318530718,-3.148528137424));
#4646 = CARTESIAN_POINT('',(-6.269832354367,-3.115481265235));
#4647 = CARTESIAN_POINT('',(-6.257284260633,-3.080453555098));
#4648 = CARTESIAN_POINT('',(-6.245557054061,-3.043681107086));
#4649 = CARTESIAN_POINT('',(-6.234663472205,-3.005390076779));
#4650 = CARTESIAN_POINT('',(-6.217094314308,-2.93619104128));
#4651 = CARTESIAN_POINT('',(-6.210046150389,-2.9058495338));
#4652 = CARTESIAN_POINT('',(-6.203468410019,-2.874856045982));
#4653 = CARTESIAN_POINT('',(-6.197361623013,-2.843285094381));
#4654 = CARTESIAN_POINT('',(-6.174800257553,-2.714865479433));
#4655 = CARTESIAN_POINT('',(-6.162122584356,-2.613946885337));
#4656 = CARTESIAN_POINT('',(-6.153676187291,-2.51022280058));
#4657 = CARTESIAN_POINT('',(-6.14945371777,-2.405111277244));
#4658 = CARTESIAN_POINT('',(-6.14945371777,-2.194966834977));
#4659 = CARTESIAN_POINT('',(-6.153669914403,-2.089933420182));
#4660 = CARTESIAN_POINT('',(-6.162103760555,-1.986284373055));
#4661 = CARTESIAN_POINT('',(-6.174762581528,-1.885434548419));
#4662 = CARTESIAN_POINT('',(-6.197353193863,-1.75673428145));
#4663 = CARTESIAN_POINT('',(-6.203524263327,-1.724834945332));
#4664 = CARTESIAN_POINT('',(-6.210176151234,-1.693525377349));
#4665 = CARTESIAN_POINT('',(-6.217308304282,-1.662882493309));
#4666 = CARTESIAN_POINT('',(-6.234930150041,-1.593673569779));
#4667 = CARTESIAN_POINT('',(-6.245772301078,-1.555644429287));
#4668 = CARTESIAN_POINT('',(-6.257437791311,-1.519118009132));
#4669 = CARTESIAN_POINT('',(-6.269914056273,-1.484316532865));
#4670 = CARTESIAN_POINT('',(-6.28318530718,-1.451471862576));
#4671 = ( GEOMETRIC_REPRESENTATION_CONTEXT(2) 
PARAMETRIC_REPRESENTATION_CONTEXT() REPRESENTATION_CONTEXT('2D SPACE',''
  ) );
#4672 = PCURVE('',#4374,#4673);
#4673 = DEFINITIONAL_REPRESENTATION('',(#4674),#4701);
#4674 = B_SPLINE_CURVE_WITH_KNOTS('',5,(#4675,#4676,#4677,#4678,#4679,
    #4680,#4681,#4682,#4683,#4684,#4685,#4686,#4687,#4688,#4689,#4690,
    #4691,#4692,#4693,#4694,#4695,#4696,#4697,#4698,#4699,#4700),
  .UNSPECIFIED.,.F.,.F.,(6,4,4,4,4,4,6),(0.,0.125203008289,
    0.218833361455,0.499999837444,0.780957367844,0.875562566696,1.),
  .UNSPECIFIED.);
#4675 = CARTESIAN_POINT('',(3.831367654375,9.09999998188));
#4676 = CARTESIAN_POINT('',(3.878577471788,9.09999998188));
#4677 = CARTESIAN_POINT('',(3.925239994789,9.099331343412));
#4678 = CARTESIAN_POINT('',(3.971393560225,9.098155327731));
#4679 = CARTESIAN_POINT('',(4.017066831056,9.096620454378));
#4680 = CARTESIAN_POINT('',(4.096095353492,9.093534940931));
#4681 = CARTESIAN_POINT('',(4.129660092683,9.092085566941));
#4682 = CARTESIAN_POINT('',(4.162995141321,9.09056030353));
#4683 = CARTESIAN_POINT('',(4.196120735036,9.089005663733));
#4684 = CARTESIAN_POINT('',(4.327968757803,9.082823911067));
#4685 = CARTESIAN_POINT('',(4.425163875919,9.078280670777));
#4686 = CARTESIAN_POINT('',(4.521277769716,9.074902891925));
#4687 = CARTESIAN_POINT('',(4.616833273799,9.073213731343));
#4688 = CARTESIAN_POINT('',(4.807873675861,9.073213731343));
#4689 = CARTESIAN_POINT('',(4.903358173935,9.074900382271));
#4690 = CARTESIAN_POINT('',(4.999399795677,9.078273143302));
#4691 = CARTESIAN_POINT('',(5.096520257395,9.082810408125));
#4692 = CARTESIAN_POINT('',(5.228630951224,9.089004416998));
#4693 = CARTESIAN_POINT('',(5.262101559169,9.09057552859));
#4694 = CARTESIAN_POINT('',(5.295786097501,9.092116528769));
#4695 = CARTESIAN_POINT('',(5.329705430109,9.09357939517));
#4696 = CARTESIAN_POINT('',(5.408828531258,9.09665791981));
#4697 = CARTESIAN_POINT('',(5.454231226827,9.098176846481));
#4698 = CARTESIAN_POINT('',(5.500108818167,9.0993395009));
#4699 = CARTESIAN_POINT('',(5.546489348839,9.09999998188));
#4700 = CARTESIAN_POINT('',(5.593410306394,9.09999998188));
#4701 = ( GEOMETRIC_REPRESENTATION_CONTEXT(2) 
PARAMETRIC_REPRESENTATION_CONTEXT() REPRESENTATION_CONTEXT('2D SPACE',''
  ) );
#4702 = ORIENTED_EDGE('',*,*,#4703,.F.);
#4703 = EDGE_CURVE('',#1547,#4612,#4704,.T.);
#4704 = SURFACE_CURVE('',#4705,(#4709,#4716),.PCURVE_S1.);
#4705 = LINE('',#4706,#4707);
#4706 = CARTESIAN_POINT('',(15.799999997991,-28.8,0.));
#4707 = VECTOR('',#4708,1.);
#4708 = DIRECTION('',(0.,0.,1.));
#4709 = PCURVE('',#1563,#4710);
#4710 = DEFINITIONAL_REPRESENTATION('',(#4711),#4715);
#4711 = LINE('',#4712,#4713);
#4712 = CARTESIAN_POINT('',(-6.28318530718,0.));
#4713 = VECTOR('',#4714,1.);
#4714 = DIRECTION('',(-0.,-1.));
#4715 = ( GEOMETRIC_REPRESENTATION_CONTEXT(2) 
PARAMETRIC_REPRESENTATION_CONTEXT() REPRESENTATION_CONTEXT('2D SPACE',''
  ) );
#4716 = PCURVE('',#1591,#4717);
#4717 = DEFINITIONAL_REPRESENTATION('',(#4718),#4722);
#4718 = LINE('',#4719,#4720);
#4719 = CARTESIAN_POINT('',(0.,0.));
#4720 = VECTOR('',#4721,1.);
#4721 = DIRECTION('',(0.,-1.));
#4722 = ( GEOMETRIC_REPRESENTATION_CONTEXT(2) 
PARAMETRIC_REPRESENTATION_CONTEXT() REPRESENTATION_CONTEXT('2D SPACE',''
  ) );
#4723 = ADVANCED_FACE('',(#4724),#1591,.F.);
#4724 = FACE_BOUND('',#4725,.F.);
#4725 = EDGE_LOOP('',(#4726,#4727,#4728,#4756,#4782,#4783,#4784));
#4726 = ORIENTED_EDGE('',*,*,#1575,.F.);
#4727 = ORIENTED_EDGE('',*,*,#4703,.T.);
#4728 = ORIENTED_EDGE('',*,*,#4729,.T.);
#4729 = EDGE_CURVE('',#4612,#4730,#4732,.T.);
#4730 = VERTEX_POINT('',#4731);
#4731 = CARTESIAN_POINT('',(15.800000014102,-28.1,1.2));
#4732 = SURFACE_CURVE('',#4733,(#4738,#4749),.PCURVE_S1.);
#4733 = CIRCLE('',#4734,1.1);
#4734 = AXIS2_PLACEMENT_3D('',#4735,#4736,#4737);
#4735 = CARTESIAN_POINT('',(15.800000014102,-28.1,2.3));
#4736 = DIRECTION('',(1.,0.,2.22044604925E-16));
#4737 = DIRECTION('',(2.22044604925E-16,0.,-1.));
#4738 = PCURVE('',#1591,#4739);
#4739 = DEFINITIONAL_REPRESENTATION('',(#4740),#4748);
#4740 = ( BOUNDED_CURVE() B_SPLINE_CURVE(2,(#4741,#4742,#4743,#4744,
#4745,#4746,#4747),.UNSPECIFIED.,.T.,.F.) B_SPLINE_CURVE_WITH_KNOTS((1,2
    ,2,2,2,1),(-2.094395102393,0.,2.094395102393,4.188790204786,
6.28318530718,8.377580409573),.UNSPECIFIED.) CURVE() 
GEOMETRIC_REPRESENTATION_ITEM() RATIONAL_B_SPLINE_CURVE((1.,0.5,1.,0.5,
1.,0.5,1.)) REPRESENTATION_ITEM('') );
#4741 = CARTESIAN_POINT('',(0.7,-1.2));
#4742 = CARTESIAN_POINT('',(2.605255888326,-1.2));
#4743 = CARTESIAN_POINT('',(1.652627944163,-2.85));
#4744 = CARTESIAN_POINT('',(0.7,-4.5));
#4745 = CARTESIAN_POINT('',(-0.252627944163,-2.85));
#4746 = CARTESIAN_POINT('',(-1.205255888326,-1.2));
#4747 = CARTESIAN_POINT('',(0.7,-1.2));
#4748 = ( GEOMETRIC_REPRESENTATION_CONTEXT(2) 
PARAMETRIC_REPRESENTATION_CONTEXT() REPRESENTATION_CONTEXT('2D SPACE',''
  ) );
#4749 = PCURVE('',#4374,#4750);
#4750 = DEFINITIONAL_REPRESENTATION('',(#4751),#4755);
#4751 = LINE('',#4752,#4753);
#4752 = CARTESIAN_POINT('',(0.,9.100000014102));
#4753 = VECTOR('',#4754,1.);
#4754 = DIRECTION('',(1.,0.));
#4755 = ( GEOMETRIC_REPRESENTATION_CONTEXT(2) 
PARAMETRIC_REPRESENTATION_CONTEXT() REPRESENTATION_CONTEXT('2D SPACE',''
  ) );
#4756 = ORIENTED_EDGE('',*,*,#4757,.T.);
#4757 = EDGE_CURVE('',#4730,#4589,#4758,.T.);
#4758 = SURFACE_CURVE('',#4759,(#4764,#4775),.PCURVE_S1.);
#4759 = CIRCLE('',#4760,1.1);
#4760 = AXIS2_PLACEMENT_3D('',#4761,#4762,#4763);
#4761 = CARTESIAN_POINT('',(15.800000014102,-28.1,2.3));
#4762 = DIRECTION('',(1.,0.,2.22044604925E-16));
#4763 = DIRECTION('',(2.22044604925E-16,0.,-1.));
#4764 = PCURVE('',#1591,#4765);
#4765 = DEFINITIONAL_REPRESENTATION('',(#4766),#4774);
#4766 = ( BOUNDED_CURVE() B_SPLINE_CURVE(2,(#4767,#4768,#4769,#4770,
#4771,#4772,#4773),.UNSPECIFIED.,.T.,.F.) B_SPLINE_CURVE_WITH_KNOTS((1,2
    ,2,2,2,1),(-2.094395102393,0.,2.094395102393,4.188790204786,
6.28318530718,8.377580409573),.UNSPECIFIED.) CURVE() 
GEOMETRIC_REPRESENTATION_ITEM() RATIONAL_B_SPLINE_CURVE((1.,0.5,1.,0.5,
1.,0.5,1.)) REPRESENTATION_ITEM('') );
#4767 = CARTESIAN_POINT('',(0.7,-1.2));
#4768 = CARTESIAN_POINT('',(2.605255888326,-1.2));
#4769 = CARTESIAN_POINT('',(1.652627944163,-2.85));
#4770 = CARTESIAN_POINT('',(0.7,-4.5));
#4771 = CARTESIAN_POINT('',(-0.252627944163,-2.85));
#4772 = CARTESIAN_POINT('',(-1.205255888326,-1.2));
#4773 = CARTESIAN_POINT('',(0.7,-1.2));
#4774 = ( GEOMETRIC_REPRESENTATION_CONTEXT(2) 
PARAMETRIC_REPRESENTATION_CONTEXT() REPRESENTATION_CONTEXT('2D SPACE',''
  ) );
#4775 = PCURVE('',#4374,#4776);
#4776 = DEFINITIONAL_REPRESENTATION('',(#4777),#4781);
#4777 = LINE('',#4778,#4779);
#4778 = CARTESIAN_POINT('',(0.,9.100000014102));
#4779 = VECTOR('',#4780,1.);
#4780 = DIRECTION('',(1.,0.));
#4781 = ( GEOMETRIC_REPRESENTATION_CONTEXT(2) 
PARAMETRIC_REPRESENTATION_CONTEXT() REPRESENTATION_CONTEXT('2D SPACE',''
  ) );
#4782 = ORIENTED_EDGE('',*,*,#4588,.T.);
#4783 = ORIENTED_EDGE('',*,*,#4151,.T.);
#4784 = ORIENTED_EDGE('',*,*,#4785,.F.);
#4785 = EDGE_CURVE('',#1576,#4152,#4786,.T.);
#4786 = SURFACE_CURVE('',#4787,(#4791,#4798),.PCURVE_S1.);
#4787 = LINE('',#4788,#4789);
#4788 = CARTESIAN_POINT('',(15.799999997991,-22.8,0.));
#4789 = VECTOR('',#4790,1.);
#4790 = DIRECTION('',(0.,0.,1.));
#4791 = PCURVE('',#1591,#4792);
#4792 = DEFINITIONAL_REPRESENTATION('',(#4793),#4797);
#4793 = LINE('',#4794,#4795);
#4794 = CARTESIAN_POINT('',(6.,0.));
#4795 = VECTOR('',#4796,1.);
#4796 = DIRECTION('',(0.,-1.));
#4797 = ( GEOMETRIC_REPRESENTATION_CONTEXT(2) 
PARAMETRIC_REPRESENTATION_CONTEXT() REPRESENTATION_CONTEXT('2D SPACE',''
  ) );
#4798 = PCURVE('',#1620,#4799);
#4799 = DEFINITIONAL_REPRESENTATION('',(#4800),#4804);
#4800 = LINE('',#4801,#4802);
#4801 = CARTESIAN_POINT('',(-0.,0.));
#4802 = VECTOR('',#4803,1.);
#4803 = DIRECTION('',(-0.,-1.));
#4804 = ( GEOMETRIC_REPRESENTATION_CONTEXT(2) 
PARAMETRIC_REPRESENTATION_CONTEXT() REPRESENTATION_CONTEXT('2D SPACE',''
  ) );
#4805 = ADVANCED_FACE('',(#4806),#1620,.T.);
#4806 = FACE_BOUND('',#4807,.F.);
#4807 = EDGE_LOOP('',(#4808,#4809,#4810,#4811,#4812));
#4808 = ORIENTED_EDGE('',*,*,#1603,.F.);
#4809 = ORIENTED_EDGE('',*,*,#4785,.T.);
#4810 = ORIENTED_EDGE('',*,*,#4174,.T.);
#4811 = ORIENTED_EDGE('',*,*,#4307,.T.);
#4812 = ORIENTED_EDGE('',*,*,#4813,.T.);
#4813 = EDGE_CURVE('',#4232,#1604,#4814,.T.);
#4814 = SURFACE_CURVE('',#4815,(#4838,#4864),.PCURVE_S1.);
#4815 = B_SPLINE_CURVE_WITH_KNOTS('',6,(#4816,#4817,#4818,#4819,#4820,
    #4821,#4822,#4823,#4824,#4825,#4826,#4827,#4828,#4829,#4830,#4831,
    #4832,#4833,#4834,#4835,#4836,#4837),.UNSPECIFIED.,.F.,.F.,(7,5,5,5,
    7),(0.,0.259793003673,0.512346335367,0.939853633774,1.),
  .UNSPECIFIED.);
#4816 = CARTESIAN_POINT('',(15.544962621974,-21.58955375811,0.55));
#4817 = CARTESIAN_POINT('',(15.544962621974,-21.58955375811,
    0.514058200388));
#4818 = CARTESIAN_POINT('',(15.543812898074,-21.5869466064,
    0.478117683377));
#4819 = CARTESIAN_POINT('',(15.541513842056,-21.58173268043,
    0.442406720312));
#4820 = CARTESIAN_POINT('',(15.538049859512,-21.57392785743,
    0.407158573388));
#4821 = CARTESIAN_POINT('',(15.533392616991,-21.56356777658,
    0.372613079554));
#4822 = CARTESIAN_POINT('',(15.521780051785,-21.5382146761,
    0.306359579441));
#4823 = CARTESIAN_POINT('',(15.51489264786,-21.52335956569,
    0.274601306509));
#4824 = CARTESIAN_POINT('',(15.506808562377,-21.50620231583,
    0.24397105041));
#4825 = CARTESIAN_POINT('',(15.497486482186,-21.4868237395,
    0.214712303853));
#4826 = CARTESIAN_POINT('',(15.486888695465,-21.46533914434,
    0.187076480055));
#4827 = CARTESIAN_POINT('',(15.454855302344,-21.40224396456,
    0.117707428337));
#4828 = CARTESIAN_POINT('',(15.430980155011,-21.35696721252,
    7.943253436924E-02));
#4829 = CARTESIAN_POINT('',(15.403285257373,-21.30689650853,
    4.779565833834E-02));
#4830 = CARTESIAN_POINT('',(15.371831638752,-21.2532312221,
    2.398897056217E-02));
#4831 = CARTESIAN_POINT('',(15.337061365585,-21.19755580982,
    8.882882710443E-03));
#4832 = CARTESIAN_POINT('',(15.294724483981,-21.13373504911,
    1.758349868731E-03));
#4833 = CARTESIAN_POINT('',(15.289455934111,-21.1258575335,
    1.054941607962E-03));
#4834 = CARTESIAN_POINT('',(15.284143111404,-21.11797863638,
    5.273130349595E-04));
#4835 = CARTESIAN_POINT('',(15.278788659319,-21.11010290284,
    1.756772178516E-04));
#4836 = CARTESIAN_POINT('',(15.273395346076,-21.10223483205,
    5.494527625791E-19));
#4837 = CARTESIAN_POINT('',(15.267966064653,-21.09437887727,0.));
#4838 = PCURVE('',#1620,#4839);
#4839 = DEFINITIONAL_REPRESENTATION('',(#4840),#4863);
#4840 = B_SPLINE_CURVE_WITH_KNOTS('',6,(#4841,#4842,#4843,#4844,#4845,
    #4846,#4847,#4848,#4849,#4850,#4851,#4852,#4853,#4854,#4855,#4856,
    #4857,#4858,#4859,#4860,#4861,#4862),.UNSPECIFIED.,.F.,.F.,(7,5,5,5,
    7),(0.,0.259793003673,0.512346335367,0.939853633774,1.),
  .UNSPECIFIED.);
#4841 = CARTESIAN_POINT('',(-0.415319271758,-0.55));
#4842 = CARTESIAN_POINT('',(-0.415319271758,-0.514058200388));
#4843 = CARTESIAN_POINT('',(-0.416269066418,-0.478117683377));
#4844 = CARTESIAN_POINT('',(-0.418168520742,-0.442406720312));
#4845 = CARTESIAN_POINT('',(-0.421014824221,-0.407158573388));
#4846 = CARTESIAN_POINT('',(-0.424800986669,-0.372613079554));
#4847 = CARTESIAN_POINT('',(-0.434096334216,-0.306359579441));
#4848 = CARTESIAN_POINT('',(-0.439554304692,-0.274601306509));
#4849 = CARTESIAN_POINT('',(-0.445876235632,-0.24397105041));
#4850 = CARTESIAN_POINT('',(-0.453043870672,-0.214712303853));
#4851 = CARTESIAN_POINT('',(-0.46102874836,-0.187076480055));
#4852 = CARTESIAN_POINT('',(-0.484615797505,-0.117707428337));
#4853 = CARTESIAN_POINT('',(-0.501675733993,-7.943253436926E-02));
#4854 = CARTESIAN_POINT('',(-0.520742946852,-4.779565833832E-02));
#4855 = CARTESIAN_POINT('',(-0.541465770772,-2.398897056218E-02));
#4856 = CARTESIAN_POINT('',(-0.563337780726,-8.882882710443E-03));
#4857 = CARTESIAN_POINT('',(-0.588866633774,-1.758349868731E-03));
#4858 = CARTESIAN_POINT('',(-0.592025599578,-1.054941607962E-03));
#4859 = CARTESIAN_POINT('',(-0.595193163694,-5.273130349596E-04));
#4860 = CARTESIAN_POINT('',(-0.598367634158,-1.756772178517E-04));
#4861 = CARTESIAN_POINT('',(-0.601547309606,0.));
#4862 = CARTESIAN_POINT('',(-0.604730479274,0.));
#4863 = ( GEOMETRIC_REPRESENTATION_CONTEXT(2) 
PARAMETRIC_REPRESENTATION_CONTEXT() REPRESENTATION_CONTEXT('2D SPACE',''
  ) );
#4864 = PCURVE('',#1653,#4865);
#4865 = DEFINITIONAL_REPRESENTATION('',(#4866),#4889);
#4866 = B_SPLINE_CURVE_WITH_KNOTS('',6,(#4867,#4868,#4869,#4870,#4871,
    #4872,#4873,#4874,#4875,#4876,#4877,#4878,#4879,#4880,#4881,#4882,
    #4883,#4884,#4885,#4886,#4887,#4888),.UNSPECIFIED.,.F.,.F.,(7,5,5,5,
    7),(0.,0.259793003673,0.512346335367,0.939853633774,1.),
  .UNSPECIFIED.);
#4867 = CARTESIAN_POINT('',(1.302821218477,0.));
#4868 = CARTESIAN_POINT('',(1.302821218477,6.534872656806E-02));
#4869 = CARTESIAN_POINT('',(1.302857597253,0.130695237733));
#4870 = CARTESIAN_POINT('',(1.302930336252,0.196126254797));
#4871 = CARTESIAN_POINT('',(1.30304123104,0.261720944877));
#4872 = CARTESIAN_POINT('',(1.303193758082,0.327553355221));
#4873 = CARTESIAN_POINT('',(1.303586574313,0.457993169713));
#4874 = CARTESIAN_POINT('',(1.303824296881,0.522580007103));
#4875 = CARTESIAN_POINT('',(1.304110637911,0.587518311804));
#4876 = CARTESIAN_POINT('',(1.304451562544,0.652855419756));
#4877 = CARTESIAN_POINT('',(1.304853768843,0.718620685452));
#4878 = CARTESIAN_POINT('',(1.306119937016,0.89688666502));
#4879 = CARTESIAN_POINT('',(1.307111453068,1.010298480127));
#4880 = CARTESIAN_POINT('',(1.308329854174,1.12491880727));
#4881 = CARTESIAN_POINT('',(1.309805231776,1.240512751592));
#4882 = CARTESIAN_POINT('',(1.311546348198,1.356726568351));
#4883 = CARTESIAN_POINT('',(1.313791391999,1.489166760751));
#4884 = CARTESIAN_POINT('',(1.314072806021,1.505500685748));
#4885 = CARTESIAN_POINT('',(1.314358637611,1.521832075197));
#4886 = CARTESIAN_POINT('',(1.314648776314,1.538159444044));
#4887 = CARTESIAN_POINT('',(1.314943097822,1.554481336651));
#4888 = CARTESIAN_POINT('',(1.315241463979,1.570796326795));
#4889 = ( GEOMETRIC_REPRESENTATION_CONTEXT(2) 
PARAMETRIC_REPRESENTATION_CONTEXT() REPRESENTATION_CONTEXT('2D SPACE',''
  ) );
#4890 = ADVANCED_FACE('',(#4891),#1653,.T.);
#4891 = FACE_BOUND('',#4892,.T.);
#4892 = EDGE_LOOP('',(#4893,#4913,#4914,#4915));
#4893 = ORIENTED_EDGE('',*,*,#4894,.F.);
#4894 = EDGE_CURVE('',#4230,#1633,#4895,.T.);
#4895 = SURFACE_CURVE('',#4896,(#4901,#4907),.PCURVE_S1.);
#4896 = CIRCLE('',#4897,0.55);
#4897 = AXIS2_PLACEMENT_3D('',#4898,#4899,#4900);
#4898 = CARTESIAN_POINT('',(23.45,-10.5,0.55));
#4899 = DIRECTION('',(0.,1.,0.));
#4900 = DIRECTION('',(1.,-0.,0.));
#4901 = PCURVE('',#1653,#4902);
#4902 = DEFINITIONAL_REPRESENTATION('',(#4903),#4906);
#4903 = B_SPLINE_CURVE_WITH_KNOTS('',1,(#4904,#4905),.UNSPECIFIED.,.F.,
  .F.,(2,2),(0.,1.570796326795),.PIECEWISE_BEZIER_KNOTS.);
#4904 = CARTESIAN_POINT('',(0.,0.));
#4905 = CARTESIAN_POINT('',(0.,1.570796326795));
#4906 = ( GEOMETRIC_REPRESENTATION_CONTEXT(2) 
PARAMETRIC_REPRESENTATION_CONTEXT() REPRESENTATION_CONTEXT('2D SPACE',''
  ) );
#4907 = PCURVE('',#1681,#4908);
#4908 = DEFINITIONAL_REPRESENTATION('',(#4909),#4912);
#4909 = B_SPLINE_CURVE_WITH_KNOTS('',1,(#4910,#4911),.UNSPECIFIED.,.F.,
  .F.,(2,2),(0.,1.570796326795),.PIECEWISE_BEZIER_KNOTS.);
#4910 = CARTESIAN_POINT('',(0.,20.999999992113));
#4911 = CARTESIAN_POINT('',(-1.570796326795,20.999999992113));
#4912 = ( GEOMETRIC_REPRESENTATION_CONTEXT(2) 
PARAMETRIC_REPRESENTATION_CONTEXT() REPRESENTATION_CONTEXT('2D SPACE',''
  ) );
#4913 = ORIENTED_EDGE('',*,*,#4229,.T.);
#4914 = ORIENTED_EDGE('',*,*,#4813,.T.);
#4915 = ORIENTED_EDGE('',*,*,#1632,.F.);
#4916 = ADVANCED_FACE('',(#4917),#1681,.T.);
#4917 = FACE_BOUND('',#4918,.F.);
#4918 = EDGE_LOOP('',(#4919,#4941,#4942,#4943));
#4919 = ORIENTED_EDGE('',*,*,#4920,.T.);
#4920 = EDGE_CURVE('',#4921,#1666,#4923,.T.);
#4921 = VERTEX_POINT('',#4922);
#4922 = CARTESIAN_POINT('',(24.,10.499999992113,0.55));
#4923 = SURFACE_CURVE('',#4924,(#4929,#4935),.PCURVE_S1.);
#4924 = CIRCLE('',#4925,0.55);
#4925 = AXIS2_PLACEMENT_3D('',#4926,#4927,#4928);
#4926 = CARTESIAN_POINT('',(23.45,10.499999992113,0.55));
#4927 = DIRECTION('',(-6.123233995737E-17,1.,0.));
#4928 = DIRECTION('',(1.,6.123233995737E-17,0.));
#4929 = PCURVE('',#1681,#4930);
#4930 = DEFINITIONAL_REPRESENTATION('',(#4931),#4934);
#4931 = B_SPLINE_CURVE_WITH_KNOTS('',1,(#4932,#4933),.UNSPECIFIED.,.F.,
  .F.,(2,2),(0.,1.570796326795),.PIECEWISE_BEZIER_KNOTS.);
#4932 = CARTESIAN_POINT('',(0.,-3.552713678801E-15));
#4933 = CARTESIAN_POINT('',(-1.570796326795,-3.552713678801E-15));
#4934 = ( GEOMETRIC_REPRESENTATION_CONTEXT(2) 
PARAMETRIC_REPRESENTATION_CONTEXT() REPRESENTATION_CONTEXT('2D SPACE',''
  ) );
#4935 = PCURVE('',#1714,#4936);
#4936 = DEFINITIONAL_REPRESENTATION('',(#4937),#4940);
#4937 = B_SPLINE_CURVE_WITH_KNOTS('',1,(#4938,#4939),.UNSPECIFIED.,.F.,
  .F.,(2,2),(0.,1.570796326795),.PIECEWISE_BEZIER_KNOTS.);
#4938 = CARTESIAN_POINT('',(1.570796326795,0.));
#4939 = CARTESIAN_POINT('',(1.570796326795,1.570796326795));
#4940 = ( GEOMETRIC_REPRESENTATION_CONTEXT(2) 
PARAMETRIC_REPRESENTATION_CONTEXT() REPRESENTATION_CONTEXT('2D SPACE',''
  ) );
#4941 = ORIENTED_EDGE('',*,*,#1665,.T.);
#4942 = ORIENTED_EDGE('',*,*,#4894,.F.);
#4943 = ORIENTED_EDGE('',*,*,#4944,.F.);
#4944 = EDGE_CURVE('',#4921,#4230,#4945,.T.);
#4945 = SURFACE_CURVE('',#4946,(#4950,#4957),.PCURVE_S1.);
#4946 = LINE('',#4947,#4948);
#4947 = CARTESIAN_POINT('',(24.,10.499999992113,0.55));
#4948 = VECTOR('',#4949,1.);
#4949 = DIRECTION('',(-0.,-1.,-0.));
#4950 = PCURVE('',#1681,#4951);
#4951 = DEFINITIONAL_REPRESENTATION('',(#4952),#4956);
#4952 = LINE('',#4953,#4954);
#4953 = CARTESIAN_POINT('',(-0.,0.));
#4954 = VECTOR('',#4955,1.);
#4955 = DIRECTION('',(-0.,1.));
#4956 = ( GEOMETRIC_REPRESENTATION_CONTEXT(2) 
PARAMETRIC_REPRESENTATION_CONTEXT() REPRESENTATION_CONTEXT('2D SPACE',''
  ) );
#4957 = PCURVE('',#4271,#4958);
#4958 = DEFINITIONAL_REPRESENTATION('',(#4959),#4963);
#4959 = LINE('',#4960,#4961);
#4960 = CARTESIAN_POINT('',(20.999999992113,-0.55));
#4961 = VECTOR('',#4962,1.);
#4962 = DIRECTION('',(-1.,0.));
#4963 = ( GEOMETRIC_REPRESENTATION_CONTEXT(2) 
PARAMETRIC_REPRESENTATION_CONTEXT() REPRESENTATION_CONTEXT('2D SPACE',''
  ) );
#4964 = ADVANCED_FACE('',(#4965),#1714,.T.);
#4965 = FACE_BOUND('',#4966,.T.);
#4966 = EDGE_LOOP('',(#4967,#5047,#5069,#5070));
#4967 = ORIENTED_EDGE('',*,*,#4968,.F.);
#4968 = EDGE_CURVE('',#4969,#1694,#4971,.T.);
#4969 = VERTEX_POINT('',#4970);
#4970 = CARTESIAN_POINT('',(15.54496262023,21.589553754163,0.55));
#4971 = SURFACE_CURVE('',#4972,(#4995,#5021),.PCURVE_S1.);
#4972 = B_SPLINE_CURVE_WITH_KNOTS('',6,(#4973,#4974,#4975,#4976,#4977,
    #4978,#4979,#4980,#4981,#4982,#4983,#4984,#4985,#4986,#4987,#4988,
    #4989,#4990,#4991,#4992,#4993,#4994),.UNSPECIFIED.,.F.,.F.,(7,5,5,5,
    7),(0.,0.259793003635,0.512346335315,0.93985363375,1.),
  .UNSPECIFIED.);
#4973 = CARTESIAN_POINT('',(15.54496262023,21.589553754163,0.55));
#4974 = CARTESIAN_POINT('',(15.54496262023,21.589553754163,
    0.514058200389));
#4975 = CARTESIAN_POINT('',(15.543812896326,21.586946602447,
    0.478117683381));
#4976 = CARTESIAN_POINT('',(15.5415138403,21.581732676487,0.442406720317
    ));
#4977 = CARTESIAN_POINT('',(15.538049857744,21.573927853487,
    0.407158573395));
#4978 = CARTESIAN_POINT('',(15.533392615206,21.563567772634,
    0.372613079563));
#4979 = CARTESIAN_POINT('',(15.521780049959,21.538214672167,
    0.306359579451));
#4980 = CARTESIAN_POINT('',(15.514892646009,21.523359561754,
    0.274601306517));
#4981 = CARTESIAN_POINT('',(15.506808560498,21.506202311906,
    0.243971050418));
#4982 = CARTESIAN_POINT('',(15.497486480274,21.486823735579,
    0.214712303861));
#4983 = CARTESIAN_POINT('',(15.486888693516,21.465339140422,
    0.187076480062));
#4984 = CARTESIAN_POINT('',(15.454855300284,21.402243960651,
    0.11770742834));
#4985 = CARTESIAN_POINT('',(15.430980152867,21.356967208616,
    7.943253436917E-02));
#4986 = CARTESIAN_POINT('',(15.403285255135,21.306896504626,
    4.779565833782E-02));
#4987 = CARTESIAN_POINT('',(15.371831636408,21.253231218205,
    2.398897056278E-02));
#4988 = CARTESIAN_POINT('',(15.337061363127,21.197555805927,
    8.882882712165E-03));
#4989 = CARTESIAN_POINT('',(15.294724481384,21.133735045221,
    1.758349869457E-03));
#4990 = CARTESIAN_POINT('',(15.289455931495,21.125857529611,
    1.05494160839E-03));
#4991 = CARTESIAN_POINT('',(15.284143108768,21.117978632494,
    5.273130351697E-04));
#4992 = CARTESIAN_POINT('',(15.278788656664,21.110102898951,
    1.756772179205E-04));
#4993 = CARTESIAN_POINT('',(15.273395343402,21.102234828157,
    5.494527626867E-19));
#4994 = CARTESIAN_POINT('',(15.26796606196,21.09437887338,0.));
#4995 = PCURVE('',#1714,#4996);
#4996 = DEFINITIONAL_REPRESENTATION('',(#4997),#5020);
#4997 = B_SPLINE_CURVE_WITH_KNOTS('',6,(#4998,#4999,#5000,#5001,#5002,
    #5003,#5004,#5005,#5006,#5007,#5008,#5009,#5010,#5011,#5012,#5013,
    #5014,#5015,#5016,#5017,#5018,#5019),.UNSPECIFIED.,.F.,.F.,(7,5,5,5,
    7),(0.,0.259793003635,0.512346335315,0.93985363375,1.),
  .UNSPECIFIED.);
#4998 = CARTESIAN_POINT('',(0.267975107026,0.));
#4999 = CARTESIAN_POINT('',(0.267975107026,6.534872656498E-02));
#5000 = CARTESIAN_POINT('',(0.267938728249,0.130695237727));
#5001 = CARTESIAN_POINT('',(0.267865989249,0.196126254788));
#5002 = CARTESIAN_POINT('',(0.26775509446,0.261720944864));
#5003 = CARTESIAN_POINT('',(0.267602567415,0.327553355205));
#5004 = CARTESIAN_POINT('',(0.267209751177,0.457993169694));
#5005 = CARTESIAN_POINT('',(0.266972028604,0.522580007085));
#5006 = CARTESIAN_POINT('',(0.26668568757,0.587518311786));
#5007 = CARTESIAN_POINT('',(0.266344762932,0.652855419739));
#5008 = CARTESIAN_POINT('',(0.265942556627,0.718620685434));
#5009 = CARTESIAN_POINT('',(0.264676388436,0.89688666501));
#5010 = CARTESIAN_POINT('',(0.263684872371,1.010298480126));
#5011 = CARTESIAN_POINT('',(0.26246647125,1.124918807271));
#5012 = CARTESIAN_POINT('',(0.260991093631,1.240512751592));
#5013 = CARTESIAN_POINT('',(0.259249977192,1.356726568343));
#5014 = CARTESIAN_POINT('',(0.257004933369,1.489166760734));
#5015 = CARTESIAN_POINT('',(0.256723519344,1.505500685734));
#5016 = CARTESIAN_POINT('',(0.256437687751,1.521832075187));
#5017 = CARTESIAN_POINT('',(0.256147549045,1.538159444038));
#5018 = CARTESIAN_POINT('',(0.255853227534,1.554481336648));
#5019 = CARTESIAN_POINT('',(0.255554861374,1.570796326795));
#5020 = ( GEOMETRIC_REPRESENTATION_CONTEXT(2) 
PARAMETRIC_REPRESENTATION_CONTEXT() REPRESENTATION_CONTEXT('2D SPACE',''
  ) );
#5021 = PCURVE('',#1743,#5022);
#5022 = DEFINITIONAL_REPRESENTATION('',(#5023),#5046);
#5023 = B_SPLINE_CURVE_WITH_KNOTS('',6,(#5024,#5025,#5026,#5027,#5028,
    #5029,#5030,#5031,#5032,#5033,#5034,#5035,#5036,#5037,#5038,#5039,
    #5040,#5041,#5042,#5043,#5044,#5045),.UNSPECIFIED.,.F.,.F.,(7,5,5,5,
    7),(0.,0.259793003635,0.512346335315,0.93985363375,1.),
  .UNSPECIFIED.);
#5024 = CARTESIAN_POINT('',(-5.867866033981,-0.55));
#5025 = CARTESIAN_POINT('',(-5.867866033981,-0.514058200389));
#5026 = CARTESIAN_POINT('',(-5.86691623932,-0.478117683381));
#5027 = CARTESIAN_POINT('',(-5.865016784996,-0.442406720317));
#5028 = CARTESIAN_POINT('',(-5.862170481516,-0.407158573395));
#5029 = CARTESIAN_POINT('',(-5.858384319067,-0.372613079563));
#5030 = CARTESIAN_POINT('',(-5.849088971516,-0.306359579451));
#5031 = CARTESIAN_POINT('',(-5.843631001038,-0.274601306517));
#5032 = CARTESIAN_POINT('',(-5.837309070095,-0.243971050418));
#5033 = CARTESIAN_POINT('',(-5.830141435052,-0.214712303861));
#5034 = CARTESIAN_POINT('',(-5.822156557359,-0.187076480062));
#5035 = CARTESIAN_POINT('',(-5.7985695082,-0.11770742834));
#5036 = CARTESIAN_POINT('',(-5.781509571701,-7.943253436918E-02));
#5037 = CARTESIAN_POINT('',(-5.762442358828,-4.779565833781E-02));
#5038 = CARTESIAN_POINT('',(-5.741719534891,-2.398897056279E-02));
#5039 = CARTESIAN_POINT('',(-5.719847524919,-8.882882712165E-03));
#5040 = CARTESIAN_POINT('',(-5.694318671847,-1.758349869457E-03));
#5041 = CARTESIAN_POINT('',(-5.691159706038,-1.05494160839E-03));
#5042 = CARTESIAN_POINT('',(-5.687992141919,-5.273130351696E-04));
#5043 = CARTESIAN_POINT('',(-5.684817671451,-1.756772179204E-04));
#5044 = CARTESIAN_POINT('',(-5.681637995999,0.));
#5045 = CARTESIAN_POINT('',(-5.678454826327,0.));
#5046 = ( GEOMETRIC_REPRESENTATION_CONTEXT(2) 
PARAMETRIC_REPRESENTATION_CONTEXT() REPRESENTATION_CONTEXT('2D SPACE',''
  ) );
#5047 = ORIENTED_EDGE('',*,*,#5048,.T.);
#5048 = EDGE_CURVE('',#4969,#4921,#5049,.T.);
#5049 = SURFACE_CURVE('',#5050,(#5055,#5062),.PCURVE_S1.);
#5050 = CIRCLE('',#5051,11.5);
#5051 = AXIS2_PLACEMENT_3D('',#5052,#5053,#5054);
#5052 = CARTESIAN_POINT('',(12.5,10.499999992113,0.55));
#5053 = DIRECTION('',(0.,-0.,-1.));
#5054 = DIRECTION('',(0.,1.,-0.));
#5055 = PCURVE('',#1714,#5056);
#5056 = DEFINITIONAL_REPRESENTATION('',(#5057),#5061);
#5057 = LINE('',#5058,#5059);
#5058 = CARTESIAN_POINT('',(0.,0.));
#5059 = VECTOR('',#5060,1.);
#5060 = DIRECTION('',(1.,0.));
#5061 = ( GEOMETRIC_REPRESENTATION_CONTEXT(2) 
PARAMETRIC_REPRESENTATION_CONTEXT() REPRESENTATION_CONTEXT('2D SPACE',''
  ) );
#5062 = PCURVE('',#3196,#5063);
#5063 = DEFINITIONAL_REPRESENTATION('',(#5064),#5068);
#5064 = LINE('',#5065,#5066);
#5065 = CARTESIAN_POINT('',(1.570796326795,-0.55));
#5066 = VECTOR('',#5067,1.);
#5067 = DIRECTION('',(1.,0.));
#5068 = ( GEOMETRIC_REPRESENTATION_CONTEXT(2) 
PARAMETRIC_REPRESENTATION_CONTEXT() REPRESENTATION_CONTEXT('2D SPACE',''
  ) );
#5069 = ORIENTED_EDGE('',*,*,#4920,.T.);
#5070 = ORIENTED_EDGE('',*,*,#1693,.F.);
#5071 = ADVANCED_FACE('',(#5072),#1743,.T.);
#5072 = FACE_BOUND('',#5073,.F.);
#5073 = EDGE_LOOP('',(#5074,#5075,#5076,#5097,#5121));
#5074 = ORIENTED_EDGE('',*,*,#1726,.F.);
#5075 = ORIENTED_EDGE('',*,*,#4968,.F.);
#5076 = ORIENTED_EDGE('',*,*,#5077,.F.);
#5077 = EDGE_CURVE('',#5078,#4969,#5080,.T.);
#5078 = VERTEX_POINT('',#5079);
#5079 = CARTESIAN_POINT('',(15.54496262023,21.589553754163,4.6));
#5080 = SURFACE_CURVE('',#5081,(#5085,#5091),.PCURVE_S1.);
#5081 = LINE('',#5082,#5083);
#5082 = CARTESIAN_POINT('',(15.54496262023,21.589553754163,0.));
#5083 = VECTOR('',#5084,1.);
#5084 = DIRECTION('',(0.,0.,-1.));
#5085 = PCURVE('',#1743,#5086);
#5086 = DEFINITIONAL_REPRESENTATION('',(#5087),#5090);
#5087 = B_SPLINE_CURVE_WITH_KNOTS('',1,(#5088,#5089),.UNSPECIFIED.,.F.,
  .F.,(2,2),(-4.6000006,-0.5499994),.PIECEWISE_BEZIER_KNOTS.);
#5088 = CARTESIAN_POINT('',(-5.867866033981,-4.6000006));
#5089 = CARTESIAN_POINT('',(-5.867866033981,-0.5499994));
#5090 = ( GEOMETRIC_REPRESENTATION_CONTEXT(2) 
PARAMETRIC_REPRESENTATION_CONTEXT() REPRESENTATION_CONTEXT('2D SPACE',''
  ) );
#5091 = PCURVE('',#3196,#5092);
#5092 = DEFINITIONAL_REPRESENTATION('',(#5093),#5096);
#5093 = B_SPLINE_CURVE_WITH_KNOTS('',1,(#5094,#5095),.UNSPECIFIED.,.F.,
  .F.,(2,2),(-4.6000006,-0.5499994),.PIECEWISE_BEZIER_KNOTS.);
#5094 = CARTESIAN_POINT('',(1.838771433821,-4.6000006));
#5095 = CARTESIAN_POINT('',(1.838771433821,-0.5499994));
#5096 = ( GEOMETRIC_REPRESENTATION_CONTEXT(2) 
PARAMETRIC_REPRESENTATION_CONTEXT() REPRESENTATION_CONTEXT('2D SPACE',''
  ) );
#5097 = ORIENTED_EDGE('',*,*,#5098,.T.);
#5098 = EDGE_CURVE('',#5078,#5099,#5101,.T.);
#5099 = VERTEX_POINT('',#5100);
#5100 = CARTESIAN_POINT('',(15.799999997991,22.8,4.6));
#5101 = SURFACE_CURVE('',#5102,(#5107,#5114),.PCURVE_S1.);
#5102 = CIRCLE('',#5103,3.);
#5103 = AXIS2_PLACEMENT_3D('',#5104,#5105,#5106);
#5104 = CARTESIAN_POINT('',(12.79999998188,22.8,4.6));
#5105 = DIRECTION('',(0.,0.,1.));
#5106 = DIRECTION('',(1.,0.,0.));
#5107 = PCURVE('',#1743,#5108);
#5108 = DEFINITIONAL_REPRESENTATION('',(#5109),#5113);
#5109 = LINE('',#5110,#5111);
#5110 = CARTESIAN_POINT('',(-0.,-4.6));
#5111 = VECTOR('',#5112,1.);
#5112 = DIRECTION('',(-1.,0.));
#5113 = ( GEOMETRIC_REPRESENTATION_CONTEXT(2) 
PARAMETRIC_REPRESENTATION_CONTEXT() REPRESENTATION_CONTEXT('2D SPACE',''
  ) );
#5114 = PCURVE('',#3223,#5115);
#5115 = DEFINITIONAL_REPRESENTATION('',(#5116),#5120);
#5116 = CIRCLE('',#5117,3.);
#5117 = AXIS2_PLACEMENT_2D('',#5118,#5119);
#5118 = CARTESIAN_POINT('',(1.099999987642,-3.));
#5119 = DIRECTION('',(1.,0.));
#5120 = ( GEOMETRIC_REPRESENTATION_CONTEXT(2) 
PARAMETRIC_REPRESENTATION_CONTEXT() REPRESENTATION_CONTEXT('2D SPACE',''
  ) );
#5121 = ORIENTED_EDGE('',*,*,#5122,.F.);
#5122 = EDGE_CURVE('',#1727,#5099,#5123,.T.);
#5123 = SURFACE_CURVE('',#5124,(#5128,#5135),.PCURVE_S1.);
#5124 = LINE('',#5125,#5126);
#5125 = CARTESIAN_POINT('',(15.799999997991,22.8,0.));
#5126 = VECTOR('',#5127,1.);
#5127 = DIRECTION('',(0.,0.,1.));
#5128 = PCURVE('',#1743,#5129);
#5129 = DEFINITIONAL_REPRESENTATION('',(#5130),#5134);
#5130 = LINE('',#5131,#5132);
#5131 = CARTESIAN_POINT('',(-6.28318530718,0.));
#5132 = VECTOR('',#5133,1.);
#5133 = DIRECTION('',(-0.,-1.));
#5134 = ( GEOMETRIC_REPRESENTATION_CONTEXT(2) 
PARAMETRIC_REPRESENTATION_CONTEXT() REPRESENTATION_CONTEXT('2D SPACE',''
  ) );
#5135 = PCURVE('',#1771,#5136);
#5136 = DEFINITIONAL_REPRESENTATION('',(#5137),#5141);
#5137 = LINE('',#5138,#5139);
#5138 = CARTESIAN_POINT('',(0.,0.));
#5139 = VECTOR('',#5140,1.);
#5140 = DIRECTION('',(0.,-1.));
#5141 = ( GEOMETRIC_REPRESENTATION_CONTEXT(2) 
PARAMETRIC_REPRESENTATION_CONTEXT() REPRESENTATION_CONTEXT('2D SPACE',''
  ) );
#5142 = ADVANCED_FACE('',(#5143),#1771,.F.);
#5143 = FACE_BOUND('',#5144,.F.);
#5144 = EDGE_LOOP('',(#5145,#5146,#5147,#5170,#5193,#5226,#5254));
#5145 = ORIENTED_EDGE('',*,*,#1755,.F.);
#5146 = ORIENTED_EDGE('',*,*,#5122,.T.);
#5147 = ORIENTED_EDGE('',*,*,#5148,.T.);
#5148 = EDGE_CURVE('',#5099,#5149,#5151,.T.);
#5149 = VERTEX_POINT('',#5150);
#5150 = CARTESIAN_POINT('',(15.799999997991,28.8,4.6));
#5151 = SURFACE_CURVE('',#5152,(#5156,#5163),.PCURVE_S1.);
#5152 = LINE('',#5153,#5154);
#5153 = CARTESIAN_POINT('',(15.800000014102,25.8,4.6));
#5154 = VECTOR('',#5155,1.);
#5155 = DIRECTION('',(0.,1.,0.));
#5156 = PCURVE('',#1771,#5157);
#5157 = DEFINITIONAL_REPRESENTATION('',(#5158),#5162);
#5158 = LINE('',#5159,#5160);
#5159 = CARTESIAN_POINT('',(3.,-4.6));
#5160 = VECTOR('',#5161,1.);
#5161 = DIRECTION('',(1.,0.));
#5162 = ( GEOMETRIC_REPRESENTATION_CONTEXT(2) 
PARAMETRIC_REPRESENTATION_CONTEXT() REPRESENTATION_CONTEXT('2D SPACE',''
  ) );
#5163 = PCURVE('',#3223,#5164);
#5164 = DEFINITIONAL_REPRESENTATION('',(#5165),#5169);
#5165 = LINE('',#5166,#5167);
#5166 = CARTESIAN_POINT('',(4.100000019865,-1.901339693486E-16));
#5167 = VECTOR('',#5168,1.);
#5168 = DIRECTION('',(0.,1.));
#5169 = ( GEOMETRIC_REPRESENTATION_CONTEXT(2) 
PARAMETRIC_REPRESENTATION_CONTEXT() REPRESENTATION_CONTEXT('2D SPACE',''
  ) );
#5170 = ORIENTED_EDGE('',*,*,#5171,.F.);
#5171 = EDGE_CURVE('',#5172,#5149,#5174,.T.);
#5172 = VERTEX_POINT('',#5173);
#5173 = CARTESIAN_POINT('',(15.799999997991,28.8,3.148528137424));
#5174 = SURFACE_CURVE('',#5175,(#5179,#5186),.PCURVE_S1.);
#5175 = LINE('',#5176,#5177);
#5176 = CARTESIAN_POINT('',(15.799999997991,28.8,0.));
#5177 = VECTOR('',#5178,1.);
#5178 = DIRECTION('',(0.,0.,1.));
#5179 = PCURVE('',#1771,#5180);
#5180 = DEFINITIONAL_REPRESENTATION('',(#5181),#5185);
#5181 = LINE('',#5182,#5183);
#5182 = CARTESIAN_POINT('',(6.,0.));
#5183 = VECTOR('',#5184,1.);
#5184 = DIRECTION('',(0.,-1.));
#5185 = ( GEOMETRIC_REPRESENTATION_CONTEXT(2) 
PARAMETRIC_REPRESENTATION_CONTEXT() REPRESENTATION_CONTEXT('2D SPACE',''
  ) );
#5186 = PCURVE('',#1800,#5187);
#5187 = DEFINITIONAL_REPRESENTATION('',(#5188),#5192);
#5188 = LINE('',#5189,#5190);
#5189 = CARTESIAN_POINT('',(-0.,0.));
#5190 = VECTOR('',#5191,1.);
#5191 = DIRECTION('',(-0.,-1.));
#5192 = ( GEOMETRIC_REPRESENTATION_CONTEXT(2) 
PARAMETRIC_REPRESENTATION_CONTEXT() REPRESENTATION_CONTEXT('2D SPACE',''
  ) );
#5193 = ORIENTED_EDGE('',*,*,#5194,.T.);
#5194 = EDGE_CURVE('',#5172,#5195,#5197,.T.);
#5195 = VERTEX_POINT('',#5196);
#5196 = CARTESIAN_POINT('',(15.800000014102,28.1,1.2));
#5197 = SURFACE_CURVE('',#5198,(#5203,#5214),.PCURVE_S1.);
#5198 = CIRCLE('',#5199,1.1);
#5199 = AXIS2_PLACEMENT_3D('',#5200,#5201,#5202);
#5200 = CARTESIAN_POINT('',(15.800000014102,28.1,2.3));
#5201 = DIRECTION('',(1.,0.,2.22044604925E-16));
#5202 = DIRECTION('',(2.22044604925E-16,0.,-1.));
#5203 = PCURVE('',#1771,#5204);
#5204 = DEFINITIONAL_REPRESENTATION('',(#5205),#5213);
#5205 = ( BOUNDED_CURVE() B_SPLINE_CURVE(2,(#5206,#5207,#5208,#5209,
#5210,#5211,#5212),.UNSPECIFIED.,.T.,.F.) B_SPLINE_CURVE_WITH_KNOTS((1,2
    ,2,2,2,1),(-2.094395102393,0.,2.094395102393,4.188790204786,
6.28318530718,8.377580409573),.UNSPECIFIED.) CURVE() 
GEOMETRIC_REPRESENTATION_ITEM() RATIONAL_B_SPLINE_CURVE((1.,0.5,1.,0.5,
1.,0.5,1.)) REPRESENTATION_ITEM('') );
#5206 = CARTESIAN_POINT('',(5.3,-1.2));
#5207 = CARTESIAN_POINT('',(7.205255888326,-1.2));
#5208 = CARTESIAN_POINT('',(6.252627944163,-2.85));
#5209 = CARTESIAN_POINT('',(5.3,-4.5));
#5210 = CARTESIAN_POINT('',(4.347372055837,-2.85));
#5211 = CARTESIAN_POINT('',(3.394744111674,-1.2));
#5212 = CARTESIAN_POINT('',(5.3,-1.2));
#5213 = ( GEOMETRIC_REPRESENTATION_CONTEXT(2) 
PARAMETRIC_REPRESENTATION_CONTEXT() REPRESENTATION_CONTEXT('2D SPACE',''
  ) );
#5214 = PCURVE('',#5215,#5220);
#5215 = CYLINDRICAL_SURFACE('',#5216,1.1);
#5216 = AXIS2_PLACEMENT_3D('',#5217,#5218,#5219);
#5217 = CARTESIAN_POINT('',(6.7,28.1,2.3));
#5218 = DIRECTION('',(1.,0.,2.22044604925E-16));
#5219 = DIRECTION('',(2.22044604925E-16,0.,-1.));
#5220 = DEFINITIONAL_REPRESENTATION('',(#5221),#5225);
#5221 = LINE('',#5222,#5223);
#5222 = CARTESIAN_POINT('',(0.,9.100000014102));
#5223 = VECTOR('',#5224,1.);
#5224 = DIRECTION('',(1.,0.));
#5225 = ( GEOMETRIC_REPRESENTATION_CONTEXT(2) 
PARAMETRIC_REPRESENTATION_CONTEXT() REPRESENTATION_CONTEXT('2D SPACE',''
  ) );
#5226 = ORIENTED_EDGE('',*,*,#5227,.T.);
#5227 = EDGE_CURVE('',#5195,#5228,#5230,.T.);
#5228 = VERTEX_POINT('',#5229);
#5229 = CARTESIAN_POINT('',(15.799999997991,28.8,1.451471862576));
#5230 = SURFACE_CURVE('',#5231,(#5236,#5247),.PCURVE_S1.);
#5231 = CIRCLE('',#5232,1.1);
#5232 = AXIS2_PLACEMENT_3D('',#5233,#5234,#5235);
#5233 = CARTESIAN_POINT('',(15.800000014102,28.1,2.3));
#5234 = DIRECTION('',(1.,0.,2.22044604925E-16));
#5235 = DIRECTION('',(2.22044604925E-16,0.,-1.));
#5236 = PCURVE('',#1771,#5237);
#5237 = DEFINITIONAL_REPRESENTATION('',(#5238),#5246);
#5238 = ( BOUNDED_CURVE() B_SPLINE_CURVE(2,(#5239,#5240,#5241,#5242,
#5243,#5244,#5245),.UNSPECIFIED.,.T.,.F.) B_SPLINE_CURVE_WITH_KNOTS((1,2
    ,2,2,2,1),(-2.094395102393,0.,2.094395102393,4.188790204786,
6.28318530718,8.377580409573),.UNSPECIFIED.) CURVE() 
GEOMETRIC_REPRESENTATION_ITEM() RATIONAL_B_SPLINE_CURVE((1.,0.5,1.,0.5,
1.,0.5,1.)) REPRESENTATION_ITEM('') );
#5239 = CARTESIAN_POINT('',(5.3,-1.2));
#5240 = CARTESIAN_POINT('',(7.205255888326,-1.2));
#5241 = CARTESIAN_POINT('',(6.252627944163,-2.85));
#5242 = CARTESIAN_POINT('',(5.3,-4.5));
#5243 = CARTESIAN_POINT('',(4.347372055837,-2.85));
#5244 = CARTESIAN_POINT('',(3.394744111674,-1.2));
#5245 = CARTESIAN_POINT('',(5.3,-1.2));
#5246 = ( GEOMETRIC_REPRESENTATION_CONTEXT(2) 
PARAMETRIC_REPRESENTATION_CONTEXT() REPRESENTATION_CONTEXT('2D SPACE',''
  ) );
#5247 = PCURVE('',#5215,#5248);
#5248 = DEFINITIONAL_REPRESENTATION('',(#5249),#5253);
#5249 = LINE('',#5250,#5251);
#5250 = CARTESIAN_POINT('',(0.,9.100000014102));
#5251 = VECTOR('',#5252,1.);
#5252 = DIRECTION('',(1.,0.));
#5253 = ( GEOMETRIC_REPRESENTATION_CONTEXT(2) 
PARAMETRIC_REPRESENTATION_CONTEXT() REPRESENTATION_CONTEXT('2D SPACE',''
  ) );
#5254 = ORIENTED_EDGE('',*,*,#5255,.F.);
#5255 = EDGE_CURVE('',#1756,#5228,#5256,.T.);
#5256 = SURFACE_CURVE('',#5257,(#5261,#5268),.PCURVE_S1.);
#5257 = LINE('',#5258,#5259);
#5258 = CARTESIAN_POINT('',(15.799999997991,28.8,0.));
#5259 = VECTOR('',#5260,1.);
#5260 = DIRECTION('',(0.,0.,1.));
#5261 = PCURVE('',#1771,#5262);
#5262 = DEFINITIONAL_REPRESENTATION('',(#5263),#5267);
#5263 = LINE('',#5264,#5265);
#5264 = CARTESIAN_POINT('',(6.,0.));
#5265 = VECTOR('',#5266,1.);
#5266 = DIRECTION('',(0.,-1.));
#5267 = ( GEOMETRIC_REPRESENTATION_CONTEXT(2) 
PARAMETRIC_REPRESENTATION_CONTEXT() REPRESENTATION_CONTEXT('2D SPACE',''
  ) );
#5268 = PCURVE('',#1800,#5269);
#5269 = DEFINITIONAL_REPRESENTATION('',(#5270),#5274);
#5270 = LINE('',#5271,#5272);
#5271 = CARTESIAN_POINT('',(-0.,0.));
#5272 = VECTOR('',#5273,1.);
#5273 = DIRECTION('',(-0.,-1.));
#5274 = ( GEOMETRIC_REPRESENTATION_CONTEXT(2) 
PARAMETRIC_REPRESENTATION_CONTEXT() REPRESENTATION_CONTEXT('2D SPACE',''
  ) );
#5275 = ADVANCED_FACE('',(#5276),#1800,.T.);
#5276 = FACE_BOUND('',#5277,.F.);
#5277 = EDGE_LOOP('',(#5278,#5279,#5280,#5370,#5371,#5395));
#5278 = ORIENTED_EDGE('',*,*,#1783,.F.);
#5279 = ORIENTED_EDGE('',*,*,#5255,.T.);
#5280 = ORIENTED_EDGE('',*,*,#5281,.T.);
#5281 = EDGE_CURVE('',#5228,#5172,#5282,.T.);
#5282 = SURFACE_CURVE('',#5283,(#5310,#5340),.PCURVE_S1.);
#5283 = B_SPLINE_CURVE_WITH_KNOTS('',5,(#5284,#5285,#5286,#5287,#5288,
    #5289,#5290,#5291,#5292,#5293,#5294,#5295,#5296,#5297,#5298,#5299,
    #5300,#5301,#5302,#5303,#5304,#5305,#5306,#5307,#5308,#5309),
  .UNSPECIFIED.,.F.,.F.,(6,4,4,4,4,4,6),(0.,0.12520300422,0.218833354344
    ,0.499999837452,0.780957374936,0.875562570725,1.),.UNSPECIFIED.);
#5284 = CARTESIAN_POINT('',(15.79999998188,28.8,1.451471862576));
#5285 = CARTESIAN_POINT('',(15.79999998188,28.840058858437,
    1.484518734765));
#5286 = CARTESIAN_POINT('',(15.799331343412,28.877703140031,
    1.519546444902));
#5287 = CARTESIAN_POINT('',(15.798155327731,28.912869876725,
    1.556318892914));
#5288 = CARTESIAN_POINT('',(15.796620454378,28.945516758066,
    1.594609923221));
#5289 = CARTESIAN_POINT('',(15.793534940931,28.998133840746,
    1.66380895872));
#5290 = CARTESIAN_POINT('',(15.792085566941,29.019229608254,1.6941504662
    ));
#5291 = CARTESIAN_POINT('',(15.79056030353,29.038904740312,
    1.725143954018));
#5292 = CARTESIAN_POINT('',(15.789005663733,29.057159355762,
    1.756714905619));
#5293 = CARTESIAN_POINT('',(15.782823910799,29.124560566663,
    1.885134526137));
#5294 = CARTESIAN_POINT('',(15.778280671226,29.162335634882,
    1.986053100473));
#5295 = CARTESIAN_POINT('',(15.774902891684,29.187444849228,
    2.089777213741));
#5296 = CARTESIAN_POINT('',(15.773213731343,29.2,2.194888716991));
#5297 = CARTESIAN_POINT('',(15.773213731343,29.2,2.405033170773));
#5298 = CARTESIAN_POINT('',(15.77490038203,29.187463503295,
    2.510066565544));
#5299 = CARTESIAN_POINT('',(15.77827314375,29.16239158951,2.613715641079
    ));
#5300 = CARTESIAN_POINT('',(15.782810407858,29.124672830578,
    2.714565446036));
#5301 = CARTESIAN_POINT('',(15.789004416998,29.057184635035,
    2.84326571855));
#5302 = CARTESIAN_POINT('',(15.79057552859,29.038737868738,
    2.875165054668));
#5303 = CARTESIAN_POINT('',(15.792116528769,29.018840813237,
    2.906474622651));
#5304 = CARTESIAN_POINT('',(15.79357939517,28.997493373752,
    2.937117506691));
#5305 = CARTESIAN_POINT('',(15.79665791981,28.944717548626,
    3.006326430221));
#5306 = CARTESIAN_POINT('',(15.798176846481,28.912224407108,
    3.044355570713));
#5307 = CARTESIAN_POINT('',(15.7993395009,28.877242548021,3.080881990868
    ));
#5308 = CARTESIAN_POINT('',(15.79999998188,28.83981375272,3.115683467135
    ));
#5309 = CARTESIAN_POINT('',(15.79999998188,28.8,3.148528137424));
#5310 = PCURVE('',#1800,#5311);
#5311 = DEFINITIONAL_REPRESENTATION('',(#5312),#5339);
#5312 = B_SPLINE_CURVE_WITH_KNOTS('',5,(#5313,#5314,#5315,#5316,#5317,
    #5318,#5319,#5320,#5321,#5322,#5323,#5324,#5325,#5326,#5327,#5328,
    #5329,#5330,#5331,#5332,#5333,#5334,#5335,#5336,#5337,#5338),
  .UNSPECIFIED.,.F.,.F.,(6,4,4,4,4,4,6),(0.,0.12520300422,0.218833354344
    ,0.499999837452,0.780957374936,0.875562570725,1.),.UNSPECIFIED.);
#5313 = CARTESIAN_POINT('',(0.,-1.451471862576));
#5314 = CARTESIAN_POINT('',(-1.335295281238E-02,-1.484518734765));
#5315 = CARTESIAN_POINT('',(-2.590104654636E-02,-1.519546444902));
#5316 = CARTESIAN_POINT('',(-3.762825311816E-02,-1.556318892914));
#5317 = CARTESIAN_POINT('',(-4.852183497447E-02,-1.594609923221));
#5318 = CARTESIAN_POINT('',(-6.609099287175E-02,-1.66380895872));
#5319 = CARTESIAN_POINT('',(-7.313915679094E-02,-1.6941504662));
#5320 = CARTESIAN_POINT('',(-7.971689716054E-02,-1.725143954018));
#5321 = CARTESIAN_POINT('',(-8.582368416631E-02,-1.756714905619));
#5322 = CARTESIAN_POINT('',(-0.108385050605,-1.885134526137));
#5323 = CARTESIAN_POINT('',(-0.121062721235,-1.986053100473));
#5324 = CARTESIAN_POINT('',(-0.129509120719,-2.089777213741));
#5325 = CARTESIAN_POINT('',(-0.13373158941,-2.194888716991));
#5326 = CARTESIAN_POINT('',(-0.13373158941,-2.405033170773));
#5327 = CARTESIAN_POINT('',(-0.129515393603,-2.510066565544));
#5328 = CARTESIAN_POINT('',(-0.121081545045,-2.613715641079));
#5329 = CARTESIAN_POINT('',(-0.108422726625,-2.714565446036));
#5330 = CARTESIAN_POINT('',(-8.583211331646E-02,-2.84326571855));
#5331 = CARTESIAN_POINT('',(-7.966104385244E-02,-2.875165054668));
#5332 = CARTESIAN_POINT('',(-7.300915594563E-02,-2.906474622651));
#5333 = CARTESIAN_POINT('',(-6.587700289806E-02,-2.937117506691));
#5334 = CARTESIAN_POINT('',(-4.825515713891E-02,-3.006326430221));
#5335 = CARTESIAN_POINT('',(-3.741300610148E-02,-3.044355570713));
#5336 = CARTESIAN_POINT('',(-2.574751586842E-02,-3.080881990868));
#5337 = CARTESIAN_POINT('',(-1.327125090671E-02,-3.115683467135));
#5338 = CARTESIAN_POINT('',(0.,-3.148528137424));
#5339 = ( GEOMETRIC_REPRESENTATION_CONTEXT(2) 
PARAMETRIC_REPRESENTATION_CONTEXT() REPRESENTATION_CONTEXT('2D SPACE',''
  ) );
#5340 = PCURVE('',#5215,#5341);
#5341 = DEFINITIONAL_REPRESENTATION('',(#5342),#5369);
#5342 = B_SPLINE_CURVE_WITH_KNOTS('',5,(#5343,#5344,#5345,#5346,#5347,
    #5348,#5349,#5350,#5351,#5352,#5353,#5354,#5355,#5356,#5357,#5358,
    #5359,#5360,#5361,#5362,#5363,#5364,#5365,#5366,#5367,#5368),
  .UNSPECIFIED.,.F.,.F.,(6,4,4,4,4,4,6),(0.,0.12520300422,0.218833354344
    ,0.499999837452,0.780957374936,0.875562570725,1.),.UNSPECIFIED.);
#5343 = CARTESIAN_POINT('',(0.689775000785,9.09999998188));
#5344 = CARTESIAN_POINT('',(0.736984818198,9.09999998188));
#5345 = CARTESIAN_POINT('',(0.783647341199,9.099331343412));
#5346 = CARTESIAN_POINT('',(0.829800906635,9.098155327731));
#5347 = CARTESIAN_POINT('',(0.875474177466,9.096620454378));
#5348 = CARTESIAN_POINT('',(0.954502699902,9.093534940931));
#5349 = CARTESIAN_POINT('',(0.988067439093,9.092085566941));
#5350 = CARTESIAN_POINT('',(1.021402487731,9.09056030353));
#5351 = CARTESIAN_POINT('',(1.054528081446,9.089005663733));
#5352 = CARTESIAN_POINT('',(1.186376109931,9.082823910799));
#5353 = CARTESIAN_POINT('',(1.28357120842,9.078280671226));
#5354 = CARTESIAN_POINT('',(1.37968512965,9.074902891684));
#5355 = CARTESIAN_POINT('',(1.475240614969,9.073213731343));
#5356 = CARTESIAN_POINT('',(1.666281027497,9.073213731343));
#5357 = CARTESIAN_POINT('',(1.761765506867,9.07490038203));
#5358 = CARTESIAN_POINT('',(1.857807155941,9.07827314375));
#5359 = CARTESIAN_POINT('',(1.954927598113,9.082810407858));
#5360 = CARTESIAN_POINT('',(2.087038297634,9.089004416998));
#5361 = CARTESIAN_POINT('',(2.120508905579,9.09057552859));
#5362 = CARTESIAN_POINT('',(2.154193443911,9.092116528769));
#5363 = CARTESIAN_POINT('',(2.188112776519,9.09357939517));
#5364 = CARTESIAN_POINT('',(2.267235877668,9.09665791981));
#5365 = CARTESIAN_POINT('',(2.312638573238,9.098176846481));
#5366 = CARTESIAN_POINT('',(2.358516164577,9.0993395009));
#5367 = CARTESIAN_POINT('',(2.404896695249,9.09999998188));
#5368 = CARTESIAN_POINT('',(2.451817652804,9.09999998188));
#5369 = ( GEOMETRIC_REPRESENTATION_CONTEXT(2) 
PARAMETRIC_REPRESENTATION_CONTEXT() REPRESENTATION_CONTEXT('2D SPACE',''
  ) );
#5370 = ORIENTED_EDGE('',*,*,#5171,.T.);
#5371 = ORIENTED_EDGE('',*,*,#5372,.T.);
#5372 = EDGE_CURVE('',#5149,#5373,#5375,.T.);
#5373 = VERTEX_POINT('',#5374);
#5374 = CARTESIAN_POINT('',(12.79999998188,31.8,4.6));
#5375 = SURFACE_CURVE('',#5376,(#5381,#5388),.PCURVE_S1.);
#5376 = CIRCLE('',#5377,3.);
#5377 = AXIS2_PLACEMENT_3D('',#5378,#5379,#5380);
#5378 = CARTESIAN_POINT('',(12.79999998188,28.8,4.6));
#5379 = DIRECTION('',(0.,0.,1.));
#5380 = DIRECTION('',(1.,0.,0.));
#5381 = PCURVE('',#1800,#5382);
#5382 = DEFINITIONAL_REPRESENTATION('',(#5383),#5387);
#5383 = LINE('',#5384,#5385);
#5384 = CARTESIAN_POINT('',(-0.,-4.6));
#5385 = VECTOR('',#5386,1.);
#5386 = DIRECTION('',(-1.,0.));
#5387 = ( GEOMETRIC_REPRESENTATION_CONTEXT(2) 
PARAMETRIC_REPRESENTATION_CONTEXT() REPRESENTATION_CONTEXT('2D SPACE',''
  ) );
#5388 = PCURVE('',#3223,#5389);
#5389 = DEFINITIONAL_REPRESENTATION('',(#5390),#5394);
#5390 = CIRCLE('',#5391,3.);
#5391 = AXIS2_PLACEMENT_2D('',#5392,#5393);
#5392 = CARTESIAN_POINT('',(1.099999987642,3.));
#5393 = DIRECTION('',(1.,0.));
#5394 = ( GEOMETRIC_REPRESENTATION_CONTEXT(2) 
PARAMETRIC_REPRESENTATION_CONTEXT() REPRESENTATION_CONTEXT('2D SPACE',''
  ) );
#5395 = ORIENTED_EDGE('',*,*,#5396,.F.);
#5396 = EDGE_CURVE('',#1784,#5373,#5397,.T.);
#5397 = SURFACE_CURVE('',#5398,(#5402,#5409),.PCURVE_S1.);
#5398 = LINE('',#5399,#5400);
#5399 = CARTESIAN_POINT('',(12.79999998188,31.8,0.));
#5400 = VECTOR('',#5401,1.);
#5401 = DIRECTION('',(0.,0.,1.));
#5402 = PCURVE('',#1800,#5403);
#5403 = DEFINITIONAL_REPRESENTATION('',(#5404),#5408);
#5404 = LINE('',#5405,#5406);
#5405 = CARTESIAN_POINT('',(-1.570796326795,0.));
#5406 = VECTOR('',#5407,1.);
#5407 = DIRECTION('',(-0.,-1.));
#5408 = ( GEOMETRIC_REPRESENTATION_CONTEXT(2) 
PARAMETRIC_REPRESENTATION_CONTEXT() REPRESENTATION_CONTEXT('2D SPACE',''
  ) );
#5409 = PCURVE('',#1828,#5410);
#5410 = DEFINITIONAL_REPRESENTATION('',(#5411),#5415);
#5411 = LINE('',#5412,#5413);
#5412 = CARTESIAN_POINT('',(2.199999995982,0.));
#5413 = VECTOR('',#5414,1.);
#5414 = DIRECTION('',(0.,-1.));
#5415 = ( GEOMETRIC_REPRESENTATION_CONTEXT(2) 
PARAMETRIC_REPRESENTATION_CONTEXT() REPRESENTATION_CONTEXT('2D SPACE',''
  ) );
#5416 = ADVANCED_FACE('',(#5417),#1828,.T.);
#5417 = FACE_BOUND('',#5418,.T.);
#5418 = EDGE_LOOP('',(#5419,#5442,#5463,#5464));
#5419 = ORIENTED_EDGE('',*,*,#5420,.T.);
#5420 = EDGE_CURVE('',#1813,#5421,#5423,.T.);
#5421 = VERTEX_POINT('',#5422);
#5422 = CARTESIAN_POINT('',(10.599999985898,31.8,4.6));
#5423 = SURFACE_CURVE('',#5424,(#5428,#5435),.PCURVE_S1.);
#5424 = LINE('',#5425,#5426);
#5425 = CARTESIAN_POINT('',(10.599999985898,31.8,0.));
#5426 = VECTOR('',#5427,1.);
#5427 = DIRECTION('',(0.,0.,1.));
#5428 = PCURVE('',#1828,#5429);
#5429 = DEFINITIONAL_REPRESENTATION('',(#5430),#5434);
#5430 = LINE('',#5431,#5432);
#5431 = CARTESIAN_POINT('',(2.22044604925E-16,0.));
#5432 = VECTOR('',#5433,1.);
#5433 = DIRECTION('',(0.,-1.));
#5434 = ( GEOMETRIC_REPRESENTATION_CONTEXT(2) 
PARAMETRIC_REPRESENTATION_CONTEXT() REPRESENTATION_CONTEXT('2D SPACE',''
  ) );
#5435 = PCURVE('',#1857,#5436);
#5436 = DEFINITIONAL_REPRESENTATION('',(#5437),#5441);
#5437 = LINE('',#5438,#5439);
#5438 = CARTESIAN_POINT('',(-1.570796326795,0.));
#5439 = VECTOR('',#5440,1.);
#5440 = DIRECTION('',(-0.,-1.));
#5441 = ( GEOMETRIC_REPRESENTATION_CONTEXT(2) 
PARAMETRIC_REPRESENTATION_CONTEXT() REPRESENTATION_CONTEXT('2D SPACE',''
  ) );
#5442 = ORIENTED_EDGE('',*,*,#5443,.T.);
#5443 = EDGE_CURVE('',#5421,#5373,#5444,.T.);
#5444 = SURFACE_CURVE('',#5445,(#5449,#5456),.PCURVE_S1.);
#5445 = LINE('',#5446,#5447);
#5446 = CARTESIAN_POINT('',(11.700000014102,31.8,4.6));
#5447 = VECTOR('',#5448,1.);
#5448 = DIRECTION('',(1.,0.,0.));
#5449 = PCURVE('',#1828,#5450);
#5450 = DEFINITIONAL_REPRESENTATION('',(#5451),#5455);
#5451 = LINE('',#5452,#5453);
#5452 = CARTESIAN_POINT('',(1.100000028204,-4.6));
#5453 = VECTOR('',#5454,1.);
#5454 = DIRECTION('',(1.,0.));
#5455 = ( GEOMETRIC_REPRESENTATION_CONTEXT(2) 
PARAMETRIC_REPRESENTATION_CONTEXT() REPRESENTATION_CONTEXT('2D SPACE',''
  ) );
#5456 = PCURVE('',#3223,#5457);
#5457 = DEFINITIONAL_REPRESENTATION('',(#5458),#5462);
#5458 = LINE('',#5459,#5460);
#5459 = CARTESIAN_POINT('',(1.986489848045E-08,6.));
#5460 = VECTOR('',#5461,1.);
#5461 = DIRECTION('',(1.,0.));
#5462 = ( GEOMETRIC_REPRESENTATION_CONTEXT(2) 
PARAMETRIC_REPRESENTATION_CONTEXT() REPRESENTATION_CONTEXT('2D SPACE',''
  ) );
#5463 = ORIENTED_EDGE('',*,*,#5396,.F.);
#5464 = ORIENTED_EDGE('',*,*,#1812,.F.);
#5465 = ADVANCED_FACE('',(#5466),#1857,.T.);
#5466 = FACE_BOUND('',#5467,.F.);
#5467 = EDGE_LOOP('',(#5468,#5469,#5470,#5494,#5517,#5609));
#5468 = ORIENTED_EDGE('',*,*,#1840,.F.);
#5469 = ORIENTED_EDGE('',*,*,#5420,.T.);
#5470 = ORIENTED_EDGE('',*,*,#5471,.T.);
#5471 = EDGE_CURVE('',#5421,#5472,#5474,.T.);
#5472 = VERTEX_POINT('',#5473);
#5473 = CARTESIAN_POINT('',(7.6,28.8,4.6));
#5474 = SURFACE_CURVE('',#5475,(#5480,#5487),.PCURVE_S1.);
#5475 = CIRCLE('',#5476,3.);
#5476 = AXIS2_PLACEMENT_3D('',#5477,#5478,#5479);
#5477 = CARTESIAN_POINT('',(10.599999985898,28.8,4.6));
#5478 = DIRECTION('',(0.,0.,1.));
#5479 = DIRECTION('',(1.,0.,0.));
#5480 = PCURVE('',#1857,#5481);
#5481 = DEFINITIONAL_REPRESENTATION('',(#5482),#5486);
#5482 = LINE('',#5483,#5484);
#5483 = CARTESIAN_POINT('',(-0.,-4.6));
#5484 = VECTOR('',#5485,1.);
#5485 = DIRECTION('',(-1.,0.));
#5486 = ( GEOMETRIC_REPRESENTATION_CONTEXT(2) 
PARAMETRIC_REPRESENTATION_CONTEXT() REPRESENTATION_CONTEXT('2D SPACE',''
  ) );
#5487 = PCURVE('',#3223,#5488);
#5488 = DEFINITIONAL_REPRESENTATION('',(#5489),#5493);
#5489 = CIRCLE('',#5490,3.);
#5490 = AXIS2_PLACEMENT_2D('',#5491,#5492);
#5491 = CARTESIAN_POINT('',(-1.100000008339,3.));
#5492 = DIRECTION('',(1.,0.));
#5493 = ( GEOMETRIC_REPRESENTATION_CONTEXT(2) 
PARAMETRIC_REPRESENTATION_CONTEXT() REPRESENTATION_CONTEXT('2D SPACE',''
  ) );
#5494 = ORIENTED_EDGE('',*,*,#5495,.F.);
#5495 = EDGE_CURVE('',#5496,#5472,#5498,.T.);
#5496 = VERTEX_POINT('',#5497);
#5497 = CARTESIAN_POINT('',(7.6,28.8,3.148528137424));
#5498 = SURFACE_CURVE('',#5499,(#5503,#5510),.PCURVE_S1.);
#5499 = LINE('',#5500,#5501);
#5500 = CARTESIAN_POINT('',(7.6,28.8,0.));
#5501 = VECTOR('',#5502,1.);
#5502 = DIRECTION('',(0.,0.,1.));
#5503 = PCURVE('',#1857,#5504);
#5504 = DEFINITIONAL_REPRESENTATION('',(#5505),#5509);
#5505 = LINE('',#5506,#5507);
#5506 = CARTESIAN_POINT('',(-3.14159265359,0.));
#5507 = VECTOR('',#5508,1.);
#5508 = DIRECTION('',(-0.,-1.));
#5509 = ( GEOMETRIC_REPRESENTATION_CONTEXT(2) 
PARAMETRIC_REPRESENTATION_CONTEXT() REPRESENTATION_CONTEXT('2D SPACE',''
  ) );
#5510 = PCURVE('',#1885,#5511);
#5511 = DEFINITIONAL_REPRESENTATION('',(#5512),#5516);
#5512 = LINE('',#5513,#5514);
#5513 = CARTESIAN_POINT('',(6.,0.));
#5514 = VECTOR('',#5515,1.);
#5515 = DIRECTION('',(0.,-1.));
#5516 = ( GEOMETRIC_REPRESENTATION_CONTEXT(2) 
PARAMETRIC_REPRESENTATION_CONTEXT() REPRESENTATION_CONTEXT('2D SPACE',''
  ) );
#5517 = ORIENTED_EDGE('',*,*,#5518,.F.);
#5518 = EDGE_CURVE('',#5519,#5496,#5521,.T.);
#5519 = VERTEX_POINT('',#5520);
#5520 = CARTESIAN_POINT('',(7.6,28.8,1.451471862576));
#5521 = SURFACE_CURVE('',#5522,(#5549,#5579),.PCURVE_S1.);
#5522 = B_SPLINE_CURVE_WITH_KNOTS('',5,(#5523,#5524,#5525,#5526,#5527,
    #5528,#5529,#5530,#5531,#5532,#5533,#5534,#5535,#5536,#5537,#5538,
    #5539,#5540,#5541,#5542,#5543,#5544,#5545,#5546,#5547,#5548),
  .UNSPECIFIED.,.F.,.F.,(6,4,4,4,4,4,6),(0.,0.125203008292,
    0.218833361458,0.499999837447,0.780957367846,0.875562566699,1.),
  .UNSPECIFIED.);
#5523 = CARTESIAN_POINT('',(7.599999985898,28.8,1.451471862576));
#5524 = CARTESIAN_POINT('',(7.599999985898,28.840058858436,
    1.484518734764));
#5525 = CARTESIAN_POINT('',(7.600668624365,28.877703140032,
    1.519546444903));
#5526 = CARTESIAN_POINT('',(7.601844640046,28.912869876726,
    1.556318892915));
#5527 = CARTESIAN_POINT('',(7.6033795134,28.945516758065,1.59460992322)
  );
#5528 = CARTESIAN_POINT('',(7.606465026847,28.998133840746,1.66380895872
    ));
#5529 = CARTESIAN_POINT('',(7.607914400837,29.019229608254,1.6941504662)
  );
#5530 = CARTESIAN_POINT('',(7.609439664247,29.038904740312,
    1.725143954018));
#5531 = CARTESIAN_POINT('',(7.610994304044,29.057159355762,
    1.756714905619));
#5532 = CARTESIAN_POINT('',(7.617176056711,29.124560563739,
    1.885134520567));
#5533 = CARTESIAN_POINT('',(7.621719297001,29.162335639623,
    1.986053114663));
#5534 = CARTESIAN_POINT('',(7.625097075852,29.187444846749,2.08977719942
    ));
#5535 = CARTESIAN_POINT('',(7.626786236434,29.2,2.194888722756));
#5536 = CARTESIAN_POINT('',(7.626786236434,29.2,2.405033165024));
#5537 = CARTESIAN_POINT('',(7.625099585507,29.187463500827,
    2.510066579818));
#5538 = CARTESIAN_POINT('',(7.621726824476,29.162391594228,
    2.613715626945));
#5539 = CARTESIAN_POINT('',(7.617189559652,29.124672827671,
    2.714565451581));
#5540 = CARTESIAN_POINT('',(7.610995550779,29.057184635035,2.84326571855
    ));
#5541 = CARTESIAN_POINT('',(7.609424439188,29.038737868738,
    2.875165054668));
#5542 = CARTESIAN_POINT('',(7.607883439009,29.018840813237,
    2.906474622651));
#5543 = CARTESIAN_POINT('',(7.606420572608,28.997493373752,
    2.937117506691));
#5544 = CARTESIAN_POINT('',(7.603342047967,28.944717548627,3.00632643022
    ));
#5545 = CARTESIAN_POINT('',(7.601823121296,28.912224407108,
    3.044355570714));
#5546 = CARTESIAN_POINT('',(7.600660466878,28.87724254802,3.080881990868
    ));
#5547 = CARTESIAN_POINT('',(7.599999985898,28.839813752721,
    3.115683467135));
#5548 = CARTESIAN_POINT('',(7.599999985898,28.8,3.148528137424));
#5549 = PCURVE('',#1857,#5550);
#5550 = DEFINITIONAL_REPRESENTATION('',(#5551),#5578);
#5551 = B_SPLINE_CURVE_WITH_KNOTS('',5,(#5552,#5553,#5554,#5555,#5556,
    #5557,#5558,#5559,#5560,#5561,#5562,#5563,#5564,#5565,#5566,#5567,
    #5568,#5569,#5570,#5571,#5572,#5573,#5574,#5575,#5576,#5577),
  .UNSPECIFIED.,.F.,.F.,(6,4,4,4,4,4,6),(0.,0.125203008292,
    0.218833361458,0.499999837447,0.780957367846,0.875562566699,1.),
  .UNSPECIFIED.);
#5552 = CARTESIAN_POINT('',(-3.14159265359,-1.451471862576));
#5553 = CARTESIAN_POINT('',(-3.128239700778,-1.484518734764));
#5554 = CARTESIAN_POINT('',(-3.115691607043,-1.519546444903));
#5555 = CARTESIAN_POINT('',(-3.103964400471,-1.556318892915));
#5556 = CARTESIAN_POINT('',(-3.093070818616,-1.59460992322));
#5557 = CARTESIAN_POINT('',(-3.075501660718,-1.66380895872));
#5558 = CARTESIAN_POINT('',(-3.068453496799,-1.6941504662));
#5559 = CARTESIAN_POINT('',(-3.061875756429,-1.725143954018));
#5560 = CARTESIAN_POINT('',(-3.055768969423,-1.756714905619));
#5561 = CARTESIAN_POINT('',(-3.033207603963,-1.885134520567));
#5562 = CARTESIAN_POINT('',(-3.020529930767,-1.986053114663));
#5563 = CARTESIAN_POINT('',(-3.012083533701,-2.08977719942));
#5564 = CARTESIAN_POINT('',(-3.00786106418,-2.194888722756));
#5565 = CARTESIAN_POINT('',(-3.00786106418,-2.405033165024));
#5566 = CARTESIAN_POINT('',(-3.012077260813,-2.510066579818));
#5567 = CARTESIAN_POINT('',(-3.020511106965,-2.613715626945));
#5568 = CARTESIAN_POINT('',(-3.033169927938,-2.714565451581));
#5569 = CARTESIAN_POINT('',(-3.055760540273,-2.84326571855));
#5570 = CARTESIAN_POINT('',(-3.061931609737,-2.875165054668));
#5571 = CARTESIAN_POINT('',(-3.068583497644,-2.906474622651));
#5572 = CARTESIAN_POINT('',(-3.075715650692,-2.937117506691));
#5573 = CARTESIAN_POINT('',(-3.093337496451,-3.00632643022));
#5574 = CARTESIAN_POINT('',(-3.104179647488,-3.044355570714));
#5575 = CARTESIAN_POINT('',(-3.115845137722,-3.080881990868));
#5576 = CARTESIAN_POINT('',(-3.128321402683,-3.115683467135));
#5577 = CARTESIAN_POINT('',(-3.14159265359,-3.148528137424));
#5578 = ( GEOMETRIC_REPRESENTATION_CONTEXT(2) 
PARAMETRIC_REPRESENTATION_CONTEXT() REPRESENTATION_CONTEXT('2D SPACE',''
  ) );
#5579 = PCURVE('',#5215,#5580);
#5580 = DEFINITIONAL_REPRESENTATION('',(#5581),#5608);
#5581 = B_SPLINE_CURVE_WITH_KNOTS('',5,(#5582,#5583,#5584,#5585,#5586,
    #5587,#5588,#5589,#5590,#5591,#5592,#5593,#5594,#5595,#5596,#5597,
    #5598,#5599,#5600,#5601,#5602,#5603,#5604,#5605,#5606,#5607),
  .UNSPECIFIED.,.F.,.F.,(6,4,4,4,4,4,6),(0.,0.125203008292,
    0.218833361458,0.499999837447,0.780957367846,0.875562566699,1.),
  .UNSPECIFIED.);
#5582 = CARTESIAN_POINT('',(0.689775000785,0.899999985898));
#5583 = CARTESIAN_POINT('',(0.736984818197,0.899999985898));
#5584 = CARTESIAN_POINT('',(0.7836473412,0.900668624365));
#5585 = CARTESIAN_POINT('',(0.829800906636,0.901844640046));
#5586 = CARTESIAN_POINT('',(0.875474177465,0.9033795134));
#5587 = CARTESIAN_POINT('',(0.954502699902,0.906465026847));
#5588 = CARTESIAN_POINT('',(0.988067439093,0.907914400837));
#5589 = CARTESIAN_POINT('',(1.021402487731,0.909439664247));
#5590 = CARTESIAN_POINT('',(1.054528081446,0.910994304044));
#5591 = CARTESIAN_POINT('',(1.186376104213,0.917176056711));
#5592 = CARTESIAN_POINT('',(1.283571222329,0.921719297001));
#5593 = CARTESIAN_POINT('',(1.379685116126,0.925097075852));
#5594 = CARTESIAN_POINT('',(1.475240620209,0.926786236434));
#5595 = CARTESIAN_POINT('',(1.666281022271,0.926786236434));
#5596 = CARTESIAN_POINT('',(1.761765520345,0.925099585507));
#5597 = CARTESIAN_POINT('',(1.857807142087,0.921726824476));
#5598 = CARTESIAN_POINT('',(1.954927603805,0.917189559652));
#5599 = CARTESIAN_POINT('',(2.087038297634,0.910995550779));
#5600 = CARTESIAN_POINT('',(2.120508905579,0.909424439188));
#5601 = CARTESIAN_POINT('',(2.154193443911,0.907883439009));
#5602 = CARTESIAN_POINT('',(2.188112776519,0.906420572608));
#5603 = CARTESIAN_POINT('',(2.267235877667,0.903342047967));
#5604 = CARTESIAN_POINT('',(2.312638573238,0.901823121296));
#5605 = CARTESIAN_POINT('',(2.358516164578,0.900660466878));
#5606 = CARTESIAN_POINT('',(2.404896695249,0.899999985898));
#5607 = CARTESIAN_POINT('',(2.451817652804,0.899999985898));
#5608 = ( GEOMETRIC_REPRESENTATION_CONTEXT(2) 
PARAMETRIC_REPRESENTATION_CONTEXT() REPRESENTATION_CONTEXT('2D SPACE',''
  ) );
#5609 = ORIENTED_EDGE('',*,*,#5610,.F.);
#5610 = EDGE_CURVE('',#1841,#5519,#5611,.T.);
#5611 = SURFACE_CURVE('',#5612,(#5616,#5623),.PCURVE_S1.);
#5612 = LINE('',#5613,#5614);
#5613 = CARTESIAN_POINT('',(7.6,28.8,0.));
#5614 = VECTOR('',#5615,1.);
#5615 = DIRECTION('',(0.,0.,1.));
#5616 = PCURVE('',#1857,#5617);
#5617 = DEFINITIONAL_REPRESENTATION('',(#5618),#5622);
#5618 = LINE('',#5619,#5620);
#5619 = CARTESIAN_POINT('',(-3.14159265359,0.));
#5620 = VECTOR('',#5621,1.);
#5621 = DIRECTION('',(-0.,-1.));
#5622 = ( GEOMETRIC_REPRESENTATION_CONTEXT(2) 
PARAMETRIC_REPRESENTATION_CONTEXT() REPRESENTATION_CONTEXT('2D SPACE',''
  ) );
#5623 = PCURVE('',#1885,#5624);
#5624 = DEFINITIONAL_REPRESENTATION('',(#5625),#5629);
#5625 = LINE('',#5626,#5627);
#5626 = CARTESIAN_POINT('',(6.,0.));
#5627 = VECTOR('',#5628,1.);
#5628 = DIRECTION('',(0.,-1.));
#5629 = ( GEOMETRIC_REPRESENTATION_CONTEXT(2) 
PARAMETRIC_REPRESENTATION_CONTEXT() REPRESENTATION_CONTEXT('2D SPACE',''
  ) );
#5630 = ADVANCED_FACE('',(#5631),#1885,.T.);
#5631 = FACE_BOUND('',#5632,.T.);
#5632 = EDGE_LOOP('',(#5633,#5634,#5657,#5678,#5679,#5707,#5733));
#5633 = ORIENTED_EDGE('',*,*,#1869,.F.);
#5634 = ORIENTED_EDGE('',*,*,#5635,.T.);
#5635 = EDGE_CURVE('',#1870,#5636,#5638,.T.);
#5636 = VERTEX_POINT('',#5637);
#5637 = CARTESIAN_POINT('',(7.6,22.8,4.6));
#5638 = SURFACE_CURVE('',#5639,(#5643,#5650),.PCURVE_S1.);
#5639 = LINE('',#5640,#5641);
#5640 = CARTESIAN_POINT('',(7.6,22.8,0.));
#5641 = VECTOR('',#5642,1.);
#5642 = DIRECTION('',(0.,0.,1.));
#5643 = PCURVE('',#1885,#5644);
#5644 = DEFINITIONAL_REPRESENTATION('',(#5645),#5649);
#5645 = LINE('',#5646,#5647);
#5646 = CARTESIAN_POINT('',(0.,0.));
#5647 = VECTOR('',#5648,1.);
#5648 = DIRECTION('',(0.,-1.));
#5649 = ( GEOMETRIC_REPRESENTATION_CONTEXT(2) 
PARAMETRIC_REPRESENTATION_CONTEXT() REPRESENTATION_CONTEXT('2D SPACE',''
  ) );
#5650 = PCURVE('',#1914,#5651);
#5651 = DEFINITIONAL_REPRESENTATION('',(#5652),#5656);
#5652 = LINE('',#5653,#5654);
#5653 = CARTESIAN_POINT('',(-3.14159265359,0.));
#5654 = VECTOR('',#5655,1.);
#5655 = DIRECTION('',(-0.,-1.));
#5656 = ( GEOMETRIC_REPRESENTATION_CONTEXT(2) 
PARAMETRIC_REPRESENTATION_CONTEXT() REPRESENTATION_CONTEXT('2D SPACE',''
  ) );
#5657 = ORIENTED_EDGE('',*,*,#5658,.T.);
#5658 = EDGE_CURVE('',#5636,#5472,#5659,.T.);
#5659 = SURFACE_CURVE('',#5660,(#5664,#5671),.PCURVE_S1.);
#5660 = LINE('',#5661,#5662);
#5661 = CARTESIAN_POINT('',(7.600000014102,25.8,4.6));
#5662 = VECTOR('',#5663,1.);
#5663 = DIRECTION('',(0.,1.,0.));
#5664 = PCURVE('',#1885,#5665);
#5665 = DEFINITIONAL_REPRESENTATION('',(#5666),#5670);
#5666 = LINE('',#5667,#5668);
#5667 = CARTESIAN_POINT('',(3.,-4.6));
#5668 = VECTOR('',#5669,1.);
#5669 = DIRECTION('',(1.,0.));
#5670 = ( GEOMETRIC_REPRESENTATION_CONTEXT(2) 
PARAMETRIC_REPRESENTATION_CONTEXT() REPRESENTATION_CONTEXT('2D SPACE',''
  ) );
#5671 = PCURVE('',#3223,#5672);
#5672 = DEFINITIONAL_REPRESENTATION('',(#5673),#5677);
#5673 = LINE('',#5674,#5675);
#5674 = CARTESIAN_POINT('',(-4.099999980135,-1.901339693486E-16));
#5675 = VECTOR('',#5676,1.);
#5676 = DIRECTION('',(0.,1.));
#5677 = ( GEOMETRIC_REPRESENTATION_CONTEXT(2) 
PARAMETRIC_REPRESENTATION_CONTEXT() REPRESENTATION_CONTEXT('2D SPACE',''
  ) );
#5678 = ORIENTED_EDGE('',*,*,#5495,.F.);
#5679 = ORIENTED_EDGE('',*,*,#5680,.T.);
#5680 = EDGE_CURVE('',#5496,#5681,#5683,.T.);
#5681 = VERTEX_POINT('',#5682);
#5682 = CARTESIAN_POINT('',(7.600000014102,28.1,1.2));
#5683 = SURFACE_CURVE('',#5684,(#5689,#5700),.PCURVE_S1.);
#5684 = CIRCLE('',#5685,1.1);
#5685 = AXIS2_PLACEMENT_3D('',#5686,#5687,#5688);
#5686 = CARTESIAN_POINT('',(7.600000014102,28.1,2.3));
#5687 = DIRECTION('',(1.,0.,2.22044604925E-16));
#5688 = DIRECTION('',(2.22044604925E-16,0.,-1.));
#5689 = PCURVE('',#1885,#5690);
#5690 = DEFINITIONAL_REPRESENTATION('',(#5691),#5699);
#5691 = ( BOUNDED_CURVE() B_SPLINE_CURVE(2,(#5692,#5693,#5694,#5695,
#5696,#5697,#5698),.UNSPECIFIED.,.T.,.F.) B_SPLINE_CURVE_WITH_KNOTS((1,2
    ,2,2,2,1),(-2.094395102393,0.,2.094395102393,4.188790204786,
6.28318530718,8.377580409573),.UNSPECIFIED.) CURVE() 
GEOMETRIC_REPRESENTATION_ITEM() RATIONAL_B_SPLINE_CURVE((1.,0.5,1.,0.5,
1.,0.5,1.)) REPRESENTATION_ITEM('') );
#5692 = CARTESIAN_POINT('',(5.3,-1.2));
#5693 = CARTESIAN_POINT('',(7.205255888326,-1.2));
#5694 = CARTESIAN_POINT('',(6.252627944163,-2.85));
#5695 = CARTESIAN_POINT('',(5.3,-4.5));
#5696 = CARTESIAN_POINT('',(4.347372055837,-2.85));
#5697 = CARTESIAN_POINT('',(3.394744111674,-1.2));
#5698 = CARTESIAN_POINT('',(5.3,-1.2));
#5699 = ( GEOMETRIC_REPRESENTATION_CONTEXT(2) 
PARAMETRIC_REPRESENTATION_CONTEXT() REPRESENTATION_CONTEXT('2D SPACE',''
  ) );
#5700 = PCURVE('',#5215,#5701);
#5701 = DEFINITIONAL_REPRESENTATION('',(#5702),#5706);
#5702 = LINE('',#5703,#5704);
#5703 = CARTESIAN_POINT('',(0.,0.900000014102));
#5704 = VECTOR('',#5705,1.);
#5705 = DIRECTION('',(1.,0.));
#5706 = ( GEOMETRIC_REPRESENTATION_CONTEXT(2) 
PARAMETRIC_REPRESENTATION_CONTEXT() REPRESENTATION_CONTEXT('2D SPACE',''
  ) );
#5707 = ORIENTED_EDGE('',*,*,#5708,.T.);
#5708 = EDGE_CURVE('',#5681,#5519,#5709,.T.);
#5709 = SURFACE_CURVE('',#5710,(#5715,#5726),.PCURVE_S1.);
#5710 = CIRCLE('',#5711,1.1);
#5711 = AXIS2_PLACEMENT_3D('',#5712,#5713,#5714);
#5712 = CARTESIAN_POINT('',(7.600000014102,28.1,2.3));
#5713 = DIRECTION('',(1.,0.,2.22044604925E-16));
#5714 = DIRECTION('',(2.22044604925E-16,0.,-1.));
#5715 = PCURVE('',#1885,#5716);
#5716 = DEFINITIONAL_REPRESENTATION('',(#5717),#5725);
#5717 = ( BOUNDED_CURVE() B_SPLINE_CURVE(2,(#5718,#5719,#5720,#5721,
#5722,#5723,#5724),.UNSPECIFIED.,.T.,.F.) B_SPLINE_CURVE_WITH_KNOTS((1,2
    ,2,2,2,1),(-2.094395102393,0.,2.094395102393,4.188790204786,
6.28318530718,8.377580409573),.UNSPECIFIED.) CURVE() 
GEOMETRIC_REPRESENTATION_ITEM() RATIONAL_B_SPLINE_CURVE((1.,0.5,1.,0.5,
1.,0.5,1.)) REPRESENTATION_ITEM('') );
#5718 = CARTESIAN_POINT('',(5.3,-1.2));
#5719 = CARTESIAN_POINT('',(7.205255888326,-1.2));
#5720 = CARTESIAN_POINT('',(6.252627944163,-2.85));
#5721 = CARTESIAN_POINT('',(5.3,-4.5));
#5722 = CARTESIAN_POINT('',(4.347372055837,-2.85));
#5723 = CARTESIAN_POINT('',(3.394744111674,-1.2));
#5724 = CARTESIAN_POINT('',(5.3,-1.2));
#5725 = ( GEOMETRIC_REPRESENTATION_CONTEXT(2) 
PARAMETRIC_REPRESENTATION_CONTEXT() REPRESENTATION_CONTEXT('2D SPACE',''
  ) );
#5726 = PCURVE('',#5215,#5727);
#5727 = DEFINITIONAL_REPRESENTATION('',(#5728),#5732);
#5728 = LINE('',#5729,#5730);
#5729 = CARTESIAN_POINT('',(0.,0.900000014102));
#5730 = VECTOR('',#5731,1.);
#5731 = DIRECTION('',(1.,0.));
#5732 = ( GEOMETRIC_REPRESENTATION_CONTEXT(2) 
PARAMETRIC_REPRESENTATION_CONTEXT() REPRESENTATION_CONTEXT('2D SPACE',''
  ) );
#5733 = ORIENTED_EDGE('',*,*,#5610,.F.);
#5734 = ADVANCED_FACE('',(#5735),#1914,.T.);
#5735 = FACE_BOUND('',#5736,.F.);
#5736 = EDGE_LOOP('',(#5737,#5738,#5739,#5761,#5762));
#5737 = ORIENTED_EDGE('',*,*,#1897,.F.);
#5738 = ORIENTED_EDGE('',*,*,#5635,.T.);
#5739 = ORIENTED_EDGE('',*,*,#5740,.T.);
#5740 = EDGE_CURVE('',#5636,#3209,#5741,.T.);
#5741 = SURFACE_CURVE('',#5742,(#5747,#5754),.PCURVE_S1.);
#5742 = CIRCLE('',#5743,3.);
#5743 = AXIS2_PLACEMENT_3D('',#5744,#5745,#5746);
#5744 = CARTESIAN_POINT('',(10.599999985898,22.8,4.6));
#5745 = DIRECTION('',(0.,0.,1.));
#5746 = DIRECTION('',(1.,0.,0.));
#5747 = PCURVE('',#1914,#5748);
#5748 = DEFINITIONAL_REPRESENTATION('',(#5749),#5753);
#5749 = LINE('',#5750,#5751);
#5750 = CARTESIAN_POINT('',(-0.,-4.6));
#5751 = VECTOR('',#5752,1.);
#5752 = DIRECTION('',(-1.,0.));
#5753 = ( GEOMETRIC_REPRESENTATION_CONTEXT(2) 
PARAMETRIC_REPRESENTATION_CONTEXT() REPRESENTATION_CONTEXT('2D SPACE',''
  ) );
#5754 = PCURVE('',#3223,#5755);
#5755 = DEFINITIONAL_REPRESENTATION('',(#5756),#5760);
#5756 = CIRCLE('',#5757,3.);
#5757 = AXIS2_PLACEMENT_2D('',#5758,#5759);
#5758 = CARTESIAN_POINT('',(-1.100000008339,-3.));
#5759 = DIRECTION('',(1.,0.));
#5760 = ( GEOMETRIC_REPRESENTATION_CONTEXT(2) 
PARAMETRIC_REPRESENTATION_CONTEXT() REPRESENTATION_CONTEXT('2D SPACE',''
  ) );
#5761 = ORIENTED_EDGE('',*,*,#3234,.T.);
#5762 = ORIENTED_EDGE('',*,*,#5763,.T.);
#5763 = EDGE_CURVE('',#3235,#1898,#5764,.T.);
#5764 = SURFACE_CURVE('',#5765,(#5780,#5798),.PCURVE_S1.);
#5765 = B_SPLINE_CURVE_WITH_KNOTS('',7,(#5766,#5767,#5768,#5769,#5770,
    #5771,#5772,#5773,#5774,#5775,#5776,#5777,#5778,#5779),
  .UNSPECIFIED.,.F.,.F.,(8,6,8),(0.,0.448311651094,1.),.UNSPECIFIED.);
#5766 = CARTESIAN_POINT('',(7.708633526938,22.,0.55));
#5767 = CARTESIAN_POINT('',(7.708633526938,22.,0.496255235211));
#5768 = CARTESIAN_POINT('',(7.710328869664,21.993872886985,
    0.442435784027));
#5769 = CARTESIAN_POINT('',(7.713727739293,21.98158794682,0.389324252721
    ));
#5770 = CARTESIAN_POINT('',(7.718898211055,21.963220020716,
    0.337705064122));
#5771 = CARTESIAN_POINT('',(7.725970167688,21.938942011406,
    0.288348806931));
#5772 = CARTESIAN_POINT('',(7.735123105031,21.909015901427,
    0.242006933434));
#5773 = CARTESIAN_POINT('',(7.760633755305,21.830424105263,
    0.147005771426));
#5774 = CARTESIAN_POINT('',(7.778215085434,21.778878140612,
    0.100094476381));
#5775 = CARTESIAN_POINT('',(7.799563423016,21.720176977302,
    6.073165102375E-02));
#5776 = CARTESIAN_POINT('',(7.824815017413,21.655968836733,
    3.041690980988E-02));
#5777 = CARTESIAN_POINT('',(7.853874356284,21.588178723634,
    1.005630204165E-02));
#5778 = CARTESIAN_POINT('',(7.886218651172,21.518853830816,
    -1.110223024625E-16));
#5779 = CARTESIAN_POINT('',(7.920914320974,21.45,-1.110223024625E-16));
#5780 = PCURVE('',#1914,#5781);
#5781 = DEFINITIONAL_REPRESENTATION('',(#5782),#5797);
#5782 = B_SPLINE_CURVE_WITH_KNOTS('',7,(#5783,#5784,#5785,#5786,#5787,
    #5788,#5789,#5790,#5791,#5792,#5793,#5794,#5795,#5796),
  .UNSPECIFIED.,.F.,.F.,(8,6,8),(0.,0.448311651094,1.),.UNSPECIFIED.);
#5783 = CARTESIAN_POINT('',(-3.411525449423,-0.55));
#5784 = CARTESIAN_POINT('',(-3.411525449423,-0.496255235211));
#5785 = CARTESIAN_POINT('',(-3.413644549275,-0.442435784027));
#5786 = CARTESIAN_POINT('',(-3.417893405587,-0.389324252721));
#5787 = CARTESIAN_POINT('',(-3.424253891647,-0.337705064122));
#5788 = CARTESIAN_POINT('',(-3.432682132016,-0.288348806931));
#5789 = CARTESIAN_POINT('',(-3.443112115046,-0.242006933434));
#5790 = CARTESIAN_POINT('',(-3.470654937667,-0.147005771426));
#5791 = CARTESIAN_POINT('',(-3.48880684687,-0.100094476381));
#5792 = CARTESIAN_POINT('',(-3.509620909678,-6.073165102378E-02));
#5793 = CARTESIAN_POINT('',(-3.532603495865,-3.041690980985E-02));
#5794 = CARTESIAN_POINT('',(-3.557169450071,-1.005630204166E-02));
#5795 = CARTESIAN_POINT('',(-3.582657496487,1.110223024625E-16));
#5796 = CARTESIAN_POINT('',(-3.608357992637,1.110223024625E-16));
#5797 = ( GEOMETRIC_REPRESENTATION_CONTEXT(2) 
PARAMETRIC_REPRESENTATION_CONTEXT() REPRESENTATION_CONTEXT('2D SPACE',''
  ) );
#5798 = PCURVE('',#1942,#5799);
#5799 = DEFINITIONAL_REPRESENTATION('',(#5800),#5815);
#5800 = B_SPLINE_CURVE_WITH_KNOTS('',7,(#5801,#5802,#5803,#5804,#5805,
    #5806,#5807,#5808,#5809,#5810,#5811,#5812,#5813,#5814),
  .UNSPECIFIED.,.F.,.F.,(8,6,8),(0.,0.448311651094,1.),.UNSPECIFIED.);
#5801 = CARTESIAN_POINT('',(0.,20.208633526938));
#5802 = CARTESIAN_POINT('',(-9.771775416223E-02,20.208633526938));
#5803 = CARTESIAN_POINT('',(-0.195571480584,20.210328869664));
#5804 = CARTESIAN_POINT('',(-0.293661347242,20.213727739293));
#5805 = CARTESIAN_POINT('',(-0.392106295271,20.218898211055));
#5806 = CARTESIAN_POINT('',(-0.491045340942,20.225970167688));
#5807 = CARTESIAN_POINT('',(-0.590650364201,20.235123105031));
#5808 = CARTESIAN_POINT('',(-0.814824818162,20.260633755305));
#5809 = CARTESIAN_POINT('',(-0.940283681671,20.278215085434));
#5810 = CARTESIAN_POINT('',(-1.0665502556,20.299563423016));
#5811 = CARTESIAN_POINT('',(-1.193102808463,20.324815017413));
#5812 = CARTESIAN_POINT('',(-1.319562314641,20.353874356284));
#5813 = CARTESIAN_POINT('',(-1.445607543493,20.386218651172));
#5814 = CARTESIAN_POINT('',(-1.570796326795,20.420914320974));
#5815 = ( GEOMETRIC_REPRESENTATION_CONTEXT(2) 
PARAMETRIC_REPRESENTATION_CONTEXT() REPRESENTATION_CONTEXT('2D SPACE',''
  ) );
#5816 = ADVANCED_FACE('',(#5817),#1942,.T.);
#5817 = FACE_BOUND('',#5818,.F.);
#5818 = EDGE_LOOP('',(#5819,#5820,#5874,#5875));
#5819 = ORIENTED_EDGE('',*,*,#3255,.F.);
#5820 = ORIENTED_EDGE('',*,*,#5821,.T.);
#5821 = EDGE_CURVE('',#3256,#1927,#5822,.T.);
#5822 = SURFACE_CURVE('',#5823,(#5838,#5856),.PCURVE_S1.);
#5823 = B_SPLINE_CURVE_WITH_KNOTS('',7,(#5824,#5825,#5826,#5827,#5828,
    #5829,#5830,#5831,#5832,#5833,#5834,#5835,#5836,#5837),
  .UNSPECIFIED.,.F.,.F.,(8,6,8),(0.,0.448311651094,1.),.UNSPECIFIED.);
#5824 = CARTESIAN_POINT('',(-7.70863355916,22.,0.55));
#5825 = CARTESIAN_POINT('',(-7.70863355916,22.,0.496255235211));
#5826 = CARTESIAN_POINT('',(-7.710328901887,21.993872886985,
    0.442435784027));
#5827 = CARTESIAN_POINT('',(-7.713727771515,21.98158794682,
    0.389324252721));
#5828 = CARTESIAN_POINT('',(-7.718898243278,21.963220020716,
    0.337705064122));
#5829 = CARTESIAN_POINT('',(-7.72597019991,21.938942011406,
    0.288348806931));
#5830 = CARTESIAN_POINT('',(-7.735123137254,21.909015901427,
    0.242006933434));
#5831 = CARTESIAN_POINT('',(-7.760633787527,21.830424105263,
    0.147005771426));
#5832 = CARTESIAN_POINT('',(-7.778215117657,21.778878140612,
    0.100094476381));
#5833 = CARTESIAN_POINT('',(-7.799563455239,21.720176977303,
    6.07316510238E-02));
#5834 = CARTESIAN_POINT('',(-7.824815049636,21.655968836733,
    3.041690980985E-02));
#5835 = CARTESIAN_POINT('',(-7.853874388507,21.588178723634,
    1.005630204165E-02));
#5836 = CARTESIAN_POINT('',(-7.886218683395,21.518853830816,
    -1.110223024625E-16));
#5837 = CARTESIAN_POINT('',(-7.920914353197,21.45,-1.110223024625E-16));
#5838 = PCURVE('',#1942,#5839);
#5839 = DEFINITIONAL_REPRESENTATION('',(#5840),#5855);
#5840 = B_SPLINE_CURVE_WITH_KNOTS('',7,(#5841,#5842,#5843,#5844,#5845,
    #5846,#5847,#5848,#5849,#5850,#5851,#5852,#5853,#5854),
  .UNSPECIFIED.,.F.,.F.,(8,6,8),(0.,0.448311651094,1.),.UNSPECIFIED.);
#5841 = CARTESIAN_POINT('',(0.,4.79136644084));
#5842 = CARTESIAN_POINT('',(-9.771775416221E-02,4.79136644084));
#5843 = CARTESIAN_POINT('',(-0.195571480584,4.789671098113));
#5844 = CARTESIAN_POINT('',(-0.293661347242,4.786272228485));
#5845 = CARTESIAN_POINT('',(-0.392106295271,4.781101756722));
#5846 = CARTESIAN_POINT('',(-0.491045340942,4.77402980009));
#5847 = CARTESIAN_POINT('',(-0.590650364201,4.764876862746));
#5848 = CARTESIAN_POINT('',(-0.814824818162,4.739366212473));
#5849 = CARTESIAN_POINT('',(-0.940283681671,4.721784882343));
#5850 = CARTESIAN_POINT('',(-1.066550255599,4.700436544761));
#5851 = CARTESIAN_POINT('',(-1.193102808464,4.675184950364));
#5852 = CARTESIAN_POINT('',(-1.31956231464,4.646125611493));
#5853 = CARTESIAN_POINT('',(-1.445607543493,4.613781316605));
#5854 = CARTESIAN_POINT('',(-1.570796326795,4.579085646803));
#5855 = ( GEOMETRIC_REPRESENTATION_CONTEXT(2) 
PARAMETRIC_REPRESENTATION_CONTEXT() REPRESENTATION_CONTEXT('2D SPACE',''
  ) );
#5856 = PCURVE('',#1971,#5857);
#5857 = DEFINITIONAL_REPRESENTATION('',(#5858),#5873);
#5858 = B_SPLINE_CURVE_WITH_KNOTS('',7,(#5859,#5860,#5861,#5862,#5863,
    #5864,#5865,#5866,#5867,#5868,#5869,#5870,#5871,#5872),
  .UNSPECIFIED.,.F.,.F.,(8,6,8),(0.,0.448311651094,1.),.UNSPECIFIED.);
#5859 = CARTESIAN_POINT('',(-6.013252511346,-0.55));
#5860 = CARTESIAN_POINT('',(-6.013252511346,-0.496255235211));
#5861 = CARTESIAN_POINT('',(-6.011133411494,-0.442435784027));
#5862 = CARTESIAN_POINT('',(-6.006884555183,-0.389324252721));
#5863 = CARTESIAN_POINT('',(-6.000524069122,-0.337705064122));
#5864 = CARTESIAN_POINT('',(-5.992095828753,-0.288348806931));
#5865 = CARTESIAN_POINT('',(-5.981665845724,-0.242006933434));
#5866 = CARTESIAN_POINT('',(-5.954123023102,-0.147005771426));
#5867 = CARTESIAN_POINT('',(-5.9359711139,-0.100094476381));
#5868 = CARTESIAN_POINT('',(-5.915157051091,-6.07316510238E-02));
#5869 = CARTESIAN_POINT('',(-5.892174464905,-3.041690980985E-02));
#5870 = CARTESIAN_POINT('',(-5.867608510699,-1.005630204165E-02));
#5871 = CARTESIAN_POINT('',(-5.842120464282,1.110223024625E-16));
#5872 = CARTESIAN_POINT('',(-5.816419968132,1.110223024625E-16));
#5873 = ( GEOMETRIC_REPRESENTATION_CONTEXT(2) 
PARAMETRIC_REPRESENTATION_CONTEXT() REPRESENTATION_CONTEXT('2D SPACE',''
  ) );
#5874 = ORIENTED_EDGE('',*,*,#1926,.T.);
#5875 = ORIENTED_EDGE('',*,*,#5763,.F.);
#5876 = ADVANCED_FACE('',(#5877),#1971,.T.);
#5877 = FACE_BOUND('',#5878,.F.);
#5878 = EDGE_LOOP('',(#5879,#5880,#5881,#5882,#5883));
#5879 = ORIENTED_EDGE('',*,*,#1954,.F.);
#5880 = ORIENTED_EDGE('',*,*,#5821,.F.);
#5881 = ORIENTED_EDGE('',*,*,#3278,.F.);
#5882 = ORIENTED_EDGE('',*,*,#3036,.T.);
#5883 = ORIENTED_EDGE('',*,*,#5884,.F.);
#5884 = EDGE_CURVE('',#1955,#3037,#5885,.T.);
#5885 = SURFACE_CURVE('',#5886,(#5890,#5897),.PCURVE_S1.);
#5886 = LINE('',#5887,#5888);
#5887 = CARTESIAN_POINT('',(-7.600000002009,22.8,0.));
#5888 = VECTOR('',#5889,1.);
#5889 = DIRECTION('',(0.,0.,1.));
#5890 = PCURVE('',#1971,#5891);
#5891 = DEFINITIONAL_REPRESENTATION('',(#5892),#5896);
#5892 = LINE('',#5893,#5894);
#5893 = CARTESIAN_POINT('',(-6.28318530718,0.));
#5894 = VECTOR('',#5895,1.);
#5895 = DIRECTION('',(-0.,-1.));
#5896 = ( GEOMETRIC_REPRESENTATION_CONTEXT(2) 
PARAMETRIC_REPRESENTATION_CONTEXT() REPRESENTATION_CONTEXT('2D SPACE',''
  ) );
#5897 = PCURVE('',#1999,#5898);
#5898 = DEFINITIONAL_REPRESENTATION('',(#5899),#5903);
#5899 = LINE('',#5900,#5901);
#5900 = CARTESIAN_POINT('',(0.,0.));
#5901 = VECTOR('',#5902,1.);
#5902 = DIRECTION('',(0.,-1.));
#5903 = ( GEOMETRIC_REPRESENTATION_CONTEXT(2) 
PARAMETRIC_REPRESENTATION_CONTEXT() REPRESENTATION_CONTEXT('2D SPACE',''
  ) );
#5904 = ADVANCED_FACE('',(#5905),#1999,.F.);
#5905 = FACE_BOUND('',#5906,.F.);
#5906 = EDGE_LOOP('',(#5907,#5908,#5909,#5910,#5933,#5966,#5994));
#5907 = ORIENTED_EDGE('',*,*,#1983,.F.);
#5908 = ORIENTED_EDGE('',*,*,#5884,.T.);
#5909 = ORIENTED_EDGE('',*,*,#3060,.T.);
#5910 = ORIENTED_EDGE('',*,*,#5911,.F.);
#5911 = EDGE_CURVE('',#5912,#3061,#5914,.T.);
#5912 = VERTEX_POINT('',#5913);
#5913 = CARTESIAN_POINT('',(-7.600000002009,28.8,3.148528137424));
#5914 = SURFACE_CURVE('',#5915,(#5919,#5926),.PCURVE_S1.);
#5915 = LINE('',#5916,#5917);
#5916 = CARTESIAN_POINT('',(-7.600000002009,28.8,0.));
#5917 = VECTOR('',#5918,1.);
#5918 = DIRECTION('',(0.,0.,1.));
#5919 = PCURVE('',#1999,#5920);
#5920 = DEFINITIONAL_REPRESENTATION('',(#5921),#5925);
#5921 = LINE('',#5922,#5923);
#5922 = CARTESIAN_POINT('',(6.,0.));
#5923 = VECTOR('',#5924,1.);
#5924 = DIRECTION('',(0.,-1.));
#5925 = ( GEOMETRIC_REPRESENTATION_CONTEXT(2) 
PARAMETRIC_REPRESENTATION_CONTEXT() REPRESENTATION_CONTEXT('2D SPACE',''
  ) );
#5926 = PCURVE('',#2028,#5927);
#5927 = DEFINITIONAL_REPRESENTATION('',(#5928),#5932);
#5928 = LINE('',#5929,#5930);
#5929 = CARTESIAN_POINT('',(-0.,0.));
#5930 = VECTOR('',#5931,1.);
#5931 = DIRECTION('',(-0.,-1.));
#5932 = ( GEOMETRIC_REPRESENTATION_CONTEXT(2) 
PARAMETRIC_REPRESENTATION_CONTEXT() REPRESENTATION_CONTEXT('2D SPACE',''
  ) );
#5933 = ORIENTED_EDGE('',*,*,#5934,.T.);
#5934 = EDGE_CURVE('',#5912,#5935,#5937,.T.);
#5935 = VERTEX_POINT('',#5936);
#5936 = CARTESIAN_POINT('',(-7.599999985898,28.1,1.2));
#5937 = SURFACE_CURVE('',#5938,(#5943,#5954),.PCURVE_S1.);
#5938 = CIRCLE('',#5939,1.1);
#5939 = AXIS2_PLACEMENT_3D('',#5940,#5941,#5942);
#5940 = CARTESIAN_POINT('',(-7.599999985898,28.1,2.3));
#5941 = DIRECTION('',(1.,0.,2.22044604925E-16));
#5942 = DIRECTION('',(2.22044604925E-16,0.,-1.));
#5943 = PCURVE('',#1999,#5944);
#5944 = DEFINITIONAL_REPRESENTATION('',(#5945),#5953);
#5945 = ( BOUNDED_CURVE() B_SPLINE_CURVE(2,(#5946,#5947,#5948,#5949,
#5950,#5951,#5952),.UNSPECIFIED.,.T.,.F.) B_SPLINE_CURVE_WITH_KNOTS((1,2
    ,2,2,2,1),(-2.094395102393,0.,2.094395102393,4.188790204786,
6.28318530718,8.377580409573),.UNSPECIFIED.) CURVE() 
GEOMETRIC_REPRESENTATION_ITEM() RATIONAL_B_SPLINE_CURVE((1.,0.5,1.,0.5,
1.,0.5,1.)) REPRESENTATION_ITEM('') );
#5946 = CARTESIAN_POINT('',(5.3,-1.2));
#5947 = CARTESIAN_POINT('',(7.205255888326,-1.2));
#5948 = CARTESIAN_POINT('',(6.252627944163,-2.85));
#5949 = CARTESIAN_POINT('',(5.3,-4.5));
#5950 = CARTESIAN_POINT('',(4.347372055837,-2.85));
#5951 = CARTESIAN_POINT('',(3.394744111674,-1.2));
#5952 = CARTESIAN_POINT('',(5.3,-1.2));
#5953 = ( GEOMETRIC_REPRESENTATION_CONTEXT(2) 
PARAMETRIC_REPRESENTATION_CONTEXT() REPRESENTATION_CONTEXT('2D SPACE',''
  ) );
#5954 = PCURVE('',#5955,#5960);
#5955 = CYLINDRICAL_SURFACE('',#5956,1.1);
#5956 = AXIS2_PLACEMENT_3D('',#5957,#5958,#5959);
#5957 = CARTESIAN_POINT('',(-16.7,28.1,2.3));
#5958 = DIRECTION('',(1.,0.,2.22044604925E-16));
#5959 = DIRECTION('',(2.22044604925E-16,0.,-1.));
#5960 = DEFINITIONAL_REPRESENTATION('',(#5961),#5965);
#5961 = LINE('',#5962,#5963);
#5962 = CARTESIAN_POINT('',(0.,9.100000014102));
#5963 = VECTOR('',#5964,1.);
#5964 = DIRECTION('',(1.,0.));
#5965 = ( GEOMETRIC_REPRESENTATION_CONTEXT(2) 
PARAMETRIC_REPRESENTATION_CONTEXT() REPRESENTATION_CONTEXT('2D SPACE',''
  ) );
#5966 = ORIENTED_EDGE('',*,*,#5967,.T.);
#5967 = EDGE_CURVE('',#5935,#5968,#5970,.T.);
#5968 = VERTEX_POINT('',#5969);
#5969 = CARTESIAN_POINT('',(-7.600000002009,28.8,1.451471862576));
#5970 = SURFACE_CURVE('',#5971,(#5976,#5987),.PCURVE_S1.);
#5971 = CIRCLE('',#5972,1.1);
#5972 = AXIS2_PLACEMENT_3D('',#5973,#5974,#5975);
#5973 = CARTESIAN_POINT('',(-7.599999985898,28.1,2.3));
#5974 = DIRECTION('',(1.,0.,2.22044604925E-16));
#5975 = DIRECTION('',(2.22044604925E-16,0.,-1.));
#5976 = PCURVE('',#1999,#5977);
#5977 = DEFINITIONAL_REPRESENTATION('',(#5978),#5986);
#5978 = ( BOUNDED_CURVE() B_SPLINE_CURVE(2,(#5979,#5980,#5981,#5982,
#5983,#5984,#5985),.UNSPECIFIED.,.T.,.F.) B_SPLINE_CURVE_WITH_KNOTS((1,2
    ,2,2,2,1),(-2.094395102393,0.,2.094395102393,4.188790204786,
6.28318530718,8.377580409573),.UNSPECIFIED.) CURVE() 
GEOMETRIC_REPRESENTATION_ITEM() RATIONAL_B_SPLINE_CURVE((1.,0.5,1.,0.5,
1.,0.5,1.)) REPRESENTATION_ITEM('') );
#5979 = CARTESIAN_POINT('',(5.3,-1.2));
#5980 = CARTESIAN_POINT('',(7.205255888326,-1.2));
#5981 = CARTESIAN_POINT('',(6.252627944163,-2.85));
#5982 = CARTESIAN_POINT('',(5.3,-4.5));
#5983 = CARTESIAN_POINT('',(4.347372055837,-2.85));
#5984 = CARTESIAN_POINT('',(3.394744111674,-1.2));
#5985 = CARTESIAN_POINT('',(5.3,-1.2));
#5986 = ( GEOMETRIC_REPRESENTATION_CONTEXT(2) 
PARAMETRIC_REPRESENTATION_CONTEXT() REPRESENTATION_CONTEXT('2D SPACE',''
  ) );
#5987 = PCURVE('',#5955,#5988);
#5988 = DEFINITIONAL_REPRESENTATION('',(#5989),#5993);
#5989 = LINE('',#5990,#5991);
#5990 = CARTESIAN_POINT('',(0.,9.100000014102));
#5991 = VECTOR('',#5992,1.);
#5992 = DIRECTION('',(1.,0.));
#5993 = ( GEOMETRIC_REPRESENTATION_CONTEXT(2) 
PARAMETRIC_REPRESENTATION_CONTEXT() REPRESENTATION_CONTEXT('2D SPACE',''
  ) );
#5994 = ORIENTED_EDGE('',*,*,#5995,.F.);
#5995 = EDGE_CURVE('',#1984,#5968,#5996,.T.);
#5996 = SURFACE_CURVE('',#5997,(#6001,#6008),.PCURVE_S1.);
#5997 = LINE('',#5998,#5999);
#5998 = CARTESIAN_POINT('',(-7.600000002009,28.8,0.));
#5999 = VECTOR('',#6000,1.);
#6000 = DIRECTION('',(0.,0.,1.));
#6001 = PCURVE('',#1999,#6002);
#6002 = DEFINITIONAL_REPRESENTATION('',(#6003),#6007);
#6003 = LINE('',#6004,#6005);
#6004 = CARTESIAN_POINT('',(6.,0.));
#6005 = VECTOR('',#6006,1.);
#6006 = DIRECTION('',(0.,-1.));
#6007 = ( GEOMETRIC_REPRESENTATION_CONTEXT(2) 
PARAMETRIC_REPRESENTATION_CONTEXT() REPRESENTATION_CONTEXT('2D SPACE',''
  ) );
#6008 = PCURVE('',#2028,#6009);
#6009 = DEFINITIONAL_REPRESENTATION('',(#6010),#6014);
#6010 = LINE('',#6011,#6012);
#6011 = CARTESIAN_POINT('',(-0.,0.));
#6012 = VECTOR('',#6013,1.);
#6013 = DIRECTION('',(-0.,-1.));
#6014 = ( GEOMETRIC_REPRESENTATION_CONTEXT(2) 
PARAMETRIC_REPRESENTATION_CONTEXT() REPRESENTATION_CONTEXT('2D SPACE',''
  ) );
#6015 = ADVANCED_FACE('',(#6016),#2028,.T.);
#6016 = FACE_BOUND('',#6017,.F.);
#6017 = EDGE_LOOP('',(#6018,#6019,#6020,#6110,#6111,#6112));
#6018 = ORIENTED_EDGE('',*,*,#2011,.F.);
#6019 = ORIENTED_EDGE('',*,*,#5995,.T.);
#6020 = ORIENTED_EDGE('',*,*,#6021,.T.);
#6021 = EDGE_CURVE('',#5968,#5912,#6022,.T.);
#6022 = SURFACE_CURVE('',#6023,(#6050,#6080),.PCURVE_S1.);
#6023 = B_SPLINE_CURVE_WITH_KNOTS('',5,(#6024,#6025,#6026,#6027,#6028,
    #6029,#6030,#6031,#6032,#6033,#6034,#6035,#6036,#6037,#6038,#6039,
    #6040,#6041,#6042,#6043,#6044,#6045,#6046,#6047,#6048,#6049),
  .UNSPECIFIED.,.F.,.F.,(6,4,4,4,4,4,6),(0.,0.125203004223,
    0.218833354346,0.499999837453,0.780957374936,0.875562570726,1.),
  .UNSPECIFIED.);
#6024 = CARTESIAN_POINT('',(-7.60000001812,28.8,1.451471862576));
#6025 = CARTESIAN_POINT('',(-7.60000001812,28.840058858436,
    1.484518734764));
#6026 = CARTESIAN_POINT('',(-7.600668656588,28.877703140032,
    1.519546444903));
#6027 = CARTESIAN_POINT('',(-7.601844672269,28.912869876726,
    1.556318892915));
#6028 = CARTESIAN_POINT('',(-7.603379545622,28.945516758065,
    1.59460992322));
#6029 = CARTESIAN_POINT('',(-7.606465059069,28.998133840746,
    1.66380895872));
#6030 = CARTESIAN_POINT('',(-7.607914433059,29.019229608254,1.6941504662
    ));
#6031 = CARTESIAN_POINT('',(-7.60943969647,29.038904740312,
    1.725143954018));
#6032 = CARTESIAN_POINT('',(-7.610994336267,29.057159355762,
    1.756714905619));
#6033 = CARTESIAN_POINT('',(-7.617176089201,29.124560566663,
    1.885134526137));
#6034 = CARTESIAN_POINT('',(-7.621719328774,29.162335634882,
    1.986053100473));
#6035 = CARTESIAN_POINT('',(-7.625097108316,29.187444849229,
    2.089777213741));
#6036 = CARTESIAN_POINT('',(-7.626786268657,29.2,2.194888716991));
#6037 = CARTESIAN_POINT('',(-7.626786268657,29.2,2.405033170773));
#6038 = CARTESIAN_POINT('',(-7.62509961797,29.187463503295,
    2.510066565543));
#6039 = CARTESIAN_POINT('',(-7.62172685625,29.16239158951,2.613715641079
    ));
#6040 = CARTESIAN_POINT('',(-7.617189592142,29.124672830578,
    2.714565446036));
#6041 = CARTESIAN_POINT('',(-7.610995583002,29.057184635035,
    2.84326571855));
#6042 = CARTESIAN_POINT('',(-7.60942447141,29.038737868738,
    2.875165054668));
#6043 = CARTESIAN_POINT('',(-7.607883471231,29.018840813237,
    2.906474622651));
#6044 = CARTESIAN_POINT('',(-7.60642060483,28.997493373752,
    2.937117506691));
#6045 = CARTESIAN_POINT('',(-7.60334208019,28.944717548626,
    3.006326430221));
#6046 = CARTESIAN_POINT('',(-7.601823153519,28.912224407108,
    3.044355570713));
#6047 = CARTESIAN_POINT('',(-7.6006604991,28.877242548021,3.080881990868
    ));
#6048 = CARTESIAN_POINT('',(-7.60000001812,28.83981375272,3.115683467135
    ));
#6049 = CARTESIAN_POINT('',(-7.60000001812,28.8,3.148528137424));
#6050 = PCURVE('',#2028,#6051);
#6051 = DEFINITIONAL_REPRESENTATION('',(#6052),#6079);
#6052 = B_SPLINE_CURVE_WITH_KNOTS('',5,(#6053,#6054,#6055,#6056,#6057,
    #6058,#6059,#6060,#6061,#6062,#6063,#6064,#6065,#6066,#6067,#6068,
    #6069,#6070,#6071,#6072,#6073,#6074,#6075,#6076,#6077,#6078),
  .UNSPECIFIED.,.F.,.F.,(6,4,4,4,4,4,6),(0.,0.125203004223,
    0.218833354346,0.499999837453,0.780957374936,0.875562570726,1.),
  .UNSPECIFIED.);
#6053 = CARTESIAN_POINT('',(0.,-1.451471862576));
#6054 = CARTESIAN_POINT('',(-1.335295281199E-02,-1.484518734764));
#6055 = CARTESIAN_POINT('',(-2.590104654671E-02,-1.519546444903));
#6056 = CARTESIAN_POINT('',(-3.762825311836E-02,-1.556318892915));
#6057 = CARTESIAN_POINT('',(-4.85218349742E-02,-1.59460992322));
#6058 = CARTESIAN_POINT('',(-6.609099287175E-02,-1.66380895872));
#6059 = CARTESIAN_POINT('',(-7.313915679094E-02,-1.6941504662));
#6060 = CARTESIAN_POINT('',(-7.971689716054E-02,-1.725143954018));
#6061 = CARTESIAN_POINT('',(-8.582368416631E-02,-1.756714905619));
#6062 = CARTESIAN_POINT('',(-0.108385050605,-1.885134526137));
#6063 = CARTESIAN_POINT('',(-0.121062721235,-1.986053100473));
#6064 = CARTESIAN_POINT('',(-0.129509120719,-2.089777213741));
#6065 = CARTESIAN_POINT('',(-0.13373158941,-2.194888716991));
#6066 = CARTESIAN_POINT('',(-0.13373158941,-2.405033170773));
#6067 = CARTESIAN_POINT('',(-0.129515393603,-2.510066565543));
#6068 = CARTESIAN_POINT('',(-0.121081545045,-2.613715641079));
#6069 = CARTESIAN_POINT('',(-0.108422726625,-2.714565446036));
#6070 = CARTESIAN_POINT('',(-8.583211331646E-02,-2.84326571855));
#6071 = CARTESIAN_POINT('',(-7.966104385244E-02,-2.875165054668));
#6072 = CARTESIAN_POINT('',(-7.300915594563E-02,-2.906474622651));
#6073 = CARTESIAN_POINT('',(-6.587700289806E-02,-2.937117506691));
#6074 = CARTESIAN_POINT('',(-4.825515713891E-02,-3.006326430221));
#6075 = CARTESIAN_POINT('',(-3.741300610148E-02,-3.044355570713));
#6076 = CARTESIAN_POINT('',(-2.574751586842E-02,-3.080881990868));
#6077 = CARTESIAN_POINT('',(-1.327125090671E-02,-3.115683467135));
#6078 = CARTESIAN_POINT('',(0.,-3.148528137424));
#6079 = ( GEOMETRIC_REPRESENTATION_CONTEXT(2) 
PARAMETRIC_REPRESENTATION_CONTEXT() REPRESENTATION_CONTEXT('2D SPACE',''
  ) );
#6080 = PCURVE('',#5955,#6081);
#6081 = DEFINITIONAL_REPRESENTATION('',(#6082),#6109);
#6082 = B_SPLINE_CURVE_WITH_KNOTS('',5,(#6083,#6084,#6085,#6086,#6087,
    #6088,#6089,#6090,#6091,#6092,#6093,#6094,#6095,#6096,#6097,#6098,
    #6099,#6100,#6101,#6102,#6103,#6104,#6105,#6106,#6107,#6108),
  .UNSPECIFIED.,.F.,.F.,(6,4,4,4,4,4,6),(0.,0.125203004223,
    0.218833354346,0.499999837453,0.780957374936,0.875562570726,1.),
  .UNSPECIFIED.);
#6083 = CARTESIAN_POINT('',(0.689775000785,9.09999998188));
#6084 = CARTESIAN_POINT('',(0.736984818197,9.09999998188));
#6085 = CARTESIAN_POINT('',(0.7836473412,9.099331343412));
#6086 = CARTESIAN_POINT('',(0.829800906636,9.098155327731));
#6087 = CARTESIAN_POINT('',(0.875474177465,9.096620454378));
#6088 = CARTESIAN_POINT('',(0.954502699902,9.093534940931));
#6089 = CARTESIAN_POINT('',(0.988067439093,9.092085566941));
#6090 = CARTESIAN_POINT('',(1.021402487731,9.09056030353));
#6091 = CARTESIAN_POINT('',(1.054528081446,9.089005663733));
#6092 = CARTESIAN_POINT('',(1.186376109931,9.082823910799));
#6093 = CARTESIAN_POINT('',(1.283571208419,9.078280671226));
#6094 = CARTESIAN_POINT('',(1.37968512965,9.074902891684));
#6095 = CARTESIAN_POINT('',(1.475240614969,9.073213731343));
#6096 = CARTESIAN_POINT('',(1.666281027497,9.073213731343));
#6097 = CARTESIAN_POINT('',(1.761765506867,9.07490038203));
#6098 = CARTESIAN_POINT('',(1.857807155941,9.07827314375));
#6099 = CARTESIAN_POINT('',(1.954927598113,9.082810407858));
#6100 = CARTESIAN_POINT('',(2.087038297634,9.089004416998));
#6101 = CARTESIAN_POINT('',(2.120508905579,9.09057552859));
#6102 = CARTESIAN_POINT('',(2.154193443911,9.092116528769));
#6103 = CARTESIAN_POINT('',(2.188112776519,9.09357939517));
#6104 = CARTESIAN_POINT('',(2.267235877668,9.09665791981));
#6105 = CARTESIAN_POINT('',(2.312638573238,9.098176846481));
#6106 = CARTESIAN_POINT('',(2.358516164577,9.0993395009));
#6107 = CARTESIAN_POINT('',(2.404896695249,9.09999998188));
#6108 = CARTESIAN_POINT('',(2.451817652804,9.09999998188));
#6109 = ( GEOMETRIC_REPRESENTATION_CONTEXT(2) 
PARAMETRIC_REPRESENTATION_CONTEXT() REPRESENTATION_CONTEXT('2D SPACE',''
  ) );
#6110 = ORIENTED_EDGE('',*,*,#5911,.T.);
#6111 = ORIENTED_EDGE('',*,*,#3083,.T.);
#6112 = ORIENTED_EDGE('',*,*,#6113,.F.);
#6113 = EDGE_CURVE('',#2012,#3084,#6114,.T.);
#6114 = SURFACE_CURVE('',#6115,(#6119,#6126),.PCURVE_S1.);
#6115 = LINE('',#6116,#6117);
#6116 = CARTESIAN_POINT('',(-10.60000001812,31.8,0.));
#6117 = VECTOR('',#6118,1.);
#6118 = DIRECTION('',(0.,0.,1.));
#6119 = PCURVE('',#2028,#6120);
#6120 = DEFINITIONAL_REPRESENTATION('',(#6121),#6125);
#6121 = LINE('',#6122,#6123);
#6122 = CARTESIAN_POINT('',(-1.570796326795,0.));
#6123 = VECTOR('',#6124,1.);
#6124 = DIRECTION('',(-0.,-1.));
#6125 = ( GEOMETRIC_REPRESENTATION_CONTEXT(2) 
PARAMETRIC_REPRESENTATION_CONTEXT() REPRESENTATION_CONTEXT('2D SPACE',''
  ) );
#6126 = PCURVE('',#2056,#6127);
#6127 = DEFINITIONAL_REPRESENTATION('',(#6128),#6132);
#6128 = LINE('',#6129,#6130);
#6129 = CARTESIAN_POINT('',(2.199999995982,0.));
#6130 = VECTOR('',#6131,1.);
#6131 = DIRECTION('',(0.,-1.));
#6132 = ( GEOMETRIC_REPRESENTATION_CONTEXT(2) 
PARAMETRIC_REPRESENTATION_CONTEXT() REPRESENTATION_CONTEXT('2D SPACE',''
  ) );
#6133 = ADVANCED_FACE('',(#6134),#2056,.T.);
#6134 = FACE_BOUND('',#6135,.T.);
#6135 = EDGE_LOOP('',(#6136,#6157,#6158,#6159));
#6136 = ORIENTED_EDGE('',*,*,#6137,.T.);
#6137 = EDGE_CURVE('',#2041,#3108,#6138,.T.);
#6138 = SURFACE_CURVE('',#6139,(#6143,#6150),.PCURVE_S1.);
#6139 = LINE('',#6140,#6141);
#6140 = CARTESIAN_POINT('',(-12.8000000141,31.8,0.));
#6141 = VECTOR('',#6142,1.);
#6142 = DIRECTION('',(0.,0.,1.));
#6143 = PCURVE('',#2056,#6144);
#6144 = DEFINITIONAL_REPRESENTATION('',(#6145),#6149);
#6145 = LINE('',#6146,#6147);
#6146 = CARTESIAN_POINT('',(2.22044604925E-16,0.));
#6147 = VECTOR('',#6148,1.);
#6148 = DIRECTION('',(0.,-1.));
#6149 = ( GEOMETRIC_REPRESENTATION_CONTEXT(2) 
PARAMETRIC_REPRESENTATION_CONTEXT() REPRESENTATION_CONTEXT('2D SPACE',''
  ) );
#6150 = PCURVE('',#2085,#6151);
#6151 = DEFINITIONAL_REPRESENTATION('',(#6152),#6156);
#6152 = LINE('',#6153,#6154);
#6153 = CARTESIAN_POINT('',(-1.570796326795,0.));
#6154 = VECTOR('',#6155,1.);
#6155 = DIRECTION('',(-0.,-1.));
#6156 = ( GEOMETRIC_REPRESENTATION_CONTEXT(2) 
PARAMETRIC_REPRESENTATION_CONTEXT() REPRESENTATION_CONTEXT('2D SPACE',''
  ) );
#6157 = ORIENTED_EDGE('',*,*,#3107,.T.);
#6158 = ORIENTED_EDGE('',*,*,#6113,.F.);
#6159 = ORIENTED_EDGE('',*,*,#2040,.F.);
#6160 = ADVANCED_FACE('',(#6161),#2085,.T.);
#6161 = FACE_BOUND('',#6162,.F.);
#6162 = EDGE_LOOP('',(#6163,#6164,#6165,#6166,#6189,#6281));
#6163 = ORIENTED_EDGE('',*,*,#2068,.F.);
#6164 = ORIENTED_EDGE('',*,*,#6137,.T.);
#6165 = ORIENTED_EDGE('',*,*,#3130,.T.);
#6166 = ORIENTED_EDGE('',*,*,#6167,.F.);
#6167 = EDGE_CURVE('',#6168,#2991,#6170,.T.);
#6168 = VERTEX_POINT('',#6169);
#6169 = CARTESIAN_POINT('',(-15.8,28.8,3.148528137424));
#6170 = SURFACE_CURVE('',#6171,(#6175,#6182),.PCURVE_S1.);
#6171 = LINE('',#6172,#6173);
#6172 = CARTESIAN_POINT('',(-15.8,28.8,0.));
#6173 = VECTOR('',#6174,1.);
#6174 = DIRECTION('',(0.,0.,1.));
#6175 = PCURVE('',#2085,#6176);
#6176 = DEFINITIONAL_REPRESENTATION('',(#6177),#6181);
#6177 = LINE('',#6178,#6179);
#6178 = CARTESIAN_POINT('',(-3.14159265359,0.));
#6179 = VECTOR('',#6180,1.);
#6180 = DIRECTION('',(-0.,-1.));
#6181 = ( GEOMETRIC_REPRESENTATION_CONTEXT(2) 
PARAMETRIC_REPRESENTATION_CONTEXT() REPRESENTATION_CONTEXT('2D SPACE',''
  ) );
#6182 = PCURVE('',#2113,#6183);
#6183 = DEFINITIONAL_REPRESENTATION('',(#6184),#6188);
#6184 = LINE('',#6185,#6186);
#6185 = CARTESIAN_POINT('',(6.,0.));
#6186 = VECTOR('',#6187,1.);
#6187 = DIRECTION('',(0.,-1.));
#6188 = ( GEOMETRIC_REPRESENTATION_CONTEXT(2) 
PARAMETRIC_REPRESENTATION_CONTEXT() REPRESENTATION_CONTEXT('2D SPACE',''
  ) );
#6189 = ORIENTED_EDGE('',*,*,#6190,.F.);
#6190 = EDGE_CURVE('',#6191,#6168,#6193,.T.);
#6191 = VERTEX_POINT('',#6192);
#6192 = CARTESIAN_POINT('',(-15.8,28.8,1.451471862576));
#6193 = SURFACE_CURVE('',#6194,(#6221,#6251),.PCURVE_S1.);
#6194 = B_SPLINE_CURVE_WITH_KNOTS('',5,(#6195,#6196,#6197,#6198,#6199,
    #6200,#6201,#6202,#6203,#6204,#6205,#6206,#6207,#6208,#6209,#6210,
    #6211,#6212,#6213,#6214,#6215,#6216,#6217,#6218,#6219,#6220),
  .UNSPECIFIED.,.F.,.F.,(6,4,4,4,4,4,6),(0.,0.12520300422,0.218833354344
    ,0.499999837452,0.780957374936,0.875562570725,1.),.UNSPECIFIED.);
#6195 = CARTESIAN_POINT('',(-15.8000000141,28.8,1.451471862576));
#6196 = CARTESIAN_POINT('',(-15.8000000141,28.840058858437,
    1.484518734765));
#6197 = CARTESIAN_POINT('',(-15.79933137563,28.877703140031,
    1.519546444902));
#6198 = CARTESIAN_POINT('',(-15.79815535995,28.912869876725,
    1.556318892914));
#6199 = CARTESIAN_POINT('',(-15.7966204866,28.945516758066,
    1.594609923221));
#6200 = CARTESIAN_POINT('',(-15.79353497315,28.998133840746,
    1.66380895872));
#6201 = CARTESIAN_POINT('',(-15.79208559916,29.019229608254,1.6941504662
    ));
#6202 = CARTESIAN_POINT('',(-15.79056033575,29.038904740312,
    1.725143954018));
#6203 = CARTESIAN_POINT('',(-15.78900569595,29.057159355762,
    1.756714905619));
#6204 = CARTESIAN_POINT('',(-15.78282394302,29.124560566663,
    1.885134526137));
#6205 = CARTESIAN_POINT('',(-15.77828070344,29.162335634882,
    1.986053100473));
#6206 = CARTESIAN_POINT('',(-15.7749029239,29.187444849229,
    2.089777213741));
#6207 = CARTESIAN_POINT('',(-15.77321376356,29.2,2.194888716991));
#6208 = CARTESIAN_POINT('',(-15.77321376356,29.2,2.405033170773));
#6209 = CARTESIAN_POINT('',(-15.77490041425,29.187463503295,
    2.510066565544));
#6210 = CARTESIAN_POINT('',(-15.77827317597,29.16239158951,
    2.613715641079));
#6211 = CARTESIAN_POINT('',(-15.78281044008,29.124672830578,
    2.714565446036));
#6212 = CARTESIAN_POINT('',(-15.78900444922,29.057184635035,
    2.84326571855));
#6213 = CARTESIAN_POINT('',(-15.79057556081,29.038737868738,
    2.875165054668));
#6214 = CARTESIAN_POINT('',(-15.79211656099,29.018840813237,
    2.906474622651));
#6215 = CARTESIAN_POINT('',(-15.79357942739,28.997493373752,
    2.937117506691));
#6216 = CARTESIAN_POINT('',(-15.79665795203,28.944717548626,
    3.006326430221));
#6217 = CARTESIAN_POINT('',(-15.7981768787,28.912224407108,
    3.044355570713));
#6218 = CARTESIAN_POINT('',(-15.79933953312,28.877242548021,
    3.080881990868));
#6219 = CARTESIAN_POINT('',(-15.8000000141,28.83981375272,3.115683467135
    ));
#6220 = CARTESIAN_POINT('',(-15.8000000141,28.8,3.148528137424));
#6221 = PCURVE('',#2085,#6222);
#6222 = DEFINITIONAL_REPRESENTATION('',(#6223),#6250);
#6223 = B_SPLINE_CURVE_WITH_KNOTS('',5,(#6224,#6225,#6226,#6227,#6228,
    #6229,#6230,#6231,#6232,#6233,#6234,#6235,#6236,#6237,#6238,#6239,
    #6240,#6241,#6242,#6243,#6244,#6245,#6246,#6247,#6248,#6249),
  .UNSPECIFIED.,.F.,.F.,(6,4,4,4,4,4,6),(0.,0.12520300422,0.218833354344
    ,0.499999837452,0.780957374936,0.875562570725,1.),.UNSPECIFIED.);
#6224 = CARTESIAN_POINT('',(-3.14159265359,-1.451471862576));
#6225 = CARTESIAN_POINT('',(-3.128239700777,-1.484518734765));
#6226 = CARTESIAN_POINT('',(-3.115691607043,-1.519546444902));
#6227 = CARTESIAN_POINT('',(-3.103964400472,-1.556318892914));
#6228 = CARTESIAN_POINT('',(-3.093070818615,-1.594609923221));
#6229 = CARTESIAN_POINT('',(-3.075501660718,-1.66380895872));
#6230 = CARTESIAN_POINT('',(-3.068453496799,-1.6941504662));
#6231 = CARTESIAN_POINT('',(-3.061875756429,-1.725143954018));
#6232 = CARTESIAN_POINT('',(-3.055768969423,-1.756714905619));
#6233 = CARTESIAN_POINT('',(-3.033207602985,-1.885134526137));
#6234 = CARTESIAN_POINT('',(-3.020529932354,-1.986053100473));
#6235 = CARTESIAN_POINT('',(-3.012083532871,-2.089777213741));
#6236 = CARTESIAN_POINT('',(-3.00786106418,-2.194888716991));
#6237 = CARTESIAN_POINT('',(-3.00786106418,-2.405033170773));
#6238 = CARTESIAN_POINT('',(-3.012077259986,-2.510066565544));
#6239 = CARTESIAN_POINT('',(-3.020511108545,-2.613715641079));
#6240 = CARTESIAN_POINT('',(-3.033169926965,-2.714565446036));
#6241 = CARTESIAN_POINT('',(-3.055760540273,-2.84326571855));
#6242 = CARTESIAN_POINT('',(-3.061931609737,-2.875165054668));
#6243 = CARTESIAN_POINT('',(-3.068583497644,-2.906474622651));
#6244 = CARTESIAN_POINT('',(-3.075715650692,-2.937117506691));
#6245 = CARTESIAN_POINT('',(-3.093337496451,-3.006326430221));
#6246 = CARTESIAN_POINT('',(-3.104179647488,-3.044355570713));
#6247 = CARTESIAN_POINT('',(-3.115845137721,-3.080881990868));
#6248 = CARTESIAN_POINT('',(-3.128321402683,-3.115683467135));
#6249 = CARTESIAN_POINT('',(-3.14159265359,-3.148528137424));
#6250 = ( GEOMETRIC_REPRESENTATION_CONTEXT(2) 
PARAMETRIC_REPRESENTATION_CONTEXT() REPRESENTATION_CONTEXT('2D SPACE',''
  ) );
#6251 = PCURVE('',#5955,#6252);
#6252 = DEFINITIONAL_REPRESENTATION('',(#6253),#6280);
#6253 = B_SPLINE_CURVE_WITH_KNOTS('',5,(#6254,#6255,#6256,#6257,#6258,
    #6259,#6260,#6261,#6262,#6263,#6264,#6265,#6266,#6267,#6268,#6269,
    #6270,#6271,#6272,#6273,#6274,#6275,#6276,#6277,#6278,#6279),
  .UNSPECIFIED.,.F.,.F.,(6,4,4,4,4,4,6),(0.,0.12520300422,0.218833354344
    ,0.499999837452,0.780957374936,0.875562570725,1.),.UNSPECIFIED.);
#6254 = CARTESIAN_POINT('',(0.689775000785,0.899999985898));
#6255 = CARTESIAN_POINT('',(0.736984818198,0.899999985898));
#6256 = CARTESIAN_POINT('',(0.783647341199,0.900668624365));
#6257 = CARTESIAN_POINT('',(0.829800906635,0.901844640046));
#6258 = CARTESIAN_POINT('',(0.875474177466,0.9033795134));
#6259 = CARTESIAN_POINT('',(0.954502699902,0.906465026847));
#6260 = CARTESIAN_POINT('',(0.988067439093,0.907914400837));
#6261 = CARTESIAN_POINT('',(1.021402487731,0.909439664247));
#6262 = CARTESIAN_POINT('',(1.054528081446,0.910994304044));
#6263 = CARTESIAN_POINT('',(1.186376109932,0.917176056979));
#6264 = CARTESIAN_POINT('',(1.283571208419,0.921719296551));
#6265 = CARTESIAN_POINT('',(1.37968512965,0.925097076094));
#6266 = CARTESIAN_POINT('',(1.475240614969,0.926786236434));
#6267 = CARTESIAN_POINT('',(1.666281027497,0.926786236434));
#6268 = CARTESIAN_POINT('',(1.761765506867,0.925099585747));
#6269 = CARTESIAN_POINT('',(1.857807155941,0.921726824027));
#6270 = CARTESIAN_POINT('',(1.954927598113,0.917189559919));
#6271 = CARTESIAN_POINT('',(2.087038297634,0.910995550779));
#6272 = CARTESIAN_POINT('',(2.120508905579,0.909424439188));
#6273 = CARTESIAN_POINT('',(2.154193443911,0.907883439009));
#6274 = CARTESIAN_POINT('',(2.188112776519,0.906420572608));
#6275 = CARTESIAN_POINT('',(2.267235877668,0.903342047967));
#6276 = CARTESIAN_POINT('',(2.312638573238,0.901823121296));
#6277 = CARTESIAN_POINT('',(2.358516164577,0.900660466878));
#6278 = CARTESIAN_POINT('',(2.404896695249,0.899999985898));
#6279 = CARTESIAN_POINT('',(2.451817652804,0.899999985898));
#6280 = ( GEOMETRIC_REPRESENTATION_CONTEXT(2) 
PARAMETRIC_REPRESENTATION_CONTEXT() REPRESENTATION_CONTEXT('2D SPACE',''
  ) );
#6281 = ORIENTED_EDGE('',*,*,#6282,.F.);
#6282 = EDGE_CURVE('',#2069,#6191,#6283,.T.);
#6283 = SURFACE_CURVE('',#6284,(#6288,#6295),.PCURVE_S1.);
#6284 = LINE('',#6285,#6286);
#6285 = CARTESIAN_POINT('',(-15.8,28.8,0.));
#6286 = VECTOR('',#6287,1.);
#6287 = DIRECTION('',(0.,0.,1.));
#6288 = PCURVE('',#2085,#6289);
#6289 = DEFINITIONAL_REPRESENTATION('',(#6290),#6294);
#6290 = LINE('',#6291,#6292);
#6291 = CARTESIAN_POINT('',(-3.14159265359,0.));
#6292 = VECTOR('',#6293,1.);
#6293 = DIRECTION('',(-0.,-1.));
#6294 = ( GEOMETRIC_REPRESENTATION_CONTEXT(2) 
PARAMETRIC_REPRESENTATION_CONTEXT() REPRESENTATION_CONTEXT('2D SPACE',''
  ) );
#6295 = PCURVE('',#2113,#6296);
#6296 = DEFINITIONAL_REPRESENTATION('',(#6297),#6301);
#6297 = LINE('',#6298,#6299);
#6298 = CARTESIAN_POINT('',(6.,0.));
#6299 = VECTOR('',#6300,1.);
#6300 = DIRECTION('',(0.,-1.));
#6301 = ( GEOMETRIC_REPRESENTATION_CONTEXT(2) 
PARAMETRIC_REPRESENTATION_CONTEXT() REPRESENTATION_CONTEXT('2D SPACE',''
  ) );
#6302 = ADVANCED_FACE('',(#6303),#2113,.T.);
#6303 = FACE_BOUND('',#6304,.T.);
#6304 = EDGE_LOOP('',(#6305,#6306,#6307,#6308,#6309,#6337,#6363));
#6305 = ORIENTED_EDGE('',*,*,#2097,.F.);
#6306 = ORIENTED_EDGE('',*,*,#2940,.T.);
#6307 = ORIENTED_EDGE('',*,*,#2990,.T.);
#6308 = ORIENTED_EDGE('',*,*,#6167,.F.);
#6309 = ORIENTED_EDGE('',*,*,#6310,.T.);
#6310 = EDGE_CURVE('',#6168,#6311,#6313,.T.);
#6311 = VERTEX_POINT('',#6312);
#6312 = CARTESIAN_POINT('',(-15.79999998589,28.1,1.2));
#6313 = SURFACE_CURVE('',#6314,(#6319,#6330),.PCURVE_S1.);
#6314 = CIRCLE('',#6315,1.1);
#6315 = AXIS2_PLACEMENT_3D('',#6316,#6317,#6318);
#6316 = CARTESIAN_POINT('',(-15.79999998589,28.1,2.3));
#6317 = DIRECTION('',(1.,0.,2.22044604925E-16));
#6318 = DIRECTION('',(2.22044604925E-16,0.,-1.));
#6319 = PCURVE('',#2113,#6320);
#6320 = DEFINITIONAL_REPRESENTATION('',(#6321),#6329);
#6321 = ( BOUNDED_CURVE() B_SPLINE_CURVE(2,(#6322,#6323,#6324,#6325,
#6326,#6327,#6328),.UNSPECIFIED.,.T.,.F.) B_SPLINE_CURVE_WITH_KNOTS((1,2
    ,2,2,2,1),(-2.094395102393,0.,2.094395102393,4.188790204786,
6.28318530718,8.377580409573),.UNSPECIFIED.) CURVE() 
GEOMETRIC_REPRESENTATION_ITEM() RATIONAL_B_SPLINE_CURVE((1.,0.5,1.,0.5,
1.,0.5,1.)) REPRESENTATION_ITEM('') );
#6322 = CARTESIAN_POINT('',(5.3,-1.2));
#6323 = CARTESIAN_POINT('',(7.205255888326,-1.2));
#6324 = CARTESIAN_POINT('',(6.252627944163,-2.85));
#6325 = CARTESIAN_POINT('',(5.3,-4.5));
#6326 = CARTESIAN_POINT('',(4.347372055837,-2.85));
#6327 = CARTESIAN_POINT('',(3.394744111674,-1.2));
#6328 = CARTESIAN_POINT('',(5.3,-1.2));
#6329 = ( GEOMETRIC_REPRESENTATION_CONTEXT(2) 
PARAMETRIC_REPRESENTATION_CONTEXT() REPRESENTATION_CONTEXT('2D SPACE',''
  ) );
#6330 = PCURVE('',#5955,#6331);
#6331 = DEFINITIONAL_REPRESENTATION('',(#6332),#6336);
#6332 = LINE('',#6333,#6334);
#6333 = CARTESIAN_POINT('',(0.,0.900000014102));
#6334 = VECTOR('',#6335,1.);
#6335 = DIRECTION('',(1.,0.));
#6336 = ( GEOMETRIC_REPRESENTATION_CONTEXT(2) 
PARAMETRIC_REPRESENTATION_CONTEXT() REPRESENTATION_CONTEXT('2D SPACE',''
  ) );
#6337 = ORIENTED_EDGE('',*,*,#6338,.T.);
#6338 = EDGE_CURVE('',#6311,#6191,#6339,.T.);
#6339 = SURFACE_CURVE('',#6340,(#6345,#6356),.PCURVE_S1.);
#6340 = CIRCLE('',#6341,1.1);
#6341 = AXIS2_PLACEMENT_3D('',#6342,#6343,#6344);
#6342 = CARTESIAN_POINT('',(-15.79999998589,28.1,2.3));
#6343 = DIRECTION('',(1.,0.,2.22044604925E-16));
#6344 = DIRECTION('',(2.22044604925E-16,0.,-1.));
#6345 = PCURVE('',#2113,#6346);
#6346 = DEFINITIONAL_REPRESENTATION('',(#6347),#6355);
#6347 = ( BOUNDED_CURVE() B_SPLINE_CURVE(2,(#6348,#6349,#6350,#6351,
#6352,#6353,#6354),.UNSPECIFIED.,.T.,.F.) B_SPLINE_CURVE_WITH_KNOTS((1,2
    ,2,2,2,1),(-2.094395102393,0.,2.094395102393,4.188790204786,
6.28318530718,8.377580409573),.UNSPECIFIED.) CURVE() 
GEOMETRIC_REPRESENTATION_ITEM() RATIONAL_B_SPLINE_CURVE((1.,0.5,1.,0.5,
1.,0.5,1.)) REPRESENTATION_ITEM('') );
#6348 = CARTESIAN_POINT('',(5.3,-1.2));
#6349 = CARTESIAN_POINT('',(7.205255888326,-1.2));
#6350 = CARTESIAN_POINT('',(6.252627944163,-2.85));
#6351 = CARTESIAN_POINT('',(5.3,-4.5));
#6352 = CARTESIAN_POINT('',(4.347372055837,-2.85));
#6353 = CARTESIAN_POINT('',(3.394744111674,-1.2));
#6354 = CARTESIAN_POINT('',(5.3,-1.2));
#6355 = ( GEOMETRIC_REPRESENTATION_CONTEXT(2) 
PARAMETRIC_REPRESENTATION_CONTEXT() REPRESENTATION_CONTEXT('2D SPACE',''
  ) );
#6356 = PCURVE('',#5955,#6357);
#6357 = DEFINITIONAL_REPRESENTATION('',(#6358),#6362);
#6358 = LINE('',#6359,#6360);
#6359 = CARTESIAN_POINT('',(0.,0.900000014102));
#6360 = VECTOR('',#6361,1.);
#6361 = DIRECTION('',(1.,0.));
#6362 = ( GEOMETRIC_REPRESENTATION_CONTEXT(2) 
PARAMETRIC_REPRESENTATION_CONTEXT() REPRESENTATION_CONTEXT('2D SPACE',''
  ) );
#6363 = ORIENTED_EDGE('',*,*,#6282,.F.);
#6364 = ADVANCED_FACE('',(#6365),#2195,.F.);
#6365 = FACE_BOUND('',#6366,.F.);
#6366 = EDGE_LOOP('',(#6367,#6368,#6391,#6419));
#6367 = ORIENTED_EDGE('',*,*,#2177,.T.);
#6368 = ORIENTED_EDGE('',*,*,#6369,.T.);
#6369 = EDGE_CURVE('',#2180,#6370,#6372,.T.);
#6370 = VERTEX_POINT('',#6371);
#6371 = CARTESIAN_POINT('',(-6.5,-2.500000038121,0.4));
#6372 = SURFACE_CURVE('',#6373,(#6377,#6384),.PCURVE_S1.);
#6373 = LINE('',#6374,#6375);
#6374 = CARTESIAN_POINT('',(-6.5,-2.500000038121,-2.E-02));
#6375 = VECTOR('',#6376,1.);
#6376 = DIRECTION('',(0.,0.,1.));
#6377 = PCURVE('',#2195,#6378);
#6378 = DEFINITIONAL_REPRESENTATION('',(#6379),#6383);
#6379 = LINE('',#6380,#6381);
#6380 = CARTESIAN_POINT('',(-4.440892098501E-16,0.));
#6381 = VECTOR('',#6382,1.);
#6382 = DIRECTION('',(0.,-1.));
#6383 = ( GEOMETRIC_REPRESENTATION_CONTEXT(2) 
PARAMETRIC_REPRESENTATION_CONTEXT() REPRESENTATION_CONTEXT('2D SPACE',''
  ) );
#6384 = PCURVE('',#2405,#6385);
#6385 = DEFINITIONAL_REPRESENTATION('',(#6386),#6390);
#6386 = LINE('',#6387,#6388);
#6387 = CARTESIAN_POINT('',(6.28318530718,0.));
#6388 = VECTOR('',#6389,1.);
#6389 = DIRECTION('',(0.,-1.));
#6390 = ( GEOMETRIC_REPRESENTATION_CONTEXT(2) 
PARAMETRIC_REPRESENTATION_CONTEXT() REPRESENTATION_CONTEXT('2D SPACE',''
  ) );
#6391 = ORIENTED_EDGE('',*,*,#6392,.T.);
#6392 = EDGE_CURVE('',#6370,#6393,#6395,.T.);
#6393 = VERTEX_POINT('',#6394);
#6394 = CARTESIAN_POINT('',(-6.5,2.499999971593,0.4));
#6395 = SURFACE_CURVE('',#6396,(#6400,#6407),.PCURVE_S1.);
#6396 = LINE('',#6397,#6398);
#6397 = CARTESIAN_POINT('',(-6.5,3.812072435494E-08,0.4));
#6398 = VECTOR('',#6399,1.);
#6399 = DIRECTION('',(0.,1.,0.));
#6400 = PCURVE('',#2195,#6401);
#6401 = DEFINITIONAL_REPRESENTATION('',(#6402),#6406);
#6402 = LINE('',#6403,#6404);
#6403 = CARTESIAN_POINT('',(2.500000076241,-0.42));
#6404 = VECTOR('',#6405,1.);
#6405 = DIRECTION('',(1.,0.));
#6406 = ( GEOMETRIC_REPRESENTATION_CONTEXT(2) 
PARAMETRIC_REPRESENTATION_CONTEXT() REPRESENTATION_CONTEXT('2D SPACE',''
  ) );
#6407 = PCURVE('',#6408,#6413);
#6408 = PLANE('',#6409);
#6409 = AXIS2_PLACEMENT_3D('',#6410,#6411,#6412);
#6410 = CARTESIAN_POINT('',(-2.310556477728E-09,1.025599541538E-08,0.4)
  );
#6411 = DIRECTION('',(0.,0.,1.));
#6412 = DIRECTION('',(1.,0.,-0.));
#6413 = DEFINITIONAL_REPRESENTATION('',(#6414),#6418);
#6414 = LINE('',#6415,#6416);
#6415 = CARTESIAN_POINT('',(-6.499999997689,2.786472893956E-08));
#6416 = VECTOR('',#6417,1.);
#6417 = DIRECTION('',(0.,1.));
#6418 = ( GEOMETRIC_REPRESENTATION_CONTEXT(2) 
PARAMETRIC_REPRESENTATION_CONTEXT() REPRESENTATION_CONTEXT('2D SPACE',''
  ) );
#6419 = ORIENTED_EDGE('',*,*,#6420,.F.);
#6420 = EDGE_CURVE('',#2178,#6393,#6421,.T.);
#6421 = SURFACE_CURVE('',#6422,(#6426,#6433),.PCURVE_S1.);
#6422 = LINE('',#6423,#6424);
#6423 = CARTESIAN_POINT('',(-6.5,2.499999971593,-2.E-02));
#6424 = VECTOR('',#6425,1.);
#6425 = DIRECTION('',(0.,0.,1.));
#6426 = PCURVE('',#2195,#6427);
#6427 = DEFINITIONAL_REPRESENTATION('',(#6428),#6432);
#6428 = LINE('',#6429,#6430);
#6429 = CARTESIAN_POINT('',(5.000000009714,0.));
#6430 = VECTOR('',#6431,1.);
#6431 = DIRECTION('',(0.,-1.));
#6432 = ( GEOMETRIC_REPRESENTATION_CONTEXT(2) 
PARAMETRIC_REPRESENTATION_CONTEXT() REPRESENTATION_CONTEXT('2D SPACE',''
  ) );
#6433 = PCURVE('',#2227,#6434);
#6434 = DEFINITIONAL_REPRESENTATION('',(#6435),#6439);
#6435 = LINE('',#6436,#6437);
#6436 = CARTESIAN_POINT('',(0.,0.));
#6437 = VECTOR('',#6438,1.);
#6438 = DIRECTION('',(0.,-1.));
#6439 = ( GEOMETRIC_REPRESENTATION_CONTEXT(2) 
PARAMETRIC_REPRESENTATION_CONTEXT() REPRESENTATION_CONTEXT('2D SPACE',''
  ) );
#6440 = ADVANCED_FACE('',(#6441),#2227,.F.);
#6441 = FACE_BOUND('',#6442,.F.);
#6442 = EDGE_LOOP('',(#6443,#6444,#6445,#6473));
#6443 = ORIENTED_EDGE('',*,*,#2206,.F.);
#6444 = ORIENTED_EDGE('',*,*,#6420,.T.);
#6445 = ORIENTED_EDGE('',*,*,#6446,.T.);
#6446 = EDGE_CURVE('',#6393,#6447,#6449,.T.);
#6447 = VERTEX_POINT('',#6448);
#6448 = CARTESIAN_POINT('',(-2.5,6.500000004857,0.4));
#6449 = SURFACE_CURVE('',#6450,(#6455,#6462),.PCURVE_S1.);
#6450 = CIRCLE('',#6451,4.);
#6451 = AXIS2_PLACEMENT_3D('',#6452,#6453,#6454);
#6452 = CARTESIAN_POINT('',(-2.5,2.499999971593,0.4));
#6453 = DIRECTION('',(0.,0.,-1.));
#6454 = DIRECTION('',(-1.,0.,0.));
#6455 = PCURVE('',#2227,#6456);
#6456 = DEFINITIONAL_REPRESENTATION('',(#6457),#6461);
#6457 = LINE('',#6458,#6459);
#6458 = CARTESIAN_POINT('',(0.,-0.42));
#6459 = VECTOR('',#6460,1.);
#6460 = DIRECTION('',(1.,0.));
#6461 = ( GEOMETRIC_REPRESENTATION_CONTEXT(2) 
PARAMETRIC_REPRESENTATION_CONTEXT() REPRESENTATION_CONTEXT('2D SPACE',''
  ) );
#6462 = PCURVE('',#6408,#6463);
#6463 = DEFINITIONAL_REPRESENTATION('',(#6464),#6472);
#6464 = ( BOUNDED_CURVE() B_SPLINE_CURVE(2,(#6465,#6466,#6467,#6468,
#6469,#6470,#6471),.UNSPECIFIED.,.T.,.F.) B_SPLINE_CURVE_WITH_KNOTS((1,2
    ,2,2,2,1),(-2.094395102393,0.,2.094395102393,4.188790204786,
6.28318530718,8.377580409573),.UNSPECIFIED.) CURVE() 
GEOMETRIC_REPRESENTATION_ITEM() RATIONAL_B_SPLINE_CURVE((1.,0.5,1.,0.5,
1.,0.5,1.)) REPRESENTATION_ITEM('') );
#6465 = CARTESIAN_POINT('',(-6.499999997689,2.499999961337));
#6466 = CARTESIAN_POINT('',(-6.499999997689,9.428203191613));
#6467 = CARTESIAN_POINT('',(-0.499999997689,5.964101576475));
#6468 = CARTESIAN_POINT('',(5.500000002311,2.499999961337));
#6469 = CARTESIAN_POINT('',(-0.499999997689,-0.9641016538));
#6470 = CARTESIAN_POINT('',(-6.499999997689,-4.428203268938));
#6471 = CARTESIAN_POINT('',(-6.499999997689,2.499999961337));
#6472 = ( GEOMETRIC_REPRESENTATION_CONTEXT(2) 
PARAMETRIC_REPRESENTATION_CONTEXT() REPRESENTATION_CONTEXT('2D SPACE',''
  ) );
#6473 = ORIENTED_EDGE('',*,*,#6474,.F.);
#6474 = EDGE_CURVE('',#2207,#6447,#6475,.T.);
#6475 = SURFACE_CURVE('',#6476,(#6480,#6487),.PCURVE_S1.);
#6476 = LINE('',#6477,#6478);
#6477 = CARTESIAN_POINT('',(-2.5,6.500000004857,-2.E-02));
#6478 = VECTOR('',#6479,1.);
#6479 = DIRECTION('',(0.,0.,1.));
#6480 = PCURVE('',#2227,#6481);
#6481 = DEFINITIONAL_REPRESENTATION('',(#6482),#6486);
#6482 = LINE('',#6483,#6484);
#6483 = CARTESIAN_POINT('',(1.570796326795,0.));
#6484 = VECTOR('',#6485,1.);
#6485 = DIRECTION('',(0.,-1.));
#6486 = ( GEOMETRIC_REPRESENTATION_CONTEXT(2) 
PARAMETRIC_REPRESENTATION_CONTEXT() REPRESENTATION_CONTEXT('2D SPACE',''
  ) );
#6487 = PCURVE('',#2255,#6488);
#6488 = DEFINITIONAL_REPRESENTATION('',(#6489),#6493);
#6489 = LINE('',#6490,#6491);
#6490 = CARTESIAN_POINT('',(0.,0.));
#6491 = VECTOR('',#6492,1.);
#6492 = DIRECTION('',(0.,-1.));
#6493 = ( GEOMETRIC_REPRESENTATION_CONTEXT(2) 
PARAMETRIC_REPRESENTATION_CONTEXT() REPRESENTATION_CONTEXT('2D SPACE',''
  ) );
#6494 = ADVANCED_FACE('',(#6495),#2255,.F.);
#6495 = FACE_BOUND('',#6496,.F.);
#6496 = EDGE_LOOP('',(#6497,#6498,#6499,#6522));
#6497 = ORIENTED_EDGE('',*,*,#2239,.T.);
#6498 = ORIENTED_EDGE('',*,*,#6474,.T.);
#6499 = ORIENTED_EDGE('',*,*,#6500,.T.);
#6500 = EDGE_CURVE('',#6447,#6501,#6503,.T.);
#6501 = VERTEX_POINT('',#6502);
#6502 = CARTESIAN_POINT('',(2.5,6.50000003679,0.4));
#6503 = SURFACE_CURVE('',#6504,(#6508,#6515),.PCURVE_S1.);
#6504 = LINE('',#6505,#6506);
#6505 = CARTESIAN_POINT('',(0.,6.500000038121,0.4));
#6506 = VECTOR('',#6507,1.);
#6507 = DIRECTION('',(1.,0.,0.));
#6508 = PCURVE('',#2255,#6509);
#6509 = DEFINITIONAL_REPRESENTATION('',(#6510),#6514);
#6510 = LINE('',#6511,#6512);
#6511 = CARTESIAN_POINT('',(2.5,-0.42));
#6512 = VECTOR('',#6513,1.);
#6513 = DIRECTION('',(1.,0.));
#6514 = ( GEOMETRIC_REPRESENTATION_CONTEXT(2) 
PARAMETRIC_REPRESENTATION_CONTEXT() REPRESENTATION_CONTEXT('2D SPACE',''
  ) );
#6515 = PCURVE('',#6408,#6516);
#6516 = DEFINITIONAL_REPRESENTATION('',(#6517),#6521);
#6517 = LINE('',#6518,#6519);
#6518 = CARTESIAN_POINT('',(2.310556477728E-09,6.500000027865));
#6519 = VECTOR('',#6520,1.);
#6520 = DIRECTION('',(1.,0.));
#6521 = ( GEOMETRIC_REPRESENTATION_CONTEXT(2) 
PARAMETRIC_REPRESENTATION_CONTEXT() REPRESENTATION_CONTEXT('2D SPACE',''
  ) );
#6522 = ORIENTED_EDGE('',*,*,#6523,.F.);
#6523 = EDGE_CURVE('',#2240,#6501,#6524,.T.);
#6524 = SURFACE_CURVE('',#6525,(#6529,#6536),.PCURVE_S1.);
#6525 = LINE('',#6526,#6527);
#6526 = CARTESIAN_POINT('',(2.5,6.50000003679,-2.E-02));
#6527 = VECTOR('',#6528,1.);
#6528 = DIRECTION('',(0.,0.,1.));
#6529 = PCURVE('',#2255,#6530);
#6530 = DEFINITIONAL_REPRESENTATION('',(#6531),#6535);
#6531 = LINE('',#6532,#6533);
#6532 = CARTESIAN_POINT('',(5.,0.));
#6533 = VECTOR('',#6534,1.);
#6534 = DIRECTION('',(0.,-1.));
#6535 = ( GEOMETRIC_REPRESENTATION_CONTEXT(2) 
PARAMETRIC_REPRESENTATION_CONTEXT() REPRESENTATION_CONTEXT('2D SPACE',''
  ) );
#6536 = PCURVE('',#2287,#6537);
#6537 = DEFINITIONAL_REPRESENTATION('',(#6538),#6542);
#6538 = LINE('',#6539,#6540);
#6539 = CARTESIAN_POINT('',(1.570796326795,0.));
#6540 = VECTOR('',#6541,1.);
#6541 = DIRECTION('',(0.,-1.));
#6542 = ( GEOMETRIC_REPRESENTATION_CONTEXT(2) 
PARAMETRIC_REPRESENTATION_CONTEXT() REPRESENTATION_CONTEXT('2D SPACE',''
  ) );
#6543 = ADVANCED_FACE('',(#6544),#2287,.F.);
#6544 = FACE_BOUND('',#6545,.F.);
#6545 = EDGE_LOOP('',(#6546,#6547,#6548,#6576));
#6546 = ORIENTED_EDGE('',*,*,#2266,.F.);
#6547 = ORIENTED_EDGE('',*,*,#6523,.T.);
#6548 = ORIENTED_EDGE('',*,*,#6549,.T.);
#6549 = EDGE_CURVE('',#6501,#6550,#6552,.T.);
#6550 = VERTEX_POINT('',#6551);
#6551 = CARTESIAN_POINT('',(6.5,2.50000003546,0.4));
#6552 = SURFACE_CURVE('',#6553,(#6558,#6565),.PCURVE_S1.);
#6553 = CIRCLE('',#6554,4.);
#6554 = AXIS2_PLACEMENT_3D('',#6555,#6556,#6557);
#6555 = CARTESIAN_POINT('',(2.5,2.50000003546,0.4));
#6556 = DIRECTION('',(0.,0.,-1.));
#6557 = DIRECTION('',(-1.,0.,0.));
#6558 = PCURVE('',#2287,#6559);
#6559 = DEFINITIONAL_REPRESENTATION('',(#6560),#6564);
#6560 = LINE('',#6561,#6562);
#6561 = CARTESIAN_POINT('',(0.,-0.42));
#6562 = VECTOR('',#6563,1.);
#6563 = DIRECTION('',(1.,0.));
#6564 = ( GEOMETRIC_REPRESENTATION_CONTEXT(2) 
PARAMETRIC_REPRESENTATION_CONTEXT() REPRESENTATION_CONTEXT('2D SPACE',''
  ) );
#6565 = PCURVE('',#6408,#6566);
#6566 = DEFINITIONAL_REPRESENTATION('',(#6567),#6575);
#6567 = ( BOUNDED_CURVE() B_SPLINE_CURVE(2,(#6568,#6569,#6570,#6571,
#6572,#6573,#6574),.UNSPECIFIED.,.T.,.F.) B_SPLINE_CURVE_WITH_KNOTS((1,2
    ,2,2,2,1),(-2.094395102393,0.,2.094395102393,4.188790204786,
6.28318530718,8.377580409573),.UNSPECIFIED.) CURVE() 
GEOMETRIC_REPRESENTATION_ITEM() RATIONAL_B_SPLINE_CURVE((1.,0.5,1.,0.5,
1.,0.5,1.)) REPRESENTATION_ITEM('') );
#6568 = CARTESIAN_POINT('',(-1.499999997689,2.500000025204));
#6569 = CARTESIAN_POINT('',(-1.499999997689,9.428203255479));
#6570 = CARTESIAN_POINT('',(4.500000002311,5.964101640341));
#6571 = CARTESIAN_POINT('',(10.500000002311,2.500000025204));
#6572 = CARTESIAN_POINT('',(4.500000002311,-0.964101589934));
#6573 = CARTESIAN_POINT('',(-1.499999997689,-4.428203205072));
#6574 = CARTESIAN_POINT('',(-1.499999997689,2.500000025204));
#6575 = ( GEOMETRIC_REPRESENTATION_CONTEXT(2) 
PARAMETRIC_REPRESENTATION_CONTEXT() REPRESENTATION_CONTEXT('2D SPACE',''
  ) );
#6576 = ORIENTED_EDGE('',*,*,#6577,.F.);
#6577 = EDGE_CURVE('',#2267,#6550,#6578,.T.);
#6578 = SURFACE_CURVE('',#6579,(#6583,#6590),.PCURVE_S1.);
#6579 = LINE('',#6580,#6581);
#6580 = CARTESIAN_POINT('',(6.5,2.50000003546,-2.E-02));
#6581 = VECTOR('',#6582,1.);
#6582 = DIRECTION('',(0.,0.,1.));
#6583 = PCURVE('',#2287,#6584);
#6584 = DEFINITIONAL_REPRESENTATION('',(#6585),#6589);
#6585 = LINE('',#6586,#6587);
#6586 = CARTESIAN_POINT('',(3.14159265359,0.));
#6587 = VECTOR('',#6588,1.);
#6588 = DIRECTION('',(0.,-1.));
#6589 = ( GEOMETRIC_REPRESENTATION_CONTEXT(2) 
PARAMETRIC_REPRESENTATION_CONTEXT() REPRESENTATION_CONTEXT('2D SPACE',''
  ) );
#6590 = PCURVE('',#2315,#6591);
#6591 = DEFINITIONAL_REPRESENTATION('',(#6592),#6596);
#6592 = LINE('',#6593,#6594);
#6593 = CARTESIAN_POINT('',(4.999999997339,0.));
#6594 = VECTOR('',#6595,1.);
#6595 = DIRECTION('',(0.,-1.));
#6596 = ( GEOMETRIC_REPRESENTATION_CONTEXT(2) 
PARAMETRIC_REPRESENTATION_CONTEXT() REPRESENTATION_CONTEXT('2D SPACE',''
  ) );
#6597 = ADVANCED_FACE('',(#6598),#2315,.T.);
#6598 = FACE_BOUND('',#6599,.T.);
#6599 = EDGE_LOOP('',(#6600,#6601,#6624,#6645));
#6600 = ORIENTED_EDGE('',*,*,#2299,.T.);
#6601 = ORIENTED_EDGE('',*,*,#6602,.T.);
#6602 = EDGE_CURVE('',#2300,#6603,#6605,.T.);
#6603 = VERTEX_POINT('',#6604);
#6604 = CARTESIAN_POINT('',(6.499999998669,-2.499999961879,0.4));
#6605 = SURFACE_CURVE('',#6606,(#6610,#6617),.PCURVE_S1.);
#6606 = LINE('',#6607,#6608);
#6607 = CARTESIAN_POINT('',(6.499999998669,-2.499999961879,-2.E-02));
#6608 = VECTOR('',#6609,1.);
#6609 = DIRECTION('',(0.,0.,1.));
#6610 = PCURVE('',#2315,#6611);
#6611 = DEFINITIONAL_REPRESENTATION('',(#6612),#6616);
#6612 = LINE('',#6613,#6614);
#6613 = CARTESIAN_POINT('',(0.,0.));
#6614 = VECTOR('',#6615,1.);
#6615 = DIRECTION('',(0.,-1.));
#6616 = ( GEOMETRIC_REPRESENTATION_CONTEXT(2) 
PARAMETRIC_REPRESENTATION_CONTEXT() REPRESENTATION_CONTEXT('2D SPACE',''
  ) );
#6617 = PCURVE('',#2347,#6618);
#6618 = DEFINITIONAL_REPRESENTATION('',(#6619),#6623);
#6619 = LINE('',#6620,#6621);
#6620 = CARTESIAN_POINT('',(3.14159265359,0.));
#6621 = VECTOR('',#6622,1.);
#6622 = DIRECTION('',(0.,-1.));
#6623 = ( GEOMETRIC_REPRESENTATION_CONTEXT(2) 
PARAMETRIC_REPRESENTATION_CONTEXT() REPRESENTATION_CONTEXT('2D SPACE',''
  ) );
#6624 = ORIENTED_EDGE('',*,*,#6625,.T.);
#6625 = EDGE_CURVE('',#6603,#6550,#6626,.T.);
#6626 = SURFACE_CURVE('',#6627,(#6631,#6638),.PCURVE_S1.);
#6627 = LINE('',#6628,#6629);
#6628 = CARTESIAN_POINT('',(6.5,3.812072435494E-08,0.4));
#6629 = VECTOR('',#6630,1.);
#6630 = DIRECTION('',(0.,1.,0.));
#6631 = PCURVE('',#2315,#6632);
#6632 = DEFINITIONAL_REPRESENTATION('',(#6633),#6637);
#6633 = LINE('',#6634,#6635);
#6634 = CARTESIAN_POINT('',(2.5,-0.42));
#6635 = VECTOR('',#6636,1.);
#6636 = DIRECTION('',(1.,0.));
#6637 = ( GEOMETRIC_REPRESENTATION_CONTEXT(2) 
PARAMETRIC_REPRESENTATION_CONTEXT() REPRESENTATION_CONTEXT('2D SPACE',''
  ) );
#6638 = PCURVE('',#6408,#6639);
#6639 = DEFINITIONAL_REPRESENTATION('',(#6640),#6644);
#6640 = LINE('',#6641,#6642);
#6641 = CARTESIAN_POINT('',(6.500000002311,2.786472893956E-08));
#6642 = VECTOR('',#6643,1.);
#6643 = DIRECTION('',(0.,1.));
#6644 = ( GEOMETRIC_REPRESENTATION_CONTEXT(2) 
PARAMETRIC_REPRESENTATION_CONTEXT() REPRESENTATION_CONTEXT('2D SPACE',''
  ) );
#6645 = ORIENTED_EDGE('',*,*,#6577,.F.);
#6646 = ADVANCED_FACE('',(#6647),#2347,.F.);
#6647 = FACE_BOUND('',#6648,.F.);
#6648 = EDGE_LOOP('',(#6649,#6650,#6651,#6679));
#6649 = ORIENTED_EDGE('',*,*,#2326,.F.);
#6650 = ORIENTED_EDGE('',*,*,#6602,.T.);
#6651 = ORIENTED_EDGE('',*,*,#6652,.T.);
#6652 = EDGE_CURVE('',#6603,#6653,#6655,.T.);
#6653 = VERTEX_POINT('',#6654);
#6654 = CARTESIAN_POINT('',(2.499999997339,-6.499999961879,0.4));
#6655 = SURFACE_CURVE('',#6656,(#6661,#6668),.PCURVE_S1.);
#6656 = CIRCLE('',#6657,4.);
#6657 = AXIS2_PLACEMENT_3D('',#6658,#6659,#6660);
#6658 = CARTESIAN_POINT('',(2.499999997339,-2.499999961879,0.4));
#6659 = DIRECTION('',(0.,0.,-1.));
#6660 = DIRECTION('',(-1.,0.,0.));
#6661 = PCURVE('',#2347,#6662);
#6662 = DEFINITIONAL_REPRESENTATION('',(#6663),#6667);
#6663 = LINE('',#6664,#6665);
#6664 = CARTESIAN_POINT('',(0.,-0.42));
#6665 = VECTOR('',#6666,1.);
#6666 = DIRECTION('',(1.,0.));
#6667 = ( GEOMETRIC_REPRESENTATION_CONTEXT(2) 
PARAMETRIC_REPRESENTATION_CONTEXT() REPRESENTATION_CONTEXT('2D SPACE',''
  ) );
#6668 = PCURVE('',#6408,#6669);
#6669 = DEFINITIONAL_REPRESENTATION('',(#6670),#6678);
#6670 = ( BOUNDED_CURVE() B_SPLINE_CURVE(2,(#6671,#6672,#6673,#6674,
#6675,#6676,#6677),.UNSPECIFIED.,.T.,.F.) B_SPLINE_CURVE_WITH_KNOTS((1,2
    ,2,2,2,1),(-2.094395102393,0.,2.094395102393,4.188790204786,
6.28318530718,8.377580409573),.UNSPECIFIED.) CURVE() 
GEOMETRIC_REPRESENTATION_ITEM() RATIONAL_B_SPLINE_CURVE((1.,0.5,1.,0.5,
1.,0.5,1.)) REPRESENTATION_ITEM('') );
#6671 = CARTESIAN_POINT('',(-1.500000000351,-2.499999972135));
#6672 = CARTESIAN_POINT('',(-1.500000000351,4.42820325814));
#6673 = CARTESIAN_POINT('',(4.499999999649,0.964101643002));
#6674 = CARTESIAN_POINT('',(10.499999999649,-2.499999972135));
#6675 = CARTESIAN_POINT('',(4.499999999649,-5.964101587273));
#6676 = CARTESIAN_POINT('',(-1.500000000351,-9.428203202411));
#6677 = CARTESIAN_POINT('',(-1.500000000351,-2.499999972135));
#6678 = ( GEOMETRIC_REPRESENTATION_CONTEXT(2) 
PARAMETRIC_REPRESENTATION_CONTEXT() REPRESENTATION_CONTEXT('2D SPACE',''
  ) );
#6679 = ORIENTED_EDGE('',*,*,#6680,.F.);
#6680 = EDGE_CURVE('',#2327,#6653,#6681,.T.);
#6681 = SURFACE_CURVE('',#6682,(#6686,#6693),.PCURVE_S1.);
#6682 = LINE('',#6683,#6684);
#6683 = CARTESIAN_POINT('',(2.499999997339,-6.499999961879,-2.E-02));
#6684 = VECTOR('',#6685,1.);
#6685 = DIRECTION('',(0.,0.,1.));
#6686 = PCURVE('',#2347,#6687);
#6687 = DEFINITIONAL_REPRESENTATION('',(#6688),#6692);
#6688 = LINE('',#6689,#6690);
#6689 = CARTESIAN_POINT('',(4.712388980385,0.));
#6690 = VECTOR('',#6691,1.);
#6691 = DIRECTION('',(0.,-1.));
#6692 = ( GEOMETRIC_REPRESENTATION_CONTEXT(2) 
PARAMETRIC_REPRESENTATION_CONTEXT() REPRESENTATION_CONTEXT('2D SPACE',''
  ) );
#6693 = PCURVE('',#2375,#6694);
#6694 = DEFINITIONAL_REPRESENTATION('',(#6695),#6699);
#6695 = LINE('',#6696,#6697);
#6696 = CARTESIAN_POINT('',(4.999999997339,0.));
#6697 = VECTOR('',#6698,1.);
#6698 = DIRECTION('',(0.,-1.));
#6699 = ( GEOMETRIC_REPRESENTATION_CONTEXT(2) 
PARAMETRIC_REPRESENTATION_CONTEXT() REPRESENTATION_CONTEXT('2D SPACE',''
  ) );
#6700 = ADVANCED_FACE('',(#6701),#2375,.T.);
#6701 = FACE_BOUND('',#6702,.T.);
#6702 = EDGE_LOOP('',(#6703,#6704,#6727,#6748));
#6703 = ORIENTED_EDGE('',*,*,#2359,.T.);
#6704 = ORIENTED_EDGE('',*,*,#6705,.T.);
#6705 = EDGE_CURVE('',#2360,#6706,#6708,.T.);
#6706 = VERTEX_POINT('',#6707);
#6707 = CARTESIAN_POINT('',(-2.5,-6.5,0.4));
#6708 = SURFACE_CURVE('',#6709,(#6713,#6720),.PCURVE_S1.);
#6709 = LINE('',#6710,#6711);
#6710 = CARTESIAN_POINT('',(-2.5,-6.5,-2.E-02));
#6711 = VECTOR('',#6712,1.);
#6712 = DIRECTION('',(0.,0.,1.));
#6713 = PCURVE('',#2375,#6714);
#6714 = DEFINITIONAL_REPRESENTATION('',(#6715),#6719);
#6715 = LINE('',#6716,#6717);
#6716 = CARTESIAN_POINT('',(0.,0.));
#6717 = VECTOR('',#6718,1.);
#6718 = DIRECTION('',(0.,-1.));
#6719 = ( GEOMETRIC_REPRESENTATION_CONTEXT(2) 
PARAMETRIC_REPRESENTATION_CONTEXT() REPRESENTATION_CONTEXT('2D SPACE',''
  ) );
#6720 = PCURVE('',#2405,#6721);
#6721 = DEFINITIONAL_REPRESENTATION('',(#6722),#6726);
#6722 = LINE('',#6723,#6724);
#6723 = CARTESIAN_POINT('',(4.712388980385,0.));
#6724 = VECTOR('',#6725,1.);
#6725 = DIRECTION('',(0.,-1.));
#6726 = ( GEOMETRIC_REPRESENTATION_CONTEXT(2) 
PARAMETRIC_REPRESENTATION_CONTEXT() REPRESENTATION_CONTEXT('2D SPACE',''
  ) );
#6727 = ORIENTED_EDGE('',*,*,#6728,.T.);
#6728 = EDGE_CURVE('',#6706,#6653,#6729,.T.);
#6729 = SURFACE_CURVE('',#6730,(#6734,#6741),.PCURVE_S1.);
#6730 = LINE('',#6731,#6732);
#6731 = CARTESIAN_POINT('',(0.,-6.499999961879,0.4));
#6732 = VECTOR('',#6733,1.);
#6733 = DIRECTION('',(1.,0.,0.));
#6734 = PCURVE('',#2375,#6735);
#6735 = DEFINITIONAL_REPRESENTATION('',(#6736),#6740);
#6736 = LINE('',#6737,#6738);
#6737 = CARTESIAN_POINT('',(2.5,-0.42));
#6738 = VECTOR('',#6739,1.);
#6739 = DIRECTION('',(1.,0.));
#6740 = ( GEOMETRIC_REPRESENTATION_CONTEXT(2) 
PARAMETRIC_REPRESENTATION_CONTEXT() REPRESENTATION_CONTEXT('2D SPACE',''
  ) );
#6741 = PCURVE('',#6408,#6742);
#6742 = DEFINITIONAL_REPRESENTATION('',(#6743),#6747);
#6743 = LINE('',#6744,#6745);
#6744 = CARTESIAN_POINT('',(2.310556477728E-09,-6.499999972135));
#6745 = VECTOR('',#6746,1.);
#6746 = DIRECTION('',(1.,0.));
#6747 = ( GEOMETRIC_REPRESENTATION_CONTEXT(2) 
PARAMETRIC_REPRESENTATION_CONTEXT() REPRESENTATION_CONTEXT('2D SPACE',''
  ) );
#6748 = ORIENTED_EDGE('',*,*,#6680,.F.);
#6749 = ADVANCED_FACE('',(#6750),#2405,.F.);
#6750 = FACE_BOUND('',#6751,.F.);
#6751 = EDGE_LOOP('',(#6752,#6753,#6754,#6780));
#6752 = ORIENTED_EDGE('',*,*,#2386,.F.);
#6753 = ORIENTED_EDGE('',*,*,#6705,.T.);
#6754 = ORIENTED_EDGE('',*,*,#6755,.T.);
#6755 = EDGE_CURVE('',#6706,#6370,#6756,.T.);
#6756 = SURFACE_CURVE('',#6757,(#6762,#6769),.PCURVE_S1.);
#6757 = CIRCLE('',#6758,4.);
#6758 = AXIS2_PLACEMENT_3D('',#6759,#6760,#6761);
#6759 = CARTESIAN_POINT('',(-2.5,-2.500000038121,0.4));
#6760 = DIRECTION('',(0.,0.,-1.));
#6761 = DIRECTION('',(-1.,0.,0.));
#6762 = PCURVE('',#2405,#6763);
#6763 = DEFINITIONAL_REPRESENTATION('',(#6764),#6768);
#6764 = LINE('',#6765,#6766);
#6765 = CARTESIAN_POINT('',(0.,-0.42));
#6766 = VECTOR('',#6767,1.);
#6767 = DIRECTION('',(1.,0.));
#6768 = ( GEOMETRIC_REPRESENTATION_CONTEXT(2) 
PARAMETRIC_REPRESENTATION_CONTEXT() REPRESENTATION_CONTEXT('2D SPACE',''
  ) );
#6769 = PCURVE('',#6408,#6770);
#6770 = DEFINITIONAL_REPRESENTATION('',(#6771),#6779);
#6771 = ( BOUNDED_CURVE() B_SPLINE_CURVE(2,(#6772,#6773,#6774,#6775,
#6776,#6777,#6778),.UNSPECIFIED.,.T.,.F.) B_SPLINE_CURVE_WITH_KNOTS((1,2
    ,2,2,2,1),(-2.094395102393,0.,2.094395102393,4.188790204786,
6.28318530718,8.377580409573),.UNSPECIFIED.) CURVE() 
GEOMETRIC_REPRESENTATION_ITEM() RATIONAL_B_SPLINE_CURVE((1.,0.5,1.,0.5,
1.,0.5,1.)) REPRESENTATION_ITEM('') );
#6772 = CARTESIAN_POINT('',(-6.499999997689,-2.500000048377));
#6773 = CARTESIAN_POINT('',(-6.499999997689,4.428203181899));
#6774 = CARTESIAN_POINT('',(-0.499999997689,0.964101566761));
#6775 = CARTESIAN_POINT('',(5.500000002311,-2.500000048377));
#6776 = CARTESIAN_POINT('',(-0.499999997689,-5.964101663514));
#6777 = CARTESIAN_POINT('',(-6.499999997689,-9.428203278652));
#6778 = CARTESIAN_POINT('',(-6.499999997689,-2.500000048377));
#6779 = ( GEOMETRIC_REPRESENTATION_CONTEXT(2) 
PARAMETRIC_REPRESENTATION_CONTEXT() REPRESENTATION_CONTEXT('2D SPACE',''
  ) );
#6780 = ORIENTED_EDGE('',*,*,#6369,.F.);
#6781 = ADVANCED_FACE('',(#6782),#2639,.T.);
#6782 = FACE_BOUND('',#6783,.T.);
#6783 = EDGE_LOOP('',(#6784,#6785,#6786,#6806));
#6784 = ORIENTED_EDGE('',*,*,#2915,.T.);
#6785 = ORIENTED_EDGE('',*,*,#2623,.T.);
#6786 = ORIENTED_EDGE('',*,*,#6787,.F.);
#6787 = EDGE_CURVE('',#3158,#2591,#6788,.T.);
#6788 = SURFACE_CURVE('',#6789,(#6794,#6800),.PCURVE_S1.);
#6789 = CIRCLE('',#6790,0.55);
#6790 = AXIS2_PLACEMENT_3D('',#6791,#6792,#6793);
#6791 = CARTESIAN_POINT('',(12.5,21.45,8.95));
#6792 = DIRECTION('',(1.,0.,0.));
#6793 = DIRECTION('',(-0.,1.,0.));
#6794 = PCURVE('',#2639,#6795);
#6795 = DEFINITIONAL_REPRESENTATION('',(#6796),#6799);
#6796 = B_SPLINE_CURVE_WITH_KNOTS('',1,(#6797,#6798),.UNSPECIFIED.,.F.,
  .F.,(2,2),(0.,1.570796326795),.PIECEWISE_BEZIER_KNOTS.);
#6797 = CARTESIAN_POINT('',(0.,25.));
#6798 = CARTESIAN_POINT('',(1.570796326795,25.));
#6799 = ( GEOMETRIC_REPRESENTATION_CONTEXT(2) 
PARAMETRIC_REPRESENTATION_CONTEXT() REPRESENTATION_CONTEXT('2D SPACE',''
  ) );
#6800 = PCURVE('',#2611,#6801);
#6801 = DEFINITIONAL_REPRESENTATION('',(#6802),#6805);
#6802 = B_SPLINE_CURVE_WITH_KNOTS('',1,(#6803,#6804),.UNSPECIFIED.,.F.,
  .F.,(2,2),(0.,1.570796326795),.PIECEWISE_BEZIER_KNOTS.);
#6803 = CARTESIAN_POINT('',(0.,0.));
#6804 = CARTESIAN_POINT('',(0.,1.570796326795));
#6805 = ( GEOMETRIC_REPRESENTATION_CONTEXT(2) 
PARAMETRIC_REPRESENTATION_CONTEXT() REPRESENTATION_CONTEXT('2D SPACE',''
  ) );
#6806 = ORIENTED_EDGE('',*,*,#3157,.F.);
#6807 = ADVANCED_FACE('',(#6808),#2550,.T.);
#6808 = FACE_BOUND('',#6809,.F.);
#6809 = EDGE_LOOP('',(#6810,#6830,#6831,#6832));
#6810 = ORIENTED_EDGE('',*,*,#6811,.F.);
#6811 = EDGE_CURVE('',#4256,#2530,#6812,.T.);
#6812 = SURFACE_CURVE('',#6813,(#6818,#6824),.PCURVE_S1.);
#6813 = CIRCLE('',#6814,0.55);
#6814 = AXIS2_PLACEMENT_3D('',#6815,#6816,#6817);
#6815 = CARTESIAN_POINT('',(23.45,-10.5,8.95));
#6816 = DIRECTION('',(-0.,-1.,0.));
#6817 = DIRECTION('',(1.,-0.,0.));
#6818 = PCURVE('',#2550,#6819);
#6819 = DEFINITIONAL_REPRESENTATION('',(#6820),#6823);
#6820 = B_SPLINE_CURVE_WITH_KNOTS('',1,(#6821,#6822),.UNSPECIFIED.,.F.,
  .F.,(2,2),(0.,1.570796326795),.PIECEWISE_BEZIER_KNOTS.);
#6821 = CARTESIAN_POINT('',(0.,0.));
#6822 = CARTESIAN_POINT('',(0.,1.570796326795));
#6823 = ( GEOMETRIC_REPRESENTATION_CONTEXT(2) 
PARAMETRIC_REPRESENTATION_CONTEXT() REPRESENTATION_CONTEXT('2D SPACE',''
  ) );
#6824 = PCURVE('',#2578,#6825);
#6825 = DEFINITIONAL_REPRESENTATION('',(#6826),#6829);
#6826 = B_SPLINE_CURVE_WITH_KNOTS('',1,(#6827,#6828),.UNSPECIFIED.,.F.,
  .F.,(2,2),(0.,1.570796326795),.PIECEWISE_BEZIER_KNOTS.);
#6827 = CARTESIAN_POINT('',(0.,20.999999992113));
#6828 = CARTESIAN_POINT('',(1.570796326795,20.999999992113));
#6829 = ( GEOMETRIC_REPRESENTATION_CONTEXT(2) 
PARAMETRIC_REPRESENTATION_CONTEXT() REPRESENTATION_CONTEXT('2D SPACE',''
  ) );
#6830 = ORIENTED_EDGE('',*,*,#4283,.T.);
#6831 = ORIENTED_EDGE('',*,*,#3920,.T.);
#6832 = ORIENTED_EDGE('',*,*,#2529,.F.);
#6833 = ADVANCED_FACE('',(#6834),#2611,.T.);
#6834 = FACE_BOUND('',#6835,.F.);
#6835 = EDGE_LOOP('',(#6836,#6837,#6861,#6881));
#6836 = ORIENTED_EDGE('',*,*,#6787,.F.);
#6837 = ORIENTED_EDGE('',*,*,#6838,.T.);
#6838 = EDGE_CURVE('',#3158,#6839,#6841,.T.);
#6839 = VERTEX_POINT('',#6840);
#6840 = CARTESIAN_POINT('',(24.,10.499999992113,8.95));
#6841 = SURFACE_CURVE('',#6842,(#6847,#6854),.PCURVE_S1.);
#6842 = CIRCLE('',#6843,11.5);
#6843 = AXIS2_PLACEMENT_3D('',#6844,#6845,#6846);
#6844 = CARTESIAN_POINT('',(12.5,10.499999992113,8.95));
#6845 = DIRECTION('',(0.,-0.,-1.));
#6846 = DIRECTION('',(0.,1.,-0.));
#6847 = PCURVE('',#2611,#6848);
#6848 = DEFINITIONAL_REPRESENTATION('',(#6849),#6853);
#6849 = LINE('',#6850,#6851);
#6850 = CARTESIAN_POINT('',(-0.,0.));
#6851 = VECTOR('',#6852,1.);
#6852 = DIRECTION('',(-1.,0.));
#6853 = ( GEOMETRIC_REPRESENTATION_CONTEXT(2) 
PARAMETRIC_REPRESENTATION_CONTEXT() REPRESENTATION_CONTEXT('2D SPACE',''
  ) );
#6854 = PCURVE('',#3196,#6855);
#6855 = DEFINITIONAL_REPRESENTATION('',(#6856),#6860);
#6856 = LINE('',#6857,#6858);
#6857 = CARTESIAN_POINT('',(1.570796326795,-8.95));
#6858 = VECTOR('',#6859,1.);
#6859 = DIRECTION('',(1.,0.));
#6860 = ( GEOMETRIC_REPRESENTATION_CONTEXT(2) 
PARAMETRIC_REPRESENTATION_CONTEXT() REPRESENTATION_CONTEXT('2D SPACE',''
  ) );
#6861 = ORIENTED_EDGE('',*,*,#6862,.T.);
#6862 = EDGE_CURVE('',#6839,#2563,#6863,.T.);
#6863 = SURFACE_CURVE('',#6864,(#6869,#6875),.PCURVE_S1.);
#6864 = CIRCLE('',#6865,0.55);
#6865 = AXIS2_PLACEMENT_3D('',#6866,#6867,#6868);
#6866 = CARTESIAN_POINT('',(23.45,10.499999992113,8.95));
#6867 = DIRECTION('',(6.123233995737E-17,-1.,0.));
#6868 = DIRECTION('',(1.,6.123233995737E-17,0.));
#6869 = PCURVE('',#2611,#6870);
#6870 = DEFINITIONAL_REPRESENTATION('',(#6871),#6874);
#6871 = B_SPLINE_CURVE_WITH_KNOTS('',1,(#6872,#6873),.UNSPECIFIED.,.F.,
  .F.,(2,2),(0.,1.570796326795),.PIECEWISE_BEZIER_KNOTS.);
#6872 = CARTESIAN_POINT('',(-1.570796326795,0.));
#6873 = CARTESIAN_POINT('',(-1.570796326795,1.570796326795));
#6874 = ( GEOMETRIC_REPRESENTATION_CONTEXT(2) 
PARAMETRIC_REPRESENTATION_CONTEXT() REPRESENTATION_CONTEXT('2D SPACE',''
  ) );
#6875 = PCURVE('',#2578,#6876);
#6876 = DEFINITIONAL_REPRESENTATION('',(#6877),#6880);
#6877 = B_SPLINE_CURVE_WITH_KNOTS('',1,(#6878,#6879),.UNSPECIFIED.,.F.,
  .F.,(2,2),(0.,1.570796326795),.PIECEWISE_BEZIER_KNOTS.);
#6878 = CARTESIAN_POINT('',(0.,-3.552713678801E-15));
#6879 = CARTESIAN_POINT('',(1.570796326795,-3.552713678801E-15));
#6880 = ( GEOMETRIC_REPRESENTATION_CONTEXT(2) 
PARAMETRIC_REPRESENTATION_CONTEXT() REPRESENTATION_CONTEXT('2D SPACE',''
  ) );
#6881 = ORIENTED_EDGE('',*,*,#2590,.F.);
#6882 = ADVANCED_FACE('',(#6883),#2578,.T.);
#6883 = FACE_BOUND('',#6884,.T.);
#6884 = EDGE_LOOP('',(#6885,#6886,#6887,#6888));
#6885 = ORIENTED_EDGE('',*,*,#6862,.T.);
#6886 = ORIENTED_EDGE('',*,*,#2562,.T.);
#6887 = ORIENTED_EDGE('',*,*,#6811,.F.);
#6888 = ORIENTED_EDGE('',*,*,#6889,.F.);
#6889 = EDGE_CURVE('',#6839,#4256,#6890,.T.);
#6890 = SURFACE_CURVE('',#6891,(#6895,#6902),.PCURVE_S1.);
#6891 = LINE('',#6892,#6893);
#6892 = CARTESIAN_POINT('',(24.,10.499999992113,8.95));
#6893 = VECTOR('',#6894,1.);
#6894 = DIRECTION('',(-0.,-1.,-0.));
#6895 = PCURVE('',#2578,#6896);
#6896 = DEFINITIONAL_REPRESENTATION('',(#6897),#6901);
#6897 = LINE('',#6898,#6899);
#6898 = CARTESIAN_POINT('',(0.,0.));
#6899 = VECTOR('',#6900,1.);
#6900 = DIRECTION('',(0.,1.));
#6901 = ( GEOMETRIC_REPRESENTATION_CONTEXT(2) 
PARAMETRIC_REPRESENTATION_CONTEXT() REPRESENTATION_CONTEXT('2D SPACE',''
  ) );
#6902 = PCURVE('',#4271,#6903);
#6903 = DEFINITIONAL_REPRESENTATION('',(#6904),#6908);
#6904 = LINE('',#6905,#6906);
#6905 = CARTESIAN_POINT('',(20.999999992113,-8.95));
#6906 = VECTOR('',#6907,1.);
#6907 = DIRECTION('',(-1.,0.));
#6908 = ( GEOMETRIC_REPRESENTATION_CONTEXT(2) 
PARAMETRIC_REPRESENTATION_CONTEXT() REPRESENTATION_CONTEXT('2D SPACE',''
  ) );
#6909 = ADVANCED_FACE('',(#6910),#2898,.F.);
#6910 = FACE_BOUND('',#6911,.F.);
#6911 = EDGE_LOOP('',(#6912,#6940,#6961,#6962));
#6912 = ORIENTED_EDGE('',*,*,#6913,.F.);
#6913 = EDGE_CURVE('',#6914,#3301,#6916,.T.);
#6914 = VERTEX_POINT('',#6915);
#6915 = CARTESIAN_POINT('',(-12.7,-19.2,1.8));
#6916 = SURFACE_CURVE('',#6917,(#6922,#6929),.PCURVE_S1.);
#6917 = CIRCLE('',#6918,8.5);
#6918 = AXIS2_PLACEMENT_3D('',#6919,#6920,#6921);
#6919 = CARTESIAN_POINT('',(-12.7,-10.7,1.8));
#6920 = DIRECTION('',(0.,0.,-1.));
#6921 = DIRECTION('',(-1.,0.,0.));
#6922 = PCURVE('',#2898,#6923);
#6923 = DEFINITIONAL_REPRESENTATION('',(#6924),#6928);
#6924 = LINE('',#6925,#6926);
#6925 = CARTESIAN_POINT('',(0.,0.));
#6926 = VECTOR('',#6927,1.);
#6927 = DIRECTION('',(1.,0.));
#6928 = ( GEOMETRIC_REPRESENTATION_CONTEXT(2) 
PARAMETRIC_REPRESENTATION_CONTEXT() REPRESENTATION_CONTEXT('2D SPACE',''
  ) );
#6929 = PCURVE('',#3318,#6930);
#6930 = DEFINITIONAL_REPRESENTATION('',(#6931),#6939);
#6931 = ( BOUNDED_CURVE() B_SPLINE_CURVE(2,(#6932,#6933,#6934,#6935,
#6936,#6937,#6938),.UNSPECIFIED.,.T.,.F.) B_SPLINE_CURVE_WITH_KNOTS((1,2
    ,2,2,2,1),(-2.094395102393,0.,2.094395102393,4.188790204786,
6.28318530718,8.377580409573),.UNSPECIFIED.) CURVE() 
GEOMETRIC_REPRESENTATION_ITEM() RATIONAL_B_SPLINE_CURVE((1.,0.5,1.,0.5,
1.,0.5,1.)) REPRESENTATION_ITEM('') );
#6932 = CARTESIAN_POINT('',(-21.19999999857,-10.69999998361));
#6933 = CARTESIAN_POINT('',(-21.19999999857,4.022431880719));
#6934 = CARTESIAN_POINT('',(-8.449999998575,-3.338784051449));
#6935 = CARTESIAN_POINT('',(4.300000001425,-10.69999998361));
#6936 = CARTESIAN_POINT('',(-8.449999998575,-18.06121591578));
#6937 = CARTESIAN_POINT('',(-21.19999999857,-25.42243184795));
#6938 = CARTESIAN_POINT('',(-21.19999999857,-10.69999998361));
#6939 = ( GEOMETRIC_REPRESENTATION_CONTEXT(2) 
PARAMETRIC_REPRESENTATION_CONTEXT() REPRESENTATION_CONTEXT('2D SPACE',''
  ) );
#6940 = ORIENTED_EDGE('',*,*,#6941,.T.);
#6941 = EDGE_CURVE('',#6914,#2854,#6942,.T.);
#6942 = SURFACE_CURVE('',#6943,(#6947,#6954),.PCURVE_S1.);
#6943 = LINE('',#6944,#6945);
#6944 = CARTESIAN_POINT('',(-12.7,-19.2,1.8));
#6945 = VECTOR('',#6946,1.);
#6946 = DIRECTION('',(0.,0.,1.));
#6947 = PCURVE('',#2898,#6948);
#6948 = DEFINITIONAL_REPRESENTATION('',(#6949),#6953);
#6949 = LINE('',#6950,#6951);
#6950 = CARTESIAN_POINT('',(4.712388980385,0.));
#6951 = VECTOR('',#6952,1.);
#6952 = DIRECTION('',(0.,-1.));
#6953 = ( GEOMETRIC_REPRESENTATION_CONTEXT(2) 
PARAMETRIC_REPRESENTATION_CONTEXT() REPRESENTATION_CONTEXT('2D SPACE',''
  ) );
#6954 = PCURVE('',#2868,#6955);
#6955 = DEFINITIONAL_REPRESENTATION('',(#6956),#6960);
#6956 = LINE('',#6957,#6958);
#6957 = CARTESIAN_POINT('',(0.,0.));
#6958 = VECTOR('',#6959,1.);
#6959 = DIRECTION('',(0.,-1.));
#6960 = ( GEOMETRIC_REPRESENTATION_CONTEXT(2) 
PARAMETRIC_REPRESENTATION_CONTEXT() REPRESENTATION_CONTEXT('2D SPACE',''
  ) );
#6961 = ORIENTED_EDGE('',*,*,#2879,.T.);
#6962 = ORIENTED_EDGE('',*,*,#3330,.F.);
#6963 = ADVANCED_FACE('',(#6964),#2868,.T.);
#6964 = FACE_BOUND('',#6965,.T.);
#6965 = EDGE_LOOP('',(#6966,#6989,#6990,#6991));
#6966 = ORIENTED_EDGE('',*,*,#6967,.F.);
#6967 = EDGE_CURVE('',#6914,#6968,#6970,.T.);
#6968 = VERTEX_POINT('',#6969);
#6969 = CARTESIAN_POINT('',(12.699999991944,-19.2,1.8));
#6970 = SURFACE_CURVE('',#6971,(#6975,#6982),.PCURVE_S1.);
#6971 = LINE('',#6972,#6973);
#6972 = CARTESIAN_POINT('',(0.,-19.2,1.8));
#6973 = VECTOR('',#6974,1.);
#6974 = DIRECTION('',(1.,0.,0.));
#6975 = PCURVE('',#2868,#6976);
#6976 = DEFINITIONAL_REPRESENTATION('',(#6977),#6981);
#6977 = LINE('',#6978,#6979);
#6978 = CARTESIAN_POINT('',(12.7,0.));
#6979 = VECTOR('',#6980,1.);
#6980 = DIRECTION('',(1.,0.));
#6981 = ( GEOMETRIC_REPRESENTATION_CONTEXT(2) 
PARAMETRIC_REPRESENTATION_CONTEXT() REPRESENTATION_CONTEXT('2D SPACE',''
  ) );
#6982 = PCURVE('',#3318,#6983);
#6983 = DEFINITIONAL_REPRESENTATION('',(#6984),#6988);
#6984 = LINE('',#6985,#6986);
#6985 = CARTESIAN_POINT('',(1.425198320616E-09,-19.19999998361));
#6986 = VECTOR('',#6987,1.);
#6987 = DIRECTION('',(1.,0.));
#6988 = ( GEOMETRIC_REPRESENTATION_CONTEXT(2) 
PARAMETRIC_REPRESENTATION_CONTEXT() REPRESENTATION_CONTEXT('2D SPACE',''
  ) );
#6989 = ORIENTED_EDGE('',*,*,#6941,.T.);
#6990 = ORIENTED_EDGE('',*,*,#2853,.F.);
#6991 = ORIENTED_EDGE('',*,*,#6992,.F.);
#6992 = EDGE_CURVE('',#6968,#2821,#6993,.T.);
#6993 = SURFACE_CURVE('',#6994,(#6998,#7005),.PCURVE_S1.);
#6994 = LINE('',#6995,#6996);
#6995 = CARTESIAN_POINT('',(12.699999991944,-19.2,1.8));
#6996 = VECTOR('',#6997,1.);
#6997 = DIRECTION('',(0.,0.,1.));
#6998 = PCURVE('',#2868,#6999);
#6999 = DEFINITIONAL_REPRESENTATION('',(#7000),#7004);
#7000 = LINE('',#7001,#7002);
#7001 = CARTESIAN_POINT('',(25.399999991944,0.));
#7002 = VECTOR('',#7003,1.);
#7003 = DIRECTION('',(0.,-1.));
#7004 = ( GEOMETRIC_REPRESENTATION_CONTEXT(2) 
PARAMETRIC_REPRESENTATION_CONTEXT() REPRESENTATION_CONTEXT('2D SPACE',''
  ) );
#7005 = PCURVE('',#2841,#7006);
#7006 = DEFINITIONAL_REPRESENTATION('',(#7007),#7011);
#7007 = LINE('',#7008,#7009);
#7008 = CARTESIAN_POINT('',(4.712388980385,0.));
#7009 = VECTOR('',#7010,1.);
#7010 = DIRECTION('',(0.,-1.));
#7011 = ( GEOMETRIC_REPRESENTATION_CONTEXT(2) 
PARAMETRIC_REPRESENTATION_CONTEXT() REPRESENTATION_CONTEXT('2D SPACE',''
  ) );
#7012 = ADVANCED_FACE('',(#7013),#2841,.F.);
#7013 = FACE_BOUND('',#7014,.F.);
#7014 = EDGE_LOOP('',(#7015,#7043,#7069,#7102,#7123,#7124));
#7015 = ORIENTED_EDGE('',*,*,#7016,.F.);
#7016 = EDGE_CURVE('',#7017,#6968,#7019,.T.);
#7017 = VERTEX_POINT('',#7018);
#7018 = CARTESIAN_POINT('',(21.15221863559,-11.6,1.8));
#7019 = SURFACE_CURVE('',#7020,(#7025,#7032),.PCURVE_S1.);
#7020 = CIRCLE('',#7021,8.5);
#7021 = AXIS2_PLACEMENT_3D('',#7022,#7023,#7024);
#7022 = CARTESIAN_POINT('',(12.699999991944,-10.7,1.8));
#7023 = DIRECTION('',(0.,0.,-1.));
#7024 = DIRECTION('',(-1.,0.,0.));
#7025 = PCURVE('',#2841,#7026);
#7026 = DEFINITIONAL_REPRESENTATION('',(#7027),#7031);
#7027 = LINE('',#7028,#7029);
#7028 = CARTESIAN_POINT('',(0.,0.));
#7029 = VECTOR('',#7030,1.);
#7030 = DIRECTION('',(1.,0.));
#7031 = ( GEOMETRIC_REPRESENTATION_CONTEXT(2) 
PARAMETRIC_REPRESENTATION_CONTEXT() REPRESENTATION_CONTEXT('2D SPACE',''
  ) );
#7032 = PCURVE('',#3318,#7033);
#7033 = DEFINITIONAL_REPRESENTATION('',(#7034),#7042);
#7034 = ( BOUNDED_CURVE() B_SPLINE_CURVE(2,(#7035,#7036,#7037,#7038,
#7039,#7040,#7041),.UNSPECIFIED.,.T.,.F.) B_SPLINE_CURVE_WITH_KNOTS((1,2
    ,2,2,2,1),(-2.094395102393,0.,2.094395102393,4.188790204786,
6.28318530718,8.377580409573),.UNSPECIFIED.) CURVE() 
GEOMETRIC_REPRESENTATION_ITEM() RATIONAL_B_SPLINE_CURVE((1.,0.5,1.,0.5,
1.,0.5,1.)) REPRESENTATION_ITEM('') );
#7035 = CARTESIAN_POINT('',(4.199999993369,-10.69999998361));
#7036 = CARTESIAN_POINT('',(4.199999993369,4.022431880719));
#7037 = CARTESIAN_POINT('',(16.949999993369,-3.338784051449));
#7038 = CARTESIAN_POINT('',(29.699999993369,-10.69999998361));
#7039 = CARTESIAN_POINT('',(16.949999993369,-18.06121591578));
#7040 = CARTESIAN_POINT('',(4.199999993369,-25.42243184795));
#7041 = CARTESIAN_POINT('',(4.199999993369,-10.69999998361));
#7042 = ( GEOMETRIC_REPRESENTATION_CONTEXT(2) 
PARAMETRIC_REPRESENTATION_CONTEXT() REPRESENTATION_CONTEXT('2D SPACE',''
  ) );
#7043 = ORIENTED_EDGE('',*,*,#7044,.F.);
#7044 = EDGE_CURVE('',#7045,#7017,#7047,.T.);
#7045 = VERTEX_POINT('',#7046);
#7046 = CARTESIAN_POINT('',(21.15221863559,-11.6,6.2));
#7047 = SURFACE_CURVE('',#7048,(#7052,#7058),.PCURVE_S1.);
#7048 = LINE('',#7049,#7050);
#7049 = CARTESIAN_POINT('',(21.15221863559,-11.6,1.8));
#7050 = VECTOR('',#7051,1.);
#7051 = DIRECTION('',(0.,0.,-1.));
#7052 = PCURVE('',#2841,#7053);
#7053 = DEFINITIONAL_REPRESENTATION('',(#7054),#7057);
#7054 = B_SPLINE_CURVE_WITH_KNOTS('',1,(#7055,#7056),.UNSPECIFIED.,.F.,
  .F.,(2,2),(-4.855,5.999999999062E-07),.PIECEWISE_BEZIER_KNOTS.);
#7055 = CARTESIAN_POINT('',(3.247673853813,-4.855));
#7056 = CARTESIAN_POINT('',(3.247673853813,5.999999999062E-07));
#7057 = ( GEOMETRIC_REPRESENTATION_CONTEXT(2) 
PARAMETRIC_REPRESENTATION_CONTEXT() REPRESENTATION_CONTEXT('2D SPACE',''
  ) );
#7058 = PCURVE('',#7059,#7064);
#7059 = PLANE('',#7060);
#7060 = AXIS2_PLACEMENT_3D('',#7061,#7062,#7063);
#7061 = CARTESIAN_POINT('',(20.3,-11.6,1.65));
#7062 = DIRECTION('',(-0.,1.,0.));
#7063 = DIRECTION('',(0.,0.,1.));
#7064 = DEFINITIONAL_REPRESENTATION('',(#7065),#7068);
#7065 = B_SPLINE_CURVE_WITH_KNOTS('',1,(#7066,#7067),.UNSPECIFIED.,.F.,
  .F.,(2,2),(-4.855,5.999999999062E-07),.PIECEWISE_BEZIER_KNOTS.);
#7066 = CARTESIAN_POINT('',(5.005,0.85221863559));
#7067 = CARTESIAN_POINT('',(0.1499994,0.85221863559));
#7068 = ( GEOMETRIC_REPRESENTATION_CONTEXT(2) 
PARAMETRIC_REPRESENTATION_CONTEXT() REPRESENTATION_CONTEXT('2D SPACE',''
  ) );
#7069 = ORIENTED_EDGE('',*,*,#7070,.F.);
#7070 = EDGE_CURVE('',#7071,#7045,#7073,.T.);
#7071 = VERTEX_POINT('',#7072);
#7072 = CARTESIAN_POINT('',(21.199999995972,-10.7,6.2));
#7073 = SURFACE_CURVE('',#7074,(#7079,#7086),.PCURVE_S1.);
#7074 = CIRCLE('',#7075,8.5);
#7075 = AXIS2_PLACEMENT_3D('',#7076,#7077,#7078);
#7076 = CARTESIAN_POINT('',(12.699999991944,-10.7,6.2));
#7077 = DIRECTION('',(0.,0.,-1.));
#7078 = DIRECTION('',(-1.,0.,0.));
#7079 = PCURVE('',#2841,#7080);
#7080 = DEFINITIONAL_REPRESENTATION('',(#7081),#7085);
#7081 = LINE('',#7082,#7083);
#7082 = CARTESIAN_POINT('',(0.,-4.4));
#7083 = VECTOR('',#7084,1.);
#7084 = DIRECTION('',(1.,0.));
#7085 = ( GEOMETRIC_REPRESENTATION_CONTEXT(2) 
PARAMETRIC_REPRESENTATION_CONTEXT() REPRESENTATION_CONTEXT('2D SPACE',''
  ) );
#7086 = PCURVE('',#7087,#7092);
#7087 = PLANE('',#7088);
#7088 = AXIS2_PLACEMENT_3D('',#7089,#7090,#7091);
#7089 = CARTESIAN_POINT('',(20.3,-11.6,6.2));
#7090 = DIRECTION('',(0.,0.,1.));
#7091 = DIRECTION('',(1.,0.,-0.));
#7092 = DEFINITIONAL_REPRESENTATION('',(#7093),#7101);
#7093 = ( BOUNDED_CURVE() B_SPLINE_CURVE(2,(#7094,#7095,#7096,#7097,
#7098,#7099,#7100),.UNSPECIFIED.,.T.,.F.) B_SPLINE_CURVE_WITH_KNOTS((1,2
    ,2,2,2,1),(-2.094395102393,0.,2.094395102393,4.188790204786,
6.28318530718,8.377580409573),.UNSPECIFIED.) CURVE() 
GEOMETRIC_REPRESENTATION_ITEM() RATIONAL_B_SPLINE_CURVE((1.,0.5,1.,0.5,
1.,0.5,1.)) REPRESENTATION_ITEM('') );
#7094 = CARTESIAN_POINT('',(-16.10000000805,0.9));
#7095 = CARTESIAN_POINT('',(-16.10000000805,15.622431864335));
#7096 = CARTESIAN_POINT('',(-3.350000008056,8.261215932168));
#7097 = CARTESIAN_POINT('',(9.399999991944,0.9));
#7098 = CARTESIAN_POINT('',(-3.350000008056,-6.461215932168));
#7099 = CARTESIAN_POINT('',(-16.10000000805,-13.82243186433));
#7100 = CARTESIAN_POINT('',(-16.10000000805,0.9));
#7101 = ( GEOMETRIC_REPRESENTATION_CONTEXT(2) 
PARAMETRIC_REPRESENTATION_CONTEXT() REPRESENTATION_CONTEXT('2D SPACE',''
  ) );
#7102 = ORIENTED_EDGE('',*,*,#7103,.T.);
#7103 = EDGE_CURVE('',#7071,#2795,#7104,.T.);
#7104 = SURFACE_CURVE('',#7105,(#7109,#7116),.PCURVE_S1.);
#7105 = LINE('',#7106,#7107);
#7106 = CARTESIAN_POINT('',(21.199999995972,-10.7,1.8));
#7107 = VECTOR('',#7108,1.);
#7108 = DIRECTION('',(0.,0.,1.));
#7109 = PCURVE('',#2841,#7110);
#7110 = DEFINITIONAL_REPRESENTATION('',(#7111),#7115);
#7111 = LINE('',#7112,#7113);
#7112 = CARTESIAN_POINT('',(3.14159265359,0.));
#7113 = VECTOR('',#7114,1.);
#7114 = DIRECTION('',(0.,-1.));
#7115 = ( GEOMETRIC_REPRESENTATION_CONTEXT(2) 
PARAMETRIC_REPRESENTATION_CONTEXT() REPRESENTATION_CONTEXT('2D SPACE',''
  ) );
#7116 = PCURVE('',#2809,#7117);
#7117 = DEFINITIONAL_REPRESENTATION('',(#7118),#7122);
#7118 = LINE('',#7119,#7120);
#7119 = CARTESIAN_POINT('',(0.,0.));
#7120 = VECTOR('',#7121,1.);
#7121 = DIRECTION('',(0.,-1.));
#7122 = ( GEOMETRIC_REPRESENTATION_CONTEXT(2) 
PARAMETRIC_REPRESENTATION_CONTEXT() REPRESENTATION_CONTEXT('2D SPACE',''
  ) );
#7123 = ORIENTED_EDGE('',*,*,#2820,.T.);
#7124 = ORIENTED_EDGE('',*,*,#6992,.F.);
#7125 = ADVANCED_FACE('',(#7126),#2809,.T.);
#7126 = FACE_BOUND('',#7127,.T.);
#7127 = EDGE_LOOP('',(#7128,#7149,#7150,#7151));
#7128 = ORIENTED_EDGE('',*,*,#7129,.F.);
#7129 = EDGE_CURVE('',#7071,#7130,#7132,.T.);
#7130 = VERTEX_POINT('',#7131);
#7131 = CARTESIAN_POINT('',(21.2,10.699999946586,6.2));
#7132 = SURFACE_CURVE('',#7133,(#7137,#7143),.PCURVE_S1.);
#7133 = LINE('',#7134,#7135);
#7134 = CARTESIAN_POINT('',(21.2,-11.15,6.2));
#7135 = VECTOR('',#7136,1.);
#7136 = DIRECTION('',(0.,1.,-0.));
#7137 = PCURVE('',#2809,#7138);
#7138 = DEFINITIONAL_REPRESENTATION('',(#7139),#7142);
#7139 = B_SPLINE_CURVE_WITH_KNOTS('',1,(#7140,#7141),.UNSPECIFIED.,.F.,
  .F.,(2,2),(0.45,21.849999946586),.PIECEWISE_BEZIER_KNOTS.);
#7140 = CARTESIAN_POINT('',(0.,-4.4));
#7141 = CARTESIAN_POINT('',(21.399999946586,-4.4));
#7142 = ( GEOMETRIC_REPRESENTATION_CONTEXT(2) 
PARAMETRIC_REPRESENTATION_CONTEXT() REPRESENTATION_CONTEXT('2D SPACE',''
  ) );
#7143 = PCURVE('',#7087,#7144);
#7144 = DEFINITIONAL_REPRESENTATION('',(#7145),#7148);
#7145 = B_SPLINE_CURVE_WITH_KNOTS('',1,(#7146,#7147),.UNSPECIFIED.,.F.,
  .F.,(2,2),(0.45,21.849999946586),.PIECEWISE_BEZIER_KNOTS.);
#7146 = CARTESIAN_POINT('',(0.9,0.9));
#7147 = CARTESIAN_POINT('',(0.9,22.299999946586));
#7148 = ( GEOMETRIC_REPRESENTATION_CONTEXT(2) 
PARAMETRIC_REPRESENTATION_CONTEXT() REPRESENTATION_CONTEXT('2D SPACE',''
  ) );
#7149 = ORIENTED_EDGE('',*,*,#7103,.T.);
#7150 = ORIENTED_EDGE('',*,*,#2794,.F.);
#7151 = ORIENTED_EDGE('',*,*,#7152,.F.);
#7152 = EDGE_CURVE('',#7130,#2762,#7153,.T.);
#7153 = SURFACE_CURVE('',#7154,(#7158,#7165),.PCURVE_S1.);
#7154 = LINE('',#7155,#7156);
#7155 = CARTESIAN_POINT('',(21.2,10.699999946586,1.8));
#7156 = VECTOR('',#7157,1.);
#7157 = DIRECTION('',(0.,0.,1.));
#7158 = PCURVE('',#2809,#7159);
#7159 = DEFINITIONAL_REPRESENTATION('',(#7160),#7164);
#7160 = LINE('',#7161,#7162);
#7161 = CARTESIAN_POINT('',(21.399999946586,0.));
#7162 = VECTOR('',#7163,1.);
#7163 = DIRECTION('',(0.,-1.));
#7164 = ( GEOMETRIC_REPRESENTATION_CONTEXT(2) 
PARAMETRIC_REPRESENTATION_CONTEXT() REPRESENTATION_CONTEXT('2D SPACE',''
  ) );
#7165 = PCURVE('',#2782,#7166);
#7166 = DEFINITIONAL_REPRESENTATION('',(#7167),#7171);
#7167 = LINE('',#7168,#7169);
#7168 = CARTESIAN_POINT('',(3.14159265359,0.));
#7169 = VECTOR('',#7170,1.);
#7170 = DIRECTION('',(0.,-1.));
#7171 = ( GEOMETRIC_REPRESENTATION_CONTEXT(2) 
PARAMETRIC_REPRESENTATION_CONTEXT() REPRESENTATION_CONTEXT('2D SPACE',''
  ) );
#7172 = ADVANCED_FACE('',(#7173),#2782,.F.);
#7173 = FACE_BOUND('',#7174,.F.);
#7174 = EDGE_LOOP('',(#7175,#7205,#7226,#7227,#7228,#7256));
#7175 = ORIENTED_EDGE('',*,*,#7176,.F.);
#7176 = EDGE_CURVE('',#7177,#7179,#7181,.T.);
#7177 = VERTEX_POINT('',#7178);
#7178 = CARTESIAN_POINT('',(12.7,19.199999973293,1.8));
#7179 = VERTEX_POINT('',#7180);
#7180 = CARTESIAN_POINT('',(21.152218637959,11.6,1.8));
#7181 = SURFACE_CURVE('',#7182,(#7187,#7194),.PCURVE_S1.);
#7182 = CIRCLE('',#7183,8.5);
#7183 = AXIS2_PLACEMENT_3D('',#7184,#7185,#7186);
#7184 = CARTESIAN_POINT('',(12.7,10.699999946586,1.8));
#7185 = DIRECTION('',(0.,0.,-1.));
#7186 = DIRECTION('',(-1.,0.,0.));
#7187 = PCURVE('',#2782,#7188);
#7188 = DEFINITIONAL_REPRESENTATION('',(#7189),#7193);
#7189 = LINE('',#7190,#7191);
#7190 = CARTESIAN_POINT('',(0.,0.));
#7191 = VECTOR('',#7192,1.);
#7192 = DIRECTION('',(1.,0.));
#7193 = ( GEOMETRIC_REPRESENTATION_CONTEXT(2) 
PARAMETRIC_REPRESENTATION_CONTEXT() REPRESENTATION_CONTEXT('2D SPACE',''
  ) );
#7194 = PCURVE('',#3318,#7195);
#7195 = DEFINITIONAL_REPRESENTATION('',(#7196),#7204);
#7196 = ( BOUNDED_CURVE() B_SPLINE_CURVE(2,(#7197,#7198,#7199,#7200,
#7201,#7202,#7203),.UNSPECIFIED.,.T.,.F.) B_SPLINE_CURVE_WITH_KNOTS((1,2
    ,2,2,2,1),(-2.094395102393,0.,2.094395102393,4.188790204786,
6.28318530718,8.377580409573),.UNSPECIFIED.) CURVE() 
GEOMETRIC_REPRESENTATION_ITEM() RATIONAL_B_SPLINE_CURVE((1.,0.5,1.,0.5,
1.,0.5,1.)) REPRESENTATION_ITEM('') );
#7197 = CARTESIAN_POINT('',(4.200000001425,10.699999962969));
#7198 = CARTESIAN_POINT('',(4.200000001425,25.422431827305));
#7199 = CARTESIAN_POINT('',(16.950000001425,18.061215895137));
#7200 = CARTESIAN_POINT('',(29.700000001425,10.699999962969));
#7201 = CARTESIAN_POINT('',(16.950000001425,3.338784030801));
#7202 = CARTESIAN_POINT('',(4.200000001425,-4.022431901366));
#7203 = CARTESIAN_POINT('',(4.200000001425,10.699999962969));
#7204 = ( GEOMETRIC_REPRESENTATION_CONTEXT(2) 
PARAMETRIC_REPRESENTATION_CONTEXT() REPRESENTATION_CONTEXT('2D SPACE',''
  ) );
#7205 = ORIENTED_EDGE('',*,*,#7206,.T.);
#7206 = EDGE_CURVE('',#7177,#2736,#7207,.T.);
#7207 = SURFACE_CURVE('',#7208,(#7212,#7219),.PCURVE_S1.);
#7208 = LINE('',#7209,#7210);
#7209 = CARTESIAN_POINT('',(12.7,19.199999973293,1.8));
#7210 = VECTOR('',#7211,1.);
#7211 = DIRECTION('',(0.,0.,1.));
#7212 = PCURVE('',#2782,#7213);
#7213 = DEFINITIONAL_REPRESENTATION('',(#7214),#7218);
#7214 = LINE('',#7215,#7216);
#7215 = CARTESIAN_POINT('',(1.570796326795,0.));
#7216 = VECTOR('',#7217,1.);
#7217 = DIRECTION('',(0.,-1.));
#7218 = ( GEOMETRIC_REPRESENTATION_CONTEXT(2) 
PARAMETRIC_REPRESENTATION_CONTEXT() REPRESENTATION_CONTEXT('2D SPACE',''
  ) );
#7219 = PCURVE('',#2750,#7220);
#7220 = DEFINITIONAL_REPRESENTATION('',(#7221),#7225);
#7221 = LINE('',#7222,#7223);
#7222 = CARTESIAN_POINT('',(25.4,0.));
#7223 = VECTOR('',#7224,1.);
#7224 = DIRECTION('',(0.,-1.));
#7225 = ( GEOMETRIC_REPRESENTATION_CONTEXT(2) 
PARAMETRIC_REPRESENTATION_CONTEXT() REPRESENTATION_CONTEXT('2D SPACE',''
  ) );
#7226 = ORIENTED_EDGE('',*,*,#2761,.T.);
#7227 = ORIENTED_EDGE('',*,*,#7152,.F.);
#7228 = ORIENTED_EDGE('',*,*,#7229,.F.);
#7229 = EDGE_CURVE('',#7230,#7130,#7232,.T.);
#7230 = VERTEX_POINT('',#7231);
#7231 = CARTESIAN_POINT('',(21.152218637959,11.6,6.2));
#7232 = SURFACE_CURVE('',#7233,(#7238,#7245),.PCURVE_S1.);
#7233 = CIRCLE('',#7234,8.5);
#7234 = AXIS2_PLACEMENT_3D('',#7235,#7236,#7237);
#7235 = CARTESIAN_POINT('',(12.7,10.699999946586,6.2));
#7236 = DIRECTION('',(0.,0.,-1.));
#7237 = DIRECTION('',(-1.,0.,0.));
#7238 = PCURVE('',#2782,#7239);
#7239 = DEFINITIONAL_REPRESENTATION('',(#7240),#7244);
#7240 = LINE('',#7241,#7242);
#7241 = CARTESIAN_POINT('',(0.,-4.4));
#7242 = VECTOR('',#7243,1.);
#7243 = DIRECTION('',(1.,0.));
#7244 = ( GEOMETRIC_REPRESENTATION_CONTEXT(2) 
PARAMETRIC_REPRESENTATION_CONTEXT() REPRESENTATION_CONTEXT('2D SPACE',''
  ) );
#7245 = PCURVE('',#7087,#7246);
#7246 = DEFINITIONAL_REPRESENTATION('',(#7247),#7255);
#7247 = ( BOUNDED_CURVE() B_SPLINE_CURVE(2,(#7248,#7249,#7250,#7251,
#7252,#7253,#7254),.UNSPECIFIED.,.T.,.F.) B_SPLINE_CURVE_WITH_KNOTS((1,2
    ,2,2,2,1),(-2.094395102393,0.,2.094395102393,4.188790204786,
6.28318530718,8.377580409573),.UNSPECIFIED.) CURVE() 
GEOMETRIC_REPRESENTATION_ITEM() RATIONAL_B_SPLINE_CURVE((1.,0.5,1.,0.5,
1.,0.5,1.)) REPRESENTATION_ITEM('') );
#7248 = CARTESIAN_POINT('',(-16.1,22.299999946586));
#7249 = CARTESIAN_POINT('',(-16.1,37.022431810921));
#7250 = CARTESIAN_POINT('',(-3.35,29.661215878754));
#7251 = CARTESIAN_POINT('',(9.4,22.299999946586));
#7252 = CARTESIAN_POINT('',(-3.35,14.938784014418));
#7253 = CARTESIAN_POINT('',(-16.1,7.57756808225));
#7254 = CARTESIAN_POINT('',(-16.1,22.299999946586));
#7255 = ( GEOMETRIC_REPRESENTATION_CONTEXT(2) 
PARAMETRIC_REPRESENTATION_CONTEXT() REPRESENTATION_CONTEXT('2D SPACE',''
  ) );
#7256 = ORIENTED_EDGE('',*,*,#7257,.T.);
#7257 = EDGE_CURVE('',#7230,#7179,#7258,.T.);
#7258 = SURFACE_CURVE('',#7259,(#7263,#7269),.PCURVE_S1.);
#7259 = LINE('',#7260,#7261);
#7260 = CARTESIAN_POINT('',(21.152218637959,11.6,1.8));
#7261 = VECTOR('',#7262,1.);
#7262 = DIRECTION('',(0.,0.,-1.));
#7263 = PCURVE('',#2782,#7264);
#7264 = DEFINITIONAL_REPRESENTATION('',(#7265),#7268);
#7265 = B_SPLINE_CURVE_WITH_KNOTS('',1,(#7266,#7267),.UNSPECIFIED.,.F.,
  .F.,(2,2),(-4.855,5.999999999062E-07),.PIECEWISE_BEZIER_KNOTS.);
#7266 = CARTESIAN_POINT('',(3.035511447047,-4.855));
#7267 = CARTESIAN_POINT('',(3.035511447047,5.999999999062E-07));
#7268 = ( GEOMETRIC_REPRESENTATION_CONTEXT(2) 
PARAMETRIC_REPRESENTATION_CONTEXT() REPRESENTATION_CONTEXT('2D SPACE',''
  ) );
#7269 = PCURVE('',#7270,#7275);
#7270 = PLANE('',#7271);
#7271 = AXIS2_PLACEMENT_3D('',#7272,#7273,#7274);
#7272 = CARTESIAN_POINT('',(20.3,11.6,1.65));
#7273 = DIRECTION('',(-0.,1.,0.));
#7274 = DIRECTION('',(0.,0.,1.));
#7275 = DEFINITIONAL_REPRESENTATION('',(#7276),#7279);
#7276 = B_SPLINE_CURVE_WITH_KNOTS('',1,(#7277,#7278),.UNSPECIFIED.,.F.,
  .F.,(2,2),(-4.855,5.999999999062E-07),.PIECEWISE_BEZIER_KNOTS.);
#7277 = CARTESIAN_POINT('',(5.005,0.852218637959));
#7278 = CARTESIAN_POINT('',(0.1499994,0.852218637959));
#7279 = ( GEOMETRIC_REPRESENTATION_CONTEXT(2) 
PARAMETRIC_REPRESENTATION_CONTEXT() REPRESENTATION_CONTEXT('2D SPACE',''
  ) );
#7280 = ADVANCED_FACE('',(#7281),#2750,.F.);
#7281 = FACE_BOUND('',#7282,.F.);
#7282 = EDGE_LOOP('',(#7283,#7306,#7327,#7328));
#7283 = ORIENTED_EDGE('',*,*,#7284,.F.);
#7284 = EDGE_CURVE('',#7285,#7177,#7287,.T.);
#7285 = VERTEX_POINT('',#7286);
#7286 = CARTESIAN_POINT('',(-12.7,19.199999973293,1.8));
#7287 = SURFACE_CURVE('',#7288,(#7292,#7299),.PCURVE_S1.);
#7288 = LINE('',#7289,#7290);
#7289 = CARTESIAN_POINT('',(0.,19.2,1.8));
#7290 = VECTOR('',#7291,1.);
#7291 = DIRECTION('',(1.,0.,0.));
#7292 = PCURVE('',#2750,#7293);
#7293 = DEFINITIONAL_REPRESENTATION('',(#7294),#7298);
#7294 = LINE('',#7295,#7296);
#7295 = CARTESIAN_POINT('',(12.7,0.));
#7296 = VECTOR('',#7297,1.);
#7297 = DIRECTION('',(1.,0.));
#7298 = ( GEOMETRIC_REPRESENTATION_CONTEXT(2) 
PARAMETRIC_REPRESENTATION_CONTEXT() REPRESENTATION_CONTEXT('2D SPACE',''
  ) );
#7299 = PCURVE('',#3318,#7300);
#7300 = DEFINITIONAL_REPRESENTATION('',(#7301),#7305);
#7301 = LINE('',#7302,#7303);
#7302 = CARTESIAN_POINT('',(1.425198320616E-09,19.200000016383));
#7303 = VECTOR('',#7304,1.);
#7304 = DIRECTION('',(1.,0.));
#7305 = ( GEOMETRIC_REPRESENTATION_CONTEXT(2) 
PARAMETRIC_REPRESENTATION_CONTEXT() REPRESENTATION_CONTEXT('2D SPACE',''
  ) );
#7306 = ORIENTED_EDGE('',*,*,#7307,.T.);
#7307 = EDGE_CURVE('',#7285,#2703,#7308,.T.);
#7308 = SURFACE_CURVE('',#7309,(#7313,#7320),.PCURVE_S1.);
#7309 = LINE('',#7310,#7311);
#7310 = CARTESIAN_POINT('',(-12.7,19.199999973293,1.8));
#7311 = VECTOR('',#7312,1.);
#7312 = DIRECTION('',(0.,0.,1.));
#7313 = PCURVE('',#2750,#7314);
#7314 = DEFINITIONAL_REPRESENTATION('',(#7315),#7319);
#7315 = LINE('',#7316,#7317);
#7316 = CARTESIAN_POINT('',(0.,0.));
#7317 = VECTOR('',#7318,1.);
#7318 = DIRECTION('',(0.,-1.));
#7319 = ( GEOMETRIC_REPRESENTATION_CONTEXT(2) 
PARAMETRIC_REPRESENTATION_CONTEXT() REPRESENTATION_CONTEXT('2D SPACE',''
  ) );
#7320 = PCURVE('',#2723,#7321);
#7321 = DEFINITIONAL_REPRESENTATION('',(#7322),#7326);
#7322 = LINE('',#7323,#7324);
#7323 = CARTESIAN_POINT('',(1.570796326795,0.));
#7324 = VECTOR('',#7325,1.);
#7325 = DIRECTION('',(0.,-1.));
#7326 = ( GEOMETRIC_REPRESENTATION_CONTEXT(2) 
PARAMETRIC_REPRESENTATION_CONTEXT() REPRESENTATION_CONTEXT('2D SPACE',''
  ) );
#7327 = ORIENTED_EDGE('',*,*,#2735,.F.);
#7328 = ORIENTED_EDGE('',*,*,#7206,.F.);
#7329 = ADVANCED_FACE('',(#7330),#2723,.F.);
#7330 = FACE_BOUND('',#7331,.F.);
#7331 = EDGE_LOOP('',(#7332,#7358,#7359,#7360));
#7332 = ORIENTED_EDGE('',*,*,#7333,.F.);
#7333 = EDGE_CURVE('',#3303,#7285,#7334,.T.);
#7334 = SURFACE_CURVE('',#7335,(#7340,#7347),.PCURVE_S1.);
#7335 = CIRCLE('',#7336,8.5);
#7336 = AXIS2_PLACEMENT_3D('',#7337,#7338,#7339);
#7337 = CARTESIAN_POINT('',(-12.7,10.699999946586,1.8));
#7338 = DIRECTION('',(0.,0.,-1.));
#7339 = DIRECTION('',(-1.,0.,0.));
#7340 = PCURVE('',#2723,#7341);
#7341 = DEFINITIONAL_REPRESENTATION('',(#7342),#7346);
#7342 = LINE('',#7343,#7344);
#7343 = CARTESIAN_POINT('',(0.,0.));
#7344 = VECTOR('',#7345,1.);
#7345 = DIRECTION('',(1.,0.));
#7346 = ( GEOMETRIC_REPRESENTATION_CONTEXT(2) 
PARAMETRIC_REPRESENTATION_CONTEXT() REPRESENTATION_CONTEXT('2D SPACE',''
  ) );
#7347 = PCURVE('',#3318,#7348);
#7348 = DEFINITIONAL_REPRESENTATION('',(#7349),#7357);
#7349 = ( BOUNDED_CURVE() B_SPLINE_CURVE(2,(#7350,#7351,#7352,#7353,
#7354,#7355,#7356),.UNSPECIFIED.,.T.,.F.) B_SPLINE_CURVE_WITH_KNOTS((1,2
    ,2,2,2,1),(-2.094395102393,0.,2.094395102393,4.188790204786,
6.28318530718,8.377580409573),.UNSPECIFIED.) CURVE() 
GEOMETRIC_REPRESENTATION_ITEM() RATIONAL_B_SPLINE_CURVE((1.,0.5,1.,0.5,
1.,0.5,1.)) REPRESENTATION_ITEM('') );
#7350 = CARTESIAN_POINT('',(-21.19999999857,10.699999962969));
#7351 = CARTESIAN_POINT('',(-21.19999999857,25.422431827305));
#7352 = CARTESIAN_POINT('',(-8.449999998575,18.061215895137));
#7353 = CARTESIAN_POINT('',(4.300000001425,10.699999962969));
#7354 = CARTESIAN_POINT('',(-8.449999998575,3.338784030801));
#7355 = CARTESIAN_POINT('',(-21.19999999857,-4.022431901366));
#7356 = CARTESIAN_POINT('',(-21.19999999857,10.699999962969));
#7357 = ( GEOMETRIC_REPRESENTATION_CONTEXT(2) 
PARAMETRIC_REPRESENTATION_CONTEXT() REPRESENTATION_CONTEXT('2D SPACE',''
  ) );
#7358 = ORIENTED_EDGE('',*,*,#3352,.T.);
#7359 = ORIENTED_EDGE('',*,*,#2702,.T.);
#7360 = ORIENTED_EDGE('',*,*,#7307,.F.);
#7361 = ADVANCED_FACE('',(#7362),#3223,.T.);
#7362 = FACE_BOUND('',#7363,.T.);
#7363 = EDGE_LOOP('',(#7364,#7365,#7366,#7367,#7393,#7394,#7395,#7396,
    #7397));
#7364 = ORIENTED_EDGE('',*,*,#5658,.F.);
#7365 = ORIENTED_EDGE('',*,*,#5740,.T.);
#7366 = ORIENTED_EDGE('',*,*,#3208,.T.);
#7367 = ORIENTED_EDGE('',*,*,#7368,.T.);
#7368 = EDGE_CURVE('',#3181,#5078,#7369,.T.);
#7369 = SURFACE_CURVE('',#7370,(#7375,#7386),.PCURVE_S1.);
#7370 = CIRCLE('',#7371,11.5);
#7371 = AXIS2_PLACEMENT_3D('',#7372,#7373,#7374);
#7372 = CARTESIAN_POINT('',(12.5,10.499999992113,4.6));
#7373 = DIRECTION('',(0.,0.,-1.));
#7374 = DIRECTION('',(-1.,0.,0.));
#7375 = PCURVE('',#3223,#7376);
#7376 = DEFINITIONAL_REPRESENTATION('',(#7377),#7385);
#7377 = ( BOUNDED_CURVE() B_SPLINE_CURVE(2,(#7378,#7379,#7380,#7381,
#7382,#7383,#7384),.UNSPECIFIED.,.T.,.F.) B_SPLINE_CURVE_WITH_KNOTS((1,2
    ,2,2,2,1),(-2.094395102393,0.,2.094395102393,4.188790204786,
6.28318530718,8.377580409573),.UNSPECIFIED.) CURVE() 
GEOMETRIC_REPRESENTATION_ITEM() RATIONAL_B_SPLINE_CURVE((1.,0.5,1.,0.5,
1.,0.5,1.)) REPRESENTATION_ITEM('') );
#7378 = CARTESIAN_POINT('',(-10.69999999423,-15.30000000788));
#7379 = CARTESIAN_POINT('',(-10.69999999423,4.618584279155));
#7380 = CARTESIAN_POINT('',(6.550000005763,-5.340707864366));
#7381 = CARTESIAN_POINT('',(23.800000005763,-15.30000000788));
#7382 = CARTESIAN_POINT('',(6.550000005763,-25.2592921514));
#7383 = CARTESIAN_POINT('',(-10.69999999423,-35.21858429492));
#7384 = CARTESIAN_POINT('',(-10.69999999423,-15.30000000788));
#7385 = ( GEOMETRIC_REPRESENTATION_CONTEXT(2) 
PARAMETRIC_REPRESENTATION_CONTEXT() REPRESENTATION_CONTEXT('2D SPACE',''
  ) );
#7386 = PCURVE('',#3196,#7387);
#7387 = DEFINITIONAL_REPRESENTATION('',(#7388),#7392);
#7388 = LINE('',#7389,#7390);
#7389 = CARTESIAN_POINT('',(0.,-4.6));
#7390 = VECTOR('',#7391,1.);
#7391 = DIRECTION('',(1.,0.));
#7392 = ( GEOMETRIC_REPRESENTATION_CONTEXT(2) 
PARAMETRIC_REPRESENTATION_CONTEXT() REPRESENTATION_CONTEXT('2D SPACE',''
  ) );
#7393 = ORIENTED_EDGE('',*,*,#5098,.T.);
#7394 = ORIENTED_EDGE('',*,*,#5148,.T.);
#7395 = ORIENTED_EDGE('',*,*,#5372,.T.);
#7396 = ORIENTED_EDGE('',*,*,#5443,.F.);
#7397 = ORIENTED_EDGE('',*,*,#5471,.T.);
#7398 = ADVANCED_FACE('',(#7399),#3196,.T.);
#7399 = FACE_BOUND('',#7400,.T.);
#7400 = EDGE_LOOP('',(#7401,#7402,#7403,#7404,#7425,#7426));
#7401 = ORIENTED_EDGE('',*,*,#7368,.F.);
#7402 = ORIENTED_EDGE('',*,*,#3180,.T.);
#7403 = ORIENTED_EDGE('',*,*,#6838,.T.);
#7404 = ORIENTED_EDGE('',*,*,#7405,.F.);
#7405 = EDGE_CURVE('',#4921,#6839,#7406,.T.);
#7406 = SURFACE_CURVE('',#7407,(#7411,#7418),.PCURVE_S1.);
#7407 = LINE('',#7408,#7409);
#7408 = CARTESIAN_POINT('',(24.,10.499999992113,0.));
#7409 = VECTOR('',#7410,1.);
#7410 = DIRECTION('',(0.,0.,1.));
#7411 = PCURVE('',#3196,#7412);
#7412 = DEFINITIONAL_REPRESENTATION('',(#7413),#7417);
#7413 = LINE('',#7414,#7415);
#7414 = CARTESIAN_POINT('',(3.14159265359,0.));
#7415 = VECTOR('',#7416,1.);
#7416 = DIRECTION('',(0.,-1.));
#7417 = ( GEOMETRIC_REPRESENTATION_CONTEXT(2) 
PARAMETRIC_REPRESENTATION_CONTEXT() REPRESENTATION_CONTEXT('2D SPACE',''
  ) );
#7418 = PCURVE('',#4271,#7419);
#7419 = DEFINITIONAL_REPRESENTATION('',(#7420),#7424);
#7420 = LINE('',#7421,#7422);
#7421 = CARTESIAN_POINT('',(20.999999992113,0.));
#7422 = VECTOR('',#7423,1.);
#7423 = DIRECTION('',(0.,-1.));
#7424 = ( GEOMETRIC_REPRESENTATION_CONTEXT(2) 
PARAMETRIC_REPRESENTATION_CONTEXT() REPRESENTATION_CONTEXT('2D SPACE',''
  ) );
#7425 = ORIENTED_EDGE('',*,*,#5048,.F.);
#7426 = ORIENTED_EDGE('',*,*,#5077,.F.);
#7427 = ADVANCED_FACE('',(#7428,#8048,#8079,#8110,#8141,#8172,#8203),
  #3318,.T.);
#7428 = FACE_BOUND('',#7429,.T.);
#7429 = EDGE_LOOP('',(#7430,#7431,#7432,#7433,#7434,#7455,#7481,#7507,
    #7533,#7559,#7585,#7618,#7644,#7673,#7697,#7730,#7756,#7789,#7818,
    #7842,#7868,#7901,#7922,#7948,#7974,#8000,#8026,#8045,#8046,#8047));
#7430 = ORIENTED_EDGE('',*,*,#3300,.F.);
#7431 = ORIENTED_EDGE('',*,*,#6913,.F.);
#7432 = ORIENTED_EDGE('',*,*,#6967,.T.);
#7433 = ORIENTED_EDGE('',*,*,#7016,.F.);
#7434 = ORIENTED_EDGE('',*,*,#7435,.T.);
#7435 = EDGE_CURVE('',#7017,#7436,#7438,.T.);
#7436 = VERTEX_POINT('',#7437);
#7437 = CARTESIAN_POINT('',(20.4,-11.6,1.8));
#7438 = SURFACE_CURVE('',#7439,(#7443,#7449),.PCURVE_S1.);
#7439 = LINE('',#7440,#7441);
#7440 = CARTESIAN_POINT('',(10.149999999287,-11.6,1.8));
#7441 = VECTOR('',#7442,1.);
#7442 = DIRECTION('',(-1.,-0.,0.));
#7443 = PCURVE('',#3318,#7444);
#7444 = DEFINITIONAL_REPRESENTATION('',(#7445),#7448);
#7445 = B_SPLINE_CURVE_WITH_KNOTS('',1,(#7446,#7447),.UNSPECIFIED.,.F.,
  .F.,(2,2),(-11.05000000071,-10.15000000071),.PIECEWISE_BEZIER_KNOTS.);
#7446 = CARTESIAN_POINT('',(21.200000001425,-11.59999998361));
#7447 = CARTESIAN_POINT('',(20.300000001425,-11.59999998361));
#7448 = ( GEOMETRIC_REPRESENTATION_CONTEXT(2) 
PARAMETRIC_REPRESENTATION_CONTEXT() REPRESENTATION_CONTEXT('2D SPACE',''
  ) );
#7449 = PCURVE('',#7059,#7450);
#7450 = DEFINITIONAL_REPRESENTATION('',(#7451),#7454);
#7451 = B_SPLINE_CURVE_WITH_KNOTS('',1,(#7452,#7453),.UNSPECIFIED.,.F.,
  .F.,(2,2),(-11.05000000071,-10.15000000071),.PIECEWISE_BEZIER_KNOTS.);
#7452 = CARTESIAN_POINT('',(0.15,0.9));
#7453 = CARTESIAN_POINT('',(0.15,0.));
#7454 = ( GEOMETRIC_REPRESENTATION_CONTEXT(2) 
PARAMETRIC_REPRESENTATION_CONTEXT() REPRESENTATION_CONTEXT('2D SPACE',''
  ) );
#7455 = ORIENTED_EDGE('',*,*,#7456,.F.);
#7456 = EDGE_CURVE('',#7457,#7436,#7459,.T.);
#7457 = VERTEX_POINT('',#7458);
#7458 = CARTESIAN_POINT('',(20.4,-12.7,1.8));
#7459 = SURFACE_CURVE('',#7460,(#7464,#7470),.PCURVE_S1.);
#7460 = LINE('',#7461,#7462);
#7461 = CARTESIAN_POINT('',(20.4,-6.350000008192,1.8));
#7462 = VECTOR('',#7463,1.);
#7463 = DIRECTION('',(-0.,1.,0.));
#7464 = PCURVE('',#3318,#7465);
#7465 = DEFINITIONAL_REPRESENTATION('',(#7466),#7469);
#7466 = B_SPLINE_CURVE_WITH_KNOTS('',1,(#7467,#7468),.UNSPECIFIED.,.F.,
  .F.,(2,2),(-6.349999991808,-5.149999991808),.PIECEWISE_BEZIER_KNOTS.);
#7467 = CARTESIAN_POINT('',(20.400000001425,-12.69999998361));
#7468 = CARTESIAN_POINT('',(20.400000001425,-11.49999998361));
#7469 = ( GEOMETRIC_REPRESENTATION_CONTEXT(2) 
PARAMETRIC_REPRESENTATION_CONTEXT() REPRESENTATION_CONTEXT('2D SPACE',''
  ) );
#7470 = PCURVE('',#7471,#7476);
#7471 = PLANE('',#7472);
#7472 = AXIS2_PLACEMENT_3D('',#7473,#7474,#7475);
#7473 = CARTESIAN_POINT('',(20.4,-12.7,1.65));
#7474 = DIRECTION('',(1.,0.,-0.));
#7475 = DIRECTION('',(0.,0.,1.));
#7476 = DEFINITIONAL_REPRESENTATION('',(#7477),#7480);
#7477 = B_SPLINE_CURVE_WITH_KNOTS('',1,(#7478,#7479),.UNSPECIFIED.,.F.,
  .F.,(2,2),(-6.349999991808,-5.149999991808),.PIECEWISE_BEZIER_KNOTS.);
#7478 = CARTESIAN_POINT('',(0.15,0.));
#7479 = CARTESIAN_POINT('',(0.15,-1.2));
#7480 = ( GEOMETRIC_REPRESENTATION_CONTEXT(2) 
PARAMETRIC_REPRESENTATION_CONTEXT() REPRESENTATION_CONTEXT('2D SPACE',''
  ) );
#7481 = ORIENTED_EDGE('',*,*,#7482,.T.);
#7482 = EDGE_CURVE('',#7457,#7483,#7485,.T.);
#7483 = VERTEX_POINT('',#7484);
#7484 = CARTESIAN_POINT('',(6.,-12.7,1.8));
#7485 = SURFACE_CURVE('',#7486,(#7490,#7496),.PCURVE_S1.);
#7486 = LINE('',#7487,#7488);
#7487 = CARTESIAN_POINT('',(2.999999999287,-12.7,1.8));
#7488 = VECTOR('',#7489,1.);
#7489 = DIRECTION('',(-1.,-0.,0.));
#7490 = PCURVE('',#3318,#7491);
#7491 = DEFINITIONAL_REPRESENTATION('',(#7492),#7495);
#7492 = B_SPLINE_CURVE_WITH_KNOTS('',1,(#7493,#7494),.UNSPECIFIED.,.F.,
  .F.,(2,2),(-17.40000000071,-3.000000000713),.PIECEWISE_BEZIER_KNOTS.);
#7493 = CARTESIAN_POINT('',(20.400000001425,-12.69999998361));
#7494 = CARTESIAN_POINT('',(6.000000001425,-12.69999998361));
#7495 = ( GEOMETRIC_REPRESENTATION_CONTEXT(2) 
PARAMETRIC_REPRESENTATION_CONTEXT() REPRESENTATION_CONTEXT('2D SPACE',''
  ) );
#7496 = PCURVE('',#7497,#7502);
#7497 = PLANE('',#7498);
#7498 = AXIS2_PLACEMENT_3D('',#7499,#7500,#7501);
#7499 = CARTESIAN_POINT('',(6.,-12.7,1.65));
#7500 = DIRECTION('',(-0.,1.,0.));
#7501 = DIRECTION('',(0.,0.,1.));
#7502 = DEFINITIONAL_REPRESENTATION('',(#7503),#7506);
#7503 = B_SPLINE_CURVE_WITH_KNOTS('',1,(#7504,#7505),.UNSPECIFIED.,.F.,
  .F.,(2,2),(-17.40000000071,-3.000000000713),.PIECEWISE_BEZIER_KNOTS.);
#7504 = CARTESIAN_POINT('',(0.15,14.4));
#7505 = CARTESIAN_POINT('',(0.15,0.));
#7506 = ( GEOMETRIC_REPRESENTATION_CONTEXT(2) 
PARAMETRIC_REPRESENTATION_CONTEXT() REPRESENTATION_CONTEXT('2D SPACE',''
  ) );
#7507 = ORIENTED_EDGE('',*,*,#7508,.T.);
#7508 = EDGE_CURVE('',#7483,#7509,#7511,.T.);
#7509 = VERTEX_POINT('',#7510);
#7510 = CARTESIAN_POINT('',(6.,-11.6,1.8));
#7511 = SURFACE_CURVE('',#7512,(#7516,#7522),.PCURVE_S1.);
#7512 = LINE('',#7513,#7514);
#7513 = CARTESIAN_POINT('',(6.,-6.350000008192,1.8));
#7514 = VECTOR('',#7515,1.);
#7515 = DIRECTION('',(-0.,1.,0.));
#7516 = PCURVE('',#3318,#7517);
#7517 = DEFINITIONAL_REPRESENTATION('',(#7518),#7521);
#7518 = B_SPLINE_CURVE_WITH_KNOTS('',1,(#7519,#7520),.UNSPECIFIED.,.F.,
  .F.,(2,2),(-6.349999991808,-5.149999991808),.PIECEWISE_BEZIER_KNOTS.);
#7519 = CARTESIAN_POINT('',(6.000000001425,-12.69999998361));
#7520 = CARTESIAN_POINT('',(6.000000001425,-11.49999998361));
#7521 = ( GEOMETRIC_REPRESENTATION_CONTEXT(2) 
PARAMETRIC_REPRESENTATION_CONTEXT() REPRESENTATION_CONTEXT('2D SPACE',''
  ) );
#7522 = PCURVE('',#7523,#7528);
#7523 = PLANE('',#7524);
#7524 = AXIS2_PLACEMENT_3D('',#7525,#7526,#7527);
#7525 = CARTESIAN_POINT('',(6.,-12.7,1.65));
#7526 = DIRECTION('',(1.,0.,-0.));
#7527 = DIRECTION('',(0.,0.,1.));
#7528 = DEFINITIONAL_REPRESENTATION('',(#7529),#7532);
#7529 = B_SPLINE_CURVE_WITH_KNOTS('',1,(#7530,#7531),.UNSPECIFIED.,.F.,
  .F.,(2,2),(-6.349999991808,-5.149999991808),.PIECEWISE_BEZIER_KNOTS.);
#7530 = CARTESIAN_POINT('',(0.15,0.));
#7531 = CARTESIAN_POINT('',(0.15,-1.2));
#7532 = ( GEOMETRIC_REPRESENTATION_CONTEXT(2) 
PARAMETRIC_REPRESENTATION_CONTEXT() REPRESENTATION_CONTEXT('2D SPACE',''
  ) );
#7533 = ORIENTED_EDGE('',*,*,#7534,.T.);
#7534 = EDGE_CURVE('',#7509,#7535,#7537,.T.);
#7535 = VERTEX_POINT('',#7536);
#7536 = CARTESIAN_POINT('',(4.9,-11.6,1.8));
#7537 = SURFACE_CURVE('',#7538,(#7542,#7548),.PCURVE_S1.);
#7538 = LINE('',#7539,#7540);
#7539 = CARTESIAN_POINT('',(2.449999999287,-11.6,1.8));
#7540 = VECTOR('',#7541,1.);
#7541 = DIRECTION('',(-1.,-0.,0.));
#7542 = PCURVE('',#3318,#7543);
#7543 = DEFINITIONAL_REPRESENTATION('',(#7544),#7547);
#7544 = B_SPLINE_CURVE_WITH_KNOTS('',1,(#7545,#7546),.UNSPECIFIED.,.F.,
  .F.,(2,2),(-3.650000000713,-2.450000000713),.PIECEWISE_BEZIER_KNOTS.);
#7545 = CARTESIAN_POINT('',(6.100000001425,-11.59999998361));
#7546 = CARTESIAN_POINT('',(4.900000001425,-11.59999998361));
#7547 = ( GEOMETRIC_REPRESENTATION_CONTEXT(2) 
PARAMETRIC_REPRESENTATION_CONTEXT() REPRESENTATION_CONTEXT('2D SPACE',''
  ) );
#7548 = PCURVE('',#7549,#7554);
#7549 = PLANE('',#7550);
#7550 = AXIS2_PLACEMENT_3D('',#7551,#7552,#7553);
#7551 = CARTESIAN_POINT('',(4.9,-11.6,1.65));
#7552 = DIRECTION('',(-0.,1.,0.));
#7553 = DIRECTION('',(0.,0.,1.));
#7554 = DEFINITIONAL_REPRESENTATION('',(#7555),#7558);
#7555 = B_SPLINE_CURVE_WITH_KNOTS('',1,(#7556,#7557),.UNSPECIFIED.,.F.,
  .F.,(2,2),(-3.650000000713,-2.450000000713),.PIECEWISE_BEZIER_KNOTS.);
#7556 = CARTESIAN_POINT('',(0.15,1.2));
#7557 = CARTESIAN_POINT('',(0.15,0.));
#7558 = ( GEOMETRIC_REPRESENTATION_CONTEXT(2) 
PARAMETRIC_REPRESENTATION_CONTEXT() REPRESENTATION_CONTEXT('2D SPACE',''
  ) );
#7559 = ORIENTED_EDGE('',*,*,#7560,.T.);
#7560 = EDGE_CURVE('',#7535,#7561,#7563,.T.);
#7561 = VERTEX_POINT('',#7562);
#7562 = CARTESIAN_POINT('',(4.9,-3.3524977425,1.8));
#7563 = SURFACE_CURVE('',#7564,(#7568,#7574),.PCURVE_S1.);
#7564 = LINE('',#7565,#7566);
#7565 = CARTESIAN_POINT('',(4.9,-5.800000008192,1.8));
#7566 = VECTOR('',#7567,1.);
#7567 = DIRECTION('',(-0.,1.,0.));
#7568 = PCURVE('',#3318,#7569);
#7569 = DEFINITIONAL_REPRESENTATION('',(#7570),#7573);
#7570 = B_SPLINE_CURVE_WITH_KNOTS('',1,(#7571,#7572),.UNSPECIFIED.,.F.,
  .F.,(2,2),(-5.799999991808,17.400000008192),.PIECEWISE_BEZIER_KNOTS.);
#7571 = CARTESIAN_POINT('',(4.900000001425,-11.59999998361));
#7572 = CARTESIAN_POINT('',(4.900000001425,11.600000016383));
#7573 = ( GEOMETRIC_REPRESENTATION_CONTEXT(2) 
PARAMETRIC_REPRESENTATION_CONTEXT() REPRESENTATION_CONTEXT('2D SPACE',''
  ) );
#7574 = PCURVE('',#7575,#7580);
#7575 = PLANE('',#7576);
#7576 = AXIS2_PLACEMENT_3D('',#7577,#7578,#7579);
#7577 = CARTESIAN_POINT('',(4.9,-11.6,1.65));
#7578 = DIRECTION('',(1.,0.,-0.));
#7579 = DIRECTION('',(0.,0.,1.));
#7580 = DEFINITIONAL_REPRESENTATION('',(#7581),#7584);
#7581 = B_SPLINE_CURVE_WITH_KNOTS('',1,(#7582,#7583),.UNSPECIFIED.,.F.,
  .F.,(2,2),(-5.799999991808,17.400000008192),.PIECEWISE_BEZIER_KNOTS.);
#7582 = CARTESIAN_POINT('',(0.15,0.));
#7583 = CARTESIAN_POINT('',(0.15,-23.2));
#7584 = ( GEOMETRIC_REPRESENTATION_CONTEXT(2) 
PARAMETRIC_REPRESENTATION_CONTEXT() REPRESENTATION_CONTEXT('2D SPACE',''
  ) );
#7585 = ORIENTED_EDGE('',*,*,#7586,.T.);
#7586 = EDGE_CURVE('',#7561,#7587,#7589,.T.);
#7587 = VERTEX_POINT('',#7588);
#7588 = CARTESIAN_POINT('',(1.849999925698,-5.249999973197,1.8));
#7589 = SURFACE_CURVE('',#7590,(#7595,#7606),.PCURVE_S1.);
#7590 = CIRCLE('',#7591,3.4);
#7591 = AXIS2_PLACEMENT_3D('',#7592,#7593,#7594);
#7592 = CARTESIAN_POINT('',(1.849999925698,-1.849999973197,1.8));
#7593 = DIRECTION('',(0.,0.,-1.));
#7594 = DIRECTION('',(-1.,0.,0.));
#7595 = PCURVE('',#3318,#7596);
#7596 = DEFINITIONAL_REPRESENTATION('',(#7597),#7605);
#7597 = ( BOUNDED_CURVE() B_SPLINE_CURVE(2,(#7598,#7599,#7600,#7601,
#7602,#7603,#7604),.UNSPECIFIED.,.T.,.F.) B_SPLINE_CURVE_WITH_KNOTS((1,2
    ,2,2,2,1),(-2.094395102393,0.,2.094395102393,4.188790204786,
6.28318530718,8.377580409573),.UNSPECIFIED.) CURVE() 
GEOMETRIC_REPRESENTATION_ITEM() RATIONAL_B_SPLINE_CURVE((1.,0.5,1.,0.5,
1.,0.5,1.)) REPRESENTATION_ITEM('') );
#7598 = CARTESIAN_POINT('',(-1.550000072876,-1.849999956814));
#7599 = CARTESIAN_POINT('',(-1.550000072876,4.03897278892));
#7600 = CARTESIAN_POINT('',(3.549999927124,1.094486416053));
#7601 = CARTESIAN_POINT('',(8.649999927124,-1.849999956814));
#7602 = CARTESIAN_POINT('',(3.549999927124,-4.794486329681));
#7603 = CARTESIAN_POINT('',(-1.550000072876,-7.738972702548));
#7604 = CARTESIAN_POINT('',(-1.550000072876,-1.849999956814));
#7605 = ( GEOMETRIC_REPRESENTATION_CONTEXT(2) 
PARAMETRIC_REPRESENTATION_CONTEXT() REPRESENTATION_CONTEXT('2D SPACE',''
  ) );
#7606 = PCURVE('',#7607,#7612);
#7607 = CYLINDRICAL_SURFACE('',#7608,3.4);
#7608 = AXIS2_PLACEMENT_3D('',#7609,#7610,#7611);
#7609 = CARTESIAN_POINT('',(1.849999925698,-1.849999973197,0.35));
#7610 = DIRECTION('',(0.,0.,-1.));
#7611 = DIRECTION('',(-1.,0.,0.));
#7612 = DEFINITIONAL_REPRESENTATION('',(#7613),#7617);
#7613 = LINE('',#7614,#7615);
#7614 = CARTESIAN_POINT('',(0.,-1.45));
#7615 = VECTOR('',#7616,1.);
#7616 = DIRECTION('',(1.,0.));
#7617 = ( GEOMETRIC_REPRESENTATION_CONTEXT(2) 
PARAMETRIC_REPRESENTATION_CONTEXT() REPRESENTATION_CONTEXT('2D SPACE',''
  ) );
#7618 = ORIENTED_EDGE('',*,*,#7619,.T.);
#7619 = EDGE_CURVE('',#7587,#7620,#7622,.T.);
#7620 = VERTEX_POINT('',#7621);
#7621 = CARTESIAN_POINT('',(-1.760067634044,-5.249999973197,1.8));
#7622 = SURFACE_CURVE('',#7623,(#7627,#7633),.PCURVE_S1.);
#7623 = LINE('',#7624,#7625);
#7624 = CARTESIAN_POINT('',(-0.925000000713,-5.249999973197,1.8));
#7625 = VECTOR('',#7626,1.);
#7626 = DIRECTION('',(-1.,0.,0.));
#7627 = PCURVE('',#3318,#7628);
#7628 = DEFINITIONAL_REPRESENTATION('',(#7629),#7632);
#7629 = B_SPLINE_CURVE_WITH_KNOTS('',1,(#7630,#7631),.UNSPECIFIED.,.F.,
  .F.,(2,2),(-2.774999926411,0.924999999287),.PIECEWISE_BEZIER_KNOTS.);
#7630 = CARTESIAN_POINT('',(1.849999927124,-5.249999956814));
#7631 = CARTESIAN_POINT('',(-1.849999998575,-5.249999956814));
#7632 = ( GEOMETRIC_REPRESENTATION_CONTEXT(2) 
PARAMETRIC_REPRESENTATION_CONTEXT() REPRESENTATION_CONTEXT('2D SPACE',''
  ) );
#7633 = PCURVE('',#7634,#7639);
#7634 = PLANE('',#7635);
#7635 = AXIS2_PLACEMENT_3D('',#7636,#7637,#7638);
#7636 = CARTESIAN_POINT('',(-1.85,-5.249999973197,0.35));
#7637 = DIRECTION('',(0.,1.,0.));
#7638 = DIRECTION('',(1.,0.,0.));
#7639 = DEFINITIONAL_REPRESENTATION('',(#7640),#7643);
#7640 = B_SPLINE_CURVE_WITH_KNOTS('',1,(#7641,#7642),.UNSPECIFIED.,.F.,
  .F.,(2,2),(-2.774999926411,0.924999999287),.PIECEWISE_BEZIER_KNOTS.);
#7641 = CARTESIAN_POINT('',(3.699999925698,-1.45));
#7642 = CARTESIAN_POINT('',(0.,-1.45));
#7643 = ( GEOMETRIC_REPRESENTATION_CONTEXT(2) 
PARAMETRIC_REPRESENTATION_CONTEXT() REPRESENTATION_CONTEXT('2D SPACE',''
  ) );
#7644 = ORIENTED_EDGE('',*,*,#7645,.F.);
#7645 = EDGE_CURVE('',#7646,#7620,#7648,.T.);
#7646 = VERTEX_POINT('',#7647);
#7647 = CARTESIAN_POINT('',(-0.6,-7.,1.8));
#7648 = SURFACE_CURVE('',#7649,(#7654,#7661),.PCURVE_S1.);
#7649 = CIRCLE('',#7650,1.9);
#7650 = AXIS2_PLACEMENT_3D('',#7651,#7652,#7653);
#7651 = CARTESIAN_POINT('',(-2.5,-7.,1.8));
#7652 = DIRECTION('',(0.,0.,1.));
#7653 = DIRECTION('',(1.,0.,-0.));
#7654 = PCURVE('',#3318,#7655);
#7655 = DEFINITIONAL_REPRESENTATION('',(#7656),#7660);
#7656 = CIRCLE('',#7657,1.9);
#7657 = AXIS2_PLACEMENT_2D('',#7658,#7659);
#7658 = CARTESIAN_POINT('',(-2.499999998575,-6.999999983617));
#7659 = DIRECTION('',(1.,0.));
#7660 = ( GEOMETRIC_REPRESENTATION_CONTEXT(2) 
PARAMETRIC_REPRESENTATION_CONTEXT() REPRESENTATION_CONTEXT('2D SPACE',''
  ) );
#7661 = PCURVE('',#7662,#7667);
#7662 = CYLINDRICAL_SURFACE('',#7663,1.9);
#7663 = AXIS2_PLACEMENT_3D('',#7664,#7665,#7666);
#7664 = CARTESIAN_POINT('',(-2.5,-7.,1.68));
#7665 = DIRECTION('',(0.,0.,1.));
#7666 = DIRECTION('',(1.,0.,-0.));
#7667 = DEFINITIONAL_REPRESENTATION('',(#7668),#7672);
#7668 = LINE('',#7669,#7670);
#7669 = CARTESIAN_POINT('',(0.,0.12));
#7670 = VECTOR('',#7671,1.);
#7671 = DIRECTION('',(1.,0.));
#7672 = ( GEOMETRIC_REPRESENTATION_CONTEXT(2) 
PARAMETRIC_REPRESENTATION_CONTEXT() REPRESENTATION_CONTEXT('2D SPACE',''
  ) );
#7673 = ORIENTED_EDGE('',*,*,#7674,.F.);
#7674 = EDGE_CURVE('',#7675,#7646,#7677,.T.);
#7675 = VERTEX_POINT('',#7676);
#7676 = CARTESIAN_POINT('',(-2.779056656272,-5.120604516716,1.8));
#7677 = SURFACE_CURVE('',#7678,(#7683,#7690),.PCURVE_S1.);
#7678 = CIRCLE('',#7679,1.9);
#7679 = AXIS2_PLACEMENT_3D('',#7680,#7681,#7682);
#7680 = CARTESIAN_POINT('',(-2.5,-7.,1.8));
#7681 = DIRECTION('',(0.,0.,1.));
#7682 = DIRECTION('',(1.,0.,-0.));
#7683 = PCURVE('',#3318,#7684);
#7684 = DEFINITIONAL_REPRESENTATION('',(#7685),#7689);
#7685 = CIRCLE('',#7686,1.9);
#7686 = AXIS2_PLACEMENT_2D('',#7687,#7688);
#7687 = CARTESIAN_POINT('',(-2.499999998575,-6.999999983617));
#7688 = DIRECTION('',(1.,0.));
#7689 = ( GEOMETRIC_REPRESENTATION_CONTEXT(2) 
PARAMETRIC_REPRESENTATION_CONTEXT() REPRESENTATION_CONTEXT('2D SPACE',''
  ) );
#7690 = PCURVE('',#7662,#7691);
#7691 = DEFINITIONAL_REPRESENTATION('',(#7692),#7696);
#7692 = LINE('',#7693,#7694);
#7693 = CARTESIAN_POINT('',(0.,0.12));
#7694 = VECTOR('',#7695,1.);
#7695 = DIRECTION('',(1.,0.));
#7696 = ( GEOMETRIC_REPRESENTATION_CONTEXT(2) 
PARAMETRIC_REPRESENTATION_CONTEXT() REPRESENTATION_CONTEXT('2D SPACE',''
  ) );
#7697 = ORIENTED_EDGE('',*,*,#7698,.T.);
#7698 = EDGE_CURVE('',#7675,#7699,#7701,.T.);
#7699 = VERTEX_POINT('',#7700);
#7700 = CARTESIAN_POINT('',(-5.25,-1.850000026803,1.8));
#7701 = SURFACE_CURVE('',#7702,(#7707,#7718),.PCURVE_S1.);
#7702 = CIRCLE('',#7703,3.4);
#7703 = AXIS2_PLACEMENT_3D('',#7704,#7705,#7706);
#7704 = CARTESIAN_POINT('',(-1.85,-1.850000026803,1.8));
#7705 = DIRECTION('',(0.,0.,-1.));
#7706 = DIRECTION('',(-1.,0.,0.));
#7707 = PCURVE('',#3318,#7708);
#7708 = DEFINITIONAL_REPRESENTATION('',(#7709),#7717);
#7709 = ( BOUNDED_CURVE() B_SPLINE_CURVE(2,(#7710,#7711,#7712,#7713,
#7714,#7715,#7716),.UNSPECIFIED.,.T.,.F.) B_SPLINE_CURVE_WITH_KNOTS((1,2
    ,2,2,2,1),(-2.094395102393,0.,2.094395102393,4.188790204786,
6.28318530718,8.377580409573),.UNSPECIFIED.) CURVE() 
GEOMETRIC_REPRESENTATION_ITEM() RATIONAL_B_SPLINE_CURVE((1.,0.5,1.,0.5,
1.,0.5,1.)) REPRESENTATION_ITEM('') );
#7710 = CARTESIAN_POINT('',(-5.249999998575,-1.85000001042));
#7711 = CARTESIAN_POINT('',(-5.249999998575,4.038972735314));
#7712 = CARTESIAN_POINT('',(-0.149999998575,1.094486362447));
#7713 = CARTESIAN_POINT('',(4.950000001425,-1.85000001042));
#7714 = CARTESIAN_POINT('',(-0.149999998575,-4.794486383287));
#7715 = CARTESIAN_POINT('',(-5.249999998575,-7.738972756154));
#7716 = CARTESIAN_POINT('',(-5.249999998575,-1.85000001042));
#7717 = ( GEOMETRIC_REPRESENTATION_CONTEXT(2) 
PARAMETRIC_REPRESENTATION_CONTEXT() REPRESENTATION_CONTEXT('2D SPACE',''
  ) );
#7718 = PCURVE('',#7719,#7724);
#7719 = CYLINDRICAL_SURFACE('',#7720,3.4);
#7720 = AXIS2_PLACEMENT_3D('',#7721,#7722,#7723);
#7721 = CARTESIAN_POINT('',(-1.85,-1.850000026803,0.35));
#7722 = DIRECTION('',(0.,0.,-1.));
#7723 = DIRECTION('',(-1.,0.,0.));
#7724 = DEFINITIONAL_REPRESENTATION('',(#7725),#7729);
#7725 = LINE('',#7726,#7727);
#7726 = CARTESIAN_POINT('',(0.,-1.45));
#7727 = VECTOR('',#7728,1.);
#7728 = DIRECTION('',(1.,0.));
#7729 = ( GEOMETRIC_REPRESENTATION_CONTEXT(2) 
PARAMETRIC_REPRESENTATION_CONTEXT() REPRESENTATION_CONTEXT('2D SPACE',''
  ) );
#7730 = ORIENTED_EDGE('',*,*,#7731,.F.);
#7731 = EDGE_CURVE('',#7732,#7699,#7734,.T.);
#7732 = VERTEX_POINT('',#7733);
#7733 = CARTESIAN_POINT('',(-5.25,1.849999952501,1.8));
#7734 = SURFACE_CURVE('',#7735,(#7739,#7745),.PCURVE_S1.);
#7735 = LINE('',#7736,#7737);
#7736 = CARTESIAN_POINT('',(-5.25,-0.925000021593,1.8));
#7737 = VECTOR('',#7738,1.);
#7738 = DIRECTION('',(0.,-1.,0.));
#7739 = PCURVE('',#3318,#7740);
#7740 = DEFINITIONAL_REPRESENTATION('',(#7741),#7744);
#7741 = B_SPLINE_CURVE_WITH_KNOTS('',1,(#7742,#7743),.UNSPECIFIED.,.F.,
  .F.,(2,2),(-2.774999974094,0.92500000521),.PIECEWISE_BEZIER_KNOTS.);
#7742 = CARTESIAN_POINT('',(-5.249999998575,1.849999968885));
#7743 = CARTESIAN_POINT('',(-5.249999998575,-1.85000001042));
#7744 = ( GEOMETRIC_REPRESENTATION_CONTEXT(2) 
PARAMETRIC_REPRESENTATION_CONTEXT() REPRESENTATION_CONTEXT('2D SPACE',''
  ) );
#7745 = PCURVE('',#7746,#7751);
#7746 = PLANE('',#7747);
#7747 = AXIS2_PLACEMENT_3D('',#7748,#7749,#7750);
#7748 = CARTESIAN_POINT('',(-5.25,-1.850000026803,0.35));
#7749 = DIRECTION('',(-1.,0.,0.));
#7750 = DIRECTION('',(0.,1.,0.));
#7751 = DEFINITIONAL_REPRESENTATION('',(#7752),#7755);
#7752 = B_SPLINE_CURVE_WITH_KNOTS('',1,(#7753,#7754),.UNSPECIFIED.,.F.,
  .F.,(2,2),(-2.774999974094,0.92500000521),.PIECEWISE_BEZIER_KNOTS.);
#7753 = CARTESIAN_POINT('',(3.699999979304,-1.45));
#7754 = CARTESIAN_POINT('',(-6.661338147751E-16,-1.45));
#7755 = ( GEOMETRIC_REPRESENTATION_CONTEXT(2) 
PARAMETRIC_REPRESENTATION_CONTEXT() REPRESENTATION_CONTEXT('2D SPACE',''
  ) );
#7756 = ORIENTED_EDGE('',*,*,#7757,.T.);
#7757 = EDGE_CURVE('',#7732,#7758,#7760,.T.);
#7758 = VERTEX_POINT('',#7759);
#7759 = CARTESIAN_POINT('',(-2.779056484494,5.12060449121,1.8));
#7760 = SURFACE_CURVE('',#7761,(#7766,#7777),.PCURVE_S1.);
#7761 = CIRCLE('',#7762,3.4);
#7762 = AXIS2_PLACEMENT_3D('',#7763,#7764,#7765);
#7763 = CARTESIAN_POINT('',(-1.85,1.849999952501,1.8));
#7764 = DIRECTION('',(0.,0.,-1.));
#7765 = DIRECTION('',(-1.,0.,0.));
#7766 = PCURVE('',#3318,#7767);
#7767 = DEFINITIONAL_REPRESENTATION('',(#7768),#7776);
#7768 = ( BOUNDED_CURVE() B_SPLINE_CURVE(2,(#7769,#7770,#7771,#7772,
#7773,#7774,#7775),.UNSPECIFIED.,.T.,.F.) B_SPLINE_CURVE_WITH_KNOTS((1,2
    ,2,2,2,1),(-2.094395102393,0.,2.094395102393,4.188790204786,
6.28318530718,8.377580409573),.UNSPECIFIED.) CURVE() 
GEOMETRIC_REPRESENTATION_ITEM() RATIONAL_B_SPLINE_CURVE((1.,0.5,1.,0.5,
1.,0.5,1.)) REPRESENTATION_ITEM('') );
#7769 = CARTESIAN_POINT('',(-5.249999998575,1.849999968885));
#7770 = CARTESIAN_POINT('',(-5.249999998575,7.738972714619));
#7771 = CARTESIAN_POINT('',(-0.149999998575,4.794486341752));
#7772 = CARTESIAN_POINT('',(4.950000001425,1.849999968885));
#7773 = CARTESIAN_POINT('',(-0.149999998575,-1.094486403983));
#7774 = CARTESIAN_POINT('',(-5.249999998575,-4.03897277685));
#7775 = CARTESIAN_POINT('',(-5.249999998575,1.849999968885));
#7776 = ( GEOMETRIC_REPRESENTATION_CONTEXT(2) 
PARAMETRIC_REPRESENTATION_CONTEXT() REPRESENTATION_CONTEXT('2D SPACE',''
  ) );
#7777 = PCURVE('',#7778,#7783);
#7778 = CYLINDRICAL_SURFACE('',#7779,3.4);
#7779 = AXIS2_PLACEMENT_3D('',#7780,#7781,#7782);
#7780 = CARTESIAN_POINT('',(-1.85,1.849999952501,0.35));
#7781 = DIRECTION('',(0.,0.,-1.));
#7782 = DIRECTION('',(-1.,0.,0.));
#7783 = DEFINITIONAL_REPRESENTATION('',(#7784),#7788);
#7784 = LINE('',#7785,#7786);
#7785 = CARTESIAN_POINT('',(0.,-1.45));
#7786 = VECTOR('',#7787,1.);
#7787 = DIRECTION('',(1.,0.));
#7788 = ( GEOMETRIC_REPRESENTATION_CONTEXT(2) 
PARAMETRIC_REPRESENTATION_CONTEXT() REPRESENTATION_CONTEXT('2D SPACE',''
  ) );
#7789 = ORIENTED_EDGE('',*,*,#7790,.F.);
#7790 = EDGE_CURVE('',#7791,#7758,#7793,.T.);
#7791 = VERTEX_POINT('',#7792);
#7792 = CARTESIAN_POINT('',(-0.6,7.,1.8));
#7793 = SURFACE_CURVE('',#7794,(#7799,#7806),.PCURVE_S1.);
#7794 = CIRCLE('',#7795,1.9);
#7795 = AXIS2_PLACEMENT_3D('',#7796,#7797,#7798);
#7796 = CARTESIAN_POINT('',(-2.5,7.,1.8));
#7797 = DIRECTION('',(0.,0.,1.));
#7798 = DIRECTION('',(1.,0.,-0.));
#7799 = PCURVE('',#3318,#7800);
#7800 = DEFINITIONAL_REPRESENTATION('',(#7801),#7805);
#7801 = CIRCLE('',#7802,1.9);
#7802 = AXIS2_PLACEMENT_2D('',#7803,#7804);
#7803 = CARTESIAN_POINT('',(-2.499999998575,7.000000016383));
#7804 = DIRECTION('',(1.,0.));
#7805 = ( GEOMETRIC_REPRESENTATION_CONTEXT(2) 
PARAMETRIC_REPRESENTATION_CONTEXT() REPRESENTATION_CONTEXT('2D SPACE',''
  ) );
#7806 = PCURVE('',#7807,#7812);
#7807 = CYLINDRICAL_SURFACE('',#7808,1.9);
#7808 = AXIS2_PLACEMENT_3D('',#7809,#7810,#7811);
#7809 = CARTESIAN_POINT('',(-2.5,7.,1.68));
#7810 = DIRECTION('',(0.,0.,1.));
#7811 = DIRECTION('',(1.,0.,-0.));
#7812 = DEFINITIONAL_REPRESENTATION('',(#7813),#7817);
#7813 = LINE('',#7814,#7815);
#7814 = CARTESIAN_POINT('',(0.,0.12));
#7815 = VECTOR('',#7816,1.);
#7816 = DIRECTION('',(1.,0.));
#7817 = ( GEOMETRIC_REPRESENTATION_CONTEXT(2) 
PARAMETRIC_REPRESENTATION_CONTEXT() REPRESENTATION_CONTEXT('2D SPACE',''
  ) );
#7818 = ORIENTED_EDGE('',*,*,#7819,.F.);
#7819 = EDGE_CURVE('',#7820,#7791,#7822,.T.);
#7820 = VERTEX_POINT('',#7821);
#7821 = CARTESIAN_POINT('',(-1.760067507261,5.250000026803,1.8));
#7822 = SURFACE_CURVE('',#7823,(#7828,#7835),.PCURVE_S1.);
#7823 = CIRCLE('',#7824,1.9);
#7824 = AXIS2_PLACEMENT_3D('',#7825,#7826,#7827);
#7825 = CARTESIAN_POINT('',(-2.5,7.,1.8));
#7826 = DIRECTION('',(0.,0.,1.));
#7827 = DIRECTION('',(1.,0.,-0.));
#7828 = PCURVE('',#3318,#7829);
#7829 = DEFINITIONAL_REPRESENTATION('',(#7830),#7834);
#7830 = CIRCLE('',#7831,1.9);
#7831 = AXIS2_PLACEMENT_2D('',#7832,#7833);
#7832 = CARTESIAN_POINT('',(-2.499999998575,7.000000016383));
#7833 = DIRECTION('',(1.,0.));
#7834 = ( GEOMETRIC_REPRESENTATION_CONTEXT(2) 
PARAMETRIC_REPRESENTATION_CONTEXT() REPRESENTATION_CONTEXT('2D SPACE',''
  ) );
#7835 = PCURVE('',#7807,#7836);
#7836 = DEFINITIONAL_REPRESENTATION('',(#7837),#7841);
#7837 = LINE('',#7838,#7839);
#7838 = CARTESIAN_POINT('',(0.,0.12));
#7839 = VECTOR('',#7840,1.);
#7840 = DIRECTION('',(1.,0.));
#7841 = ( GEOMETRIC_REPRESENTATION_CONTEXT(2) 
PARAMETRIC_REPRESENTATION_CONTEXT() REPRESENTATION_CONTEXT('2D SPACE',''
  ) );
#7842 = ORIENTED_EDGE('',*,*,#7843,.F.);
#7843 = EDGE_CURVE('',#7844,#7820,#7846,.T.);
#7844 = VERTEX_POINT('',#7845);
#7845 = CARTESIAN_POINT('',(1.85,5.249999989652,1.8));
#7846 = SURFACE_CURVE('',#7847,(#7851,#7857),.PCURVE_S1.);
#7847 = LINE('',#7848,#7849);
#7848 = CARTESIAN_POINT('',(-0.925000000713,5.250000026803,1.8));
#7849 = VECTOR('',#7850,1.);
#7850 = DIRECTION('',(-1.,0.,0.));
#7851 = PCURVE('',#3318,#7852);
#7852 = DEFINITIONAL_REPRESENTATION('',(#7853),#7856);
#7853 = B_SPLINE_CURVE_WITH_KNOTS('',1,(#7854,#7855),.UNSPECIFIED.,.F.,
  .F.,(2,2),(-2.775000000713,0.924999999287),.PIECEWISE_BEZIER_KNOTS.);
#7854 = CARTESIAN_POINT('',(1.850000001425,5.250000043186));
#7855 = CARTESIAN_POINT('',(-1.849999998575,5.250000043186));
#7856 = ( GEOMETRIC_REPRESENTATION_CONTEXT(2) 
PARAMETRIC_REPRESENTATION_CONTEXT() REPRESENTATION_CONTEXT('2D SPACE',''
  ) );
#7857 = PCURVE('',#7858,#7863);
#7858 = PLANE('',#7859);
#7859 = AXIS2_PLACEMENT_3D('',#7860,#7861,#7862);
#7860 = CARTESIAN_POINT('',(-1.85,5.250000026803,0.35));
#7861 = DIRECTION('',(0.,1.,0.));
#7862 = DIRECTION('',(1.,0.,0.));
#7863 = DEFINITIONAL_REPRESENTATION('',(#7864),#7867);
#7864 = B_SPLINE_CURVE_WITH_KNOTS('',1,(#7865,#7866),.UNSPECIFIED.,.F.,
  .F.,(2,2),(-2.775000000713,0.924999999287),.PIECEWISE_BEZIER_KNOTS.);
#7865 = CARTESIAN_POINT('',(3.7,-1.45));
#7866 = CARTESIAN_POINT('',(0.,-1.45));
#7867 = ( GEOMETRIC_REPRESENTATION_CONTEXT(2) 
PARAMETRIC_REPRESENTATION_CONTEXT() REPRESENTATION_CONTEXT('2D SPACE',''
  ) );
#7868 = ORIENTED_EDGE('',*,*,#7869,.T.);
#7869 = EDGE_CURVE('',#7844,#7870,#7872,.T.);
#7870 = VERTEX_POINT('',#7871);
#7871 = CARTESIAN_POINT('',(4.9,3.352497872633,1.8));
#7872 = SURFACE_CURVE('',#7873,(#7878,#7889),.PCURVE_S1.);
#7873 = CIRCLE('',#7874,3.4);
#7874 = AXIS2_PLACEMENT_3D('',#7875,#7876,#7877);
#7875 = CARTESIAN_POINT('',(1.85,1.849999952501,1.8));
#7876 = DIRECTION('',(0.,0.,-1.));
#7877 = DIRECTION('',(-1.,0.,0.));
#7878 = PCURVE('',#3318,#7879);
#7879 = DEFINITIONAL_REPRESENTATION('',(#7880),#7888);
#7880 = ( BOUNDED_CURVE() B_SPLINE_CURVE(2,(#7881,#7882,#7883,#7884,
#7885,#7886,#7887),.UNSPECIFIED.,.T.,.F.) B_SPLINE_CURVE_WITH_KNOTS((1,2
    ,2,2,2,1),(-2.094395102393,0.,2.094395102393,4.188790204786,
6.28318530718,8.377580409573),.UNSPECIFIED.) CURVE() 
GEOMETRIC_REPRESENTATION_ITEM() RATIONAL_B_SPLINE_CURVE((1.,0.5,1.,0.5,
1.,0.5,1.)) REPRESENTATION_ITEM('') );
#7881 = CARTESIAN_POINT('',(-1.549999998575,1.849999968885));
#7882 = CARTESIAN_POINT('',(-1.549999998575,7.738972714619));
#7883 = CARTESIAN_POINT('',(3.550000001425,4.794486341752));
#7884 = CARTESIAN_POINT('',(8.650000001425,1.849999968885));
#7885 = CARTESIAN_POINT('',(3.550000001425,-1.094486403983));
#7886 = CARTESIAN_POINT('',(-1.549999998575,-4.03897277685));
#7887 = CARTESIAN_POINT('',(-1.549999998575,1.849999968885));
#7888 = ( GEOMETRIC_REPRESENTATION_CONTEXT(2) 
PARAMETRIC_REPRESENTATION_CONTEXT() REPRESENTATION_CONTEXT('2D SPACE',''
  ) );
#7889 = PCURVE('',#7890,#7895);
#7890 = CYLINDRICAL_SURFACE('',#7891,3.4);
#7891 = AXIS2_PLACEMENT_3D('',#7892,#7893,#7894);
#7892 = CARTESIAN_POINT('',(1.85,1.849999952501,0.35));
#7893 = DIRECTION('',(0.,0.,-1.));
#7894 = DIRECTION('',(-1.,0.,0.));
#7895 = DEFINITIONAL_REPRESENTATION('',(#7896),#7900);
#7896 = LINE('',#7897,#7898);
#7897 = CARTESIAN_POINT('',(0.,-1.45));
#7898 = VECTOR('',#7899,1.);
#7899 = DIRECTION('',(1.,0.));
#7900 = ( GEOMETRIC_REPRESENTATION_CONTEXT(2) 
PARAMETRIC_REPRESENTATION_CONTEXT() REPRESENTATION_CONTEXT('2D SPACE',''
  ) );
#7901 = ORIENTED_EDGE('',*,*,#7902,.T.);
#7902 = EDGE_CURVE('',#7870,#7903,#7905,.T.);
#7903 = VERTEX_POINT('',#7904);
#7904 = CARTESIAN_POINT('',(4.9,11.6,1.8));
#7905 = SURFACE_CURVE('',#7906,(#7910,#7916),.PCURVE_S1.);
#7906 = LINE('',#7907,#7908);
#7907 = CARTESIAN_POINT('',(4.9,-5.800000008192,1.8));
#7908 = VECTOR('',#7909,1.);
#7909 = DIRECTION('',(-0.,1.,0.));
#7910 = PCURVE('',#3318,#7911);
#7911 = DEFINITIONAL_REPRESENTATION('',(#7912),#7915);
#7912 = B_SPLINE_CURVE_WITH_KNOTS('',1,(#7913,#7914),.UNSPECIFIED.,.F.,
  .F.,(2,2),(-5.799999991808,17.400000008192),.PIECEWISE_BEZIER_KNOTS.);
#7913 = CARTESIAN_POINT('',(4.900000001425,-11.59999998361));
#7914 = CARTESIAN_POINT('',(4.900000001425,11.600000016383));
#7915 = ( GEOMETRIC_REPRESENTATION_CONTEXT(2) 
PARAMETRIC_REPRESENTATION_CONTEXT() REPRESENTATION_CONTEXT('2D SPACE',''
  ) );
#7916 = PCURVE('',#7575,#7917);
#7917 = DEFINITIONAL_REPRESENTATION('',(#7918),#7921);
#7918 = B_SPLINE_CURVE_WITH_KNOTS('',1,(#7919,#7920),.UNSPECIFIED.,.F.,
  .F.,(2,2),(-5.799999991808,17.400000008192),.PIECEWISE_BEZIER_KNOTS.);
#7919 = CARTESIAN_POINT('',(0.15,0.));
#7920 = CARTESIAN_POINT('',(0.15,-23.2));
#7921 = ( GEOMETRIC_REPRESENTATION_CONTEXT(2) 
PARAMETRIC_REPRESENTATION_CONTEXT() REPRESENTATION_CONTEXT('2D SPACE',''
  ) );
#7922 = ORIENTED_EDGE('',*,*,#7923,.F.);
#7923 = EDGE_CURVE('',#7924,#7903,#7926,.T.);
#7924 = VERTEX_POINT('',#7925);
#7925 = CARTESIAN_POINT('',(6.,11.6,1.8));
#7926 = SURFACE_CURVE('',#7927,(#7931,#7937),.PCURVE_S1.);
#7927 = LINE('',#7928,#7929);
#7928 = CARTESIAN_POINT('',(2.449999999287,11.6,1.8));
#7929 = VECTOR('',#7930,1.);
#7930 = DIRECTION('',(-1.,-0.,0.));
#7931 = PCURVE('',#3318,#7932);
#7932 = DEFINITIONAL_REPRESENTATION('',(#7933),#7936);
#7933 = B_SPLINE_CURVE_WITH_KNOTS('',1,(#7934,#7935),.UNSPECIFIED.,.F.,
  .F.,(2,2),(-3.650000000713,-2.450000000713),.PIECEWISE_BEZIER_KNOTS.);
#7934 = CARTESIAN_POINT('',(6.100000001425,11.600000016383));
#7935 = CARTESIAN_POINT('',(4.900000001425,11.600000016383));
#7936 = ( GEOMETRIC_REPRESENTATION_CONTEXT(2) 
PARAMETRIC_REPRESENTATION_CONTEXT() REPRESENTATION_CONTEXT('2D SPACE',''
  ) );
#7937 = PCURVE('',#7938,#7943);
#7938 = PLANE('',#7939);
#7939 = AXIS2_PLACEMENT_3D('',#7940,#7941,#7942);
#7940 = CARTESIAN_POINT('',(4.9,11.6,1.65));
#7941 = DIRECTION('',(-0.,1.,0.));
#7942 = DIRECTION('',(0.,0.,1.));
#7943 = DEFINITIONAL_REPRESENTATION('',(#7944),#7947);
#7944 = B_SPLINE_CURVE_WITH_KNOTS('',1,(#7945,#7946),.UNSPECIFIED.,.F.,
  .F.,(2,2),(-3.650000000713,-2.450000000713),.PIECEWISE_BEZIER_KNOTS.);
#7945 = CARTESIAN_POINT('',(0.15,1.2));
#7946 = CARTESIAN_POINT('',(0.15,0.));
#7947 = ( GEOMETRIC_REPRESENTATION_CONTEXT(2) 
PARAMETRIC_REPRESENTATION_CONTEXT() REPRESENTATION_CONTEXT('2D SPACE',''
  ) );
#7948 = ORIENTED_EDGE('',*,*,#7949,.T.);
#7949 = EDGE_CURVE('',#7924,#7950,#7952,.T.);
#7950 = VERTEX_POINT('',#7951);
#7951 = CARTESIAN_POINT('',(6.,12.7,1.8));
#7952 = SURFACE_CURVE('',#7953,(#7957,#7963),.PCURVE_S1.);
#7953 = LINE('',#7954,#7955);
#7954 = CARTESIAN_POINT('',(6.,5.749999991808,1.8));
#7955 = VECTOR('',#7956,1.);
#7956 = DIRECTION('',(-0.,1.,0.));
#7957 = PCURVE('',#3318,#7958);
#7958 = DEFINITIONAL_REPRESENTATION('',(#7959),#7962);
#7959 = B_SPLINE_CURVE_WITH_KNOTS('',1,(#7960,#7961),.UNSPECIFIED.,.F.,
  .F.,(2,2),(5.750000008192,6.950000008192),.PIECEWISE_BEZIER_KNOTS.);
#7960 = CARTESIAN_POINT('',(6.000000001425,11.500000016383));
#7961 = CARTESIAN_POINT('',(6.000000001425,12.700000016383));
#7962 = ( GEOMETRIC_REPRESENTATION_CONTEXT(2) 
PARAMETRIC_REPRESENTATION_CONTEXT() REPRESENTATION_CONTEXT('2D SPACE',''
  ) );
#7963 = PCURVE('',#7964,#7969);
#7964 = PLANE('',#7965);
#7965 = AXIS2_PLACEMENT_3D('',#7966,#7967,#7968);
#7966 = CARTESIAN_POINT('',(6.,11.5,1.65));
#7967 = DIRECTION('',(1.,0.,-0.));
#7968 = DIRECTION('',(0.,0.,1.));
#7969 = DEFINITIONAL_REPRESENTATION('',(#7970),#7973);
#7970 = B_SPLINE_CURVE_WITH_KNOTS('',1,(#7971,#7972),.UNSPECIFIED.,.F.,
  .F.,(2,2),(5.750000008192,6.950000008192),.PIECEWISE_BEZIER_KNOTS.);
#7971 = CARTESIAN_POINT('',(0.15,0.));
#7972 = CARTESIAN_POINT('',(0.15,-1.2));
#7973 = ( GEOMETRIC_REPRESENTATION_CONTEXT(2) 
PARAMETRIC_REPRESENTATION_CONTEXT() REPRESENTATION_CONTEXT('2D SPACE',''
  ) );
#7974 = ORIENTED_EDGE('',*,*,#7975,.F.);
#7975 = EDGE_CURVE('',#7976,#7950,#7978,.T.);
#7976 = VERTEX_POINT('',#7977);
#7977 = CARTESIAN_POINT('',(20.4,12.7,1.8));
#7978 = SURFACE_CURVE('',#7979,(#7983,#7989),.PCURVE_S1.);
#7979 = LINE('',#7980,#7981);
#7980 = CARTESIAN_POINT('',(2.999999999287,12.7,1.8));
#7981 = VECTOR('',#7982,1.);
#7982 = DIRECTION('',(-1.,-0.,0.));
#7983 = PCURVE('',#3318,#7984);
#7984 = DEFINITIONAL_REPRESENTATION('',(#7985),#7988);
#7985 = B_SPLINE_CURVE_WITH_KNOTS('',1,(#7986,#7987),.UNSPECIFIED.,.F.,
  .F.,(2,2),(-17.40000000071,-3.000000000713),.PIECEWISE_BEZIER_KNOTS.);
#7986 = CARTESIAN_POINT('',(20.400000001425,12.700000016383));
#7987 = CARTESIAN_POINT('',(6.000000001425,12.700000016383));
#7988 = ( GEOMETRIC_REPRESENTATION_CONTEXT(2) 
PARAMETRIC_REPRESENTATION_CONTEXT() REPRESENTATION_CONTEXT('2D SPACE',''
  ) );
#7989 = PCURVE('',#7990,#7995);
#7990 = PLANE('',#7991);
#7991 = AXIS2_PLACEMENT_3D('',#7992,#7993,#7994);
#7992 = CARTESIAN_POINT('',(6.,12.7,1.65));
#7993 = DIRECTION('',(-0.,1.,0.));
#7994 = DIRECTION('',(0.,0.,1.));
#7995 = DEFINITIONAL_REPRESENTATION('',(#7996),#7999);
#7996 = B_SPLINE_CURVE_WITH_KNOTS('',1,(#7997,#7998),.UNSPECIFIED.,.F.,
  .F.,(2,2),(-17.40000000071,-3.000000000713),.PIECEWISE_BEZIER_KNOTS.);
#7997 = CARTESIAN_POINT('',(0.15,14.4));
#7998 = CARTESIAN_POINT('',(0.15,0.));
#7999 = ( GEOMETRIC_REPRESENTATION_CONTEXT(2) 
PARAMETRIC_REPRESENTATION_CONTEXT() REPRESENTATION_CONTEXT('2D SPACE',''
  ) );
#8000 = ORIENTED_EDGE('',*,*,#8001,.F.);
#8001 = EDGE_CURVE('',#8002,#7976,#8004,.T.);
#8002 = VERTEX_POINT('',#8003);
#8003 = CARTESIAN_POINT('',(20.4,11.6,1.8));
#8004 = SURFACE_CURVE('',#8005,(#8009,#8015),.PCURVE_S1.);
#8005 = LINE('',#8006,#8007);
#8006 = CARTESIAN_POINT('',(20.4,5.749999991808,1.8));
#8007 = VECTOR('',#8008,1.);
#8008 = DIRECTION('',(-0.,1.,0.));
#8009 = PCURVE('',#3318,#8010);
#8010 = DEFINITIONAL_REPRESENTATION('',(#8011),#8014);
#8011 = B_SPLINE_CURVE_WITH_KNOTS('',1,(#8012,#8013),.UNSPECIFIED.,.F.,
  .F.,(2,2),(5.750000008192,6.950000008192),.PIECEWISE_BEZIER_KNOTS.);
#8012 = CARTESIAN_POINT('',(20.400000001425,11.500000016383));
#8013 = CARTESIAN_POINT('',(20.400000001425,12.700000016383));
#8014 = ( GEOMETRIC_REPRESENTATION_CONTEXT(2) 
PARAMETRIC_REPRESENTATION_CONTEXT() REPRESENTATION_CONTEXT('2D SPACE',''
  ) );
#8015 = PCURVE('',#8016,#8021);
#8016 = PLANE('',#8017);
#8017 = AXIS2_PLACEMENT_3D('',#8018,#8019,#8020);
#8018 = CARTESIAN_POINT('',(20.4,11.5,1.65));
#8019 = DIRECTION('',(1.,0.,-0.));
#8020 = DIRECTION('',(0.,0.,1.));
#8021 = DEFINITIONAL_REPRESENTATION('',(#8022),#8025);
#8022 = B_SPLINE_CURVE_WITH_KNOTS('',1,(#8023,#8024),.UNSPECIFIED.,.F.,
  .F.,(2,2),(5.750000008192,6.950000008192),.PIECEWISE_BEZIER_KNOTS.);
#8023 = CARTESIAN_POINT('',(0.15,0.));
#8024 = CARTESIAN_POINT('',(0.15,-1.2));
#8025 = ( GEOMETRIC_REPRESENTATION_CONTEXT(2) 
PARAMETRIC_REPRESENTATION_CONTEXT() REPRESENTATION_CONTEXT('2D SPACE',''
  ) );
#8026 = ORIENTED_EDGE('',*,*,#8027,.F.);
#8027 = EDGE_CURVE('',#7179,#8002,#8028,.T.);
#8028 = SURFACE_CURVE('',#8029,(#8033,#8039),.PCURVE_S1.);
#8029 = LINE('',#8030,#8031);
#8030 = CARTESIAN_POINT('',(10.149999999287,11.6,1.8));
#8031 = VECTOR('',#8032,1.);
#8032 = DIRECTION('',(-1.,-0.,0.));
#8033 = PCURVE('',#3318,#8034);
#8034 = DEFINITIONAL_REPRESENTATION('',(#8035),#8038);
#8035 = B_SPLINE_CURVE_WITH_KNOTS('',1,(#8036,#8037),.UNSPECIFIED.,.F.,
  .F.,(2,2),(-11.05000000071,-10.15000000071),.PIECEWISE_BEZIER_KNOTS.);
#8036 = CARTESIAN_POINT('',(21.200000001425,11.600000016383));
#8037 = CARTESIAN_POINT('',(20.300000001425,11.600000016383));
#8038 = ( GEOMETRIC_REPRESENTATION_CONTEXT(2) 
PARAMETRIC_REPRESENTATION_CONTEXT() REPRESENTATION_CONTEXT('2D SPACE',''
  ) );
#8039 = PCURVE('',#7270,#8040);
#8040 = DEFINITIONAL_REPRESENTATION('',(#8041),#8044);
#8041 = B_SPLINE_CURVE_WITH_KNOTS('',1,(#8042,#8043),.UNSPECIFIED.,.F.,
  .F.,(2,2),(-11.05000000071,-10.15000000071),.PIECEWISE_BEZIER_KNOTS.);
#8042 = CARTESIAN_POINT('',(0.15,0.9));
#8043 = CARTESIAN_POINT('',(0.15,0.));
#8044 = ( GEOMETRIC_REPRESENTATION_CONTEXT(2) 
PARAMETRIC_REPRESENTATION_CONTEXT() REPRESENTATION_CONTEXT('2D SPACE',''
  ) );
#8045 = ORIENTED_EDGE('',*,*,#7176,.F.);
#8046 = ORIENTED_EDGE('',*,*,#7284,.F.);
#8047 = ORIENTED_EDGE('',*,*,#7333,.F.);
#8048 = FACE_BOUND('',#8049,.T.);
#8049 = EDGE_LOOP('',(#8050));
#8050 = ORIENTED_EDGE('',*,*,#8051,.F.);
#8051 = EDGE_CURVE('',#8052,#8052,#8054,.T.);
#8052 = VERTEX_POINT('',#8053);
#8053 = CARTESIAN_POINT('',(-12.4,-15.5,1.8));
#8054 = SURFACE_CURVE('',#8055,(#8060,#8067),.PCURVE_S1.);
#8055 = CIRCLE('',#8056,2.6);
#8056 = AXIS2_PLACEMENT_3D('',#8057,#8058,#8059);
#8057 = CARTESIAN_POINT('',(-15.,-15.5,1.8));
#8058 = DIRECTION('',(0.,0.,1.));
#8059 = DIRECTION('',(1.,0.,-0.));
#8060 = PCURVE('',#3318,#8061);
#8061 = DEFINITIONAL_REPRESENTATION('',(#8062),#8066);
#8062 = CIRCLE('',#8063,2.6);
#8063 = AXIS2_PLACEMENT_2D('',#8064,#8065);
#8064 = CARTESIAN_POINT('',(-14.99999999857,-15.49999998361));
#8065 = DIRECTION('',(1.,0.));
#8066 = ( GEOMETRIC_REPRESENTATION_CONTEXT(2) 
PARAMETRIC_REPRESENTATION_CONTEXT() REPRESENTATION_CONTEXT('2D SPACE',''
  ) );
#8067 = PCURVE('',#8068,#8073);
#8068 = CYLINDRICAL_SURFACE('',#8069,2.6);
#8069 = AXIS2_PLACEMENT_3D('',#8070,#8071,#8072);
#8070 = CARTESIAN_POINT('',(-15.,-15.5,1.65));
#8071 = DIRECTION('',(0.,0.,1.));
#8072 = DIRECTION('',(1.,0.,-0.));
#8073 = DEFINITIONAL_REPRESENTATION('',(#8074),#8078);
#8074 = LINE('',#8075,#8076);
#8075 = CARTESIAN_POINT('',(0.,0.15));
#8076 = VECTOR('',#8077,1.);
#8077 = DIRECTION('',(1.,0.));
#8078 = ( GEOMETRIC_REPRESENTATION_CONTEXT(2) 
PARAMETRIC_REPRESENTATION_CONTEXT() REPRESENTATION_CONTEXT('2D SPACE',''
  ) );
#8079 = FACE_BOUND('',#8080,.T.);
#8080 = EDGE_LOOP('',(#8081));
#8081 = ORIENTED_EDGE('',*,*,#8082,.F.);
#8082 = EDGE_CURVE('',#8083,#8083,#8085,.T.);
#8083 = VERTEX_POINT('',#8084);
#8084 = CARTESIAN_POINT('',(-16.6,-7.,1.8));
#8085 = SURFACE_CURVE('',#8086,(#8091,#8098),.PCURVE_S1.);
#8086 = CIRCLE('',#8087,1.9);
#8087 = AXIS2_PLACEMENT_3D('',#8088,#8089,#8090);
#8088 = CARTESIAN_POINT('',(-18.5,-7.,1.8));
#8089 = DIRECTION('',(0.,0.,1.));
#8090 = DIRECTION('',(1.,0.,-0.));
#8091 = PCURVE('',#3318,#8092);
#8092 = DEFINITIONAL_REPRESENTATION('',(#8093),#8097);
#8093 = CIRCLE('',#8094,1.9);
#8094 = AXIS2_PLACEMENT_2D('',#8095,#8096);
#8095 = CARTESIAN_POINT('',(-18.49999999857,-6.999999983617));
#8096 = DIRECTION('',(1.,0.));
#8097 = ( GEOMETRIC_REPRESENTATION_CONTEXT(2) 
PARAMETRIC_REPRESENTATION_CONTEXT() REPRESENTATION_CONTEXT('2D SPACE',''
  ) );
#8098 = PCURVE('',#8099,#8104);
#8099 = CYLINDRICAL_SURFACE('',#8100,1.9);
#8100 = AXIS2_PLACEMENT_3D('',#8101,#8102,#8103);
#8101 = CARTESIAN_POINT('',(-18.5,-7.,1.68));
#8102 = DIRECTION('',(0.,0.,1.));
#8103 = DIRECTION('',(1.,0.,-0.));
#8104 = DEFINITIONAL_REPRESENTATION('',(#8105),#8109);
#8105 = LINE('',#8106,#8107);
#8106 = CARTESIAN_POINT('',(0.,0.12));
#8107 = VECTOR('',#8108,1.);
#8108 = DIRECTION('',(1.,0.));
#8109 = ( GEOMETRIC_REPRESENTATION_CONTEXT(2) 
PARAMETRIC_REPRESENTATION_CONTEXT() REPRESENTATION_CONTEXT('2D SPACE',''
  ) );
#8110 = FACE_BOUND('',#8111,.T.);
#8111 = EDGE_LOOP('',(#8112));
#8112 = ORIENTED_EDGE('',*,*,#8113,.F.);
#8113 = EDGE_CURVE('',#8114,#8114,#8116,.T.);
#8114 = VERTEX_POINT('',#8115);
#8115 = CARTESIAN_POINT('',(17.6,-15.5,1.8));
#8116 = SURFACE_CURVE('',#8117,(#8122,#8129),.PCURVE_S1.);
#8117 = CIRCLE('',#8118,2.6);
#8118 = AXIS2_PLACEMENT_3D('',#8119,#8120,#8121);
#8119 = CARTESIAN_POINT('',(15.,-15.5,1.8));
#8120 = DIRECTION('',(0.,0.,1.));
#8121 = DIRECTION('',(1.,0.,-0.));
#8122 = PCURVE('',#3318,#8123);
#8123 = DEFINITIONAL_REPRESENTATION('',(#8124),#8128);
#8124 = CIRCLE('',#8125,2.6);
#8125 = AXIS2_PLACEMENT_2D('',#8126,#8127);
#8126 = CARTESIAN_POINT('',(15.000000001425,-15.49999998361));
#8127 = DIRECTION('',(1.,0.));
#8128 = ( GEOMETRIC_REPRESENTATION_CONTEXT(2) 
PARAMETRIC_REPRESENTATION_CONTEXT() REPRESENTATION_CONTEXT('2D SPACE',''
  ) );
#8129 = PCURVE('',#8130,#8135);
#8130 = CYLINDRICAL_SURFACE('',#8131,2.6);
#8131 = AXIS2_PLACEMENT_3D('',#8132,#8133,#8134);
#8132 = CARTESIAN_POINT('',(15.,-15.5,1.65));
#8133 = DIRECTION('',(0.,0.,1.));
#8134 = DIRECTION('',(1.,0.,-0.));
#8135 = DEFINITIONAL_REPRESENTATION('',(#8136),#8140);
#8136 = LINE('',#8137,#8138);
#8137 = CARTESIAN_POINT('',(0.,0.15));
#8138 = VECTOR('',#8139,1.);
#8139 = DIRECTION('',(1.,0.));
#8140 = ( GEOMETRIC_REPRESENTATION_CONTEXT(2) 
PARAMETRIC_REPRESENTATION_CONTEXT() REPRESENTATION_CONTEXT('2D SPACE',''
  ) );
#8141 = FACE_BOUND('',#8142,.T.);
#8142 = EDGE_LOOP('',(#8143));
#8143 = ORIENTED_EDGE('',*,*,#8144,.F.);
#8144 = EDGE_CURVE('',#8145,#8145,#8147,.T.);
#8145 = VERTEX_POINT('',#8146);
#8146 = CARTESIAN_POINT('',(-16.6,7.,1.8));
#8147 = SURFACE_CURVE('',#8148,(#8153,#8160),.PCURVE_S1.);
#8148 = CIRCLE('',#8149,1.9);
#8149 = AXIS2_PLACEMENT_3D('',#8150,#8151,#8152);
#8150 = CARTESIAN_POINT('',(-18.5,7.,1.8));
#8151 = DIRECTION('',(0.,0.,1.));
#8152 = DIRECTION('',(1.,0.,-0.));
#8153 = PCURVE('',#3318,#8154);
#8154 = DEFINITIONAL_REPRESENTATION('',(#8155),#8159);
#8155 = CIRCLE('',#8156,1.9);
#8156 = AXIS2_PLACEMENT_2D('',#8157,#8158);
#8157 = CARTESIAN_POINT('',(-18.49999999857,7.000000016383));
#8158 = DIRECTION('',(1.,0.));
#8159 = ( GEOMETRIC_REPRESENTATION_CONTEXT(2) 
PARAMETRIC_REPRESENTATION_CONTEXT() REPRESENTATION_CONTEXT('2D SPACE',''
  ) );
#8160 = PCURVE('',#8161,#8166);
#8161 = CYLINDRICAL_SURFACE('',#8162,1.9);
#8162 = AXIS2_PLACEMENT_3D('',#8163,#8164,#8165);
#8163 = CARTESIAN_POINT('',(-18.5,7.,1.68));
#8164 = DIRECTION('',(0.,0.,1.));
#8165 = DIRECTION('',(1.,0.,-0.));
#8166 = DEFINITIONAL_REPRESENTATION('',(#8167),#8171);
#8167 = LINE('',#8168,#8169);
#8168 = CARTESIAN_POINT('',(0.,0.12));
#8169 = VECTOR('',#8170,1.);
#8170 = DIRECTION('',(1.,0.));
#8171 = ( GEOMETRIC_REPRESENTATION_CONTEXT(2) 
PARAMETRIC_REPRESENTATION_CONTEXT() REPRESENTATION_CONTEXT('2D SPACE',''
  ) );
#8172 = FACE_BOUND('',#8173,.T.);
#8173 = EDGE_LOOP('',(#8174));
#8174 = ORIENTED_EDGE('',*,*,#8175,.F.);
#8175 = EDGE_CURVE('',#8176,#8176,#8178,.T.);
#8176 = VERTEX_POINT('',#8177);
#8177 = CARTESIAN_POINT('',(-12.4,15.5,1.8));
#8178 = SURFACE_CURVE('',#8179,(#8184,#8191),.PCURVE_S1.);
#8179 = CIRCLE('',#8180,2.6);
#8180 = AXIS2_PLACEMENT_3D('',#8181,#8182,#8183);
#8181 = CARTESIAN_POINT('',(-15.,15.5,1.8));
#8182 = DIRECTION('',(0.,0.,1.));
#8183 = DIRECTION('',(1.,0.,-0.));
#8184 = PCURVE('',#3318,#8185);
#8185 = DEFINITIONAL_REPRESENTATION('',(#8186),#8190);
#8186 = CIRCLE('',#8187,2.6);
#8187 = AXIS2_PLACEMENT_2D('',#8188,#8189);
#8188 = CARTESIAN_POINT('',(-14.99999999857,15.500000016383));
#8189 = DIRECTION('',(1.,0.));
#8190 = ( GEOMETRIC_REPRESENTATION_CONTEXT(2) 
PARAMETRIC_REPRESENTATION_CONTEXT() REPRESENTATION_CONTEXT('2D SPACE',''
  ) );
#8191 = PCURVE('',#8192,#8197);
#8192 = CYLINDRICAL_SURFACE('',#8193,2.6);
#8193 = AXIS2_PLACEMENT_3D('',#8194,#8195,#8196);
#8194 = CARTESIAN_POINT('',(-15.,15.5,1.65));
#8195 = DIRECTION('',(0.,0.,1.));
#8196 = DIRECTION('',(1.,0.,-0.));
#8197 = DEFINITIONAL_REPRESENTATION('',(#8198),#8202);
#8198 = LINE('',#8199,#8200);
#8199 = CARTESIAN_POINT('',(0.,0.15));
#8200 = VECTOR('',#8201,1.);
#8201 = DIRECTION('',(1.,0.));
#8202 = ( GEOMETRIC_REPRESENTATION_CONTEXT(2) 
PARAMETRIC_REPRESENTATION_CONTEXT() REPRESENTATION_CONTEXT('2D SPACE',''
  ) );
#8203 = FACE_BOUND('',#8204,.T.);
#8204 = EDGE_LOOP('',(#8205));
#8205 = ORIENTED_EDGE('',*,*,#8206,.F.);
#8206 = EDGE_CURVE('',#8207,#8207,#8209,.T.);
#8207 = VERTEX_POINT('',#8208);
#8208 = CARTESIAN_POINT('',(17.6,15.5,1.8));
#8209 = SURFACE_CURVE('',#8210,(#8215,#8222),.PCURVE_S1.);
#8210 = CIRCLE('',#8211,2.6);
#8211 = AXIS2_PLACEMENT_3D('',#8212,#8213,#8214);
#8212 = CARTESIAN_POINT('',(15.,15.5,1.8));
#8213 = DIRECTION('',(0.,0.,1.));
#8214 = DIRECTION('',(1.,0.,-0.));
#8215 = PCURVE('',#3318,#8216);
#8216 = DEFINITIONAL_REPRESENTATION('',(#8217),#8221);
#8217 = CIRCLE('',#8218,2.6);
#8218 = AXIS2_PLACEMENT_2D('',#8219,#8220);
#8219 = CARTESIAN_POINT('',(15.000000001425,15.500000016383));
#8220 = DIRECTION('',(1.,0.));
#8221 = ( GEOMETRIC_REPRESENTATION_CONTEXT(2) 
PARAMETRIC_REPRESENTATION_CONTEXT() REPRESENTATION_CONTEXT('2D SPACE',''
  ) );
#8222 = PCURVE('',#8223,#8228);
#8223 = CYLINDRICAL_SURFACE('',#8224,2.6);
#8224 = AXIS2_PLACEMENT_3D('',#8225,#8226,#8227);
#8225 = CARTESIAN_POINT('',(15.,15.5,1.65));
#8226 = DIRECTION('',(0.,0.,1.));
#8227 = DIRECTION('',(1.,0.,-0.));
#8228 = DEFINITIONAL_REPRESENTATION('',(#8229),#8233);
#8229 = LINE('',#8230,#8231);
#8230 = CARTESIAN_POINT('',(0.,0.15));
#8231 = VECTOR('',#8232,1.);
#8232 = DIRECTION('',(1.,0.));
#8233 = ( GEOMETRIC_REPRESENTATION_CONTEXT(2) 
PARAMETRIC_REPRESENTATION_CONTEXT() REPRESENTATION_CONTEXT('2D SPACE',''
  ) );
#8234 = ADVANCED_FACE('',(#8235),#3424,.F.);
#8235 = FACE_BOUND('',#8236,.F.);
#8236 = EDGE_LOOP('',(#8237,#8238,#8259,#8260,#8261,#8262,#8263,#8264));
#8237 = ORIENTED_EDGE('',*,*,#3623,.F.);
#8238 = ORIENTED_EDGE('',*,*,#8239,.F.);
#8239 = EDGE_CURVE('',#3404,#3596,#8240,.T.);
#8240 = SEAM_CURVE('',#8241,(#8245,#8252),.PCURVE_S1.);
#8241 = LINE('',#8242,#8243);
#8242 = CARTESIAN_POINT('',(-16.7,-28.1,1.2));
#8243 = VECTOR('',#8244,1.);
#8244 = DIRECTION('',(1.,0.,2.22044604925E-16));
#8245 = PCURVE('',#3424,#8246);
#8246 = DEFINITIONAL_REPRESENTATION('',(#8247),#8251);
#8247 = LINE('',#8248,#8249);
#8248 = CARTESIAN_POINT('',(6.28318530718,-0.));
#8249 = VECTOR('',#8250,1.);
#8250 = DIRECTION('',(0.,1.));
#8251 = ( GEOMETRIC_REPRESENTATION_CONTEXT(2) 
PARAMETRIC_REPRESENTATION_CONTEXT() REPRESENTATION_CONTEXT('2D SPACE',''
  ) );
#8252 = PCURVE('',#3424,#8253);
#8253 = DEFINITIONAL_REPRESENTATION('',(#8254),#8258);
#8254 = LINE('',#8255,#8256);
#8255 = CARTESIAN_POINT('',(0.,-0.));
#8256 = VECTOR('',#8257,1.);
#8257 = DIRECTION('',(0.,1.));
#8258 = ( GEOMETRIC_REPRESENTATION_CONTEXT(2) 
PARAMETRIC_REPRESENTATION_CONTEXT() REPRESENTATION_CONTEXT('2D SPACE',''
  ) );
#8259 = ORIENTED_EDGE('',*,*,#3436,.T.);
#8260 = ORIENTED_EDGE('',*,*,#3824,.T.);
#8261 = ORIENTED_EDGE('',*,*,#3403,.T.);
#8262 = ORIENTED_EDGE('',*,*,#8239,.T.);
#8263 = ORIENTED_EDGE('',*,*,#3595,.F.);
#8264 = ORIENTED_EDGE('',*,*,#3701,.F.);
#8265 = ADVANCED_FACE('',(#8266,#8272),#4271,.F.);
#8266 = FACE_BOUND('',#8267,.F.);
#8267 = EDGE_LOOP('',(#8268,#8269,#8270,#8271));
#8268 = ORIENTED_EDGE('',*,*,#4255,.T.);
#8269 = ORIENTED_EDGE('',*,*,#6889,.F.);
#8270 = ORIENTED_EDGE('',*,*,#7405,.F.);
#8271 = ORIENTED_EDGE('',*,*,#4944,.T.);
#8272 = FACE_BOUND('',#8273,.F.);
#8273 = EDGE_LOOP('',(#8274,#8302,#8331,#8357,#8386,#8412,#8441,#8467));
#8274 = ORIENTED_EDGE('',*,*,#8275,.F.);
#8275 = EDGE_CURVE('',#8276,#8278,#8280,.T.);
#8276 = VERTEX_POINT('',#8277);
#8277 = CARTESIAN_POINT('',(24.,-3.4,5.8));
#8278 = VERTEX_POINT('',#8279);
#8279 = CARTESIAN_POINT('',(24.,3.4,5.8));
#8280 = SURFACE_CURVE('',#8281,(#8285,#8291),.PCURVE_S1.);
#8281 = LINE('',#8282,#8283);
#8282 = CARTESIAN_POINT('',(24.,-6.95,5.799999993177));
#8283 = VECTOR('',#8284,1.);
#8284 = DIRECTION('',(0.,1.,0.));
#8285 = PCURVE('',#4271,#8286);
#8286 = DEFINITIONAL_REPRESENTATION('',(#8287),#8290);
#8287 = B_SPLINE_CURVE_WITH_KNOTS('',1,(#8288,#8289),.UNSPECIFIED.,.F.,
  .F.,(2,2),(3.55,10.35),.PIECEWISE_BEZIER_KNOTS.);
#8288 = CARTESIAN_POINT('',(7.1,-5.799999993177));
#8289 = CARTESIAN_POINT('',(13.9,-5.799999993177));
#8290 = ( GEOMETRIC_REPRESENTATION_CONTEXT(2) 
PARAMETRIC_REPRESENTATION_CONTEXT() REPRESENTATION_CONTEXT('2D SPACE',''
  ) );
#8291 = PCURVE('',#8292,#8297);
#8292 = PLANE('',#8293);
#8293 = AXIS2_PLACEMENT_3D('',#8294,#8295,#8296);
#8294 = CARTESIAN_POINT('',(21.1,-3.4,5.799999993177));
#8295 = DIRECTION('',(-2.22044604925E-16,0.,1.));
#8296 = DIRECTION('',(0.,1.,0.));
#8297 = DEFINITIONAL_REPRESENTATION('',(#8298),#8301);
#8298 = B_SPLINE_CURVE_WITH_KNOTS('',1,(#8299,#8300),.UNSPECIFIED.,.F.,
  .F.,(2,2),(3.55,10.35),.PIECEWISE_BEZIER_KNOTS.);
#8299 = CARTESIAN_POINT('',(0.,-2.9));
#8300 = CARTESIAN_POINT('',(6.8,-2.9));
#8301 = ( GEOMETRIC_REPRESENTATION_CONTEXT(2) 
PARAMETRIC_REPRESENTATION_CONTEXT() REPRESENTATION_CONTEXT('2D SPACE',''
  ) );
#8302 = ORIENTED_EDGE('',*,*,#8303,.F.);
#8303 = EDGE_CURVE('',#8304,#8276,#8306,.T.);
#8304 = VERTEX_POINT('',#8305);
#8305 = CARTESIAN_POINT('',(24.,-4.5,4.700000006823));
#8306 = SURFACE_CURVE('',#8307,(#8312,#8319),.PCURVE_S1.);
#8307 = CIRCLE('',#8308,1.1);
#8308 = AXIS2_PLACEMENT_3D('',#8309,#8310,#8311);
#8309 = CARTESIAN_POINT('',(24.,-3.4,4.700000006823));
#8310 = DIRECTION('',(-1.,-0.,-2.22044604925E-16));
#8311 = DIRECTION('',(2.22044604925E-16,0.,-1.));
#8312 = PCURVE('',#4271,#8313);
#8313 = DEFINITIONAL_REPRESENTATION('',(#8314),#8318);
#8314 = CIRCLE('',#8315,1.1);
#8315 = AXIS2_PLACEMENT_2D('',#8316,#8317);
#8316 = CARTESIAN_POINT('',(7.1,-4.700000006823));
#8317 = DIRECTION('',(0.,1.));
#8318 = ( GEOMETRIC_REPRESENTATION_CONTEXT(2) 
PARAMETRIC_REPRESENTATION_CONTEXT() REPRESENTATION_CONTEXT('2D SPACE',''
  ) );
#8319 = PCURVE('',#8320,#8325);
#8320 = CYLINDRICAL_SURFACE('',#8321,1.1);
#8321 = AXIS2_PLACEMENT_3D('',#8322,#8323,#8324);
#8322 = CARTESIAN_POINT('',(21.1,-3.4,4.700000006823));
#8323 = DIRECTION('',(-1.,-0.,-2.22044604925E-16));
#8324 = DIRECTION('',(2.22044604925E-16,0.,-1.));
#8325 = DEFINITIONAL_REPRESENTATION('',(#8326),#8330);
#8326 = LINE('',#8327,#8328);
#8327 = CARTESIAN_POINT('',(-6.28318530718,-2.9));
#8328 = VECTOR('',#8329,1.);
#8329 = DIRECTION('',(1.,-0.));
#8330 = ( GEOMETRIC_REPRESENTATION_CONTEXT(2) 
PARAMETRIC_REPRESENTATION_CONTEXT() REPRESENTATION_CONTEXT('2D SPACE',''
  ) );
#8331 = ORIENTED_EDGE('',*,*,#8332,.T.);
#8332 = EDGE_CURVE('',#8304,#8333,#8335,.T.);
#8333 = VERTEX_POINT('',#8334);
#8334 = CARTESIAN_POINT('',(24.,-4.5,3.700000000587));
#8335 = SURFACE_CURVE('',#8336,(#8340,#8346),.PCURVE_S1.);
#8336 = LINE('',#8337,#8338);
#8337 = CARTESIAN_POINT('',(24.,-4.5,2.350000003412));
#8338 = VECTOR('',#8339,1.);
#8339 = DIRECTION('',(0.,0.,-1.));
#8340 = PCURVE('',#4271,#8341);
#8341 = DEFINITIONAL_REPRESENTATION('',(#8342),#8345);
#8342 = B_SPLINE_CURVE_WITH_KNOTS('',1,(#8343,#8344),.UNSPECIFIED.,.F.,
  .F.,(2,2),(-2.350000003412,-1.349999997175),.PIECEWISE_BEZIER_KNOTS.);
#8343 = CARTESIAN_POINT('',(6.,-4.700000006823));
#8344 = CARTESIAN_POINT('',(6.,-3.700000000587));
#8345 = ( GEOMETRIC_REPRESENTATION_CONTEXT(2) 
PARAMETRIC_REPRESENTATION_CONTEXT() REPRESENTATION_CONTEXT('2D SPACE',''
  ) );
#8346 = PCURVE('',#8347,#8352);
#8347 = PLANE('',#8348);
#8348 = AXIS2_PLACEMENT_3D('',#8349,#8350,#8351);
#8349 = CARTESIAN_POINT('',(21.1,-4.5,4.700000006823));
#8350 = DIRECTION('',(0.,1.,0.));
#8351 = DIRECTION('',(2.22044604925E-16,0.,-1.));
#8352 = DEFINITIONAL_REPRESENTATION('',(#8353),#8356);
#8353 = B_SPLINE_CURVE_WITH_KNOTS('',1,(#8354,#8355),.UNSPECIFIED.,.F.,
  .F.,(2,2),(-2.350000003412,-1.349999997175),.PIECEWISE_BEZIER_KNOTS.);
#8354 = CARTESIAN_POINT('',(0.,-2.9));
#8355 = CARTESIAN_POINT('',(1.000000006236,-2.9));
#8356 = ( GEOMETRIC_REPRESENTATION_CONTEXT(2) 
PARAMETRIC_REPRESENTATION_CONTEXT() REPRESENTATION_CONTEXT('2D SPACE',''
  ) );
#8357 = ORIENTED_EDGE('',*,*,#8358,.F.);
#8358 = EDGE_CURVE('',#8359,#8333,#8361,.T.);
#8359 = VERTEX_POINT('',#8360);
#8360 = CARTESIAN_POINT('',(24.,-3.4,2.599999996882));
#8361 = SURFACE_CURVE('',#8362,(#8367,#8374),.PCURVE_S1.);
#8362 = CIRCLE('',#8363,1.1);
#8363 = AXIS2_PLACEMENT_3D('',#8364,#8365,#8366);
#8364 = CARTESIAN_POINT('',(24.,-3.4,3.700000000587));
#8365 = DIRECTION('',(-1.,-0.,-2.22044604925E-16));
#8366 = DIRECTION('',(2.22044604925E-16,0.,-1.));
#8367 = PCURVE('',#4271,#8368);
#8368 = DEFINITIONAL_REPRESENTATION('',(#8369),#8373);
#8369 = CIRCLE('',#8370,1.1);
#8370 = AXIS2_PLACEMENT_2D('',#8371,#8372);
#8371 = CARTESIAN_POINT('',(7.1,-3.700000000587));
#8372 = DIRECTION('',(0.,1.));
#8373 = ( GEOMETRIC_REPRESENTATION_CONTEXT(2) 
PARAMETRIC_REPRESENTATION_CONTEXT() REPRESENTATION_CONTEXT('2D SPACE',''
  ) );
#8374 = PCURVE('',#8375,#8380);
#8375 = CYLINDRICAL_SURFACE('',#8376,1.1);
#8376 = AXIS2_PLACEMENT_3D('',#8377,#8378,#8379);
#8377 = CARTESIAN_POINT('',(21.1,-3.4,3.700000000587));
#8378 = DIRECTION('',(-1.,-0.,-2.22044604925E-16));
#8379 = DIRECTION('',(2.22044604925E-16,0.,-1.));
#8380 = DEFINITIONAL_REPRESENTATION('',(#8381),#8385);
#8381 = LINE('',#8382,#8383);
#8382 = CARTESIAN_POINT('',(-6.28318530718,-2.9));
#8383 = VECTOR('',#8384,1.);
#8384 = DIRECTION('',(1.,-0.));
#8385 = ( GEOMETRIC_REPRESENTATION_CONTEXT(2) 
PARAMETRIC_REPRESENTATION_CONTEXT() REPRESENTATION_CONTEXT('2D SPACE',''
  ) );
#8386 = ORIENTED_EDGE('',*,*,#8387,.T.);
#8387 = EDGE_CURVE('',#8359,#8388,#8390,.T.);
#8388 = VERTEX_POINT('',#8389);
#8389 = CARTESIAN_POINT('',(24.,3.4,2.599999996882));
#8390 = SURFACE_CURVE('',#8391,(#8395,#8401),.PCURVE_S1.);
#8391 = LINE('',#8392,#8393);
#8392 = CARTESIAN_POINT('',(24.,-6.95,2.599999993177));
#8393 = VECTOR('',#8394,1.);
#8394 = DIRECTION('',(0.,1.,0.));
#8395 = PCURVE('',#4271,#8396);
#8396 = DEFINITIONAL_REPRESENTATION('',(#8397),#8400);
#8397 = B_SPLINE_CURVE_WITH_KNOTS('',1,(#8398,#8399),.UNSPECIFIED.,.F.,
  .F.,(2,2),(3.55,10.35),.PIECEWISE_BEZIER_KNOTS.);
#8398 = CARTESIAN_POINT('',(7.1,-2.599999993177));
#8399 = CARTESIAN_POINT('',(13.9,-2.599999993177));
#8400 = ( GEOMETRIC_REPRESENTATION_CONTEXT(2) 
PARAMETRIC_REPRESENTATION_CONTEXT() REPRESENTATION_CONTEXT('2D SPACE',''
  ) );
#8401 = PCURVE('',#8402,#8407);
#8402 = PLANE('',#8403);
#8403 = AXIS2_PLACEMENT_3D('',#8404,#8405,#8406);
#8404 = CARTESIAN_POINT('',(21.1,-3.4,2.599999993177));
#8405 = DIRECTION('',(-2.22044604925E-16,0.,1.));
#8406 = DIRECTION('',(0.,1.,0.));
#8407 = DEFINITIONAL_REPRESENTATION('',(#8408),#8411);
#8408 = B_SPLINE_CURVE_WITH_KNOTS('',1,(#8409,#8410),.UNSPECIFIED.,.F.,
  .F.,(2,2),(3.55,10.35),.PIECEWISE_BEZIER_KNOTS.);
#8409 = CARTESIAN_POINT('',(0.,-2.9));
#8410 = CARTESIAN_POINT('',(6.8,-2.9));
#8411 = ( GEOMETRIC_REPRESENTATION_CONTEXT(2) 
PARAMETRIC_REPRESENTATION_CONTEXT() REPRESENTATION_CONTEXT('2D SPACE',''
  ) );
#8412 = ORIENTED_EDGE('',*,*,#8413,.F.);
#8413 = EDGE_CURVE('',#8414,#8388,#8416,.T.);
#8414 = VERTEX_POINT('',#8415);
#8415 = CARTESIAN_POINT('',(24.,4.5,3.700000000587));
#8416 = SURFACE_CURVE('',#8417,(#8422,#8429),.PCURVE_S1.);
#8417 = CIRCLE('',#8418,1.1);
#8418 = AXIS2_PLACEMENT_3D('',#8419,#8420,#8421);
#8419 = CARTESIAN_POINT('',(24.,3.4,3.700000000587));
#8420 = DIRECTION('',(-1.,-0.,-2.22044604925E-16));
#8421 = DIRECTION('',(2.22044604925E-16,0.,-1.));
#8422 = PCURVE('',#4271,#8423);
#8423 = DEFINITIONAL_REPRESENTATION('',(#8424),#8428);
#8424 = CIRCLE('',#8425,1.1);
#8425 = AXIS2_PLACEMENT_2D('',#8426,#8427);
#8426 = CARTESIAN_POINT('',(13.9,-3.700000000587));
#8427 = DIRECTION('',(0.,1.));
#8428 = ( GEOMETRIC_REPRESENTATION_CONTEXT(2) 
PARAMETRIC_REPRESENTATION_CONTEXT() REPRESENTATION_CONTEXT('2D SPACE',''
  ) );
#8429 = PCURVE('',#8430,#8435);
#8430 = CYLINDRICAL_SURFACE('',#8431,1.1);
#8431 = AXIS2_PLACEMENT_3D('',#8432,#8433,#8434);
#8432 = CARTESIAN_POINT('',(21.1,3.4,3.700000000587));
#8433 = DIRECTION('',(-1.,-0.,-2.22044604925E-16));
#8434 = DIRECTION('',(2.22044604925E-16,0.,-1.));
#8435 = DEFINITIONAL_REPRESENTATION('',(#8436),#8440);
#8436 = LINE('',#8437,#8438);
#8437 = CARTESIAN_POINT('',(-6.28318530718,-2.9));
#8438 = VECTOR('',#8439,1.);
#8439 = DIRECTION('',(1.,-0.));
#8440 = ( GEOMETRIC_REPRESENTATION_CONTEXT(2) 
PARAMETRIC_REPRESENTATION_CONTEXT() REPRESENTATION_CONTEXT('2D SPACE',''
  ) );
#8441 = ORIENTED_EDGE('',*,*,#8442,.F.);
#8442 = EDGE_CURVE('',#8443,#8414,#8445,.T.);
#8443 = VERTEX_POINT('',#8444);
#8444 = CARTESIAN_POINT('',(24.,4.5,4.700000006823));
#8445 = SURFACE_CURVE('',#8446,(#8450,#8456),.PCURVE_S1.);
#8446 = LINE('',#8447,#8448);
#8447 = CARTESIAN_POINT('',(24.,4.5,2.350000003412));
#8448 = VECTOR('',#8449,1.);
#8449 = DIRECTION('',(0.,0.,-1.));
#8450 = PCURVE('',#4271,#8451);
#8451 = DEFINITIONAL_REPRESENTATION('',(#8452),#8455);
#8452 = B_SPLINE_CURVE_WITH_KNOTS('',1,(#8453,#8454),.UNSPECIFIED.,.F.,
  .F.,(2,2),(-2.350000003412,-1.349999997175),.PIECEWISE_BEZIER_KNOTS.);
#8453 = CARTESIAN_POINT('',(15.,-4.700000006823));
#8454 = CARTESIAN_POINT('',(15.,-3.700000000587));
#8455 = ( GEOMETRIC_REPRESENTATION_CONTEXT(2) 
PARAMETRIC_REPRESENTATION_CONTEXT() REPRESENTATION_CONTEXT('2D SPACE',''
  ) );
#8456 = PCURVE('',#8457,#8462);
#8457 = PLANE('',#8458);
#8458 = AXIS2_PLACEMENT_3D('',#8459,#8460,#8461);
#8459 = CARTESIAN_POINT('',(21.1,4.5,4.700000006823));
#8460 = DIRECTION('',(0.,1.,0.));
#8461 = DIRECTION('',(2.22044604925E-16,0.,-1.));
#8462 = DEFINITIONAL_REPRESENTATION('',(#8463),#8466);
#8463 = B_SPLINE_CURVE_WITH_KNOTS('',1,(#8464,#8465),.UNSPECIFIED.,.F.,
  .F.,(2,2),(-2.350000003412,-1.349999997175),.PIECEWISE_BEZIER_KNOTS.);
#8464 = CARTESIAN_POINT('',(0.,-2.9));
#8465 = CARTESIAN_POINT('',(1.000000006236,-2.9));
#8466 = ( GEOMETRIC_REPRESENTATION_CONTEXT(2) 
PARAMETRIC_REPRESENTATION_CONTEXT() REPRESENTATION_CONTEXT('2D SPACE',''
  ) );
#8467 = ORIENTED_EDGE('',*,*,#8468,.F.);
#8468 = EDGE_CURVE('',#8278,#8443,#8469,.T.);
#8469 = SURFACE_CURVE('',#8470,(#8475,#8482),.PCURVE_S1.);
#8470 = CIRCLE('',#8471,1.1);
#8471 = AXIS2_PLACEMENT_3D('',#8472,#8473,#8474);
#8472 = CARTESIAN_POINT('',(24.,3.4,4.700000006823));
#8473 = DIRECTION('',(-1.,-0.,-2.22044604925E-16));
#8474 = DIRECTION('',(2.22044604925E-16,0.,-1.));
#8475 = PCURVE('',#4271,#8476);
#8476 = DEFINITIONAL_REPRESENTATION('',(#8477),#8481);
#8477 = CIRCLE('',#8478,1.1);
#8478 = AXIS2_PLACEMENT_2D('',#8479,#8480);
#8479 = CARTESIAN_POINT('',(13.9,-4.700000006823));
#8480 = DIRECTION('',(0.,1.));
#8481 = ( GEOMETRIC_REPRESENTATION_CONTEXT(2) 
PARAMETRIC_REPRESENTATION_CONTEXT() REPRESENTATION_CONTEXT('2D SPACE',''
  ) );
#8482 = PCURVE('',#8483,#8488);
#8483 = CYLINDRICAL_SURFACE('',#8484,1.1);
#8484 = AXIS2_PLACEMENT_3D('',#8485,#8486,#8487);
#8485 = CARTESIAN_POINT('',(21.1,3.4,4.700000006823));
#8486 = DIRECTION('',(-1.,-0.,-2.22044604925E-16));
#8487 = DIRECTION('',(2.22044604925E-16,0.,-1.));
#8488 = DEFINITIONAL_REPRESENTATION('',(#8489),#8493);
#8489 = LINE('',#8490,#8491);
#8490 = CARTESIAN_POINT('',(-6.28318530718,-2.9));
#8491 = VECTOR('',#8492,1.);
#8492 = DIRECTION('',(1.,-0.));
#8493 = ( GEOMETRIC_REPRESENTATION_CONTEXT(2) 
PARAMETRIC_REPRESENTATION_CONTEXT() REPRESENTATION_CONTEXT('2D SPACE',''
  ) );
#8494 = ADVANCED_FACE('',(#8495),#4374,.F.);
#8495 = FACE_BOUND('',#8496,.F.);
#8496 = EDGE_LOOP('',(#8497,#8498,#8519,#8520,#8521,#8522,#8523,#8524));
#8497 = ORIENTED_EDGE('',*,*,#4757,.F.);
#8498 = ORIENTED_EDGE('',*,*,#8499,.F.);
#8499 = EDGE_CURVE('',#4354,#4730,#8500,.T.);
#8500 = SEAM_CURVE('',#8501,(#8505,#8512),.PCURVE_S1.);
#8501 = LINE('',#8502,#8503);
#8502 = CARTESIAN_POINT('',(6.7,-28.1,1.2));
#8503 = VECTOR('',#8504,1.);
#8504 = DIRECTION('',(1.,0.,2.22044604925E-16));
#8505 = PCURVE('',#4374,#8506);
#8506 = DEFINITIONAL_REPRESENTATION('',(#8507),#8511);
#8507 = LINE('',#8508,#8509);
#8508 = CARTESIAN_POINT('',(6.28318530718,-0.));
#8509 = VECTOR('',#8510,1.);
#8510 = DIRECTION('',(0.,1.));
#8511 = ( GEOMETRIC_REPRESENTATION_CONTEXT(2) 
PARAMETRIC_REPRESENTATION_CONTEXT() REPRESENTATION_CONTEXT('2D SPACE',''
  ) );
#8512 = PCURVE('',#4374,#8513);
#8513 = DEFINITIONAL_REPRESENTATION('',(#8514),#8518);
#8514 = LINE('',#8515,#8516);
#8515 = CARTESIAN_POINT('',(0.,-0.));
#8516 = VECTOR('',#8517,1.);
#8517 = DIRECTION('',(0.,1.));
#8518 = ( GEOMETRIC_REPRESENTATION_CONTEXT(2) 
PARAMETRIC_REPRESENTATION_CONTEXT() REPRESENTATION_CONTEXT('2D SPACE',''
  ) );
#8519 = ORIENTED_EDGE('',*,*,#4386,.T.);
#8520 = ORIENTED_EDGE('',*,*,#4442,.T.);
#8521 = ORIENTED_EDGE('',*,*,#4353,.T.);
#8522 = ORIENTED_EDGE('',*,*,#8499,.T.);
#8523 = ORIENTED_EDGE('',*,*,#4729,.F.);
#8524 = ORIENTED_EDGE('',*,*,#4611,.F.);
#8525 = ADVANCED_FACE('',(#8526),#5215,.F.);
#8526 = FACE_BOUND('',#8527,.F.);
#8527 = EDGE_LOOP('',(#8528,#8529,#8550,#8551,#8552,#8553,#8554,#8555));
#8528 = ORIENTED_EDGE('',*,*,#5227,.F.);
#8529 = ORIENTED_EDGE('',*,*,#8530,.F.);
#8530 = EDGE_CURVE('',#5681,#5195,#8531,.T.);
#8531 = SEAM_CURVE('',#8532,(#8536,#8543),.PCURVE_S1.);
#8532 = LINE('',#8533,#8534);
#8533 = CARTESIAN_POINT('',(6.7,28.1,1.2));
#8534 = VECTOR('',#8535,1.);
#8535 = DIRECTION('',(1.,0.,2.22044604925E-16));
#8536 = PCURVE('',#5215,#8537);
#8537 = DEFINITIONAL_REPRESENTATION('',(#8538),#8542);
#8538 = LINE('',#8539,#8540);
#8539 = CARTESIAN_POINT('',(6.28318530718,-0.));
#8540 = VECTOR('',#8541,1.);
#8541 = DIRECTION('',(0.,1.));
#8542 = ( GEOMETRIC_REPRESENTATION_CONTEXT(2) 
PARAMETRIC_REPRESENTATION_CONTEXT() REPRESENTATION_CONTEXT('2D SPACE',''
  ) );
#8543 = PCURVE('',#5215,#8544);
#8544 = DEFINITIONAL_REPRESENTATION('',(#8545),#8549);
#8545 = LINE('',#8546,#8547);
#8546 = CARTESIAN_POINT('',(0.,-0.));
#8547 = VECTOR('',#8548,1.);
#8548 = DIRECTION('',(0.,1.));
#8549 = ( GEOMETRIC_REPRESENTATION_CONTEXT(2) 
PARAMETRIC_REPRESENTATION_CONTEXT() REPRESENTATION_CONTEXT('2D SPACE',''
  ) );
#8550 = ORIENTED_EDGE('',*,*,#5708,.T.);
#8551 = ORIENTED_EDGE('',*,*,#5518,.T.);
#8552 = ORIENTED_EDGE('',*,*,#5680,.T.);
#8553 = ORIENTED_EDGE('',*,*,#8530,.T.);
#8554 = ORIENTED_EDGE('',*,*,#5194,.F.);
#8555 = ORIENTED_EDGE('',*,*,#5281,.F.);
#8556 = ADVANCED_FACE('',(#8557),#5955,.F.);
#8557 = FACE_BOUND('',#8558,.F.);
#8558 = EDGE_LOOP('',(#8559,#8560,#8581,#8582,#8583,#8584,#8585,#8586));
#8559 = ORIENTED_EDGE('',*,*,#5967,.F.);
#8560 = ORIENTED_EDGE('',*,*,#8561,.F.);
#8561 = EDGE_CURVE('',#6311,#5935,#8562,.T.);
#8562 = SEAM_CURVE('',#8563,(#8567,#8574),.PCURVE_S1.);
#8563 = LINE('',#8564,#8565);
#8564 = CARTESIAN_POINT('',(-16.7,28.1,1.2));
#8565 = VECTOR('',#8566,1.);
#8566 = DIRECTION('',(1.,0.,2.22044604925E-16));
#8567 = PCURVE('',#5955,#8568);
#8568 = DEFINITIONAL_REPRESENTATION('',(#8569),#8573);
#8569 = LINE('',#8570,#8571);
#8570 = CARTESIAN_POINT('',(6.28318530718,-0.));
#8571 = VECTOR('',#8572,1.);
#8572 = DIRECTION('',(0.,1.));
#8573 = ( GEOMETRIC_REPRESENTATION_CONTEXT(2) 
PARAMETRIC_REPRESENTATION_CONTEXT() REPRESENTATION_CONTEXT('2D SPACE',''
  ) );
#8574 = PCURVE('',#5955,#8575);
#8575 = DEFINITIONAL_REPRESENTATION('',(#8576),#8580);
#8576 = LINE('',#8577,#8578);
#8577 = CARTESIAN_POINT('',(0.,-0.));
#8578 = VECTOR('',#8579,1.);
#8579 = DIRECTION('',(0.,1.));
#8580 = ( GEOMETRIC_REPRESENTATION_CONTEXT(2) 
PARAMETRIC_REPRESENTATION_CONTEXT() REPRESENTATION_CONTEXT('2D SPACE',''
  ) );
#8581 = ORIENTED_EDGE('',*,*,#6338,.T.);
#8582 = ORIENTED_EDGE('',*,*,#6190,.T.);
#8583 = ORIENTED_EDGE('',*,*,#6310,.T.);
#8584 = ORIENTED_EDGE('',*,*,#8561,.T.);
#8585 = ORIENTED_EDGE('',*,*,#5934,.F.);
#8586 = ORIENTED_EDGE('',*,*,#6021,.F.);
#8587 = ADVANCED_FACE('',(#8588,#8598),#6408,.F.);
#8588 = FACE_BOUND('',#8589,.F.);
#8589 = EDGE_LOOP('',(#8590,#8591,#8592,#8593,#8594,#8595,#8596,#8597));
#8590 = ORIENTED_EDGE('',*,*,#6392,.F.);
#8591 = ORIENTED_EDGE('',*,*,#6755,.F.);
#8592 = ORIENTED_EDGE('',*,*,#6728,.T.);
#8593 = ORIENTED_EDGE('',*,*,#6652,.F.);
#8594 = ORIENTED_EDGE('',*,*,#6625,.T.);
#8595 = ORIENTED_EDGE('',*,*,#6549,.F.);
#8596 = ORIENTED_EDGE('',*,*,#6500,.F.);
#8597 = ORIENTED_EDGE('',*,*,#6446,.F.);
#8598 = FACE_BOUND('',#8599,.F.);
#8599 = EDGE_LOOP('',(#8600,#8623,#8651,#8672,#8700,#8726,#8754,#8775));
#8600 = ORIENTED_EDGE('',*,*,#8601,.F.);
#8601 = EDGE_CURVE('',#8602,#8604,#8606,.T.);
#8602 = VERTEX_POINT('',#8603);
#8603 = CARTESIAN_POINT('',(-5.25,1.849999952501,0.4));
#8604 = VERTEX_POINT('',#8605);
#8605 = CARTESIAN_POINT('',(-5.25,-1.850000026803,0.4));
#8606 = SURFACE_CURVE('',#8607,(#8611,#8617),.PCURVE_S1.);
#8607 = LINE('',#8608,#8609);
#8608 = CARTESIAN_POINT('',(-5.25,-0.925000008273,0.4));
#8609 = VECTOR('',#8610,1.);
#8610 = DIRECTION('',(0.,-1.,0.));
#8611 = PCURVE('',#6408,#8612);
#8612 = DEFINITIONAL_REPRESENTATION('',(#8613),#8616);
#8613 = B_SPLINE_CURVE_WITH_KNOTS('',1,(#8614,#8615),.UNSPECIFIED.,.F.,
  .F.,(2,2),(-2.774999960775,0.925000018529),.PIECEWISE_BEZIER_KNOTS.);
#8614 = CARTESIAN_POINT('',(-5.249999997689,1.849999942245));
#8615 = CARTESIAN_POINT('',(-5.249999997689,-1.850000037059));
#8616 = ( GEOMETRIC_REPRESENTATION_CONTEXT(2) 
PARAMETRIC_REPRESENTATION_CONTEXT() REPRESENTATION_CONTEXT('2D SPACE',''
  ) );
#8617 = PCURVE('',#7746,#8618);
#8618 = DEFINITIONAL_REPRESENTATION('',(#8619),#8622);
#8619 = B_SPLINE_CURVE_WITH_KNOTS('',1,(#8620,#8621),.UNSPECIFIED.,.F.,
  .F.,(2,2),(-2.774999960775,0.925000018529),.PIECEWISE_BEZIER_KNOTS.);
#8620 = CARTESIAN_POINT('',(3.699999979304,-5.E-02));
#8621 = CARTESIAN_POINT('',(-6.661338147751E-16,-5.E-02));
#8622 = ( GEOMETRIC_REPRESENTATION_CONTEXT(2) 
PARAMETRIC_REPRESENTATION_CONTEXT() REPRESENTATION_CONTEXT('2D SPACE',''
  ) );
#8623 = ORIENTED_EDGE('',*,*,#8624,.T.);
#8624 = EDGE_CURVE('',#8602,#8625,#8627,.T.);
#8625 = VERTEX_POINT('',#8626);
#8626 = CARTESIAN_POINT('',(-1.85,5.249999989652,0.4));
#8627 = SURFACE_CURVE('',#8628,(#8633,#8644),.PCURVE_S1.);
#8628 = CIRCLE('',#8629,3.4);
#8629 = AXIS2_PLACEMENT_3D('',#8630,#8631,#8632);
#8630 = CARTESIAN_POINT('',(-1.85,1.849999952501,0.4));
#8631 = DIRECTION('',(0.,0.,-1.));
#8632 = DIRECTION('',(-1.,0.,0.));
#8633 = PCURVE('',#6408,#8634);
#8634 = DEFINITIONAL_REPRESENTATION('',(#8635),#8643);
#8635 = ( BOUNDED_CURVE() B_SPLINE_CURVE(2,(#8636,#8637,#8638,#8639,
#8640,#8641,#8642),.UNSPECIFIED.,.T.,.F.) B_SPLINE_CURVE_WITH_KNOTS((1,2
    ,2,2,2,1),(-2.094395102393,0.,2.094395102393,4.188790204786,
6.28318530718,8.377580409573),.UNSPECIFIED.) CURVE() 
GEOMETRIC_REPRESENTATION_ITEM() RATIONAL_B_SPLINE_CURVE((1.,0.5,1.,0.5,
1.,0.5,1.)) REPRESENTATION_ITEM('') );
#8636 = CARTESIAN_POINT('',(-5.249999997689,1.849999942245));
#8637 = CARTESIAN_POINT('',(-5.249999997689,7.738972687979));
#8638 = CARTESIAN_POINT('',(-0.149999997689,4.794486315112));
#8639 = CARTESIAN_POINT('',(4.950000002311,1.849999942245));
#8640 = CARTESIAN_POINT('',(-0.149999997689,-1.094486430622));
#8641 = CARTESIAN_POINT('',(-5.249999997689,-4.038972803489));
#8642 = CARTESIAN_POINT('',(-5.249999997689,1.849999942245));
#8643 = ( GEOMETRIC_REPRESENTATION_CONTEXT(2) 
PARAMETRIC_REPRESENTATION_CONTEXT() REPRESENTATION_CONTEXT('2D SPACE',''
  ) );
#8644 = PCURVE('',#7778,#8645);
#8645 = DEFINITIONAL_REPRESENTATION('',(#8646),#8650);
#8646 = LINE('',#8647,#8648);
#8647 = CARTESIAN_POINT('',(0.,-5.E-02));
#8648 = VECTOR('',#8649,1.);
#8649 = DIRECTION('',(1.,0.));
#8650 = ( GEOMETRIC_REPRESENTATION_CONTEXT(2) 
PARAMETRIC_REPRESENTATION_CONTEXT() REPRESENTATION_CONTEXT('2D SPACE',''
  ) );
#8651 = ORIENTED_EDGE('',*,*,#8652,.F.);
#8652 = EDGE_CURVE('',#8653,#8625,#8655,.T.);
#8653 = VERTEX_POINT('',#8654);
#8654 = CARTESIAN_POINT('',(1.85,5.249999989652,0.4));
#8655 = SURFACE_CURVE('',#8656,(#8660,#8666),.PCURVE_S1.);
#8656 = LINE('',#8657,#8658);
#8657 = CARTESIAN_POINT('',(-0.925000001155,5.250000026803,0.4));
#8658 = VECTOR('',#8659,1.);
#8659 = DIRECTION('',(-1.,0.,0.));
#8660 = PCURVE('',#6408,#8661);
#8661 = DEFINITIONAL_REPRESENTATION('',(#8662),#8665);
#8662 = B_SPLINE_CURVE_WITH_KNOTS('',1,(#8663,#8664),.UNSPECIFIED.,.F.,
  .F.,(2,2),(-2.775000001155,0.924999998845),.PIECEWISE_BEZIER_KNOTS.);
#8663 = CARTESIAN_POINT('',(1.850000002311,5.250000016547));
#8664 = CARTESIAN_POINT('',(-1.849999997689,5.250000016547));
#8665 = ( GEOMETRIC_REPRESENTATION_CONTEXT(2) 
PARAMETRIC_REPRESENTATION_CONTEXT() REPRESENTATION_CONTEXT('2D SPACE',''
  ) );
#8666 = PCURVE('',#7858,#8667);
#8667 = DEFINITIONAL_REPRESENTATION('',(#8668),#8671);
#8668 = B_SPLINE_CURVE_WITH_KNOTS('',1,(#8669,#8670),.UNSPECIFIED.,.F.,
  .F.,(2,2),(-2.775000001155,0.924999998845),.PIECEWISE_BEZIER_KNOTS.);
#8669 = CARTESIAN_POINT('',(3.7,-5.E-02));
#8670 = CARTESIAN_POINT('',(0.,-5.E-02));
#8671 = ( GEOMETRIC_REPRESENTATION_CONTEXT(2) 
PARAMETRIC_REPRESENTATION_CONTEXT() REPRESENTATION_CONTEXT('2D SPACE',''
  ) );
#8672 = ORIENTED_EDGE('',*,*,#8673,.T.);
#8673 = EDGE_CURVE('',#8653,#8674,#8676,.T.);
#8674 = VERTEX_POINT('',#8675);
#8675 = CARTESIAN_POINT('',(5.25,1.849999952501,0.4));
#8676 = SURFACE_CURVE('',#8677,(#8682,#8693),.PCURVE_S1.);
#8677 = CIRCLE('',#8678,3.4);
#8678 = AXIS2_PLACEMENT_3D('',#8679,#8680,#8681);
#8679 = CARTESIAN_POINT('',(1.85,1.849999952501,0.4));
#8680 = DIRECTION('',(0.,0.,-1.));
#8681 = DIRECTION('',(-1.,0.,0.));
#8682 = PCURVE('',#6408,#8683);
#8683 = DEFINITIONAL_REPRESENTATION('',(#8684),#8692);
#8684 = ( BOUNDED_CURVE() B_SPLINE_CURVE(2,(#8685,#8686,#8687,#8688,
#8689,#8690,#8691),.UNSPECIFIED.,.T.,.F.) B_SPLINE_CURVE_WITH_KNOTS((1,2
    ,2,2,2,1),(-2.094395102393,0.,2.094395102393,4.188790204786,
6.28318530718,8.377580409573),.UNSPECIFIED.) CURVE() 
GEOMETRIC_REPRESENTATION_ITEM() RATIONAL_B_SPLINE_CURVE((1.,0.5,1.,0.5,
1.,0.5,1.)) REPRESENTATION_ITEM('') );
#8685 = CARTESIAN_POINT('',(-1.549999997689,1.849999942245));
#8686 = CARTESIAN_POINT('',(-1.549999997689,7.738972687979));
#8687 = CARTESIAN_POINT('',(3.550000002311,4.794486315112));
#8688 = CARTESIAN_POINT('',(8.650000002311,1.849999942245));
#8689 = CARTESIAN_POINT('',(3.550000002311,-1.094486430622));
#8690 = CARTESIAN_POINT('',(-1.549999997689,-4.038972803489));
#8691 = CARTESIAN_POINT('',(-1.549999997689,1.849999942245));
#8692 = ( GEOMETRIC_REPRESENTATION_CONTEXT(2) 
PARAMETRIC_REPRESENTATION_CONTEXT() REPRESENTATION_CONTEXT('2D SPACE',''
  ) );
#8693 = PCURVE('',#7890,#8694);
#8694 = DEFINITIONAL_REPRESENTATION('',(#8695),#8699);
#8695 = LINE('',#8696,#8697);
#8696 = CARTESIAN_POINT('',(0.,-5.E-02));
#8697 = VECTOR('',#8698,1.);
#8698 = DIRECTION('',(1.,0.));
#8699 = ( GEOMETRIC_REPRESENTATION_CONTEXT(2) 
PARAMETRIC_REPRESENTATION_CONTEXT() REPRESENTATION_CONTEXT('2D SPACE',''
  ) );
#8700 = ORIENTED_EDGE('',*,*,#8701,.T.);
#8701 = EDGE_CURVE('',#8674,#8702,#8704,.T.);
#8702 = VERTEX_POINT('',#8703);
#8703 = CARTESIAN_POINT('',(5.249999962849,-1.849999973197,0.4));
#8704 = SURFACE_CURVE('',#8705,(#8709,#8715),.PCURVE_S1.);
#8705 = LINE('',#8706,#8707);
#8706 = CARTESIAN_POINT('',(5.25,-0.924999981471,0.4));
#8707 = VECTOR('',#8708,1.);
#8708 = DIRECTION('',(0.,-1.,0.));
#8709 = PCURVE('',#6408,#8710);
#8710 = DEFINITIONAL_REPRESENTATION('',(#8711),#8714);
#8711 = B_SPLINE_CURVE_WITH_KNOTS('',1,(#8712,#8713),.UNSPECIFIED.,.F.,
  .F.,(2,2),(-2.774999933972,0.924999991727),.PIECEWISE_BEZIER_KNOTS.);
#8712 = CARTESIAN_POINT('',(5.250000002311,1.849999942245));
#8713 = CARTESIAN_POINT('',(5.250000002311,-1.849999983453));
#8714 = ( GEOMETRIC_REPRESENTATION_CONTEXT(2) 
PARAMETRIC_REPRESENTATION_CONTEXT() REPRESENTATION_CONTEXT('2D SPACE',''
  ) );
#8715 = PCURVE('',#8716,#8721);
#8716 = PLANE('',#8717);
#8717 = AXIS2_PLACEMENT_3D('',#8718,#8719,#8720);
#8718 = CARTESIAN_POINT('',(5.25,-1.849999973197,0.35));
#8719 = DIRECTION('',(-1.,0.,0.));
#8720 = DIRECTION('',(0.,1.,0.));
#8721 = DEFINITIONAL_REPRESENTATION('',(#8722),#8725);
#8722 = B_SPLINE_CURVE_WITH_KNOTS('',1,(#8723,#8724),.UNSPECIFIED.,.F.,
  .F.,(2,2),(-2.774999933972,0.924999991727),.PIECEWISE_BEZIER_KNOTS.);
#8723 = CARTESIAN_POINT('',(3.699999925698,-5.E-02));
#8724 = CARTESIAN_POINT('',(0.,-5.E-02));
#8725 = ( GEOMETRIC_REPRESENTATION_CONTEXT(2) 
PARAMETRIC_REPRESENTATION_CONTEXT() REPRESENTATION_CONTEXT('2D SPACE',''
  ) );
#8726 = ORIENTED_EDGE('',*,*,#8727,.T.);
#8727 = EDGE_CURVE('',#8702,#8728,#8730,.T.);
#8728 = VERTEX_POINT('',#8729);
#8729 = CARTESIAN_POINT('',(1.849999925698,-5.249999973197,0.4));
#8730 = SURFACE_CURVE('',#8731,(#8736,#8747),.PCURVE_S1.);
#8731 = CIRCLE('',#8732,3.4);
#8732 = AXIS2_PLACEMENT_3D('',#8733,#8734,#8735);
#8733 = CARTESIAN_POINT('',(1.849999925698,-1.849999973197,0.4));
#8734 = DIRECTION('',(0.,0.,-1.));
#8735 = DIRECTION('',(-1.,0.,0.));
#8736 = PCURVE('',#6408,#8737);
#8737 = DEFINITIONAL_REPRESENTATION('',(#8738),#8746);
#8738 = ( BOUNDED_CURVE() B_SPLINE_CURVE(2,(#8739,#8740,#8741,#8742,
#8743,#8744,#8745),.UNSPECIFIED.,.T.,.F.) B_SPLINE_CURVE_WITH_KNOTS((1,2
    ,2,2,2,1),(-2.094395102393,0.,2.094395102393,4.188790204786,
6.28318530718,8.377580409573),.UNSPECIFIED.) CURVE() 
GEOMETRIC_REPRESENTATION_ITEM() RATIONAL_B_SPLINE_CURVE((1.,0.5,1.,0.5,
1.,0.5,1.)) REPRESENTATION_ITEM('') );
#8739 = CARTESIAN_POINT('',(-1.550000071991,-1.849999983453));
#8740 = CARTESIAN_POINT('',(-1.550000071991,4.038972762281));
#8741 = CARTESIAN_POINT('',(3.549999928009,1.094486389414));
#8742 = CARTESIAN_POINT('',(8.649999928009,-1.849999983453));
#8743 = CARTESIAN_POINT('',(3.549999928009,-4.79448635632));
#8744 = CARTESIAN_POINT('',(-1.550000071991,-7.738972729187));
#8745 = CARTESIAN_POINT('',(-1.550000071991,-1.849999983453));
#8746 = ( GEOMETRIC_REPRESENTATION_CONTEXT(2) 
PARAMETRIC_REPRESENTATION_CONTEXT() REPRESENTATION_CONTEXT('2D SPACE',''
  ) );
#8747 = PCURVE('',#7607,#8748);
#8748 = DEFINITIONAL_REPRESENTATION('',(#8749),#8753);
#8749 = LINE('',#8750,#8751);
#8750 = CARTESIAN_POINT('',(0.,-5.E-02));
#8751 = VECTOR('',#8752,1.);
#8752 = DIRECTION('',(1.,0.));
#8753 = ( GEOMETRIC_REPRESENTATION_CONTEXT(2) 
PARAMETRIC_REPRESENTATION_CONTEXT() REPRESENTATION_CONTEXT('2D SPACE',''
  ) );
#8754 = ORIENTED_EDGE('',*,*,#8755,.T.);
#8755 = EDGE_CURVE('',#8728,#8756,#8758,.T.);
#8756 = VERTEX_POINT('',#8757);
#8757 = CARTESIAN_POINT('',(-1.85,-5.25,0.4));
#8758 = SURFACE_CURVE('',#8759,(#8763,#8769),.PCURVE_S1.);
#8759 = LINE('',#8760,#8761);
#8760 = CARTESIAN_POINT('',(-0.925000001155,-5.249999973197,0.4));
#8761 = VECTOR('',#8762,1.);
#8762 = DIRECTION('',(-1.,0.,0.));
#8763 = PCURVE('',#6408,#8764);
#8764 = DEFINITIONAL_REPRESENTATION('',(#8765),#8768);
#8765 = B_SPLINE_CURVE_WITH_KNOTS('',1,(#8766,#8767),.UNSPECIFIED.,.F.,
  .F.,(2,2),(-2.774999926854,0.924999998845),.PIECEWISE_BEZIER_KNOTS.);
#8766 = CARTESIAN_POINT('',(1.849999928009,-5.249999983453));
#8767 = CARTESIAN_POINT('',(-1.849999997689,-5.249999983453));
#8768 = ( GEOMETRIC_REPRESENTATION_CONTEXT(2) 
PARAMETRIC_REPRESENTATION_CONTEXT() REPRESENTATION_CONTEXT('2D SPACE',''
  ) );
#8769 = PCURVE('',#7634,#8770);
#8770 = DEFINITIONAL_REPRESENTATION('',(#8771),#8774);
#8771 = B_SPLINE_CURVE_WITH_KNOTS('',1,(#8772,#8773),.UNSPECIFIED.,.F.,
  .F.,(2,2),(-2.774999926854,0.924999998845),.PIECEWISE_BEZIER_KNOTS.);
#8772 = CARTESIAN_POINT('',(3.699999925698,-5.E-02));
#8773 = CARTESIAN_POINT('',(0.,-5.E-02));
#8774 = ( GEOMETRIC_REPRESENTATION_CONTEXT(2) 
PARAMETRIC_REPRESENTATION_CONTEXT() REPRESENTATION_CONTEXT('2D SPACE',''
  ) );
#8775 = ORIENTED_EDGE('',*,*,#8776,.T.);
#8776 = EDGE_CURVE('',#8756,#8604,#8777,.T.);
#8777 = SURFACE_CURVE('',#8778,(#8783,#8794),.PCURVE_S1.);
#8778 = CIRCLE('',#8779,3.4);
#8779 = AXIS2_PLACEMENT_3D('',#8780,#8781,#8782);
#8780 = CARTESIAN_POINT('',(-1.85,-1.850000026803,0.4));
#8781 = DIRECTION('',(0.,0.,-1.));
#8782 = DIRECTION('',(-1.,0.,0.));
#8783 = PCURVE('',#6408,#8784);
#8784 = DEFINITIONAL_REPRESENTATION('',(#8785),#8793);
#8785 = ( BOUNDED_CURVE() B_SPLINE_CURVE(2,(#8786,#8787,#8788,#8789,
#8790,#8791,#8792),.UNSPECIFIED.,.T.,.F.) B_SPLINE_CURVE_WITH_KNOTS((1,2
    ,2,2,2,1),(-2.094395102393,0.,2.094395102393,4.188790204786,
6.28318530718,8.377580409573),.UNSPECIFIED.) CURVE() 
GEOMETRIC_REPRESENTATION_ITEM() RATIONAL_B_SPLINE_CURVE((1.,0.5,1.,0.5,
1.,0.5,1.)) REPRESENTATION_ITEM('') );
#8786 = CARTESIAN_POINT('',(-5.249999997689,-1.850000037059));
#8787 = CARTESIAN_POINT('',(-5.249999997689,4.038972708675));
#8788 = CARTESIAN_POINT('',(-0.149999997689,1.094486335808));
#8789 = CARTESIAN_POINT('',(4.950000002311,-1.850000037059));
#8790 = CARTESIAN_POINT('',(-0.149999997689,-4.794486409926));
#8791 = CARTESIAN_POINT('',(-5.249999997689,-7.738972782793));
#8792 = CARTESIAN_POINT('',(-5.249999997689,-1.850000037059));
#8793 = ( GEOMETRIC_REPRESENTATION_CONTEXT(2) 
PARAMETRIC_REPRESENTATION_CONTEXT() REPRESENTATION_CONTEXT('2D SPACE',''
  ) );
#8794 = PCURVE('',#7719,#8795);
#8795 = DEFINITIONAL_REPRESENTATION('',(#8796),#8800);
#8796 = LINE('',#8797,#8798);
#8797 = CARTESIAN_POINT('',(0.,-5.E-02));
#8798 = VECTOR('',#8799,1.);
#8799 = DIRECTION('',(1.,0.));
#8800 = ( GEOMETRIC_REPRESENTATION_CONTEXT(2) 
PARAMETRIC_REPRESENTATION_CONTEXT() REPRESENTATION_CONTEXT('2D SPACE',''
  ) );
#8801 = ADVANCED_FACE('',(#8802),#7087,.T.);
#8802 = FACE_BOUND('',#8803,.T.);
#8803 = EDGE_LOOP('',(#8804,#8827,#8855,#8876,#8877,#8878));
#8804 = ORIENTED_EDGE('',*,*,#8805,.F.);
#8805 = EDGE_CURVE('',#8806,#7230,#8808,.T.);
#8806 = VERTEX_POINT('',#8807);
#8807 = CARTESIAN_POINT('',(20.3,11.6,6.2));
#8808 = SURFACE_CURVE('',#8809,(#8813,#8820),.PCURVE_S1.);
#8809 = LINE('',#8810,#8811);
#8810 = CARTESIAN_POINT('',(20.3,11.6,6.2));
#8811 = VECTOR('',#8812,1.);
#8812 = DIRECTION('',(1.,0.,-0.));
#8813 = PCURVE('',#7087,#8814);
#8814 = DEFINITIONAL_REPRESENTATION('',(#8815),#8819);
#8815 = LINE('',#8816,#8817);
#8816 = CARTESIAN_POINT('',(0.,23.2));
#8817 = VECTOR('',#8818,1.);
#8818 = DIRECTION('',(1.,0.));
#8819 = ( GEOMETRIC_REPRESENTATION_CONTEXT(2) 
PARAMETRIC_REPRESENTATION_CONTEXT() REPRESENTATION_CONTEXT('2D SPACE',''
  ) );
#8820 = PCURVE('',#7270,#8821);
#8821 = DEFINITIONAL_REPRESENTATION('',(#8822),#8826);
#8822 = LINE('',#8823,#8824);
#8823 = CARTESIAN_POINT('',(4.55,0.));
#8824 = VECTOR('',#8825,1.);
#8825 = DIRECTION('',(0.,1.));
#8826 = ( GEOMETRIC_REPRESENTATION_CONTEXT(2) 
PARAMETRIC_REPRESENTATION_CONTEXT() REPRESENTATION_CONTEXT('2D SPACE',''
  ) );
#8827 = ORIENTED_EDGE('',*,*,#8828,.F.);
#8828 = EDGE_CURVE('',#8829,#8806,#8831,.T.);
#8829 = VERTEX_POINT('',#8830);
#8830 = CARTESIAN_POINT('',(20.3,-11.6,6.2));
#8831 = SURFACE_CURVE('',#8832,(#8836,#8843),.PCURVE_S1.);
#8832 = LINE('',#8833,#8834);
#8833 = CARTESIAN_POINT('',(20.3,-11.6,6.2));
#8834 = VECTOR('',#8835,1.);
#8835 = DIRECTION('',(-0.,1.,0.));
#8836 = PCURVE('',#7087,#8837);
#8837 = DEFINITIONAL_REPRESENTATION('',(#8838),#8842);
#8838 = LINE('',#8839,#8840);
#8839 = CARTESIAN_POINT('',(0.,0.));
#8840 = VECTOR('',#8841,1.);
#8841 = DIRECTION('',(0.,1.));
#8842 = ( GEOMETRIC_REPRESENTATION_CONTEXT(2) 
PARAMETRIC_REPRESENTATION_CONTEXT() REPRESENTATION_CONTEXT('2D SPACE',''
  ) );
#8843 = PCURVE('',#8844,#8849);
#8844 = PLANE('',#8845);
#8845 = AXIS2_PLACEMENT_3D('',#8846,#8847,#8848);
#8846 = CARTESIAN_POINT('',(20.3,-11.6,1.65));
#8847 = DIRECTION('',(1.,0.,-0.));
#8848 = DIRECTION('',(0.,0.,1.));
#8849 = DEFINITIONAL_REPRESENTATION('',(#8850),#8854);
#8850 = LINE('',#8851,#8852);
#8851 = CARTESIAN_POINT('',(4.55,0.));
#8852 = VECTOR('',#8853,1.);
#8853 = DIRECTION('',(0.,-1.));
#8854 = ( GEOMETRIC_REPRESENTATION_CONTEXT(2) 
PARAMETRIC_REPRESENTATION_CONTEXT() REPRESENTATION_CONTEXT('2D SPACE',''
  ) );
#8855 = ORIENTED_EDGE('',*,*,#8856,.T.);
#8856 = EDGE_CURVE('',#8829,#7045,#8857,.T.);
#8857 = SURFACE_CURVE('',#8858,(#8862,#8869),.PCURVE_S1.);
#8858 = LINE('',#8859,#8860);
#8859 = CARTESIAN_POINT('',(20.3,-11.6,6.2));
#8860 = VECTOR('',#8861,1.);
#8861 = DIRECTION('',(1.,0.,-0.));
#8862 = PCURVE('',#7087,#8863);
#8863 = DEFINITIONAL_REPRESENTATION('',(#8864),#8868);
#8864 = LINE('',#8865,#8866);
#8865 = CARTESIAN_POINT('',(0.,0.));
#8866 = VECTOR('',#8867,1.);
#8867 = DIRECTION('',(1.,0.));
#8868 = ( GEOMETRIC_REPRESENTATION_CONTEXT(2) 
PARAMETRIC_REPRESENTATION_CONTEXT() REPRESENTATION_CONTEXT('2D SPACE',''
  ) );
#8869 = PCURVE('',#7059,#8870);
#8870 = DEFINITIONAL_REPRESENTATION('',(#8871),#8875);
#8871 = LINE('',#8872,#8873);
#8872 = CARTESIAN_POINT('',(4.55,0.));
#8873 = VECTOR('',#8874,1.);
#8874 = DIRECTION('',(0.,1.));
#8875 = ( GEOMETRIC_REPRESENTATION_CONTEXT(2) 
PARAMETRIC_REPRESENTATION_CONTEXT() REPRESENTATION_CONTEXT('2D SPACE',''
  ) );
#8876 = ORIENTED_EDGE('',*,*,#7070,.F.);
#8877 = ORIENTED_EDGE('',*,*,#7129,.T.);
#8878 = ORIENTED_EDGE('',*,*,#7229,.F.);
#8879 = ADVANCED_FACE('',(#8880),#7059,.F.);
#8880 = FACE_BOUND('',#8881,.F.);
#8881 = EDGE_LOOP('',(#8882,#8883,#8884,#8905,#8931,#8952));
#8882 = ORIENTED_EDGE('',*,*,#7044,.T.);
#8883 = ORIENTED_EDGE('',*,*,#7435,.T.);
#8884 = ORIENTED_EDGE('',*,*,#8885,.F.);
#8885 = EDGE_CURVE('',#8886,#7436,#8888,.T.);
#8886 = VERTEX_POINT('',#8887);
#8887 = CARTESIAN_POINT('',(20.4,-11.6,4.35));
#8888 = SURFACE_CURVE('',#8889,(#8893,#8899),.PCURVE_S1.);
#8889 = LINE('',#8890,#8891);
#8890 = CARTESIAN_POINT('',(20.4,-11.6,1.65));
#8891 = VECTOR('',#8892,1.);
#8892 = DIRECTION('',(-0.,0.,-1.));
#8893 = PCURVE('',#7059,#8894);
#8894 = DEFINITIONAL_REPRESENTATION('',(#8895),#8898);
#8895 = B_SPLINE_CURVE_WITH_KNOTS('',1,(#8896,#8897),.UNSPECIFIED.,.F.,
  .F.,(2,2),(-2.7,-0.15),.PIECEWISE_BEZIER_KNOTS.);
#8896 = CARTESIAN_POINT('',(2.7,0.1));
#8897 = CARTESIAN_POINT('',(0.15,0.1));
#8898 = ( GEOMETRIC_REPRESENTATION_CONTEXT(2) 
PARAMETRIC_REPRESENTATION_CONTEXT() REPRESENTATION_CONTEXT('2D SPACE',''
  ) );
#8899 = PCURVE('',#7471,#8900);
#8900 = DEFINITIONAL_REPRESENTATION('',(#8901),#8904);
#8901 = B_SPLINE_CURVE_WITH_KNOTS('',1,(#8902,#8903),.UNSPECIFIED.,.F.,
  .F.,(2,2),(-2.7,-0.15),.PIECEWISE_BEZIER_KNOTS.);
#8902 = CARTESIAN_POINT('',(2.7,-1.1));
#8903 = CARTESIAN_POINT('',(0.15,-1.1));
#8904 = ( GEOMETRIC_REPRESENTATION_CONTEXT(2) 
PARAMETRIC_REPRESENTATION_CONTEXT() REPRESENTATION_CONTEXT('2D SPACE',''
  ) );
#8905 = ORIENTED_EDGE('',*,*,#8906,.F.);
#8906 = EDGE_CURVE('',#8907,#8886,#8909,.T.);
#8907 = VERTEX_POINT('',#8908);
#8908 = CARTESIAN_POINT('',(20.3,-11.6,4.35));
#8909 = SURFACE_CURVE('',#8910,(#8914,#8920),.PCURVE_S1.);
#8910 = LINE('',#8911,#8912);
#8911 = CARTESIAN_POINT('',(13.15,-11.6,4.35));
#8912 = VECTOR('',#8913,1.);
#8913 = DIRECTION('',(1.,0.,-0.));
#8914 = PCURVE('',#7059,#8915);
#8915 = DEFINITIONAL_REPRESENTATION('',(#8916),#8919);
#8916 = B_SPLINE_CURVE_WITH_KNOTS('',1,(#8917,#8918),.UNSPECIFIED.,.F.,
  .F.,(2,2),(7.15,7.25),.PIECEWISE_BEZIER_KNOTS.);
#8917 = CARTESIAN_POINT('',(2.7,0.));
#8918 = CARTESIAN_POINT('',(2.7,0.1));
#8919 = ( GEOMETRIC_REPRESENTATION_CONTEXT(2) 
PARAMETRIC_REPRESENTATION_CONTEXT() REPRESENTATION_CONTEXT('2D SPACE',''
  ) );
#8920 = PCURVE('',#8921,#8926);
#8921 = PLANE('',#8922);
#8922 = AXIS2_PLACEMENT_3D('',#8923,#8924,#8925);
#8923 = CARTESIAN_POINT('',(6.,-12.7,4.35));
#8924 = DIRECTION('',(0.,0.,1.));
#8925 = DIRECTION('',(1.,0.,-0.));
#8926 = DEFINITIONAL_REPRESENTATION('',(#8927),#8930);
#8927 = B_SPLINE_CURVE_WITH_KNOTS('',1,(#8928,#8929),.UNSPECIFIED.,.F.,
  .F.,(2,2),(7.15,7.25),.PIECEWISE_BEZIER_KNOTS.);
#8928 = CARTESIAN_POINT('',(14.3,1.1));
#8929 = CARTESIAN_POINT('',(14.4,1.1));
#8930 = ( GEOMETRIC_REPRESENTATION_CONTEXT(2) 
PARAMETRIC_REPRESENTATION_CONTEXT() REPRESENTATION_CONTEXT('2D SPACE',''
  ) );
#8931 = ORIENTED_EDGE('',*,*,#8932,.T.);
#8932 = EDGE_CURVE('',#8907,#8829,#8933,.T.);
#8933 = SURFACE_CURVE('',#8934,(#8938,#8945),.PCURVE_S1.);
#8934 = LINE('',#8935,#8936);
#8935 = CARTESIAN_POINT('',(20.3,-11.6,1.65));
#8936 = VECTOR('',#8937,1.);
#8937 = DIRECTION('',(0.,0.,1.));
#8938 = PCURVE('',#7059,#8939);
#8939 = DEFINITIONAL_REPRESENTATION('',(#8940),#8944);
#8940 = LINE('',#8941,#8942);
#8941 = CARTESIAN_POINT('',(0.,0.));
#8942 = VECTOR('',#8943,1.);
#8943 = DIRECTION('',(1.,0.));
#8944 = ( GEOMETRIC_REPRESENTATION_CONTEXT(2) 
PARAMETRIC_REPRESENTATION_CONTEXT() REPRESENTATION_CONTEXT('2D SPACE',''
  ) );
#8945 = PCURVE('',#8844,#8946);
#8946 = DEFINITIONAL_REPRESENTATION('',(#8947),#8951);
#8947 = LINE('',#8948,#8949);
#8948 = CARTESIAN_POINT('',(0.,0.));
#8949 = VECTOR('',#8950,1.);
#8950 = DIRECTION('',(1.,0.));
#8951 = ( GEOMETRIC_REPRESENTATION_CONTEXT(2) 
PARAMETRIC_REPRESENTATION_CONTEXT() REPRESENTATION_CONTEXT('2D SPACE',''
  ) );
#8952 = ORIENTED_EDGE('',*,*,#8856,.T.);
#8953 = ADVANCED_FACE('',(#8954),#7270,.T.);
#8954 = FACE_BOUND('',#8955,.T.);
#8955 = EDGE_LOOP('',(#8956,#8957,#8958,#8979,#9005,#9026));
#8956 = ORIENTED_EDGE('',*,*,#7257,.T.);
#8957 = ORIENTED_EDGE('',*,*,#8027,.T.);
#8958 = ORIENTED_EDGE('',*,*,#8959,.F.);
#8959 = EDGE_CURVE('',#8960,#8002,#8962,.T.);
#8960 = VERTEX_POINT('',#8961);
#8961 = CARTESIAN_POINT('',(20.4,11.6,4.35));
#8962 = SURFACE_CURVE('',#8963,(#8967,#8973),.PCURVE_S1.);
#8963 = LINE('',#8964,#8965);
#8964 = CARTESIAN_POINT('',(20.4,11.6,1.65));
#8965 = VECTOR('',#8966,1.);
#8966 = DIRECTION('',(-0.,0.,-1.));
#8967 = PCURVE('',#7270,#8968);
#8968 = DEFINITIONAL_REPRESENTATION('',(#8969),#8972);
#8969 = B_SPLINE_CURVE_WITH_KNOTS('',1,(#8970,#8971),.UNSPECIFIED.,.F.,
  .F.,(2,2),(-2.7,-0.15),.PIECEWISE_BEZIER_KNOTS.);
#8970 = CARTESIAN_POINT('',(2.7,0.1));
#8971 = CARTESIAN_POINT('',(0.15,0.1));
#8972 = ( GEOMETRIC_REPRESENTATION_CONTEXT(2) 
PARAMETRIC_REPRESENTATION_CONTEXT() REPRESENTATION_CONTEXT('2D SPACE',''
  ) );
#8973 = PCURVE('',#8016,#8974);
#8974 = DEFINITIONAL_REPRESENTATION('',(#8975),#8978);
#8975 = B_SPLINE_CURVE_WITH_KNOTS('',1,(#8976,#8977),.UNSPECIFIED.,.F.,
  .F.,(2,2),(-2.7,-0.15),.PIECEWISE_BEZIER_KNOTS.);
#8976 = CARTESIAN_POINT('',(2.7,-1.E-01));
#8977 = CARTESIAN_POINT('',(0.15,-1.E-01));
#8978 = ( GEOMETRIC_REPRESENTATION_CONTEXT(2) 
PARAMETRIC_REPRESENTATION_CONTEXT() REPRESENTATION_CONTEXT('2D SPACE',''
  ) );
#8979 = ORIENTED_EDGE('',*,*,#8980,.F.);
#8980 = EDGE_CURVE('',#8981,#8960,#8983,.T.);
#8981 = VERTEX_POINT('',#8982);
#8982 = CARTESIAN_POINT('',(20.3,11.6,4.35));
#8983 = SURFACE_CURVE('',#8984,(#8988,#8994),.PCURVE_S1.);
#8984 = LINE('',#8985,#8986);
#8985 = CARTESIAN_POINT('',(13.15,11.6,4.35));
#8986 = VECTOR('',#8987,1.);
#8987 = DIRECTION('',(1.,0.,-0.));
#8988 = PCURVE('',#7270,#8989);
#8989 = DEFINITIONAL_REPRESENTATION('',(#8990),#8993);
#8990 = B_SPLINE_CURVE_WITH_KNOTS('',1,(#8991,#8992),.UNSPECIFIED.,.F.,
  .F.,(2,2),(7.15,7.25),.PIECEWISE_BEZIER_KNOTS.);
#8991 = CARTESIAN_POINT('',(2.7,0.));
#8992 = CARTESIAN_POINT('',(2.7,0.1));
#8993 = ( GEOMETRIC_REPRESENTATION_CONTEXT(2) 
PARAMETRIC_REPRESENTATION_CONTEXT() REPRESENTATION_CONTEXT('2D SPACE',''
  ) );
#8994 = PCURVE('',#8995,#9000);
#8995 = PLANE('',#8996);
#8996 = AXIS2_PLACEMENT_3D('',#8997,#8998,#8999);
#8997 = CARTESIAN_POINT('',(6.,11.5,4.35));
#8998 = DIRECTION('',(0.,0.,1.));
#8999 = DIRECTION('',(1.,0.,-0.));
#9000 = DEFINITIONAL_REPRESENTATION('',(#9001),#9004);
#9001 = B_SPLINE_CURVE_WITH_KNOTS('',1,(#9002,#9003),.UNSPECIFIED.,.F.,
  .F.,(2,2),(7.15,7.25),.PIECEWISE_BEZIER_KNOTS.);
#9002 = CARTESIAN_POINT('',(14.3,1.E-01));
#9003 = CARTESIAN_POINT('',(14.4,1.E-01));
#9004 = ( GEOMETRIC_REPRESENTATION_CONTEXT(2) 
PARAMETRIC_REPRESENTATION_CONTEXT() REPRESENTATION_CONTEXT('2D SPACE',''
  ) );
#9005 = ORIENTED_EDGE('',*,*,#9006,.T.);
#9006 = EDGE_CURVE('',#8981,#8806,#9007,.T.);
#9007 = SURFACE_CURVE('',#9008,(#9012,#9019),.PCURVE_S1.);
#9008 = LINE('',#9009,#9010);
#9009 = CARTESIAN_POINT('',(20.3,11.6,1.65));
#9010 = VECTOR('',#9011,1.);
#9011 = DIRECTION('',(0.,0.,1.));
#9012 = PCURVE('',#7270,#9013);
#9013 = DEFINITIONAL_REPRESENTATION('',(#9014),#9018);
#9014 = LINE('',#9015,#9016);
#9015 = CARTESIAN_POINT('',(0.,0.));
#9016 = VECTOR('',#9017,1.);
#9017 = DIRECTION('',(1.,0.));
#9018 = ( GEOMETRIC_REPRESENTATION_CONTEXT(2) 
PARAMETRIC_REPRESENTATION_CONTEXT() REPRESENTATION_CONTEXT('2D SPACE',''
  ) );
#9019 = PCURVE('',#8844,#9020);
#9020 = DEFINITIONAL_REPRESENTATION('',(#9021),#9025);
#9021 = LINE('',#9022,#9023);
#9022 = CARTESIAN_POINT('',(0.,-23.2));
#9023 = VECTOR('',#9024,1.);
#9024 = DIRECTION('',(1.,0.));
#9025 = ( GEOMETRIC_REPRESENTATION_CONTEXT(2) 
PARAMETRIC_REPRESENTATION_CONTEXT() REPRESENTATION_CONTEXT('2D SPACE',''
  ) );
#9026 = ORIENTED_EDGE('',*,*,#8805,.T.);
#9027 = ADVANCED_FACE('',(#9028),#8016,.T.);
#9028 = FACE_BOUND('',#9029,.T.);
#9029 = EDGE_LOOP('',(#9030,#9053,#9054,#9055));
#9030 = ORIENTED_EDGE('',*,*,#9031,.F.);
#9031 = EDGE_CURVE('',#8960,#9032,#9034,.T.);
#9032 = VERTEX_POINT('',#9033);
#9033 = CARTESIAN_POINT('',(20.4,12.7,4.35));
#9034 = SURFACE_CURVE('',#9035,(#9039,#9046),.PCURVE_S1.);
#9035 = LINE('',#9036,#9037);
#9036 = CARTESIAN_POINT('',(20.4,11.5,4.35));
#9037 = VECTOR('',#9038,1.);
#9038 = DIRECTION('',(-0.,1.,0.));
#9039 = PCURVE('',#8016,#9040);
#9040 = DEFINITIONAL_REPRESENTATION('',(#9041),#9045);
#9041 = LINE('',#9042,#9043);
#9042 = CARTESIAN_POINT('',(2.7,0.));
#9043 = VECTOR('',#9044,1.);
#9044 = DIRECTION('',(0.,-1.));
#9045 = ( GEOMETRIC_REPRESENTATION_CONTEXT(2) 
PARAMETRIC_REPRESENTATION_CONTEXT() REPRESENTATION_CONTEXT('2D SPACE',''
  ) );
#9046 = PCURVE('',#8995,#9047);
#9047 = DEFINITIONAL_REPRESENTATION('',(#9048),#9052);
#9048 = LINE('',#9049,#9050);
#9049 = CARTESIAN_POINT('',(14.4,0.));
#9050 = VECTOR('',#9051,1.);
#9051 = DIRECTION('',(0.,1.));
#9052 = ( GEOMETRIC_REPRESENTATION_CONTEXT(2) 
PARAMETRIC_REPRESENTATION_CONTEXT() REPRESENTATION_CONTEXT('2D SPACE',''
  ) );
#9053 = ORIENTED_EDGE('',*,*,#8959,.T.);
#9054 = ORIENTED_EDGE('',*,*,#8001,.T.);
#9055 = ORIENTED_EDGE('',*,*,#9056,.T.);
#9056 = EDGE_CURVE('',#7976,#9032,#9057,.T.);
#9057 = SURFACE_CURVE('',#9058,(#9062,#9069),.PCURVE_S1.);
#9058 = LINE('',#9059,#9060);
#9059 = CARTESIAN_POINT('',(20.4,12.7,1.65));
#9060 = VECTOR('',#9061,1.);
#9061 = DIRECTION('',(0.,0.,1.));
#9062 = PCURVE('',#8016,#9063);
#9063 = DEFINITIONAL_REPRESENTATION('',(#9064),#9068);
#9064 = LINE('',#9065,#9066);
#9065 = CARTESIAN_POINT('',(0.,-1.2));
#9066 = VECTOR('',#9067,1.);
#9067 = DIRECTION('',(1.,0.));
#9068 = ( GEOMETRIC_REPRESENTATION_CONTEXT(2) 
PARAMETRIC_REPRESENTATION_CONTEXT() REPRESENTATION_CONTEXT('2D SPACE',''
  ) );
#9069 = PCURVE('',#7990,#9070);
#9070 = DEFINITIONAL_REPRESENTATION('',(#9071),#9075);
#9071 = LINE('',#9072,#9073);
#9072 = CARTESIAN_POINT('',(0.,14.4));
#9073 = VECTOR('',#9074,1.);
#9074 = DIRECTION('',(1.,0.));
#9075 = ( GEOMETRIC_REPRESENTATION_CONTEXT(2) 
PARAMETRIC_REPRESENTATION_CONTEXT() REPRESENTATION_CONTEXT('2D SPACE',''
  ) );
#9076 = ADVANCED_FACE('',(#9077),#7990,.T.);
#9077 = FACE_BOUND('',#9078,.T.);
#9078 = EDGE_LOOP('',(#9079,#9080,#9081,#9104));
#9079 = ORIENTED_EDGE('',*,*,#9056,.F.);
#9080 = ORIENTED_EDGE('',*,*,#7975,.T.);
#9081 = ORIENTED_EDGE('',*,*,#9082,.T.);
#9082 = EDGE_CURVE('',#7950,#9083,#9085,.T.);
#9083 = VERTEX_POINT('',#9084);
#9084 = CARTESIAN_POINT('',(6.,12.7,4.35));
#9085 = SURFACE_CURVE('',#9086,(#9090,#9097),.PCURVE_S1.);
#9086 = LINE('',#9087,#9088);
#9087 = CARTESIAN_POINT('',(6.,12.7,1.65));
#9088 = VECTOR('',#9089,1.);
#9089 = DIRECTION('',(0.,0.,1.));
#9090 = PCURVE('',#7990,#9091);
#9091 = DEFINITIONAL_REPRESENTATION('',(#9092),#9096);
#9092 = LINE('',#9093,#9094);
#9093 = CARTESIAN_POINT('',(0.,0.));
#9094 = VECTOR('',#9095,1.);
#9095 = DIRECTION('',(1.,0.));
#9096 = ( GEOMETRIC_REPRESENTATION_CONTEXT(2) 
PARAMETRIC_REPRESENTATION_CONTEXT() REPRESENTATION_CONTEXT('2D SPACE',''
  ) );
#9097 = PCURVE('',#7964,#9098);
#9098 = DEFINITIONAL_REPRESENTATION('',(#9099),#9103);
#9099 = LINE('',#9100,#9101);
#9100 = CARTESIAN_POINT('',(0.,-1.2));
#9101 = VECTOR('',#9102,1.);
#9102 = DIRECTION('',(1.,0.));
#9103 = ( GEOMETRIC_REPRESENTATION_CONTEXT(2) 
PARAMETRIC_REPRESENTATION_CONTEXT() REPRESENTATION_CONTEXT('2D SPACE',''
  ) );
#9104 = ORIENTED_EDGE('',*,*,#9105,.T.);
#9105 = EDGE_CURVE('',#9083,#9032,#9106,.T.);
#9106 = SURFACE_CURVE('',#9107,(#9111,#9118),.PCURVE_S1.);
#9107 = LINE('',#9108,#9109);
#9108 = CARTESIAN_POINT('',(6.,12.7,4.35));
#9109 = VECTOR('',#9110,1.);
#9110 = DIRECTION('',(1.,0.,-0.));
#9111 = PCURVE('',#7990,#9112);
#9112 = DEFINITIONAL_REPRESENTATION('',(#9113),#9117);
#9113 = LINE('',#9114,#9115);
#9114 = CARTESIAN_POINT('',(2.7,0.));
#9115 = VECTOR('',#9116,1.);
#9116 = DIRECTION('',(0.,1.));
#9117 = ( GEOMETRIC_REPRESENTATION_CONTEXT(2) 
PARAMETRIC_REPRESENTATION_CONTEXT() REPRESENTATION_CONTEXT('2D SPACE',''
  ) );
#9118 = PCURVE('',#8995,#9119);
#9119 = DEFINITIONAL_REPRESENTATION('',(#9120),#9124);
#9120 = LINE('',#9121,#9122);
#9121 = CARTESIAN_POINT('',(0.,1.2));
#9122 = VECTOR('',#9123,1.);
#9123 = DIRECTION('',(1.,0.));
#9124 = ( GEOMETRIC_REPRESENTATION_CONTEXT(2) 
PARAMETRIC_REPRESENTATION_CONTEXT() REPRESENTATION_CONTEXT('2D SPACE',''
  ) );
#9125 = ADVANCED_FACE('',(#9126),#7964,.F.);
#9126 = FACE_BOUND('',#9127,.F.);
#9127 = EDGE_LOOP('',(#9128,#9151,#9170,#9171));
#9128 = ORIENTED_EDGE('',*,*,#9129,.F.);
#9129 = EDGE_CURVE('',#9130,#9083,#9132,.T.);
#9130 = VERTEX_POINT('',#9131);
#9131 = CARTESIAN_POINT('',(6.,11.6,4.35));
#9132 = SURFACE_CURVE('',#9133,(#9137,#9144),.PCURVE_S1.);
#9133 = LINE('',#9134,#9135);
#9134 = CARTESIAN_POINT('',(6.,11.5,4.35));
#9135 = VECTOR('',#9136,1.);
#9136 = DIRECTION('',(-0.,1.,0.));
#9137 = PCURVE('',#7964,#9138);
#9138 = DEFINITIONAL_REPRESENTATION('',(#9139),#9143);
#9139 = LINE('',#9140,#9141);
#9140 = CARTESIAN_POINT('',(2.7,0.));
#9141 = VECTOR('',#9142,1.);
#9142 = DIRECTION('',(0.,-1.));
#9143 = ( GEOMETRIC_REPRESENTATION_CONTEXT(2) 
PARAMETRIC_REPRESENTATION_CONTEXT() REPRESENTATION_CONTEXT('2D SPACE',''
  ) );
#9144 = PCURVE('',#8995,#9145);
#9145 = DEFINITIONAL_REPRESENTATION('',(#9146),#9150);
#9146 = LINE('',#9147,#9148);
#9147 = CARTESIAN_POINT('',(0.,0.));
#9148 = VECTOR('',#9149,1.);
#9149 = DIRECTION('',(0.,1.));
#9150 = ( GEOMETRIC_REPRESENTATION_CONTEXT(2) 
PARAMETRIC_REPRESENTATION_CONTEXT() REPRESENTATION_CONTEXT('2D SPACE',''
  ) );
#9151 = ORIENTED_EDGE('',*,*,#9152,.T.);
#9152 = EDGE_CURVE('',#9130,#7924,#9153,.T.);
#9153 = SURFACE_CURVE('',#9154,(#9158,#9164),.PCURVE_S1.);
#9154 = LINE('',#9155,#9156);
#9155 = CARTESIAN_POINT('',(6.,11.6,1.65));
#9156 = VECTOR('',#9157,1.);
#9157 = DIRECTION('',(-0.,0.,-1.));
#9158 = PCURVE('',#7964,#9159);
#9159 = DEFINITIONAL_REPRESENTATION('',(#9160),#9163);
#9160 = B_SPLINE_CURVE_WITH_KNOTS('',1,(#9161,#9162),.UNSPECIFIED.,.F.,
  .F.,(2,2),(-2.7,-0.15),.PIECEWISE_BEZIER_KNOTS.);
#9161 = CARTESIAN_POINT('',(2.7,-1.E-01));
#9162 = CARTESIAN_POINT('',(0.15,-1.E-01));
#9163 = ( GEOMETRIC_REPRESENTATION_CONTEXT(2) 
PARAMETRIC_REPRESENTATION_CONTEXT() REPRESENTATION_CONTEXT('2D SPACE',''
  ) );
#9164 = PCURVE('',#7938,#9165);
#9165 = DEFINITIONAL_REPRESENTATION('',(#9166),#9169);
#9166 = B_SPLINE_CURVE_WITH_KNOTS('',1,(#9167,#9168),.UNSPECIFIED.,.F.,
  .F.,(2,2),(-2.7,-0.15),.PIECEWISE_BEZIER_KNOTS.);
#9167 = CARTESIAN_POINT('',(2.7,1.1));
#9168 = CARTESIAN_POINT('',(0.15,1.1));
#9169 = ( GEOMETRIC_REPRESENTATION_CONTEXT(2) 
PARAMETRIC_REPRESENTATION_CONTEXT() REPRESENTATION_CONTEXT('2D SPACE',''
  ) );
#9170 = ORIENTED_EDGE('',*,*,#7949,.T.);
#9171 = ORIENTED_EDGE('',*,*,#9082,.T.);
#9172 = ADVANCED_FACE('',(#9173),#7938,.T.);
#9173 = FACE_BOUND('',#9174,.T.);
#9174 = EDGE_LOOP('',(#9175,#9205,#9224,#9225,#9226,#9249));
#9175 = ORIENTED_EDGE('',*,*,#9176,.F.);
#9176 = EDGE_CURVE('',#9177,#9179,#9181,.T.);
#9177 = VERTEX_POINT('',#9178);
#9178 = CARTESIAN_POINT('',(6.1,11.6,4.35));
#9179 = VERTEX_POINT('',#9180);
#9180 = CARTESIAN_POINT('',(6.1,11.6,6.2));
#9181 = SURFACE_CURVE('',#9182,(#9186,#9193),.PCURVE_S1.);
#9182 = LINE('',#9183,#9184);
#9183 = CARTESIAN_POINT('',(6.1,11.6,1.65));
#9184 = VECTOR('',#9185,1.);
#9185 = DIRECTION('',(0.,0.,1.));
#9186 = PCURVE('',#7938,#9187);
#9187 = DEFINITIONAL_REPRESENTATION('',(#9188),#9192);
#9188 = LINE('',#9189,#9190);
#9189 = CARTESIAN_POINT('',(0.,1.2));
#9190 = VECTOR('',#9191,1.);
#9191 = DIRECTION('',(1.,0.));
#9192 = ( GEOMETRIC_REPRESENTATION_CONTEXT(2) 
PARAMETRIC_REPRESENTATION_CONTEXT() REPRESENTATION_CONTEXT('2D SPACE',''
  ) );
#9193 = PCURVE('',#9194,#9199);
#9194 = PLANE('',#9195);
#9195 = AXIS2_PLACEMENT_3D('',#9196,#9197,#9198);
#9196 = CARTESIAN_POINT('',(6.1,-11.6,1.65));
#9197 = DIRECTION('',(1.,0.,-0.));
#9198 = DIRECTION('',(0.,0.,1.));
#9199 = DEFINITIONAL_REPRESENTATION('',(#9200),#9204);
#9200 = LINE('',#9201,#9202);
#9201 = CARTESIAN_POINT('',(0.,-23.2));
#9202 = VECTOR('',#9203,1.);
#9203 = DIRECTION('',(1.,0.));
#9204 = ( GEOMETRIC_REPRESENTATION_CONTEXT(2) 
PARAMETRIC_REPRESENTATION_CONTEXT() REPRESENTATION_CONTEXT('2D SPACE',''
  ) );
#9205 = ORIENTED_EDGE('',*,*,#9206,.F.);
#9206 = EDGE_CURVE('',#9130,#9177,#9207,.T.);
#9207 = SURFACE_CURVE('',#9208,(#9212,#9218),.PCURVE_S1.);
#9208 = LINE('',#9209,#9210);
#9209 = CARTESIAN_POINT('',(5.45,11.6,4.35));
#9210 = VECTOR('',#9211,1.);
#9211 = DIRECTION('',(1.,0.,-0.));
#9212 = PCURVE('',#7938,#9213);
#9213 = DEFINITIONAL_REPRESENTATION('',(#9214),#9217);
#9214 = B_SPLINE_CURVE_WITH_KNOTS('',1,(#9215,#9216),.UNSPECIFIED.,.F.,
  .F.,(2,2),(0.55,0.65),.PIECEWISE_BEZIER_KNOTS.);
#9215 = CARTESIAN_POINT('',(2.7,1.1));
#9216 = CARTESIAN_POINT('',(2.7,1.2));
#9217 = ( GEOMETRIC_REPRESENTATION_CONTEXT(2) 
PARAMETRIC_REPRESENTATION_CONTEXT() REPRESENTATION_CONTEXT('2D SPACE',''
  ) );
#9218 = PCURVE('',#8995,#9219);
#9219 = DEFINITIONAL_REPRESENTATION('',(#9220),#9223);
#9220 = B_SPLINE_CURVE_WITH_KNOTS('',1,(#9221,#9222),.UNSPECIFIED.,.F.,
  .F.,(2,2),(0.55,0.65),.PIECEWISE_BEZIER_KNOTS.);
#9221 = CARTESIAN_POINT('',(0.,1.E-01));
#9222 = CARTESIAN_POINT('',(0.1,1.E-01));
#9223 = ( GEOMETRIC_REPRESENTATION_CONTEXT(2) 
PARAMETRIC_REPRESENTATION_CONTEXT() REPRESENTATION_CONTEXT('2D SPACE',''
  ) );
#9224 = ORIENTED_EDGE('',*,*,#9152,.T.);
#9225 = ORIENTED_EDGE('',*,*,#7923,.T.);
#9226 = ORIENTED_EDGE('',*,*,#9227,.T.);
#9227 = EDGE_CURVE('',#7903,#9228,#9230,.T.);
#9228 = VERTEX_POINT('',#9229);
#9229 = CARTESIAN_POINT('',(4.9,11.6,6.2));
#9230 = SURFACE_CURVE('',#9231,(#9235,#9242),.PCURVE_S1.);
#9231 = LINE('',#9232,#9233);
#9232 = CARTESIAN_POINT('',(4.9,11.6,1.65));
#9233 = VECTOR('',#9234,1.);
#9234 = DIRECTION('',(0.,0.,1.));
#9235 = PCURVE('',#7938,#9236);
#9236 = DEFINITIONAL_REPRESENTATION('',(#9237),#9241);
#9237 = LINE('',#9238,#9239);
#9238 = CARTESIAN_POINT('',(0.,0.));
#9239 = VECTOR('',#9240,1.);
#9240 = DIRECTION('',(1.,0.));
#9241 = ( GEOMETRIC_REPRESENTATION_CONTEXT(2) 
PARAMETRIC_REPRESENTATION_CONTEXT() REPRESENTATION_CONTEXT('2D SPACE',''
  ) );
#9242 = PCURVE('',#7575,#9243);
#9243 = DEFINITIONAL_REPRESENTATION('',(#9244),#9248);
#9244 = LINE('',#9245,#9246);
#9245 = CARTESIAN_POINT('',(0.,-23.2));
#9246 = VECTOR('',#9247,1.);
#9247 = DIRECTION('',(1.,0.));
#9248 = ( GEOMETRIC_REPRESENTATION_CONTEXT(2) 
PARAMETRIC_REPRESENTATION_CONTEXT() REPRESENTATION_CONTEXT('2D SPACE',''
  ) );
#9249 = ORIENTED_EDGE('',*,*,#9250,.T.);
#9250 = EDGE_CURVE('',#9228,#9179,#9251,.T.);
#9251 = SURFACE_CURVE('',#9252,(#9256,#9263),.PCURVE_S1.);
#9252 = LINE('',#9253,#9254);
#9253 = CARTESIAN_POINT('',(4.9,11.6,6.2));
#9254 = VECTOR('',#9255,1.);
#9255 = DIRECTION('',(1.,0.,-0.));
#9256 = PCURVE('',#7938,#9257);
#9257 = DEFINITIONAL_REPRESENTATION('',(#9258),#9262);
#9258 = LINE('',#9259,#9260);
#9259 = CARTESIAN_POINT('',(4.55,0.));
#9260 = VECTOR('',#9261,1.);
#9261 = DIRECTION('',(0.,1.));
#9262 = ( GEOMETRIC_REPRESENTATION_CONTEXT(2) 
PARAMETRIC_REPRESENTATION_CONTEXT() REPRESENTATION_CONTEXT('2D SPACE',''
  ) );
#9263 = PCURVE('',#9264,#9269);
#9264 = PLANE('',#9265);
#9265 = AXIS2_PLACEMENT_3D('',#9266,#9267,#9268);
#9266 = CARTESIAN_POINT('',(4.9,-11.6,6.2));
#9267 = DIRECTION('',(0.,0.,1.));
#9268 = DIRECTION('',(1.,0.,-0.));
#9269 = DEFINITIONAL_REPRESENTATION('',(#9270),#9274);
#9270 = LINE('',#9271,#9272);
#9271 = CARTESIAN_POINT('',(0.,23.2));
#9272 = VECTOR('',#9273,1.);
#9273 = DIRECTION('',(1.,0.));
#9274 = ( GEOMETRIC_REPRESENTATION_CONTEXT(2) 
PARAMETRIC_REPRESENTATION_CONTEXT() REPRESENTATION_CONTEXT('2D SPACE',''
  ) );
#9275 = ADVANCED_FACE('',(#9276),#7575,.F.);
#9276 = FACE_BOUND('',#9277,.F.);
#9277 = EDGE_LOOP('',(#9278,#9301,#9302,#9323,#9351,#9370,#9371,#9372));
#9278 = ORIENTED_EDGE('',*,*,#9279,.F.);
#9279 = EDGE_CURVE('',#7535,#9280,#9282,.T.);
#9280 = VERTEX_POINT('',#9281);
#9281 = CARTESIAN_POINT('',(4.9,-11.6,6.2));
#9282 = SURFACE_CURVE('',#9283,(#9287,#9294),.PCURVE_S1.);
#9283 = LINE('',#9284,#9285);
#9284 = CARTESIAN_POINT('',(4.9,-11.6,1.65));
#9285 = VECTOR('',#9286,1.);
#9286 = DIRECTION('',(0.,0.,1.));
#9287 = PCURVE('',#7575,#9288);
#9288 = DEFINITIONAL_REPRESENTATION('',(#9289),#9293);
#9289 = LINE('',#9290,#9291);
#9290 = CARTESIAN_POINT('',(0.,0.));
#9291 = VECTOR('',#9292,1.);
#9292 = DIRECTION('',(1.,0.));
#9293 = ( GEOMETRIC_REPRESENTATION_CONTEXT(2) 
PARAMETRIC_REPRESENTATION_CONTEXT() REPRESENTATION_CONTEXT('2D SPACE',''
  ) );
#9294 = PCURVE('',#7549,#9295);
#9295 = DEFINITIONAL_REPRESENTATION('',(#9296),#9300);
#9296 = LINE('',#9297,#9298);
#9297 = CARTESIAN_POINT('',(0.,0.));
#9298 = VECTOR('',#9299,1.);
#9299 = DIRECTION('',(1.,0.));
#9300 = ( GEOMETRIC_REPRESENTATION_CONTEXT(2) 
PARAMETRIC_REPRESENTATION_CONTEXT() REPRESENTATION_CONTEXT('2D SPACE',''
  ) );
#9301 = ORIENTED_EDGE('',*,*,#7560,.T.);
#9302 = ORIENTED_EDGE('',*,*,#9303,.T.);
#9303 = EDGE_CURVE('',#7561,#9304,#9306,.T.);
#9304 = VERTEX_POINT('',#9305);
#9305 = CARTESIAN_POINT('',(4.9,-3.3524977425,1.65));
#9306 = SURFACE_CURVE('',#9307,(#9311,#9317),.PCURVE_S1.);
#9307 = LINE('',#9308,#9309);
#9308 = CARTESIAN_POINT('',(4.9,-3.3524977425,0.35));
#9309 = VECTOR('',#9310,1.);
#9310 = DIRECTION('',(0.,0.,-1.));
#9311 = PCURVE('',#7575,#9312);
#9312 = DEFINITIONAL_REPRESENTATION('',(#9313),#9316);
#9313 = B_SPLINE_CURVE_WITH_KNOTS('',1,(#9314,#9315),.UNSPECIFIED.,.F.,
  .F.,(2,2),(-1.4500006,-0.845),.PIECEWISE_BEZIER_KNOTS.);
#9314 = CARTESIAN_POINT('',(0.1500006,-8.2475022575));
#9315 = CARTESIAN_POINT('',(-0.455,-8.2475022575));
#9316 = ( GEOMETRIC_REPRESENTATION_CONTEXT(2) 
PARAMETRIC_REPRESENTATION_CONTEXT() REPRESENTATION_CONTEXT('2D SPACE',''
  ) );
#9317 = PCURVE('',#7607,#9318);
#9318 = DEFINITIONAL_REPRESENTATION('',(#9319),#9322);
#9319 = B_SPLINE_CURVE_WITH_KNOTS('',1,(#9320,#9321),.UNSPECIFIED.,.F.,
  .F.,(2,2),(-1.4500006,-0.845),.PIECEWISE_BEZIER_KNOTS.);
#9320 = CARTESIAN_POINT('',(3.599320627953,-1.4500006));
#9321 = CARTESIAN_POINT('',(3.599320627953,-0.845));
#9322 = ( GEOMETRIC_REPRESENTATION_CONTEXT(2) 
PARAMETRIC_REPRESENTATION_CONTEXT() REPRESENTATION_CONTEXT('2D SPACE',''
  ) );
#9323 = ORIENTED_EDGE('',*,*,#9324,.T.);
#9324 = EDGE_CURVE('',#9304,#9325,#9327,.T.);
#9325 = VERTEX_POINT('',#9326);
#9326 = CARTESIAN_POINT('',(4.9,3.352497872633,1.65));
#9327 = SURFACE_CURVE('',#9328,(#9332,#9339),.PCURVE_S1.);
#9328 = LINE('',#9329,#9330);
#9329 = CARTESIAN_POINT('',(4.9,-11.6,1.65));
#9330 = VECTOR('',#9331,1.);
#9331 = DIRECTION('',(-0.,1.,0.));
#9332 = PCURVE('',#7575,#9333);
#9333 = DEFINITIONAL_REPRESENTATION('',(#9334),#9338);
#9334 = LINE('',#9335,#9336);
#9335 = CARTESIAN_POINT('',(0.,0.));
#9336 = VECTOR('',#9337,1.);
#9337 = DIRECTION('',(0.,-1.));
#9338 = ( GEOMETRIC_REPRESENTATION_CONTEXT(2) 
PARAMETRIC_REPRESENTATION_CONTEXT() REPRESENTATION_CONTEXT('2D SPACE',''
  ) );
#9339 = PCURVE('',#9340,#9345);
#9340 = PLANE('',#9341);
#9341 = AXIS2_PLACEMENT_3D('',#9342,#9343,#9344);
#9342 = CARTESIAN_POINT('',(4.9,-11.6,1.65));
#9343 = DIRECTION('',(0.,0.,1.));
#9344 = DIRECTION('',(1.,0.,-0.));
#9345 = DEFINITIONAL_REPRESENTATION('',(#9346),#9350);
#9346 = LINE('',#9347,#9348);
#9347 = CARTESIAN_POINT('',(0.,0.));
#9348 = VECTOR('',#9349,1.);
#9349 = DIRECTION('',(0.,1.));
#9350 = ( GEOMETRIC_REPRESENTATION_CONTEXT(2) 
PARAMETRIC_REPRESENTATION_CONTEXT() REPRESENTATION_CONTEXT('2D SPACE',''
  ) );
#9351 = ORIENTED_EDGE('',*,*,#9352,.F.);
#9352 = EDGE_CURVE('',#7870,#9325,#9353,.T.);
#9353 = SURFACE_CURVE('',#9354,(#9358,#9364),.PCURVE_S1.);
#9354 = LINE('',#9355,#9356);
#9355 = CARTESIAN_POINT('',(4.9,3.352497872633,0.35));
#9356 = VECTOR('',#9357,1.);
#9357 = DIRECTION('',(0.,0.,-1.));
#9358 = PCURVE('',#7575,#9359);
#9359 = DEFINITIONAL_REPRESENTATION('',(#9360),#9363);
#9360 = B_SPLINE_CURVE_WITH_KNOTS('',1,(#9361,#9362),.UNSPECIFIED.,.F.,
  .F.,(2,2),(-1.4500006,-0.845),.PIECEWISE_BEZIER_KNOTS.);
#9361 = CARTESIAN_POINT('',(0.1500006,-14.95249787263));
#9362 = CARTESIAN_POINT('',(-0.455,-14.95249787263));
#9363 = ( GEOMETRIC_REPRESENTATION_CONTEXT(2) 
PARAMETRIC_REPRESENTATION_CONTEXT() REPRESENTATION_CONTEXT('2D SPACE',''
  ) );
#9364 = PCURVE('',#7890,#9365);
#9365 = DEFINITIONAL_REPRESENTATION('',(#9366),#9369);
#9366 = B_SPLINE_CURVE_WITH_KNOTS('',1,(#9367,#9368),.UNSPECIFIED.,.F.,
  .F.,(2,2),(-1.4500006,-0.845),.PIECEWISE_BEZIER_KNOTS.);
#9367 = CARTESIAN_POINT('',(2.683864629775,-1.4500006));
#9368 = CARTESIAN_POINT('',(2.683864629775,-0.845));
#9369 = ( GEOMETRIC_REPRESENTATION_CONTEXT(2) 
PARAMETRIC_REPRESENTATION_CONTEXT() REPRESENTATION_CONTEXT('2D SPACE',''
  ) );
#9370 = ORIENTED_EDGE('',*,*,#7902,.T.);
#9371 = ORIENTED_EDGE('',*,*,#9227,.T.);
#9372 = ORIENTED_EDGE('',*,*,#9373,.F.);
#9373 = EDGE_CURVE('',#9280,#9228,#9374,.T.);
#9374 = SURFACE_CURVE('',#9375,(#9379,#9386),.PCURVE_S1.);
#9375 = LINE('',#9376,#9377);
#9376 = CARTESIAN_POINT('',(4.9,-11.6,6.2));
#9377 = VECTOR('',#9378,1.);
#9378 = DIRECTION('',(-0.,1.,0.));
#9379 = PCURVE('',#7575,#9380);
#9380 = DEFINITIONAL_REPRESENTATION('',(#9381),#9385);
#9381 = LINE('',#9382,#9383);
#9382 = CARTESIAN_POINT('',(4.55,0.));
#9383 = VECTOR('',#9384,1.);
#9384 = DIRECTION('',(0.,-1.));
#9385 = ( GEOMETRIC_REPRESENTATION_CONTEXT(2) 
PARAMETRIC_REPRESENTATION_CONTEXT() REPRESENTATION_CONTEXT('2D SPACE',''
  ) );
#9386 = PCURVE('',#9264,#9387);
#9387 = DEFINITIONAL_REPRESENTATION('',(#9388),#9392);
#9388 = LINE('',#9389,#9390);
#9389 = CARTESIAN_POINT('',(0.,0.));
#9390 = VECTOR('',#9391,1.);
#9391 = DIRECTION('',(0.,1.));
#9392 = ( GEOMETRIC_REPRESENTATION_CONTEXT(2) 
PARAMETRIC_REPRESENTATION_CONTEXT() REPRESENTATION_CONTEXT('2D SPACE',''
  ) );
#9393 = ADVANCED_FACE('',(#9394),#7890,.F.);
#9394 = FACE_BOUND('',#9395,.F.);
#9395 = EDGE_LOOP('',(#9396,#9397,#9418,#9419,#9420,#9448));
#9396 = ORIENTED_EDGE('',*,*,#8673,.F.);
#9397 = ORIENTED_EDGE('',*,*,#9398,.T.);
#9398 = EDGE_CURVE('',#8653,#7844,#9399,.T.);
#9399 = SURFACE_CURVE('',#9400,(#9404,#9411),.PCURVE_S1.);
#9400 = LINE('',#9401,#9402);
#9401 = CARTESIAN_POINT('',(1.85,5.249999989652,0.35));
#9402 = VECTOR('',#9403,1.);
#9403 = DIRECTION('',(0.,0.,1.));
#9404 = PCURVE('',#7890,#9405);
#9405 = DEFINITIONAL_REPRESENTATION('',(#9406),#9410);
#9406 = LINE('',#9407,#9408);
#9407 = CARTESIAN_POINT('',(1.570796326795,0.));
#9408 = VECTOR('',#9409,1.);
#9409 = DIRECTION('',(0.,-1.));
#9410 = ( GEOMETRIC_REPRESENTATION_CONTEXT(2) 
PARAMETRIC_REPRESENTATION_CONTEXT() REPRESENTATION_CONTEXT('2D SPACE',''
  ) );
#9411 = PCURVE('',#7858,#9412);
#9412 = DEFINITIONAL_REPRESENTATION('',(#9413),#9417);
#9413 = LINE('',#9414,#9415);
#9414 = CARTESIAN_POINT('',(3.7,0.));
#9415 = VECTOR('',#9416,1.);
#9416 = DIRECTION('',(0.,-1.));
#9417 = ( GEOMETRIC_REPRESENTATION_CONTEXT(2) 
PARAMETRIC_REPRESENTATION_CONTEXT() REPRESENTATION_CONTEXT('2D SPACE',''
  ) );
#9418 = ORIENTED_EDGE('',*,*,#7869,.T.);
#9419 = ORIENTED_EDGE('',*,*,#9352,.T.);
#9420 = ORIENTED_EDGE('',*,*,#9421,.T.);
#9421 = EDGE_CURVE('',#9325,#9422,#9424,.T.);
#9422 = VERTEX_POINT('',#9423);
#9423 = CARTESIAN_POINT('',(5.25,1.849999952501,1.65));
#9424 = SURFACE_CURVE('',#9425,(#9430,#9437),.PCURVE_S1.);
#9425 = CIRCLE('',#9426,3.4);
#9426 = AXIS2_PLACEMENT_3D('',#9427,#9428,#9429);
#9427 = CARTESIAN_POINT('',(1.85,1.849999952501,1.65));
#9428 = DIRECTION('',(0.,0.,-1.));
#9429 = DIRECTION('',(-1.,0.,0.));
#9430 = PCURVE('',#7890,#9431);
#9431 = DEFINITIONAL_REPRESENTATION('',(#9432),#9436);
#9432 = LINE('',#9433,#9434);
#9433 = CARTESIAN_POINT('',(0.,-1.3));
#9434 = VECTOR('',#9435,1.);
#9435 = DIRECTION('',(1.,0.));
#9436 = ( GEOMETRIC_REPRESENTATION_CONTEXT(2) 
PARAMETRIC_REPRESENTATION_CONTEXT() REPRESENTATION_CONTEXT('2D SPACE',''
  ) );
#9437 = PCURVE('',#9340,#9438);
#9438 = DEFINITIONAL_REPRESENTATION('',(#9439),#9447);
#9439 = ( BOUNDED_CURVE() B_SPLINE_CURVE(2,(#9440,#9441,#9442,#9443,
#9444,#9445,#9446),.UNSPECIFIED.,.T.,.F.) B_SPLINE_CURVE_WITH_KNOTS((1,2
    ,2,2,2,1),(-2.094395102393,0.,2.094395102393,4.188790204786,
6.28318530718,8.377580409573),.UNSPECIFIED.) CURVE() 
GEOMETRIC_REPRESENTATION_ITEM() RATIONAL_B_SPLINE_CURVE((1.,0.5,1.,0.5,
1.,0.5,1.)) REPRESENTATION_ITEM('') );
#9440 = CARTESIAN_POINT('',(-6.45,13.449999952501));
#9441 = CARTESIAN_POINT('',(-6.45,19.338972698235));
#9442 = CARTESIAN_POINT('',(-1.35,16.394486325368));
#9443 = CARTESIAN_POINT('',(3.75,13.449999952501));
#9444 = CARTESIAN_POINT('',(-1.35,10.505513579634));
#9445 = CARTESIAN_POINT('',(-6.45,7.561027206767));
#9446 = CARTESIAN_POINT('',(-6.45,13.449999952501));
#9447 = ( GEOMETRIC_REPRESENTATION_CONTEXT(2) 
PARAMETRIC_REPRESENTATION_CONTEXT() REPRESENTATION_CONTEXT('2D SPACE',''
  ) );
#9448 = ORIENTED_EDGE('',*,*,#9449,.F.);
#9449 = EDGE_CURVE('',#8674,#9422,#9450,.T.);
#9450 = SURFACE_CURVE('',#9451,(#9455,#9462),.PCURVE_S1.);
#9451 = LINE('',#9452,#9453);
#9452 = CARTESIAN_POINT('',(5.25,1.849999952501,0.35));
#9453 = VECTOR('',#9454,1.);
#9454 = DIRECTION('',(0.,0.,1.));
#9455 = PCURVE('',#7890,#9456);
#9456 = DEFINITIONAL_REPRESENTATION('',(#9457),#9461);
#9457 = LINE('',#9458,#9459);
#9458 = CARTESIAN_POINT('',(3.14159265359,0.));
#9459 = VECTOR('',#9460,1.);
#9460 = DIRECTION('',(0.,-1.));
#9461 = ( GEOMETRIC_REPRESENTATION_CONTEXT(2) 
PARAMETRIC_REPRESENTATION_CONTEXT() REPRESENTATION_CONTEXT('2D SPACE',''
  ) );
#9462 = PCURVE('',#8716,#9463);
#9463 = DEFINITIONAL_REPRESENTATION('',(#9464),#9468);
#9464 = LINE('',#9465,#9466);
#9465 = CARTESIAN_POINT('',(3.699999925698,0.));
#9466 = VECTOR('',#9467,1.);
#9467 = DIRECTION('',(0.,-1.));
#9468 = ( GEOMETRIC_REPRESENTATION_CONTEXT(2) 
PARAMETRIC_REPRESENTATION_CONTEXT() REPRESENTATION_CONTEXT('2D SPACE',''
  ) );
#9469 = ADVANCED_FACE('',(#9470),#7858,.F.);
#9470 = FACE_BOUND('',#9471,.F.);
#9471 = EDGE_LOOP('',(#9472,#9473,#9474,#9497,#9523,#9542));
#9472 = ORIENTED_EDGE('',*,*,#9398,.F.);
#9473 = ORIENTED_EDGE('',*,*,#8652,.T.);
#9474 = ORIENTED_EDGE('',*,*,#9475,.T.);
#9475 = EDGE_CURVE('',#8625,#9476,#9478,.T.);
#9476 = VERTEX_POINT('',#9477);
#9477 = CARTESIAN_POINT('',(-1.85,5.249999989652,1.68));
#9478 = SURFACE_CURVE('',#9479,(#9483,#9490),.PCURVE_S1.);
#9479 = LINE('',#9480,#9481);
#9480 = CARTESIAN_POINT('',(-1.85,5.249999989652,0.35));
#9481 = VECTOR('',#9482,1.);
#9482 = DIRECTION('',(0.,0.,1.));
#9483 = PCURVE('',#7858,#9484);
#9484 = DEFINITIONAL_REPRESENTATION('',(#9485),#9489);
#9485 = LINE('',#9486,#9487);
#9486 = CARTESIAN_POINT('',(0.,0.));
#9487 = VECTOR('',#9488,1.);
#9488 = DIRECTION('',(0.,-1.));
#9489 = ( GEOMETRIC_REPRESENTATION_CONTEXT(2) 
PARAMETRIC_REPRESENTATION_CONTEXT() REPRESENTATION_CONTEXT('2D SPACE',''
  ) );
#9490 = PCURVE('',#7778,#9491);
#9491 = DEFINITIONAL_REPRESENTATION('',(#9492),#9496);
#9492 = LINE('',#9493,#9494);
#9493 = CARTESIAN_POINT('',(1.570796326795,0.));
#9494 = VECTOR('',#9495,1.);
#9495 = DIRECTION('',(0.,-1.));
#9496 = ( GEOMETRIC_REPRESENTATION_CONTEXT(2) 
PARAMETRIC_REPRESENTATION_CONTEXT() REPRESENTATION_CONTEXT('2D SPACE',''
  ) );
#9497 = ORIENTED_EDGE('',*,*,#9498,.T.);
#9498 = EDGE_CURVE('',#9476,#9499,#9501,.T.);
#9499 = VERTEX_POINT('',#9500);
#9500 = CARTESIAN_POINT('',(-1.760067507261,5.250000026803,1.68));
#9501 = SURFACE_CURVE('',#9502,(#9506,#9512),.PCURVE_S1.);
#9502 = LINE('',#9503,#9504);
#9503 = CARTESIAN_POINT('',(-2.175,5.250000026803,1.68));
#9504 = VECTOR('',#9505,1.);
#9505 = DIRECTION('',(1.,0.,0.));
#9506 = PCURVE('',#7858,#9507);
#9507 = DEFINITIONAL_REPRESENTATION('',(#9508),#9511);
#9508 = B_SPLINE_CURVE_WITH_KNOTS('',1,(#9509,#9510),.UNSPECIFIED.,.F.,
  .F.,(2,2),(0.325,1.575),.PIECEWISE_BEZIER_KNOTS.);
#9509 = CARTESIAN_POINT('',(0.,-1.33));
#9510 = CARTESIAN_POINT('',(1.25,-1.33));
#9511 = ( GEOMETRIC_REPRESENTATION_CONTEXT(2) 
PARAMETRIC_REPRESENTATION_CONTEXT() REPRESENTATION_CONTEXT('2D SPACE',''
  ) );
#9512 = PCURVE('',#9513,#9518);
#9513 = PLANE('',#9514);
#9514 = AXIS2_PLACEMENT_3D('',#9515,#9516,#9517);
#9515 = CARTESIAN_POINT('',(-2.5,7.,1.68));
#9516 = DIRECTION('',(0.,0.,1.));
#9517 = DIRECTION('',(1.,0.,-0.));
#9518 = DEFINITIONAL_REPRESENTATION('',(#9519),#9522);
#9519 = B_SPLINE_CURVE_WITH_KNOTS('',1,(#9520,#9521),.UNSPECIFIED.,.F.,
  .F.,(2,2),(0.325,1.575),.PIECEWISE_BEZIER_KNOTS.);
#9520 = CARTESIAN_POINT('',(0.65,-1.749999973197));
#9521 = CARTESIAN_POINT('',(1.9,-1.749999973197));
#9522 = ( GEOMETRIC_REPRESENTATION_CONTEXT(2) 
PARAMETRIC_REPRESENTATION_CONTEXT() REPRESENTATION_CONTEXT('2D SPACE',''
  ) );
#9523 = ORIENTED_EDGE('',*,*,#9524,.T.);
#9524 = EDGE_CURVE('',#9499,#7820,#9525,.T.);
#9525 = SURFACE_CURVE('',#9526,(#9530,#9536),.PCURVE_S1.);
#9526 = LINE('',#9527,#9528);
#9527 = CARTESIAN_POINT('',(-1.760067507261,5.250000026803,1.68));
#9528 = VECTOR('',#9529,1.);
#9529 = DIRECTION('',(0.,0.,1.));
#9530 = PCURVE('',#7858,#9531);
#9531 = DEFINITIONAL_REPRESENTATION('',(#9532),#9535);
#9532 = B_SPLINE_CURVE_WITH_KNOTS('',1,(#9533,#9534),.UNSPECIFIED.,.F.,
  .F.,(2,2),(-5.999999999062E-07,0.26),.PIECEWISE_BEZIER_KNOTS.);
#9533 = CARTESIAN_POINT('',(8.99324927386E-02,-1.3299994));
#9534 = CARTESIAN_POINT('',(8.99324927386E-02,-1.59));
#9535 = ( GEOMETRIC_REPRESENTATION_CONTEXT(2) 
PARAMETRIC_REPRESENTATION_CONTEXT() REPRESENTATION_CONTEXT('2D SPACE',''
  ) );
#9536 = PCURVE('',#7807,#9537);
#9537 = DEFINITIONAL_REPRESENTATION('',(#9538),#9541);
#9538 = B_SPLINE_CURVE_WITH_KNOTS('',1,(#9539,#9540),.UNSPECIFIED.,.F.,
  .F.,(2,2),(-5.999999999062E-07,0.26),.PIECEWISE_BEZIER_KNOTS.);
#9539 = CARTESIAN_POINT('',(5.112410490203,-5.999999999062E-07));
#9540 = CARTESIAN_POINT('',(5.112410490203,0.26));
#9541 = ( GEOMETRIC_REPRESENTATION_CONTEXT(2) 
PARAMETRIC_REPRESENTATION_CONTEXT() REPRESENTATION_CONTEXT('2D SPACE',''
  ) );
#9542 = ORIENTED_EDGE('',*,*,#7843,.F.);
#9543 = ADVANCED_FACE('',(#9544),#7807,.T.);
#9544 = FACE_BOUND('',#9545,.T.);
#9545 = EDGE_LOOP('',(#9546,#9569,#9596,#9597,#9598,#9619,#9641,#9642));
#9546 = ORIENTED_EDGE('',*,*,#9547,.T.);
#9547 = EDGE_CURVE('',#7791,#9548,#9550,.T.);
#9548 = VERTEX_POINT('',#9549);
#9549 = CARTESIAN_POINT('',(-0.6,7.,3.2));
#9550 = SEAM_CURVE('',#9551,(#9555,#9562),.PCURVE_S1.);
#9551 = LINE('',#9552,#9553);
#9552 = CARTESIAN_POINT('',(-0.6,7.,1.68));
#9553 = VECTOR('',#9554,1.);
#9554 = DIRECTION('',(0.,0.,1.));
#9555 = PCURVE('',#7807,#9556);
#9556 = DEFINITIONAL_REPRESENTATION('',(#9557),#9561);
#9557 = LINE('',#9558,#9559);
#9558 = CARTESIAN_POINT('',(6.28318530718,-0.));
#9559 = VECTOR('',#9560,1.);
#9560 = DIRECTION('',(0.,1.));
#9561 = ( GEOMETRIC_REPRESENTATION_CONTEXT(2) 
PARAMETRIC_REPRESENTATION_CONTEXT() REPRESENTATION_CONTEXT('2D SPACE',''
  ) );
#9562 = PCURVE('',#7807,#9563);
#9563 = DEFINITIONAL_REPRESENTATION('',(#9564),#9568);
#9564 = LINE('',#9565,#9566);
#9565 = CARTESIAN_POINT('',(0.,-0.));
#9566 = VECTOR('',#9567,1.);
#9567 = DIRECTION('',(0.,1.));
#9568 = ( GEOMETRIC_REPRESENTATION_CONTEXT(2) 
PARAMETRIC_REPRESENTATION_CONTEXT() REPRESENTATION_CONTEXT('2D SPACE',''
  ) );
#9569 = ORIENTED_EDGE('',*,*,#9570,.F.);
#9570 = EDGE_CURVE('',#9548,#9548,#9571,.T.);
#9571 = SURFACE_CURVE('',#9572,(#9577,#9584),.PCURVE_S1.);
#9572 = CIRCLE('',#9573,1.9);
#9573 = AXIS2_PLACEMENT_3D('',#9574,#9575,#9576);
#9574 = CARTESIAN_POINT('',(-2.5,7.,3.2));
#9575 = DIRECTION('',(0.,0.,1.));
#9576 = DIRECTION('',(1.,0.,-0.));
#9577 = PCURVE('',#7807,#9578);
#9578 = DEFINITIONAL_REPRESENTATION('',(#9579),#9583);
#9579 = LINE('',#9580,#9581);
#9580 = CARTESIAN_POINT('',(0.,1.52));
#9581 = VECTOR('',#9582,1.);
#9582 = DIRECTION('',(1.,0.));
#9583 = ( GEOMETRIC_REPRESENTATION_CONTEXT(2) 
PARAMETRIC_REPRESENTATION_CONTEXT() REPRESENTATION_CONTEXT('2D SPACE',''
  ) );
#9584 = PCURVE('',#9585,#9590);
#9585 = PLANE('',#9586);
#9586 = AXIS2_PLACEMENT_3D('',#9587,#9588,#9589);
#9587 = CARTESIAN_POINT('',(-2.5,7.,3.2));
#9588 = DIRECTION('',(0.,0.,1.));
#9589 = DIRECTION('',(1.,0.,-0.));
#9590 = DEFINITIONAL_REPRESENTATION('',(#9591),#9595);
#9591 = CIRCLE('',#9592,1.9);
#9592 = AXIS2_PLACEMENT_2D('',#9593,#9594);
#9593 = CARTESIAN_POINT('',(0.,0.));
#9594 = DIRECTION('',(1.,0.));
#9595 = ( GEOMETRIC_REPRESENTATION_CONTEXT(2) 
PARAMETRIC_REPRESENTATION_CONTEXT() REPRESENTATION_CONTEXT('2D SPACE',''
  ) );
#9596 = ORIENTED_EDGE('',*,*,#9547,.F.);
#9597 = ORIENTED_EDGE('',*,*,#7790,.T.);
#9598 = ORIENTED_EDGE('',*,*,#9599,.T.);
#9599 = EDGE_CURVE('',#7758,#9600,#9602,.T.);
#9600 = VERTEX_POINT('',#9601);
#9601 = CARTESIAN_POINT('',(-2.779056484494,5.12060449121,1.68));
#9602 = SURFACE_CURVE('',#9603,(#9607,#9613),.PCURVE_S1.);
#9603 = LINE('',#9604,#9605);
#9604 = CARTESIAN_POINT('',(-2.779056484494,5.12060449121,0.35));
#9605 = VECTOR('',#9606,1.);
#9606 = DIRECTION('',(0.,0.,-1.));
#9607 = PCURVE('',#7807,#9608);
#9608 = DEFINITIONAL_REPRESENTATION('',(#9609),#9612);
#9609 = B_SPLINE_CURVE_WITH_KNOTS('',1,(#9610,#9611),.UNSPECIFIED.,.F.,
  .F.,(2,2),(-1.4500006,-1.3299994),.PIECEWISE_BEZIER_KNOTS.);
#9610 = CARTESIAN_POINT('',(4.564983916999,0.1200006));
#9611 = CARTESIAN_POINT('',(4.564983916999,-5.999999999062E-07));
#9612 = ( GEOMETRIC_REPRESENTATION_CONTEXT(2) 
PARAMETRIC_REPRESENTATION_CONTEXT() REPRESENTATION_CONTEXT('2D SPACE',''
  ) );
#9613 = PCURVE('',#7778,#9614);
#9614 = DEFINITIONAL_REPRESENTATION('',(#9615),#9618);
#9615 = B_SPLINE_CURVE_WITH_KNOTS('',1,(#9616,#9617),.UNSPECIFIED.,.F.,
  .F.,(2,2),(-1.4500006,-1.3299994),.PIECEWISE_BEZIER_KNOTS.);
#9616 = CARTESIAN_POINT('',(1.294024347569,-1.4500006));
#9617 = CARTESIAN_POINT('',(1.294024347569,-1.3299994));
#9618 = ( GEOMETRIC_REPRESENTATION_CONTEXT(2) 
PARAMETRIC_REPRESENTATION_CONTEXT() REPRESENTATION_CONTEXT('2D SPACE',''
  ) );
#9619 = ORIENTED_EDGE('',*,*,#9620,.T.);
#9620 = EDGE_CURVE('',#9600,#9499,#9621,.T.);
#9621 = SURFACE_CURVE('',#9622,(#9627,#9634),.PCURVE_S1.);
#9622 = CIRCLE('',#9623,1.9);
#9623 = AXIS2_PLACEMENT_3D('',#9624,#9625,#9626);
#9624 = CARTESIAN_POINT('',(-2.5,7.,1.68));
#9625 = DIRECTION('',(0.,0.,1.));
#9626 = DIRECTION('',(1.,0.,-0.));
#9627 = PCURVE('',#7807,#9628);
#9628 = DEFINITIONAL_REPRESENTATION('',(#9629),#9633);
#9629 = LINE('',#9630,#9631);
#9630 = CARTESIAN_POINT('',(0.,0.));
#9631 = VECTOR('',#9632,1.);
#9632 = DIRECTION('',(1.,0.));
#9633 = ( GEOMETRIC_REPRESENTATION_CONTEXT(2) 
PARAMETRIC_REPRESENTATION_CONTEXT() REPRESENTATION_CONTEXT('2D SPACE',''
  ) );
#9634 = PCURVE('',#9513,#9635);
#9635 = DEFINITIONAL_REPRESENTATION('',(#9636),#9640);
#9636 = CIRCLE('',#9637,1.9);
#9637 = AXIS2_PLACEMENT_2D('',#9638,#9639);
#9638 = CARTESIAN_POINT('',(0.,0.));
#9639 = DIRECTION('',(1.,0.));
#9640 = ( GEOMETRIC_REPRESENTATION_CONTEXT(2) 
PARAMETRIC_REPRESENTATION_CONTEXT() REPRESENTATION_CONTEXT('2D SPACE',''
  ) );
#9641 = ORIENTED_EDGE('',*,*,#9524,.T.);
#9642 = ORIENTED_EDGE('',*,*,#7819,.T.);
#9643 = ADVANCED_FACE('',(#9644),#7778,.F.);
#9644 = FACE_BOUND('',#9645,.F.);
#9645 = EDGE_LOOP('',(#9646,#9647,#9668,#9669,#9670,#9696));
#9646 = ORIENTED_EDGE('',*,*,#8624,.F.);
#9647 = ORIENTED_EDGE('',*,*,#9648,.T.);
#9648 = EDGE_CURVE('',#8602,#7732,#9649,.T.);
#9649 = SURFACE_CURVE('',#9650,(#9654,#9661),.PCURVE_S1.);
#9650 = LINE('',#9651,#9652);
#9651 = CARTESIAN_POINT('',(-5.25,1.849999952501,0.35));
#9652 = VECTOR('',#9653,1.);
#9653 = DIRECTION('',(0.,0.,1.));
#9654 = PCURVE('',#7778,#9655);
#9655 = DEFINITIONAL_REPRESENTATION('',(#9656),#9660);
#9656 = LINE('',#9657,#9658);
#9657 = CARTESIAN_POINT('',(0.,0.));
#9658 = VECTOR('',#9659,1.);
#9659 = DIRECTION('',(0.,-1.));
#9660 = ( GEOMETRIC_REPRESENTATION_CONTEXT(2) 
PARAMETRIC_REPRESENTATION_CONTEXT() REPRESENTATION_CONTEXT('2D SPACE',''
  ) );
#9661 = PCURVE('',#7746,#9662);
#9662 = DEFINITIONAL_REPRESENTATION('',(#9663),#9667);
#9663 = LINE('',#9664,#9665);
#9664 = CARTESIAN_POINT('',(3.699999979304,0.));
#9665 = VECTOR('',#9666,1.);
#9666 = DIRECTION('',(0.,-1.));
#9667 = ( GEOMETRIC_REPRESENTATION_CONTEXT(2) 
PARAMETRIC_REPRESENTATION_CONTEXT() REPRESENTATION_CONTEXT('2D SPACE',''
  ) );
#9668 = ORIENTED_EDGE('',*,*,#7757,.T.);
#9669 = ORIENTED_EDGE('',*,*,#9599,.T.);
#9670 = ORIENTED_EDGE('',*,*,#9671,.T.);
#9671 = EDGE_CURVE('',#9600,#9476,#9672,.T.);
#9672 = SURFACE_CURVE('',#9673,(#9678,#9685),.PCURVE_S1.);
#9673 = CIRCLE('',#9674,3.4);
#9674 = AXIS2_PLACEMENT_3D('',#9675,#9676,#9677);
#9675 = CARTESIAN_POINT('',(-1.85,1.849999952501,1.68));
#9676 = DIRECTION('',(0.,0.,-1.));
#9677 = DIRECTION('',(-1.,0.,0.));
#9678 = PCURVE('',#7778,#9679);
#9679 = DEFINITIONAL_REPRESENTATION('',(#9680),#9684);
#9680 = LINE('',#9681,#9682);
#9681 = CARTESIAN_POINT('',(0.,-1.33));
#9682 = VECTOR('',#9683,1.);
#9683 = DIRECTION('',(1.,0.));
#9684 = ( GEOMETRIC_REPRESENTATION_CONTEXT(2) 
PARAMETRIC_REPRESENTATION_CONTEXT() REPRESENTATION_CONTEXT('2D SPACE',''
  ) );
#9685 = PCURVE('',#9513,#9686);
#9686 = DEFINITIONAL_REPRESENTATION('',(#9687),#9695);
#9687 = ( BOUNDED_CURVE() B_SPLINE_CURVE(2,(#9688,#9689,#9690,#9691,
#9692,#9693,#9694),.UNSPECIFIED.,.T.,.F.) B_SPLINE_CURVE_WITH_KNOTS((1,2
    ,2,2,2,1),(-2.094395102393,0.,2.094395102393,4.188790204786,
6.28318530718,8.377580409573),.UNSPECIFIED.) CURVE() 
GEOMETRIC_REPRESENTATION_ITEM() RATIONAL_B_SPLINE_CURVE((1.,0.5,1.,0.5,
1.,0.5,1.)) REPRESENTATION_ITEM('') );
#9688 = CARTESIAN_POINT('',(-2.75,-5.150000047499));
#9689 = CARTESIAN_POINT('',(-2.75,0.738972698235));
#9690 = CARTESIAN_POINT('',(2.35,-2.205513674632));
#9691 = CARTESIAN_POINT('',(7.45,-5.150000047499));
#9692 = CARTESIAN_POINT('',(2.35,-8.094486420366));
#9693 = CARTESIAN_POINT('',(-2.75,-11.03897279323));
#9694 = CARTESIAN_POINT('',(-2.75,-5.150000047499));
#9695 = ( GEOMETRIC_REPRESENTATION_CONTEXT(2) 
PARAMETRIC_REPRESENTATION_CONTEXT() REPRESENTATION_CONTEXT('2D SPACE',''
  ) );
#9696 = ORIENTED_EDGE('',*,*,#9475,.F.);
#9697 = ADVANCED_FACE('',(#9698),#7746,.F.);
#9698 = FACE_BOUND('',#9699,.F.);
#9699 = EDGE_LOOP('',(#9700,#9701,#9722,#9723));
#9700 = ORIENTED_EDGE('',*,*,#8601,.T.);
#9701 = ORIENTED_EDGE('',*,*,#9702,.T.);
#9702 = EDGE_CURVE('',#8604,#7699,#9703,.T.);
#9703 = SURFACE_CURVE('',#9704,(#9708,#9715),.PCURVE_S1.);
#9704 = LINE('',#9705,#9706);
#9705 = CARTESIAN_POINT('',(-5.25,-1.850000026803,0.35));
#9706 = VECTOR('',#9707,1.);
#9707 = DIRECTION('',(0.,0.,1.));
#9708 = PCURVE('',#7746,#9709);
#9709 = DEFINITIONAL_REPRESENTATION('',(#9710),#9714);
#9710 = LINE('',#9711,#9712);
#9711 = CARTESIAN_POINT('',(-6.661338147751E-16,0.));
#9712 = VECTOR('',#9713,1.);
#9713 = DIRECTION('',(0.,-1.));
#9714 = ( GEOMETRIC_REPRESENTATION_CONTEXT(2) 
PARAMETRIC_REPRESENTATION_CONTEXT() REPRESENTATION_CONTEXT('2D SPACE',''
  ) );
#9715 = PCURVE('',#7719,#9716);
#9716 = DEFINITIONAL_REPRESENTATION('',(#9717),#9721);
#9717 = LINE('',#9718,#9719);
#9718 = CARTESIAN_POINT('',(6.28318530718,0.));
#9719 = VECTOR('',#9720,1.);
#9720 = DIRECTION('',(0.,-1.));
#9721 = ( GEOMETRIC_REPRESENTATION_CONTEXT(2) 
PARAMETRIC_REPRESENTATION_CONTEXT() REPRESENTATION_CONTEXT('2D SPACE',''
  ) );
#9722 = ORIENTED_EDGE('',*,*,#7731,.F.);
#9723 = ORIENTED_EDGE('',*,*,#9648,.F.);
#9724 = ADVANCED_FACE('',(#9725),#7719,.F.);
#9725 = FACE_BOUND('',#9726,.F.);
#9726 = EDGE_LOOP('',(#9727,#9728,#9751,#9784,#9803,#9804));
#9727 = ORIENTED_EDGE('',*,*,#8776,.F.);
#9728 = ORIENTED_EDGE('',*,*,#9729,.T.);
#9729 = EDGE_CURVE('',#8756,#9730,#9732,.T.);
#9730 = VERTEX_POINT('',#9731);
#9731 = CARTESIAN_POINT('',(-1.85,-5.25,1.68));
#9732 = SURFACE_CURVE('',#9733,(#9737,#9744),.PCURVE_S1.);
#9733 = LINE('',#9734,#9735);
#9734 = CARTESIAN_POINT('',(-1.85,-5.25,0.35));
#9735 = VECTOR('',#9736,1.);
#9736 = DIRECTION('',(0.,0.,1.));
#9737 = PCURVE('',#7719,#9738);
#9738 = DEFINITIONAL_REPRESENTATION('',(#9739),#9743);
#9739 = LINE('',#9740,#9741);
#9740 = CARTESIAN_POINT('',(4.712388980385,0.));
#9741 = VECTOR('',#9742,1.);
#9742 = DIRECTION('',(0.,-1.));
#9743 = ( GEOMETRIC_REPRESENTATION_CONTEXT(2) 
PARAMETRIC_REPRESENTATION_CONTEXT() REPRESENTATION_CONTEXT('2D SPACE',''
  ) );
#9744 = PCURVE('',#7634,#9745);
#9745 = DEFINITIONAL_REPRESENTATION('',(#9746),#9750);
#9746 = LINE('',#9747,#9748);
#9747 = CARTESIAN_POINT('',(0.,0.));
#9748 = VECTOR('',#9749,1.);
#9749 = DIRECTION('',(0.,-1.));
#9750 = ( GEOMETRIC_REPRESENTATION_CONTEXT(2) 
PARAMETRIC_REPRESENTATION_CONTEXT() REPRESENTATION_CONTEXT('2D SPACE',''
  ) );
#9751 = ORIENTED_EDGE('',*,*,#9752,.T.);
#9752 = EDGE_CURVE('',#9730,#9753,#9755,.T.);
#9753 = VERTEX_POINT('',#9754);
#9754 = CARTESIAN_POINT('',(-2.779056656272,-5.120604516716,1.68));
#9755 = SURFACE_CURVE('',#9756,(#9761,#9768),.PCURVE_S1.);
#9756 = CIRCLE('',#9757,3.4);
#9757 = AXIS2_PLACEMENT_3D('',#9758,#9759,#9760);
#9758 = CARTESIAN_POINT('',(-1.85,-1.850000026803,1.68));
#9759 = DIRECTION('',(0.,0.,-1.));
#9760 = DIRECTION('',(-1.,0.,0.));
#9761 = PCURVE('',#7719,#9762);
#9762 = DEFINITIONAL_REPRESENTATION('',(#9763),#9767);
#9763 = LINE('',#9764,#9765);
#9764 = CARTESIAN_POINT('',(0.,-1.33));
#9765 = VECTOR('',#9766,1.);
#9766 = DIRECTION('',(1.,0.));
#9767 = ( GEOMETRIC_REPRESENTATION_CONTEXT(2) 
PARAMETRIC_REPRESENTATION_CONTEXT() REPRESENTATION_CONTEXT('2D SPACE',''
  ) );
#9768 = PCURVE('',#9769,#9774);
#9769 = PLANE('',#9770);
#9770 = AXIS2_PLACEMENT_3D('',#9771,#9772,#9773);
#9771 = CARTESIAN_POINT('',(-2.5,-7.,1.68));
#9772 = DIRECTION('',(0.,0.,1.));
#9773 = DIRECTION('',(1.,0.,-0.));
#9774 = DEFINITIONAL_REPRESENTATION('',(#9775),#9783);
#9775 = ( BOUNDED_CURVE() B_SPLINE_CURVE(2,(#9776,#9777,#9778,#9779,
#9780,#9781,#9782),.UNSPECIFIED.,.T.,.F.) B_SPLINE_CURVE_WITH_KNOTS((1,2
    ,2,2,2,1),(-2.094395102393,0.,2.094395102393,4.188790204786,
6.28318530718,8.377580409573),.UNSPECIFIED.) CURVE() 
GEOMETRIC_REPRESENTATION_ITEM() RATIONAL_B_SPLINE_CURVE((1.,0.5,1.,0.5,
1.,0.5,1.)) REPRESENTATION_ITEM('') );
#9776 = CARTESIAN_POINT('',(-2.75,5.149999973197));
#9777 = CARTESIAN_POINT('',(-2.75,11.038972718931));
#9778 = CARTESIAN_POINT('',(2.35,8.094486346064));
#9779 = CARTESIAN_POINT('',(7.45,5.149999973197));
#9780 = CARTESIAN_POINT('',(2.35,2.20551360033));
#9781 = CARTESIAN_POINT('',(-2.75,-0.738972772537));
#9782 = CARTESIAN_POINT('',(-2.75,5.149999973197));
#9783 = ( GEOMETRIC_REPRESENTATION_CONTEXT(2) 
PARAMETRIC_REPRESENTATION_CONTEXT() REPRESENTATION_CONTEXT('2D SPACE',''
  ) );
#9784 = ORIENTED_EDGE('',*,*,#9785,.F.);
#9785 = EDGE_CURVE('',#7675,#9753,#9786,.T.);
#9786 = SURFACE_CURVE('',#9787,(#9791,#9797),.PCURVE_S1.);
#9787 = LINE('',#9788,#9789);
#9788 = CARTESIAN_POINT('',(-2.779056656272,-5.120604516716,0.35));
#9789 = VECTOR('',#9790,1.);
#9790 = DIRECTION('',(0.,0.,-1.));
#9791 = PCURVE('',#7719,#9792);
#9792 = DEFINITIONAL_REPRESENTATION('',(#9793),#9796);
#9793 = B_SPLINE_CURVE_WITH_KNOTS('',1,(#9794,#9795),.UNSPECIFIED.,.F.,
  .F.,(2,2),(-1.4500006,-1.3299994),.PIECEWISE_BEZIER_KNOTS.);
#9794 = CARTESIAN_POINT('',(4.989161012133,-1.4500006));
#9795 = CARTESIAN_POINT('',(4.989161012133,-1.3299994));
#9796 = ( GEOMETRIC_REPRESENTATION_CONTEXT(2) 
PARAMETRIC_REPRESENTATION_CONTEXT() REPRESENTATION_CONTEXT('2D SPACE',''
  ) );
#9797 = PCURVE('',#7662,#9798);
#9798 = DEFINITIONAL_REPRESENTATION('',(#9799),#9802);
#9799 = B_SPLINE_CURVE_WITH_KNOTS('',1,(#9800,#9801),.UNSPECIFIED.,.F.,
  .F.,(2,2),(-1.4500006,-1.3299994),.PIECEWISE_BEZIER_KNOTS.);
#9800 = CARTESIAN_POINT('',(1.718201481581,0.1200006));
#9801 = CARTESIAN_POINT('',(1.718201481581,-5.999999999062E-07));
#9802 = ( GEOMETRIC_REPRESENTATION_CONTEXT(2) 
PARAMETRIC_REPRESENTATION_CONTEXT() REPRESENTATION_CONTEXT('2D SPACE',''
  ) );
#9803 = ORIENTED_EDGE('',*,*,#7698,.T.);
#9804 = ORIENTED_EDGE('',*,*,#9702,.F.);
#9805 = ADVANCED_FACE('',(#9806),#7662,.T.);
#9806 = FACE_BOUND('',#9807,.T.);
#9807 = EDGE_LOOP('',(#9808,#9831,#9858,#9859,#9860,#9881,#9903,#9904));
#9808 = ORIENTED_EDGE('',*,*,#9809,.T.);
#9809 = EDGE_CURVE('',#7646,#9810,#9812,.T.);
#9810 = VERTEX_POINT('',#9811);
#9811 = CARTESIAN_POINT('',(-0.6,-7.,3.2));
#9812 = SEAM_CURVE('',#9813,(#9817,#9824),.PCURVE_S1.);
#9813 = LINE('',#9814,#9815);
#9814 = CARTESIAN_POINT('',(-0.6,-7.,1.68));
#9815 = VECTOR('',#9816,1.);
#9816 = DIRECTION('',(0.,0.,1.));
#9817 = PCURVE('',#7662,#9818);
#9818 = DEFINITIONAL_REPRESENTATION('',(#9819),#9823);
#9819 = LINE('',#9820,#9821);
#9820 = CARTESIAN_POINT('',(6.28318530718,-0.));
#9821 = VECTOR('',#9822,1.);
#9822 = DIRECTION('',(0.,1.));
#9823 = ( GEOMETRIC_REPRESENTATION_CONTEXT(2) 
PARAMETRIC_REPRESENTATION_CONTEXT() REPRESENTATION_CONTEXT('2D SPACE',''
  ) );
#9824 = PCURVE('',#7662,#9825);
#9825 = DEFINITIONAL_REPRESENTATION('',(#9826),#9830);
#9826 = LINE('',#9827,#9828);
#9827 = CARTESIAN_POINT('',(0.,-0.));
#9828 = VECTOR('',#9829,1.);
#9829 = DIRECTION('',(0.,1.));
#9830 = ( GEOMETRIC_REPRESENTATION_CONTEXT(2) 
PARAMETRIC_REPRESENTATION_CONTEXT() REPRESENTATION_CONTEXT('2D SPACE',''
  ) );
#9831 = ORIENTED_EDGE('',*,*,#9832,.F.);
#9832 = EDGE_CURVE('',#9810,#9810,#9833,.T.);
#9833 = SURFACE_CURVE('',#9834,(#9839,#9846),.PCURVE_S1.);
#9834 = CIRCLE('',#9835,1.9);
#9835 = AXIS2_PLACEMENT_3D('',#9836,#9837,#9838);
#9836 = CARTESIAN_POINT('',(-2.5,-7.,3.2));
#9837 = DIRECTION('',(0.,0.,1.));
#9838 = DIRECTION('',(1.,0.,-0.));
#9839 = PCURVE('',#7662,#9840);
#9840 = DEFINITIONAL_REPRESENTATION('',(#9841),#9845);
#9841 = LINE('',#9842,#9843);
#9842 = CARTESIAN_POINT('',(0.,1.52));
#9843 = VECTOR('',#9844,1.);
#9844 = DIRECTION('',(1.,0.));
#9845 = ( GEOMETRIC_REPRESENTATION_CONTEXT(2) 
PARAMETRIC_REPRESENTATION_CONTEXT() REPRESENTATION_CONTEXT('2D SPACE',''
  ) );
#9846 = PCURVE('',#9847,#9852);
#9847 = PLANE('',#9848);
#9848 = AXIS2_PLACEMENT_3D('',#9849,#9850,#9851);
#9849 = CARTESIAN_POINT('',(-2.5,-7.,3.2));
#9850 = DIRECTION('',(0.,0.,1.));
#9851 = DIRECTION('',(1.,0.,-0.));
#9852 = DEFINITIONAL_REPRESENTATION('',(#9853),#9857);
#9853 = CIRCLE('',#9854,1.9);
#9854 = AXIS2_PLACEMENT_2D('',#9855,#9856);
#9855 = CARTESIAN_POINT('',(0.,0.));
#9856 = DIRECTION('',(1.,0.));
#9857 = ( GEOMETRIC_REPRESENTATION_CONTEXT(2) 
PARAMETRIC_REPRESENTATION_CONTEXT() REPRESENTATION_CONTEXT('2D SPACE',''
  ) );
#9858 = ORIENTED_EDGE('',*,*,#9809,.F.);
#9859 = ORIENTED_EDGE('',*,*,#7645,.T.);
#9860 = ORIENTED_EDGE('',*,*,#9861,.F.);
#9861 = EDGE_CURVE('',#9862,#7620,#9864,.T.);
#9862 = VERTEX_POINT('',#9863);
#9863 = CARTESIAN_POINT('',(-1.760067634044,-5.249999973197,1.68));
#9864 = SURFACE_CURVE('',#9865,(#9869,#9875),.PCURVE_S1.);
#9865 = LINE('',#9866,#9867);
#9866 = CARTESIAN_POINT('',(-1.760067634044,-5.249999973197,1.68));
#9867 = VECTOR('',#9868,1.);
#9868 = DIRECTION('',(0.,0.,1.));
#9869 = PCURVE('',#7662,#9870);
#9870 = DEFINITIONAL_REPRESENTATION('',(#9871),#9874);
#9871 = B_SPLINE_CURVE_WITH_KNOTS('',1,(#9872,#9873),.UNSPECIFIED.,.F.,
  .F.,(2,2),(-5.999999999062E-07,0.26),.PIECEWISE_BEZIER_KNOTS.);
#9872 = CARTESIAN_POINT('',(1.170774889424,-5.999999999062E-07));
#9873 = CARTESIAN_POINT('',(1.170774889424,0.26));
#9874 = ( GEOMETRIC_REPRESENTATION_CONTEXT(2) 
PARAMETRIC_REPRESENTATION_CONTEXT() REPRESENTATION_CONTEXT('2D SPACE',''
  ) );
#9875 = PCURVE('',#7634,#9876);
#9876 = DEFINITIONAL_REPRESENTATION('',(#9877),#9880);
#9877 = B_SPLINE_CURVE_WITH_KNOTS('',1,(#9878,#9879),.UNSPECIFIED.,.F.,
  .F.,(2,2),(-5.999999999062E-07,0.26),.PIECEWISE_BEZIER_KNOTS.);
#9878 = CARTESIAN_POINT('',(8.993236595627E-02,-1.3299994));
#9879 = CARTESIAN_POINT('',(8.993236595627E-02,-1.59));
#9880 = ( GEOMETRIC_REPRESENTATION_CONTEXT(2) 
PARAMETRIC_REPRESENTATION_CONTEXT() REPRESENTATION_CONTEXT('2D SPACE',''
  ) );
#9881 = ORIENTED_EDGE('',*,*,#9882,.T.);
#9882 = EDGE_CURVE('',#9862,#9753,#9883,.T.);
#9883 = SURFACE_CURVE('',#9884,(#9889,#9896),.PCURVE_S1.);
#9884 = CIRCLE('',#9885,1.9);
#9885 = AXIS2_PLACEMENT_3D('',#9886,#9887,#9888);
#9886 = CARTESIAN_POINT('',(-2.5,-7.,1.68));
#9887 = DIRECTION('',(0.,0.,1.));
#9888 = DIRECTION('',(1.,0.,-0.));
#9889 = PCURVE('',#7662,#9890);
#9890 = DEFINITIONAL_REPRESENTATION('',(#9891),#9895);
#9891 = LINE('',#9892,#9893);
#9892 = CARTESIAN_POINT('',(0.,0.));
#9893 = VECTOR('',#9894,1.);
#9894 = DIRECTION('',(1.,0.));
#9895 = ( GEOMETRIC_REPRESENTATION_CONTEXT(2) 
PARAMETRIC_REPRESENTATION_CONTEXT() REPRESENTATION_CONTEXT('2D SPACE',''
  ) );
#9896 = PCURVE('',#9769,#9897);
#9897 = DEFINITIONAL_REPRESENTATION('',(#9898),#9902);
#9898 = CIRCLE('',#9899,1.9);
#9899 = AXIS2_PLACEMENT_2D('',#9900,#9901);
#9900 = CARTESIAN_POINT('',(0.,0.));
#9901 = DIRECTION('',(1.,0.));
#9902 = ( GEOMETRIC_REPRESENTATION_CONTEXT(2) 
PARAMETRIC_REPRESENTATION_CONTEXT() REPRESENTATION_CONTEXT('2D SPACE',''
  ) );
#9903 = ORIENTED_EDGE('',*,*,#9785,.F.);
#9904 = ORIENTED_EDGE('',*,*,#7674,.T.);
#9905 = ADVANCED_FACE('',(#9906),#7634,.T.);
#9906 = FACE_BOUND('',#9907,.T.);
#9907 = EDGE_LOOP('',(#9908,#9929,#9930,#9931,#9950,#9951));
#9908 = ORIENTED_EDGE('',*,*,#9909,.F.);
#9909 = EDGE_CURVE('',#8728,#7587,#9910,.T.);
#9910 = SURFACE_CURVE('',#9911,(#9915,#9922),.PCURVE_S1.);
#9911 = LINE('',#9912,#9913);
#9912 = CARTESIAN_POINT('',(1.849999925698,-5.249999973197,0.35));
#9913 = VECTOR('',#9914,1.);
#9914 = DIRECTION('',(0.,0.,1.));
#9915 = PCURVE('',#7634,#9916);
#9916 = DEFINITIONAL_REPRESENTATION('',(#9917),#9921);
#9917 = LINE('',#9918,#9919);
#9918 = CARTESIAN_POINT('',(3.699999925698,0.));
#9919 = VECTOR('',#9920,1.);
#9920 = DIRECTION('',(0.,-1.));
#9921 = ( GEOMETRIC_REPRESENTATION_CONTEXT(2) 
PARAMETRIC_REPRESENTATION_CONTEXT() REPRESENTATION_CONTEXT('2D SPACE',''
  ) );
#9922 = PCURVE('',#7607,#9923);
#9923 = DEFINITIONAL_REPRESENTATION('',(#9924),#9928);
#9924 = LINE('',#9925,#9926);
#9925 = CARTESIAN_POINT('',(4.712388980385,0.));
#9926 = VECTOR('',#9927,1.);
#9927 = DIRECTION('',(0.,-1.));
#9928 = ( GEOMETRIC_REPRESENTATION_CONTEXT(2) 
PARAMETRIC_REPRESENTATION_CONTEXT() REPRESENTATION_CONTEXT('2D SPACE',''
  ) );
#9929 = ORIENTED_EDGE('',*,*,#8755,.T.);
#9930 = ORIENTED_EDGE('',*,*,#9729,.T.);
#9931 = ORIENTED_EDGE('',*,*,#9932,.T.);
#9932 = EDGE_CURVE('',#9730,#9862,#9933,.T.);
#9933 = SURFACE_CURVE('',#9934,(#9938,#9944),.PCURVE_S1.);
#9934 = LINE('',#9935,#9936);
#9935 = CARTESIAN_POINT('',(-2.175,-5.249999973197,1.68));
#9936 = VECTOR('',#9937,1.);
#9937 = DIRECTION('',(1.,0.,0.));
#9938 = PCURVE('',#7634,#9939);
#9939 = DEFINITIONAL_REPRESENTATION('',(#9940),#9943);
#9940 = B_SPLINE_CURVE_WITH_KNOTS('',1,(#9941,#9942),.UNSPECIFIED.,.F.,
  .F.,(2,2),(0.325,1.575),.PIECEWISE_BEZIER_KNOTS.);
#9941 = CARTESIAN_POINT('',(0.,-1.33));
#9942 = CARTESIAN_POINT('',(1.25,-1.33));
#9943 = ( GEOMETRIC_REPRESENTATION_CONTEXT(2) 
PARAMETRIC_REPRESENTATION_CONTEXT() REPRESENTATION_CONTEXT('2D SPACE',''
  ) );
#9944 = PCURVE('',#9769,#9945);
#9945 = DEFINITIONAL_REPRESENTATION('',(#9946),#9949);
#9946 = B_SPLINE_CURVE_WITH_KNOTS('',1,(#9947,#9948),.UNSPECIFIED.,.F.,
  .F.,(2,2),(0.325,1.575),.PIECEWISE_BEZIER_KNOTS.);
#9947 = CARTESIAN_POINT('',(0.65,1.750000026803));
#9948 = CARTESIAN_POINT('',(1.9,1.750000026803));
#9949 = ( GEOMETRIC_REPRESENTATION_CONTEXT(2) 
PARAMETRIC_REPRESENTATION_CONTEXT() REPRESENTATION_CONTEXT('2D SPACE',''
  ) );
#9950 = ORIENTED_EDGE('',*,*,#9861,.T.);
#9951 = ORIENTED_EDGE('',*,*,#7619,.F.);
#9952 = ADVANCED_FACE('',(#9953),#7607,.F.);
#9953 = FACE_BOUND('',#9954,.F.);
#9954 = EDGE_LOOP('',(#9955,#9956,#9979,#10005,#10006,#10007));
#9955 = ORIENTED_EDGE('',*,*,#8727,.F.);
#9956 = ORIENTED_EDGE('',*,*,#9957,.T.);
#9957 = EDGE_CURVE('',#8702,#9958,#9960,.T.);
#9958 = VERTEX_POINT('',#9959);
#9959 = CARTESIAN_POINT('',(5.249999962849,-1.849999973197,1.65));
#9960 = SURFACE_CURVE('',#9961,(#9965,#9972),.PCURVE_S1.);
#9961 = LINE('',#9962,#9963);
#9962 = CARTESIAN_POINT('',(5.249999962849,-1.849999973197,0.35));
#9963 = VECTOR('',#9964,1.);
#9964 = DIRECTION('',(0.,0.,1.));
#9965 = PCURVE('',#7607,#9966);
#9966 = DEFINITIONAL_REPRESENTATION('',(#9967),#9971);
#9967 = LINE('',#9968,#9969);
#9968 = CARTESIAN_POINT('',(3.14159265359,0.));
#9969 = VECTOR('',#9970,1.);
#9970 = DIRECTION('',(0.,-1.));
#9971 = ( GEOMETRIC_REPRESENTATION_CONTEXT(2) 
PARAMETRIC_REPRESENTATION_CONTEXT() REPRESENTATION_CONTEXT('2D SPACE',''
  ) );
#9972 = PCURVE('',#8716,#9973);
#9973 = DEFINITIONAL_REPRESENTATION('',(#9974),#9978);
#9974 = LINE('',#9975,#9976);
#9975 = CARTESIAN_POINT('',(4.440892098501E-16,0.));
#9976 = VECTOR('',#9977,1.);
#9977 = DIRECTION('',(0.,-1.));
#9978 = ( GEOMETRIC_REPRESENTATION_CONTEXT(2) 
PARAMETRIC_REPRESENTATION_CONTEXT() REPRESENTATION_CONTEXT('2D SPACE',''
  ) );
#9979 = ORIENTED_EDGE('',*,*,#9980,.T.);
#9980 = EDGE_CURVE('',#9958,#9304,#9981,.T.);
#9981 = SURFACE_CURVE('',#9982,(#9987,#9994),.PCURVE_S1.);
#9982 = CIRCLE('',#9983,3.4);
#9983 = AXIS2_PLACEMENT_3D('',#9984,#9985,#9986);
#9984 = CARTESIAN_POINT('',(1.849999925698,-1.849999973197,1.65));
#9985 = DIRECTION('',(0.,0.,-1.));
#9986 = DIRECTION('',(-1.,0.,0.));
#9987 = PCURVE('',#7607,#9988);
#9988 = DEFINITIONAL_REPRESENTATION('',(#9989),#9993);
#9989 = LINE('',#9990,#9991);
#9990 = CARTESIAN_POINT('',(0.,-1.3));
#9991 = VECTOR('',#9992,1.);
#9992 = DIRECTION('',(1.,0.));
#9993 = ( GEOMETRIC_REPRESENTATION_CONTEXT(2) 
PARAMETRIC_REPRESENTATION_CONTEXT() REPRESENTATION_CONTEXT('2D SPACE',''
  ) );
#9994 = PCURVE('',#9340,#9995);
#9995 = DEFINITIONAL_REPRESENTATION('',(#9996),#10004);
#9996 = ( BOUNDED_CURVE() B_SPLINE_CURVE(2,(#9997,#9998,#9999,#10000,
    #10001,#10002,#10003),.UNSPECIFIED.,.T.,.F.) 
B_SPLINE_CURVE_WITH_KNOTS((1,2,2,2,2,1),(-2.094395102393,0.,
    2.094395102393,4.188790204786,6.28318530718,8.377580409573),
.UNSPECIFIED.) CURVE() GEOMETRIC_REPRESENTATION_ITEM() 
RATIONAL_B_SPLINE_CURVE((1.,0.5,1.,0.5,1.,0.5,1.)) REPRESENTATION_ITEM(
  '') );
#9997 = CARTESIAN_POINT('',(-6.450000074302,9.750000026803));
#9998 = CARTESIAN_POINT('',(-6.450000074302,15.638972772537));
#9999 = CARTESIAN_POINT('',(-1.350000074302,12.69448639967));
#10000 = CARTESIAN_POINT('',(3.749999925698,9.750000026803));
#10001 = CARTESIAN_POINT('',(-1.350000074302,6.805513653936));
#10002 = CARTESIAN_POINT('',(-6.450000074302,3.861027281069));
#10003 = CARTESIAN_POINT('',(-6.450000074302,9.750000026803));
#10004 = ( GEOMETRIC_REPRESENTATION_CONTEXT(2) 
PARAMETRIC_REPRESENTATION_CONTEXT() REPRESENTATION_CONTEXT('2D SPACE',''
  ) );
#10005 = ORIENTED_EDGE('',*,*,#9303,.F.);
#10006 = ORIENTED_EDGE('',*,*,#7586,.T.);
#10007 = ORIENTED_EDGE('',*,*,#9909,.F.);
#10008 = ADVANCED_FACE('',(#10009),#7549,.F.);
#10009 = FACE_BOUND('',#10010,.F.);
#10010 = EDGE_LOOP('',(#10011,#10036,#10057,#10076,#10077,#10078));
#10011 = ORIENTED_EDGE('',*,*,#10012,.F.);
#10012 = EDGE_CURVE('',#10013,#10015,#10017,.T.);
#10013 = VERTEX_POINT('',#10014);
#10014 = CARTESIAN_POINT('',(6.1,-11.6,4.35));
#10015 = VERTEX_POINT('',#10016);
#10016 = CARTESIAN_POINT('',(6.1,-11.6,6.2));
#10017 = SURFACE_CURVE('',#10018,(#10022,#10029),.PCURVE_S1.);
#10018 = LINE('',#10019,#10020);
#10019 = CARTESIAN_POINT('',(6.1,-11.6,1.65));
#10020 = VECTOR('',#10021,1.);
#10021 = DIRECTION('',(0.,0.,1.));
#10022 = PCURVE('',#7549,#10023);
#10023 = DEFINITIONAL_REPRESENTATION('',(#10024),#10028);
#10024 = LINE('',#10025,#10026);
#10025 = CARTESIAN_POINT('',(0.,1.2));
#10026 = VECTOR('',#10027,1.);
#10027 = DIRECTION('',(1.,0.));
#10028 = ( GEOMETRIC_REPRESENTATION_CONTEXT(2) 
PARAMETRIC_REPRESENTATION_CONTEXT() REPRESENTATION_CONTEXT('2D SPACE',''
  ) );
#10029 = PCURVE('',#9194,#10030);
#10030 = DEFINITIONAL_REPRESENTATION('',(#10031),#10035);
#10031 = LINE('',#10032,#10033);
#10032 = CARTESIAN_POINT('',(0.,0.));
#10033 = VECTOR('',#10034,1.);
#10034 = DIRECTION('',(1.,0.));
#10035 = ( GEOMETRIC_REPRESENTATION_CONTEXT(2) 
PARAMETRIC_REPRESENTATION_CONTEXT() REPRESENTATION_CONTEXT('2D SPACE',''
  ) );
#10036 = ORIENTED_EDGE('',*,*,#10037,.F.);
#10037 = EDGE_CURVE('',#10038,#10013,#10040,.T.);
#10038 = VERTEX_POINT('',#10039);
#10039 = CARTESIAN_POINT('',(6.,-11.6,4.35));
#10040 = SURFACE_CURVE('',#10041,(#10045,#10051),.PCURVE_S1.);
#10041 = LINE('',#10042,#10043);
#10042 = CARTESIAN_POINT('',(5.45,-11.6,4.35));
#10043 = VECTOR('',#10044,1.);
#10044 = DIRECTION('',(1.,0.,-0.));
#10045 = PCURVE('',#7549,#10046);
#10046 = DEFINITIONAL_REPRESENTATION('',(#10047),#10050);
#10047 = B_SPLINE_CURVE_WITH_KNOTS('',1,(#10048,#10049),.UNSPECIFIED.,
  .F.,.F.,(2,2),(0.55,0.65),.PIECEWISE_BEZIER_KNOTS.);
#10048 = CARTESIAN_POINT('',(2.7,1.1));
#10049 = CARTESIAN_POINT('',(2.7,1.2));
#10050 = ( GEOMETRIC_REPRESENTATION_CONTEXT(2) 
PARAMETRIC_REPRESENTATION_CONTEXT() REPRESENTATION_CONTEXT('2D SPACE',''
  ) );
#10051 = PCURVE('',#8921,#10052);
#10052 = DEFINITIONAL_REPRESENTATION('',(#10053),#10056);
#10053 = B_SPLINE_CURVE_WITH_KNOTS('',1,(#10054,#10055),.UNSPECIFIED.,
  .F.,.F.,(2,2),(0.55,0.65),.PIECEWISE_BEZIER_KNOTS.);
#10054 = CARTESIAN_POINT('',(0.,1.1));
#10055 = CARTESIAN_POINT('',(0.1,1.1));
#10056 = ( GEOMETRIC_REPRESENTATION_CONTEXT(2) 
PARAMETRIC_REPRESENTATION_CONTEXT() REPRESENTATION_CONTEXT('2D SPACE',''
  ) );
#10057 = ORIENTED_EDGE('',*,*,#10058,.T.);
#10058 = EDGE_CURVE('',#10038,#7509,#10059,.T.);
#10059 = SURFACE_CURVE('',#10060,(#10064,#10070),.PCURVE_S1.);
#10060 = LINE('',#10061,#10062);
#10061 = CARTESIAN_POINT('',(6.,-11.6,1.65));
#10062 = VECTOR('',#10063,1.);
#10063 = DIRECTION('',(-0.,0.,-1.));
#10064 = PCURVE('',#7549,#10065);
#10065 = DEFINITIONAL_REPRESENTATION('',(#10066),#10069);
#10066 = B_SPLINE_CURVE_WITH_KNOTS('',1,(#10067,#10068),.UNSPECIFIED.,
  .F.,.F.,(2,2),(-2.7,-0.15),.PIECEWISE_BEZIER_KNOTS.);
#10067 = CARTESIAN_POINT('',(2.7,1.1));
#10068 = CARTESIAN_POINT('',(0.15,1.1));
#10069 = ( GEOMETRIC_REPRESENTATION_CONTEXT(2) 
PARAMETRIC_REPRESENTATION_CONTEXT() REPRESENTATION_CONTEXT('2D SPACE',''
  ) );
#10070 = PCURVE('',#7523,#10071);
#10071 = DEFINITIONAL_REPRESENTATION('',(#10072),#10075);
#10072 = B_SPLINE_CURVE_WITH_KNOTS('',1,(#10073,#10074),.UNSPECIFIED.,
  .F.,.F.,(2,2),(-2.7,-0.15),.PIECEWISE_BEZIER_KNOTS.);
#10073 = CARTESIAN_POINT('',(2.7,-1.1));
#10074 = CARTESIAN_POINT('',(0.15,-1.1));
#10075 = ( GEOMETRIC_REPRESENTATION_CONTEXT(2) 
PARAMETRIC_REPRESENTATION_CONTEXT() REPRESENTATION_CONTEXT('2D SPACE',''
  ) );
#10076 = ORIENTED_EDGE('',*,*,#7534,.T.);
#10077 = ORIENTED_EDGE('',*,*,#9279,.T.);
#10078 = ORIENTED_EDGE('',*,*,#10079,.T.);
#10079 = EDGE_CURVE('',#9280,#10015,#10080,.T.);
#10080 = SURFACE_CURVE('',#10081,(#10085,#10092),.PCURVE_S1.);
#10081 = LINE('',#10082,#10083);
#10082 = CARTESIAN_POINT('',(4.9,-11.6,6.2));
#10083 = VECTOR('',#10084,1.);
#10084 = DIRECTION('',(1.,0.,-0.));
#10085 = PCURVE('',#7549,#10086);
#10086 = DEFINITIONAL_REPRESENTATION('',(#10087),#10091);
#10087 = LINE('',#10088,#10089);
#10088 = CARTESIAN_POINT('',(4.55,0.));
#10089 = VECTOR('',#10090,1.);
#10090 = DIRECTION('',(0.,1.));
#10091 = ( GEOMETRIC_REPRESENTATION_CONTEXT(2) 
PARAMETRIC_REPRESENTATION_CONTEXT() REPRESENTATION_CONTEXT('2D SPACE',''
  ) );
#10092 = PCURVE('',#9264,#10093);
#10093 = DEFINITIONAL_REPRESENTATION('',(#10094),#10098);
#10094 = LINE('',#10095,#10096);
#10095 = CARTESIAN_POINT('',(0.,0.));
#10096 = VECTOR('',#10097,1.);
#10097 = DIRECTION('',(1.,0.));
#10098 = ( GEOMETRIC_REPRESENTATION_CONTEXT(2) 
PARAMETRIC_REPRESENTATION_CONTEXT() REPRESENTATION_CONTEXT('2D SPACE',''
  ) );
#10099 = ADVANCED_FACE('',(#10100),#7523,.F.);
#10100 = FACE_BOUND('',#10101,.F.);
#10101 = EDGE_LOOP('',(#10102,#10125,#10126,#10127));
#10102 = ORIENTED_EDGE('',*,*,#10103,.F.);
#10103 = EDGE_CURVE('',#7483,#10104,#10106,.T.);
#10104 = VERTEX_POINT('',#10105);
#10105 = CARTESIAN_POINT('',(6.,-12.7,4.35));
#10106 = SURFACE_CURVE('',#10107,(#10111,#10118),.PCURVE_S1.);
#10107 = LINE('',#10108,#10109);
#10108 = CARTESIAN_POINT('',(6.,-12.7,1.65));
#10109 = VECTOR('',#10110,1.);
#10110 = DIRECTION('',(0.,0.,1.));
#10111 = PCURVE('',#7523,#10112);
#10112 = DEFINITIONAL_REPRESENTATION('',(#10113),#10117);
#10113 = LINE('',#10114,#10115);
#10114 = CARTESIAN_POINT('',(0.,0.));
#10115 = VECTOR('',#10116,1.);
#10116 = DIRECTION('',(1.,0.));
#10117 = ( GEOMETRIC_REPRESENTATION_CONTEXT(2) 
PARAMETRIC_REPRESENTATION_CONTEXT() REPRESENTATION_CONTEXT('2D SPACE',''
  ) );
#10118 = PCURVE('',#7497,#10119);
#10119 = DEFINITIONAL_REPRESENTATION('',(#10120),#10124);
#10120 = LINE('',#10121,#10122);
#10121 = CARTESIAN_POINT('',(0.,0.));
#10122 = VECTOR('',#10123,1.);
#10123 = DIRECTION('',(1.,0.));
#10124 = ( GEOMETRIC_REPRESENTATION_CONTEXT(2) 
PARAMETRIC_REPRESENTATION_CONTEXT() REPRESENTATION_CONTEXT('2D SPACE',''
  ) );
#10125 = ORIENTED_EDGE('',*,*,#7508,.T.);
#10126 = ORIENTED_EDGE('',*,*,#10058,.F.);
#10127 = ORIENTED_EDGE('',*,*,#10128,.F.);
#10128 = EDGE_CURVE('',#10104,#10038,#10129,.T.);
#10129 = SURFACE_CURVE('',#10130,(#10134,#10141),.PCURVE_S1.);
#10130 = LINE('',#10131,#10132);
#10131 = CARTESIAN_POINT('',(6.,-12.7,4.35));
#10132 = VECTOR('',#10133,1.);
#10133 = DIRECTION('',(-0.,1.,0.));
#10134 = PCURVE('',#7523,#10135);
#10135 = DEFINITIONAL_REPRESENTATION('',(#10136),#10140);
#10136 = LINE('',#10137,#10138);
#10137 = CARTESIAN_POINT('',(2.7,0.));
#10138 = VECTOR('',#10139,1.);
#10139 = DIRECTION('',(0.,-1.));
#10140 = ( GEOMETRIC_REPRESENTATION_CONTEXT(2) 
PARAMETRIC_REPRESENTATION_CONTEXT() REPRESENTATION_CONTEXT('2D SPACE',''
  ) );
#10141 = PCURVE('',#8921,#10142);
#10142 = DEFINITIONAL_REPRESENTATION('',(#10143),#10147);
#10143 = LINE('',#10144,#10145);
#10144 = CARTESIAN_POINT('',(0.,0.));
#10145 = VECTOR('',#10146,1.);
#10146 = DIRECTION('',(0.,1.));
#10147 = ( GEOMETRIC_REPRESENTATION_CONTEXT(2) 
PARAMETRIC_REPRESENTATION_CONTEXT() REPRESENTATION_CONTEXT('2D SPACE',''
  ) );
#10148 = ADVANCED_FACE('',(#10149),#7497,.F.);
#10149 = FACE_BOUND('',#10150,.F.);
#10150 = EDGE_LOOP('',(#10151,#10174,#10175,#10176));
#10151 = ORIENTED_EDGE('',*,*,#10152,.F.);
#10152 = EDGE_CURVE('',#7457,#10153,#10155,.T.);
#10153 = VERTEX_POINT('',#10154);
#10154 = CARTESIAN_POINT('',(20.4,-12.7,4.35));
#10155 = SURFACE_CURVE('',#10156,(#10160,#10167),.PCURVE_S1.);
#10156 = LINE('',#10157,#10158);
#10157 = CARTESIAN_POINT('',(20.4,-12.7,1.65));
#10158 = VECTOR('',#10159,1.);
#10159 = DIRECTION('',(0.,0.,1.));
#10160 = PCURVE('',#7497,#10161);
#10161 = DEFINITIONAL_REPRESENTATION('',(#10162),#10166);
#10162 = LINE('',#10163,#10164);
#10163 = CARTESIAN_POINT('',(0.,14.4));
#10164 = VECTOR('',#10165,1.);
#10165 = DIRECTION('',(1.,0.));
#10166 = ( GEOMETRIC_REPRESENTATION_CONTEXT(2) 
PARAMETRIC_REPRESENTATION_CONTEXT() REPRESENTATION_CONTEXT('2D SPACE',''
  ) );
#10167 = PCURVE('',#7471,#10168);
#10168 = DEFINITIONAL_REPRESENTATION('',(#10169),#10173);
#10169 = LINE('',#10170,#10171);
#10170 = CARTESIAN_POINT('',(0.,0.));
#10171 = VECTOR('',#10172,1.);
#10172 = DIRECTION('',(1.,0.));
#10173 = ( GEOMETRIC_REPRESENTATION_CONTEXT(2) 
PARAMETRIC_REPRESENTATION_CONTEXT() REPRESENTATION_CONTEXT('2D SPACE',''
  ) );
#10174 = ORIENTED_EDGE('',*,*,#7482,.T.);
#10175 = ORIENTED_EDGE('',*,*,#10103,.T.);
#10176 = ORIENTED_EDGE('',*,*,#10177,.T.);
#10177 = EDGE_CURVE('',#10104,#10153,#10178,.T.);
#10178 = SURFACE_CURVE('',#10179,(#10183,#10190),.PCURVE_S1.);
#10179 = LINE('',#10180,#10181);
#10180 = CARTESIAN_POINT('',(6.,-12.7,4.35));
#10181 = VECTOR('',#10182,1.);
#10182 = DIRECTION('',(1.,0.,-0.));
#10183 = PCURVE('',#7497,#10184);
#10184 = DEFINITIONAL_REPRESENTATION('',(#10185),#10189);
#10185 = LINE('',#10186,#10187);
#10186 = CARTESIAN_POINT('',(2.7,0.));
#10187 = VECTOR('',#10188,1.);
#10188 = DIRECTION('',(0.,1.));
#10189 = ( GEOMETRIC_REPRESENTATION_CONTEXT(2) 
PARAMETRIC_REPRESENTATION_CONTEXT() REPRESENTATION_CONTEXT('2D SPACE',''
  ) );
#10190 = PCURVE('',#8921,#10191);
#10191 = DEFINITIONAL_REPRESENTATION('',(#10192),#10196);
#10192 = LINE('',#10193,#10194);
#10193 = CARTESIAN_POINT('',(0.,0.));
#10194 = VECTOR('',#10195,1.);
#10195 = DIRECTION('',(1.,0.));
#10196 = ( GEOMETRIC_REPRESENTATION_CONTEXT(2) 
PARAMETRIC_REPRESENTATION_CONTEXT() REPRESENTATION_CONTEXT('2D SPACE',''
  ) );
#10197 = ADVANCED_FACE('',(#10198),#7471,.T.);
#10198 = FACE_BOUND('',#10199,.T.);
#10199 = EDGE_LOOP('',(#10200,#10201,#10202,#10203));
#10200 = ORIENTED_EDGE('',*,*,#10152,.F.);
#10201 = ORIENTED_EDGE('',*,*,#7456,.T.);
#10202 = ORIENTED_EDGE('',*,*,#8885,.F.);
#10203 = ORIENTED_EDGE('',*,*,#10204,.F.);
#10204 = EDGE_CURVE('',#10153,#8886,#10205,.T.);
#10205 = SURFACE_CURVE('',#10206,(#10210,#10217),.PCURVE_S1.);
#10206 = LINE('',#10207,#10208);
#10207 = CARTESIAN_POINT('',(20.4,-12.7,4.35));
#10208 = VECTOR('',#10209,1.);
#10209 = DIRECTION('',(-0.,1.,0.));
#10210 = PCURVE('',#7471,#10211);
#10211 = DEFINITIONAL_REPRESENTATION('',(#10212),#10216);
#10212 = LINE('',#10213,#10214);
#10213 = CARTESIAN_POINT('',(2.7,0.));
#10214 = VECTOR('',#10215,1.);
#10215 = DIRECTION('',(0.,-1.));
#10216 = ( GEOMETRIC_REPRESENTATION_CONTEXT(2) 
PARAMETRIC_REPRESENTATION_CONTEXT() REPRESENTATION_CONTEXT('2D SPACE',''
  ) );
#10217 = PCURVE('',#8921,#10218);
#10218 = DEFINITIONAL_REPRESENTATION('',(#10219),#10223);
#10219 = LINE('',#10220,#10221);
#10220 = CARTESIAN_POINT('',(14.4,0.));
#10221 = VECTOR('',#10222,1.);
#10222 = DIRECTION('',(0.,1.));
#10223 = ( GEOMETRIC_REPRESENTATION_CONTEXT(2) 
PARAMETRIC_REPRESENTATION_CONTEXT() REPRESENTATION_CONTEXT('2D SPACE',''
  ) );
#10224 = ADVANCED_FACE('',(#10225),#8068,.T.);
#10225 = FACE_BOUND('',#10226,.T.);
#10226 = EDGE_LOOP('',(#10227,#10250,#10277,#10278));
#10227 = ORIENTED_EDGE('',*,*,#10228,.T.);
#10228 = EDGE_CURVE('',#8052,#10229,#10231,.T.);
#10229 = VERTEX_POINT('',#10230);
#10230 = CARTESIAN_POINT('',(-12.4,-15.5,9.5));
#10231 = SEAM_CURVE('',#10232,(#10236,#10243),.PCURVE_S1.);
#10232 = LINE('',#10233,#10234);
#10233 = CARTESIAN_POINT('',(-12.4,-15.5,1.65));
#10234 = VECTOR('',#10235,1.);
#10235 = DIRECTION('',(0.,0.,1.));
#10236 = PCURVE('',#8068,#10237);
#10237 = DEFINITIONAL_REPRESENTATION('',(#10238),#10242);
#10238 = LINE('',#10239,#10240);
#10239 = CARTESIAN_POINT('',(6.28318530718,-0.));
#10240 = VECTOR('',#10241,1.);
#10241 = DIRECTION('',(0.,1.));
#10242 = ( GEOMETRIC_REPRESENTATION_CONTEXT(2) 
PARAMETRIC_REPRESENTATION_CONTEXT() REPRESENTATION_CONTEXT('2D SPACE',''
  ) );
#10243 = PCURVE('',#8068,#10244);
#10244 = DEFINITIONAL_REPRESENTATION('',(#10245),#10249);
#10245 = LINE('',#10246,#10247);
#10246 = CARTESIAN_POINT('',(0.,-0.));
#10247 = VECTOR('',#10248,1.);
#10248 = DIRECTION('',(0.,1.));
#10249 = ( GEOMETRIC_REPRESENTATION_CONTEXT(2) 
PARAMETRIC_REPRESENTATION_CONTEXT() REPRESENTATION_CONTEXT('2D SPACE',''
  ) );
#10250 = ORIENTED_EDGE('',*,*,#10251,.F.);
#10251 = EDGE_CURVE('',#10229,#10229,#10252,.T.);
#10252 = SURFACE_CURVE('',#10253,(#10258,#10265),.PCURVE_S1.);
#10253 = CIRCLE('',#10254,2.6);
#10254 = AXIS2_PLACEMENT_3D('',#10255,#10256,#10257);
#10255 = CARTESIAN_POINT('',(-15.,-15.5,9.5));
#10256 = DIRECTION('',(0.,0.,1.));
#10257 = DIRECTION('',(1.,0.,-0.));
#10258 = PCURVE('',#8068,#10259);
#10259 = DEFINITIONAL_REPRESENTATION('',(#10260),#10264);
#10260 = LINE('',#10261,#10262);
#10261 = CARTESIAN_POINT('',(0.,7.85));
#10262 = VECTOR('',#10263,1.);
#10263 = DIRECTION('',(1.,0.));
#10264 = ( GEOMETRIC_REPRESENTATION_CONTEXT(2) 
PARAMETRIC_REPRESENTATION_CONTEXT() REPRESENTATION_CONTEXT('2D SPACE',''
  ) );
#10265 = PCURVE('',#10266,#10271);
#10266 = PLANE('',#10267);
#10267 = AXIS2_PLACEMENT_3D('',#10268,#10269,#10270);
#10268 = CARTESIAN_POINT('',(-15.,-15.5,9.5));
#10269 = DIRECTION('',(0.,0.,1.));
#10270 = DIRECTION('',(1.,0.,-0.));
#10271 = DEFINITIONAL_REPRESENTATION('',(#10272),#10276);
#10272 = CIRCLE('',#10273,2.6);
#10273 = AXIS2_PLACEMENT_2D('',#10274,#10275);
#10274 = CARTESIAN_POINT('',(0.,0.));
#10275 = DIRECTION('',(1.,0.));
#10276 = ( GEOMETRIC_REPRESENTATION_CONTEXT(2) 
PARAMETRIC_REPRESENTATION_CONTEXT() REPRESENTATION_CONTEXT('2D SPACE',''
  ) );
#10277 = ORIENTED_EDGE('',*,*,#10228,.F.);
#10278 = ORIENTED_EDGE('',*,*,#8051,.T.);
#10279 = ADVANCED_FACE('',(#10280),#8099,.T.);
#10280 = FACE_BOUND('',#10281,.T.);
#10281 = EDGE_LOOP('',(#10282,#10305,#10332,#10333));
#10282 = ORIENTED_EDGE('',*,*,#10283,.T.);
#10283 = EDGE_CURVE('',#8083,#10284,#10286,.T.);
#10284 = VERTEX_POINT('',#10285);
#10285 = CARTESIAN_POINT('',(-16.6,-7.,3.2));
#10286 = SEAM_CURVE('',#10287,(#10291,#10298),.PCURVE_S1.);
#10287 = LINE('',#10288,#10289);
#10288 = CARTESIAN_POINT('',(-16.6,-7.,1.68));
#10289 = VECTOR('',#10290,1.);
#10290 = DIRECTION('',(0.,0.,1.));
#10291 = PCURVE('',#8099,#10292);
#10292 = DEFINITIONAL_REPRESENTATION('',(#10293),#10297);
#10293 = LINE('',#10294,#10295);
#10294 = CARTESIAN_POINT('',(6.28318530718,-0.));
#10295 = VECTOR('',#10296,1.);
#10296 = DIRECTION('',(0.,1.));
#10297 = ( GEOMETRIC_REPRESENTATION_CONTEXT(2) 
PARAMETRIC_REPRESENTATION_CONTEXT() REPRESENTATION_CONTEXT('2D SPACE',''
  ) );
#10298 = PCURVE('',#8099,#10299);
#10299 = DEFINITIONAL_REPRESENTATION('',(#10300),#10304);
#10300 = LINE('',#10301,#10302);
#10301 = CARTESIAN_POINT('',(0.,-0.));
#10302 = VECTOR('',#10303,1.);
#10303 = DIRECTION('',(0.,1.));
#10304 = ( GEOMETRIC_REPRESENTATION_CONTEXT(2) 
PARAMETRIC_REPRESENTATION_CONTEXT() REPRESENTATION_CONTEXT('2D SPACE',''
  ) );
#10305 = ORIENTED_EDGE('',*,*,#10306,.F.);
#10306 = EDGE_CURVE('',#10284,#10284,#10307,.T.);
#10307 = SURFACE_CURVE('',#10308,(#10313,#10320),.PCURVE_S1.);
#10308 = CIRCLE('',#10309,1.9);
#10309 = AXIS2_PLACEMENT_3D('',#10310,#10311,#10312);
#10310 = CARTESIAN_POINT('',(-18.5,-7.,3.2));
#10311 = DIRECTION('',(0.,0.,1.));
#10312 = DIRECTION('',(1.,0.,-0.));
#10313 = PCURVE('',#8099,#10314);
#10314 = DEFINITIONAL_REPRESENTATION('',(#10315),#10319);
#10315 = LINE('',#10316,#10317);
#10316 = CARTESIAN_POINT('',(0.,1.52));
#10317 = VECTOR('',#10318,1.);
#10318 = DIRECTION('',(1.,0.));
#10319 = ( GEOMETRIC_REPRESENTATION_CONTEXT(2) 
PARAMETRIC_REPRESENTATION_CONTEXT() REPRESENTATION_CONTEXT('2D SPACE',''
  ) );
#10320 = PCURVE('',#10321,#10326);
#10321 = PLANE('',#10322);
#10322 = AXIS2_PLACEMENT_3D('',#10323,#10324,#10325);
#10323 = CARTESIAN_POINT('',(-18.5,-7.,3.2));
#10324 = DIRECTION('',(0.,0.,1.));
#10325 = DIRECTION('',(1.,0.,-0.));
#10326 = DEFINITIONAL_REPRESENTATION('',(#10327),#10331);
#10327 = CIRCLE('',#10328,1.9);
#10328 = AXIS2_PLACEMENT_2D('',#10329,#10330);
#10329 = CARTESIAN_POINT('',(0.,0.));
#10330 = DIRECTION('',(1.,0.));
#10331 = ( GEOMETRIC_REPRESENTATION_CONTEXT(2) 
PARAMETRIC_REPRESENTATION_CONTEXT() REPRESENTATION_CONTEXT('2D SPACE',''
  ) );
#10332 = ORIENTED_EDGE('',*,*,#10283,.F.);
#10333 = ORIENTED_EDGE('',*,*,#8082,.T.);
#10334 = ADVANCED_FACE('',(#10335),#8130,.T.);
#10335 = FACE_BOUND('',#10336,.T.);
#10336 = EDGE_LOOP('',(#10337,#10360,#10387,#10388));
#10337 = ORIENTED_EDGE('',*,*,#10338,.T.);
#10338 = EDGE_CURVE('',#8114,#10339,#10341,.T.);
#10339 = VERTEX_POINT('',#10340);
#10340 = CARTESIAN_POINT('',(17.6,-15.5,9.5));
#10341 = SEAM_CURVE('',#10342,(#10346,#10353),.PCURVE_S1.);
#10342 = LINE('',#10343,#10344);
#10343 = CARTESIAN_POINT('',(17.6,-15.5,1.65));
#10344 = VECTOR('',#10345,1.);
#10345 = DIRECTION('',(0.,0.,1.));
#10346 = PCURVE('',#8130,#10347);
#10347 = DEFINITIONAL_REPRESENTATION('',(#10348),#10352);
#10348 = LINE('',#10349,#10350);
#10349 = CARTESIAN_POINT('',(6.28318530718,-0.));
#10350 = VECTOR('',#10351,1.);
#10351 = DIRECTION('',(0.,1.));
#10352 = ( GEOMETRIC_REPRESENTATION_CONTEXT(2) 
PARAMETRIC_REPRESENTATION_CONTEXT() REPRESENTATION_CONTEXT('2D SPACE',''
  ) );
#10353 = PCURVE('',#8130,#10354);
#10354 = DEFINITIONAL_REPRESENTATION('',(#10355),#10359);
#10355 = LINE('',#10356,#10357);
#10356 = CARTESIAN_POINT('',(0.,-0.));
#10357 = VECTOR('',#10358,1.);
#10358 = DIRECTION('',(0.,1.));
#10359 = ( GEOMETRIC_REPRESENTATION_CONTEXT(2) 
PARAMETRIC_REPRESENTATION_CONTEXT() REPRESENTATION_CONTEXT('2D SPACE',''
  ) );
#10360 = ORIENTED_EDGE('',*,*,#10361,.F.);
#10361 = EDGE_CURVE('',#10339,#10339,#10362,.T.);
#10362 = SURFACE_CURVE('',#10363,(#10368,#10375),.PCURVE_S1.);
#10363 = CIRCLE('',#10364,2.6);
#10364 = AXIS2_PLACEMENT_3D('',#10365,#10366,#10367);
#10365 = CARTESIAN_POINT('',(15.,-15.5,9.5));
#10366 = DIRECTION('',(0.,0.,1.));
#10367 = DIRECTION('',(1.,0.,-0.));
#10368 = PCURVE('',#8130,#10369);
#10369 = DEFINITIONAL_REPRESENTATION('',(#10370),#10374);
#10370 = LINE('',#10371,#10372);
#10371 = CARTESIAN_POINT('',(0.,7.85));
#10372 = VECTOR('',#10373,1.);
#10373 = DIRECTION('',(1.,0.));
#10374 = ( GEOMETRIC_REPRESENTATION_CONTEXT(2) 
PARAMETRIC_REPRESENTATION_CONTEXT() REPRESENTATION_CONTEXT('2D SPACE',''
  ) );
#10375 = PCURVE('',#10376,#10381);
#10376 = PLANE('',#10377);
#10377 = AXIS2_PLACEMENT_3D('',#10378,#10379,#10380);
#10378 = CARTESIAN_POINT('',(15.,-15.5,9.5));
#10379 = DIRECTION('',(0.,0.,1.));
#10380 = DIRECTION('',(1.,0.,-0.));
#10381 = DEFINITIONAL_REPRESENTATION('',(#10382),#10386);
#10382 = CIRCLE('',#10383,2.6);
#10383 = AXIS2_PLACEMENT_2D('',#10384,#10385);
#10384 = CARTESIAN_POINT('',(0.,0.));
#10385 = DIRECTION('',(1.,0.));
#10386 = ( GEOMETRIC_REPRESENTATION_CONTEXT(2) 
PARAMETRIC_REPRESENTATION_CONTEXT() REPRESENTATION_CONTEXT('2D SPACE',''
  ) );
#10387 = ORIENTED_EDGE('',*,*,#10338,.F.);
#10388 = ORIENTED_EDGE('',*,*,#8113,.T.);
#10389 = ADVANCED_FACE('',(#10390),#8161,.T.);
#10390 = FACE_BOUND('',#10391,.T.);
#10391 = EDGE_LOOP('',(#10392,#10415,#10442,#10443));
#10392 = ORIENTED_EDGE('',*,*,#10393,.T.);
#10393 = EDGE_CURVE('',#8145,#10394,#10396,.T.);
#10394 = VERTEX_POINT('',#10395);
#10395 = CARTESIAN_POINT('',(-16.6,7.,3.2));
#10396 = SEAM_CURVE('',#10397,(#10401,#10408),.PCURVE_S1.);
#10397 = LINE('',#10398,#10399);
#10398 = CARTESIAN_POINT('',(-16.6,7.,1.68));
#10399 = VECTOR('',#10400,1.);
#10400 = DIRECTION('',(0.,0.,1.));
#10401 = PCURVE('',#8161,#10402);
#10402 = DEFINITIONAL_REPRESENTATION('',(#10403),#10407);
#10403 = LINE('',#10404,#10405);
#10404 = CARTESIAN_POINT('',(6.28318530718,-0.));
#10405 = VECTOR('',#10406,1.);
#10406 = DIRECTION('',(0.,1.));
#10407 = ( GEOMETRIC_REPRESENTATION_CONTEXT(2) 
PARAMETRIC_REPRESENTATION_CONTEXT() REPRESENTATION_CONTEXT('2D SPACE',''
  ) );
#10408 = PCURVE('',#8161,#10409);
#10409 = DEFINITIONAL_REPRESENTATION('',(#10410),#10414);
#10410 = LINE('',#10411,#10412);
#10411 = CARTESIAN_POINT('',(0.,-0.));
#10412 = VECTOR('',#10413,1.);
#10413 = DIRECTION('',(0.,1.));
#10414 = ( GEOMETRIC_REPRESENTATION_CONTEXT(2) 
PARAMETRIC_REPRESENTATION_CONTEXT() REPRESENTATION_CONTEXT('2D SPACE',''
  ) );
#10415 = ORIENTED_EDGE('',*,*,#10416,.F.);
#10416 = EDGE_CURVE('',#10394,#10394,#10417,.T.);
#10417 = SURFACE_CURVE('',#10418,(#10423,#10430),.PCURVE_S1.);
#10418 = CIRCLE('',#10419,1.9);
#10419 = AXIS2_PLACEMENT_3D('',#10420,#10421,#10422);
#10420 = CARTESIAN_POINT('',(-18.5,7.,3.2));
#10421 = DIRECTION('',(0.,0.,1.));
#10422 = DIRECTION('',(1.,0.,-0.));
#10423 = PCURVE('',#8161,#10424);
#10424 = DEFINITIONAL_REPRESENTATION('',(#10425),#10429);
#10425 = LINE('',#10426,#10427);
#10426 = CARTESIAN_POINT('',(0.,1.52));
#10427 = VECTOR('',#10428,1.);
#10428 = DIRECTION('',(1.,0.));
#10429 = ( GEOMETRIC_REPRESENTATION_CONTEXT(2) 
PARAMETRIC_REPRESENTATION_CONTEXT() REPRESENTATION_CONTEXT('2D SPACE',''
  ) );
#10430 = PCURVE('',#10431,#10436);
#10431 = PLANE('',#10432);
#10432 = AXIS2_PLACEMENT_3D('',#10433,#10434,#10435);
#10433 = CARTESIAN_POINT('',(-18.5,7.,3.2));
#10434 = DIRECTION('',(0.,0.,1.));
#10435 = DIRECTION('',(1.,0.,-0.));
#10436 = DEFINITIONAL_REPRESENTATION('',(#10437),#10441);
#10437 = CIRCLE('',#10438,1.9);
#10438 = AXIS2_PLACEMENT_2D('',#10439,#10440);
#10439 = CARTESIAN_POINT('',(0.,0.));
#10440 = DIRECTION('',(1.,0.));
#10441 = ( GEOMETRIC_REPRESENTATION_CONTEXT(2) 
PARAMETRIC_REPRESENTATION_CONTEXT() REPRESENTATION_CONTEXT('2D SPACE',''
  ) );
#10442 = ORIENTED_EDGE('',*,*,#10393,.F.);
#10443 = ORIENTED_EDGE('',*,*,#8144,.T.);
#10444 = ADVANCED_FACE('',(#10445),#8192,.T.);
#10445 = FACE_BOUND('',#10446,.T.);
#10446 = EDGE_LOOP('',(#10447,#10470,#10497,#10498));
#10447 = ORIENTED_EDGE('',*,*,#10448,.T.);
#10448 = EDGE_CURVE('',#8176,#10449,#10451,.T.);
#10449 = VERTEX_POINT('',#10450);
#10450 = CARTESIAN_POINT('',(-12.4,15.5,9.5));
#10451 = SEAM_CURVE('',#10452,(#10456,#10463),.PCURVE_S1.);
#10452 = LINE('',#10453,#10454);
#10453 = CARTESIAN_POINT('',(-12.4,15.5,1.65));
#10454 = VECTOR('',#10455,1.);
#10455 = DIRECTION('',(0.,0.,1.));
#10456 = PCURVE('',#8192,#10457);
#10457 = DEFINITIONAL_REPRESENTATION('',(#10458),#10462);
#10458 = LINE('',#10459,#10460);
#10459 = CARTESIAN_POINT('',(6.28318530718,-0.));
#10460 = VECTOR('',#10461,1.);
#10461 = DIRECTION('',(0.,1.));
#10462 = ( GEOMETRIC_REPRESENTATION_CONTEXT(2) 
PARAMETRIC_REPRESENTATION_CONTEXT() REPRESENTATION_CONTEXT('2D SPACE',''
  ) );
#10463 = PCURVE('',#8192,#10464);
#10464 = DEFINITIONAL_REPRESENTATION('',(#10465),#10469);
#10465 = LINE('',#10466,#10467);
#10466 = CARTESIAN_POINT('',(0.,-0.));
#10467 = VECTOR('',#10468,1.);
#10468 = DIRECTION('',(0.,1.));
#10469 = ( GEOMETRIC_REPRESENTATION_CONTEXT(2) 
PARAMETRIC_REPRESENTATION_CONTEXT() REPRESENTATION_CONTEXT('2D SPACE',''
  ) );
#10470 = ORIENTED_EDGE('',*,*,#10471,.F.);
#10471 = EDGE_CURVE('',#10449,#10449,#10472,.T.);
#10472 = SURFACE_CURVE('',#10473,(#10478,#10485),.PCURVE_S1.);
#10473 = CIRCLE('',#10474,2.6);
#10474 = AXIS2_PLACEMENT_3D('',#10475,#10476,#10477);
#10475 = CARTESIAN_POINT('',(-15.,15.5,9.5));
#10476 = DIRECTION('',(0.,0.,1.));
#10477 = DIRECTION('',(1.,0.,-0.));
#10478 = PCURVE('',#8192,#10479);
#10479 = DEFINITIONAL_REPRESENTATION('',(#10480),#10484);
#10480 = LINE('',#10481,#10482);
#10481 = CARTESIAN_POINT('',(0.,7.85));
#10482 = VECTOR('',#10483,1.);
#10483 = DIRECTION('',(1.,0.));
#10484 = ( GEOMETRIC_REPRESENTATION_CONTEXT(2) 
PARAMETRIC_REPRESENTATION_CONTEXT() REPRESENTATION_CONTEXT('2D SPACE',''
  ) );
#10485 = PCURVE('',#10486,#10491);
#10486 = PLANE('',#10487);
#10487 = AXIS2_PLACEMENT_3D('',#10488,#10489,#10490);
#10488 = CARTESIAN_POINT('',(-15.,15.5,9.5));
#10489 = DIRECTION('',(0.,0.,1.));
#10490 = DIRECTION('',(1.,0.,-0.));
#10491 = DEFINITIONAL_REPRESENTATION('',(#10492),#10496);
#10492 = CIRCLE('',#10493,2.6);
#10493 = AXIS2_PLACEMENT_2D('',#10494,#10495);
#10494 = CARTESIAN_POINT('',(0.,0.));
#10495 = DIRECTION('',(1.,0.));
#10496 = ( GEOMETRIC_REPRESENTATION_CONTEXT(2) 
PARAMETRIC_REPRESENTATION_CONTEXT() REPRESENTATION_CONTEXT('2D SPACE',''
  ) );
#10497 = ORIENTED_EDGE('',*,*,#10448,.F.);
#10498 = ORIENTED_EDGE('',*,*,#8175,.T.);
#10499 = ADVANCED_FACE('',(#10500),#8223,.T.);
#10500 = FACE_BOUND('',#10501,.T.);
#10501 = EDGE_LOOP('',(#10502,#10525,#10552,#10553));
#10502 = ORIENTED_EDGE('',*,*,#10503,.T.);
#10503 = EDGE_CURVE('',#8207,#10504,#10506,.T.);
#10504 = VERTEX_POINT('',#10505);
#10505 = CARTESIAN_POINT('',(17.6,15.5,9.5));
#10506 = SEAM_CURVE('',#10507,(#10511,#10518),.PCURVE_S1.);
#10507 = LINE('',#10508,#10509);
#10508 = CARTESIAN_POINT('',(17.6,15.5,1.65));
#10509 = VECTOR('',#10510,1.);
#10510 = DIRECTION('',(0.,0.,1.));
#10511 = PCURVE('',#8223,#10512);
#10512 = DEFINITIONAL_REPRESENTATION('',(#10513),#10517);
#10513 = LINE('',#10514,#10515);
#10514 = CARTESIAN_POINT('',(6.28318530718,-0.));
#10515 = VECTOR('',#10516,1.);
#10516 = DIRECTION('',(0.,1.));
#10517 = ( GEOMETRIC_REPRESENTATION_CONTEXT(2) 
PARAMETRIC_REPRESENTATION_CONTEXT() REPRESENTATION_CONTEXT('2D SPACE',''
  ) );
#10518 = PCURVE('',#8223,#10519);
#10519 = DEFINITIONAL_REPRESENTATION('',(#10520),#10524);
#10520 = LINE('',#10521,#10522);
#10521 = CARTESIAN_POINT('',(0.,-0.));
#10522 = VECTOR('',#10523,1.);
#10523 = DIRECTION('',(0.,1.));
#10524 = ( GEOMETRIC_REPRESENTATION_CONTEXT(2) 
PARAMETRIC_REPRESENTATION_CONTEXT() REPRESENTATION_CONTEXT('2D SPACE',''
  ) );
#10525 = ORIENTED_EDGE('',*,*,#10526,.F.);
#10526 = EDGE_CURVE('',#10504,#10504,#10527,.T.);
#10527 = SURFACE_CURVE('',#10528,(#10533,#10540),.PCURVE_S1.);
#10528 = CIRCLE('',#10529,2.6);
#10529 = AXIS2_PLACEMENT_3D('',#10530,#10531,#10532);
#10530 = CARTESIAN_POINT('',(15.,15.5,9.5));
#10531 = DIRECTION('',(0.,0.,1.));
#10532 = DIRECTION('',(1.,0.,-0.));
#10533 = PCURVE('',#8223,#10534);
#10534 = DEFINITIONAL_REPRESENTATION('',(#10535),#10539);
#10535 = LINE('',#10536,#10537);
#10536 = CARTESIAN_POINT('',(0.,7.85));
#10537 = VECTOR('',#10538,1.);
#10538 = DIRECTION('',(1.,0.));
#10539 = ( GEOMETRIC_REPRESENTATION_CONTEXT(2) 
PARAMETRIC_REPRESENTATION_CONTEXT() REPRESENTATION_CONTEXT('2D SPACE',''
  ) );
#10540 = PCURVE('',#10541,#10546);
#10541 = PLANE('',#10542);
#10542 = AXIS2_PLACEMENT_3D('',#10543,#10544,#10545);
#10543 = CARTESIAN_POINT('',(15.,15.5,9.5));
#10544 = DIRECTION('',(0.,0.,1.));
#10545 = DIRECTION('',(1.,0.,-0.));
#10546 = DEFINITIONAL_REPRESENTATION('',(#10547),#10551);
#10547 = CIRCLE('',#10548,2.6);
#10548 = AXIS2_PLACEMENT_2D('',#10549,#10550);
#10549 = CARTESIAN_POINT('',(0.,0.));
#10550 = DIRECTION('',(1.,0.));
#10551 = ( GEOMETRIC_REPRESENTATION_CONTEXT(2) 
PARAMETRIC_REPRESENTATION_CONTEXT() REPRESENTATION_CONTEXT('2D SPACE',''
  ) );
#10552 = ORIENTED_EDGE('',*,*,#10503,.F.);
#10553 = ORIENTED_EDGE('',*,*,#8206,.T.);
#10554 = ADVANCED_FACE('',(#10555),#8292,.F.);
#10555 = FACE_BOUND('',#10556,.F.);
#10556 = EDGE_LOOP('',(#10557,#10585,#10606,#10607));
#10557 = ORIENTED_EDGE('',*,*,#10558,.F.);
#10558 = EDGE_CURVE('',#10559,#10561,#10563,.T.);
#10559 = VERTEX_POINT('',#10560);
#10560 = CARTESIAN_POINT('',(21.5,-3.4,5.8));
#10561 = VERTEX_POINT('',#10562);
#10562 = CARTESIAN_POINT('',(21.5,3.4,5.8));
#10563 = SURFACE_CURVE('',#10564,(#10568,#10574),.PCURVE_S1.);
#10564 = LINE('',#10565,#10566);
#10565 = CARTESIAN_POINT('',(21.5,-7.5,5.799999993177));
#10566 = VECTOR('',#10567,1.);
#10567 = DIRECTION('',(-0.,1.,-0.));
#10568 = PCURVE('',#8292,#10569);
#10569 = DEFINITIONAL_REPRESENTATION('',(#10570),#10573);
#10570 = B_SPLINE_CURVE_WITH_KNOTS('',1,(#10571,#10572),.UNSPECIFIED.,
  .F.,.F.,(2,2),(4.1,10.9),.PIECEWISE_BEZIER_KNOTS.);
#10571 = CARTESIAN_POINT('',(0.,-0.4));
#10572 = CARTESIAN_POINT('',(6.8,-0.4));
#10573 = ( GEOMETRIC_REPRESENTATION_CONTEXT(2) 
PARAMETRIC_REPRESENTATION_CONTEXT() REPRESENTATION_CONTEXT('2D SPACE',''
  ) );
#10574 = PCURVE('',#10575,#10580);
#10575 = PLANE('',#10576);
#10576 = AXIS2_PLACEMENT_3D('',#10577,#10578,#10579);
#10577 = CARTESIAN_POINT('',(21.5,-11.6,1.65));
#10578 = DIRECTION('',(1.,0.,-0.));
#10579 = DIRECTION('',(0.,0.,1.));
#10580 = DEFINITIONAL_REPRESENTATION('',(#10581),#10584);
#10581 = B_SPLINE_CURVE_WITH_KNOTS('',1,(#10582,#10583),.UNSPECIFIED.,
  .F.,.F.,(2,2),(4.1,10.9),.PIECEWISE_BEZIER_KNOTS.);
#10582 = CARTESIAN_POINT('',(4.149999993177,-8.2));
#10583 = CARTESIAN_POINT('',(4.149999993177,-15.));
#10584 = ( GEOMETRIC_REPRESENTATION_CONTEXT(2) 
PARAMETRIC_REPRESENTATION_CONTEXT() REPRESENTATION_CONTEXT('2D SPACE',''
  ) );
#10585 = ORIENTED_EDGE('',*,*,#10586,.T.);
#10586 = EDGE_CURVE('',#10559,#8276,#10587,.T.);
#10587 = SURFACE_CURVE('',#10588,(#10592,#10599),.PCURVE_S1.);
#10588 = LINE('',#10589,#10590);
#10589 = CARTESIAN_POINT('',(21.1,-3.4,5.8));
#10590 = VECTOR('',#10591,1.);
#10591 = DIRECTION('',(1.,0.,2.22044604925E-16));
#10592 = PCURVE('',#8292,#10593);
#10593 = DEFINITIONAL_REPRESENTATION('',(#10594),#10598);
#10594 = LINE('',#10595,#10596);
#10595 = CARTESIAN_POINT('',(0.,0.));
#10596 = VECTOR('',#10597,1.);
#10597 = DIRECTION('',(0.,-1.));
#10598 = ( GEOMETRIC_REPRESENTATION_CONTEXT(2) 
PARAMETRIC_REPRESENTATION_CONTEXT() REPRESENTATION_CONTEXT('2D SPACE',''
  ) );
#10599 = PCURVE('',#8320,#10600);
#10600 = DEFINITIONAL_REPRESENTATION('',(#10601),#10605);
#10601 = LINE('',#10602,#10603);
#10602 = CARTESIAN_POINT('',(-3.14159265359,0.));
#10603 = VECTOR('',#10604,1.);
#10604 = DIRECTION('',(-0.,-1.));
#10605 = ( GEOMETRIC_REPRESENTATION_CONTEXT(2) 
PARAMETRIC_REPRESENTATION_CONTEXT() REPRESENTATION_CONTEXT('2D SPACE',''
  ) );
#10606 = ORIENTED_EDGE('',*,*,#8275,.T.);
#10607 = ORIENTED_EDGE('',*,*,#10608,.F.);
#10608 = EDGE_CURVE('',#10561,#8278,#10609,.T.);
#10609 = SURFACE_CURVE('',#10610,(#10614,#10621),.PCURVE_S1.);
#10610 = LINE('',#10611,#10612);
#10611 = CARTESIAN_POINT('',(21.1,3.4,5.8));
#10612 = VECTOR('',#10613,1.);
#10613 = DIRECTION('',(1.,0.,2.22044604925E-16));
#10614 = PCURVE('',#8292,#10615);
#10615 = DEFINITIONAL_REPRESENTATION('',(#10616),#10620);
#10616 = LINE('',#10617,#10618);
#10617 = CARTESIAN_POINT('',(6.8,0.));
#10618 = VECTOR('',#10619,1.);
#10619 = DIRECTION('',(0.,-1.));
#10620 = ( GEOMETRIC_REPRESENTATION_CONTEXT(2) 
PARAMETRIC_REPRESENTATION_CONTEXT() REPRESENTATION_CONTEXT('2D SPACE',''
  ) );
#10621 = PCURVE('',#8483,#10622);
#10622 = DEFINITIONAL_REPRESENTATION('',(#10623),#10627);
#10623 = LINE('',#10624,#10625);
#10624 = CARTESIAN_POINT('',(-3.14159265359,0.));
#10625 = VECTOR('',#10626,1.);
#10626 = DIRECTION('',(-0.,-1.));
#10627 = ( GEOMETRIC_REPRESENTATION_CONTEXT(2) 
PARAMETRIC_REPRESENTATION_CONTEXT() REPRESENTATION_CONTEXT('2D SPACE',''
  ) );
#10628 = ADVANCED_FACE('',(#10629),#8483,.F.);
#10629 = FACE_BOUND('',#10630,.T.);
#10630 = EDGE_LOOP('',(#10631,#10632,#10660,#10681));
#10631 = ORIENTED_EDGE('',*,*,#10608,.F.);
#10632 = ORIENTED_EDGE('',*,*,#10633,.T.);
#10633 = EDGE_CURVE('',#10561,#10634,#10636,.T.);
#10634 = VERTEX_POINT('',#10635);
#10635 = CARTESIAN_POINT('',(21.5,4.5,4.700000006823));
#10636 = SURFACE_CURVE('',#10637,(#10642,#10649),.PCURVE_S1.);
#10637 = CIRCLE('',#10638,1.1);
#10638 = AXIS2_PLACEMENT_3D('',#10639,#10640,#10641);
#10639 = CARTESIAN_POINT('',(21.5,3.4,4.700000006823));
#10640 = DIRECTION('',(-1.,-0.,-2.22044604925E-16));
#10641 = DIRECTION('',(2.22044604925E-16,0.,-1.));
#10642 = PCURVE('',#8483,#10643);
#10643 = DEFINITIONAL_REPRESENTATION('',(#10644),#10648);
#10644 = LINE('',#10645,#10646);
#10645 = CARTESIAN_POINT('',(-6.28318530718,-0.4));
#10646 = VECTOR('',#10647,1.);
#10647 = DIRECTION('',(1.,-0.));
#10648 = ( GEOMETRIC_REPRESENTATION_CONTEXT(2) 
PARAMETRIC_REPRESENTATION_CONTEXT() REPRESENTATION_CONTEXT('2D SPACE',''
  ) );
#10649 = PCURVE('',#10575,#10650);
#10650 = DEFINITIONAL_REPRESENTATION('',(#10651),#10659);
#10651 = ( BOUNDED_CURVE() B_SPLINE_CURVE(2,(#10652,#10653,#10654,#10655
    ,#10656,#10657,#10658),.UNSPECIFIED.,.T.,.F.) 
B_SPLINE_CURVE_WITH_KNOTS((1,2,2,2,2,1),(-2.094395102393,0.,
    2.094395102393,4.188790204786,6.28318530718,8.377580409573),
.UNSPECIFIED.) CURVE() GEOMETRIC_REPRESENTATION_ITEM() 
RATIONAL_B_SPLINE_CURVE((1.,0.5,1.,0.5,1.,0.5,1.)) REPRESENTATION_ITEM(
  '') );
#10652 = CARTESIAN_POINT('',(1.950000006823,-15.));
#10653 = CARTESIAN_POINT('',(1.950000006823,-13.09474411167));
#10654 = CARTESIAN_POINT('',(3.600000006823,-14.04737205583));
#10655 = CARTESIAN_POINT('',(5.250000006823,-15.));
#10656 = CARTESIAN_POINT('',(3.600000006823,-15.95262794416));
#10657 = CARTESIAN_POINT('',(1.950000006823,-16.90525588832));
#10658 = CARTESIAN_POINT('',(1.950000006823,-15.));
#10659 = ( GEOMETRIC_REPRESENTATION_CONTEXT(2) 
PARAMETRIC_REPRESENTATION_CONTEXT() REPRESENTATION_CONTEXT('2D SPACE',''
  ) );
#10660 = ORIENTED_EDGE('',*,*,#10661,.T.);
#10661 = EDGE_CURVE('',#10634,#8443,#10662,.T.);
#10662 = SURFACE_CURVE('',#10663,(#10667,#10674),.PCURVE_S1.);
#10663 = LINE('',#10664,#10665);
#10664 = CARTESIAN_POINT('',(21.1,4.5,4.700000006823));
#10665 = VECTOR('',#10666,1.);
#10666 = DIRECTION('',(1.,0.,2.22044604925E-16));
#10667 = PCURVE('',#8483,#10668);
#10668 = DEFINITIONAL_REPRESENTATION('',(#10669),#10673);
#10669 = LINE('',#10670,#10671);
#10670 = CARTESIAN_POINT('',(-1.570796326795,0.));
#10671 = VECTOR('',#10672,1.);
#10672 = DIRECTION('',(-0.,-1.));
#10673 = ( GEOMETRIC_REPRESENTATION_CONTEXT(2) 
PARAMETRIC_REPRESENTATION_CONTEXT() REPRESENTATION_CONTEXT('2D SPACE',''
  ) );
#10674 = PCURVE('',#8457,#10675);
#10675 = DEFINITIONAL_REPRESENTATION('',(#10676),#10680);
#10676 = LINE('',#10677,#10678);
#10677 = CARTESIAN_POINT('',(-1.110223024625E-16,0.));
#10678 = VECTOR('',#10679,1.);
#10679 = DIRECTION('',(0.,-1.));
#10680 = ( GEOMETRIC_REPRESENTATION_CONTEXT(2) 
PARAMETRIC_REPRESENTATION_CONTEXT() REPRESENTATION_CONTEXT('2D SPACE',''
  ) );
#10681 = ORIENTED_EDGE('',*,*,#8468,.F.);
#10682 = ADVANCED_FACE('',(#10683),#8457,.F.);
#10683 = FACE_BOUND('',#10684,.F.);
#10684 = EDGE_LOOP('',(#10685,#10706,#10707,#10708));
#10685 = ORIENTED_EDGE('',*,*,#10686,.F.);
#10686 = EDGE_CURVE('',#10634,#10687,#10689,.T.);
#10687 = VERTEX_POINT('',#10688);
#10688 = CARTESIAN_POINT('',(21.5,4.5,3.700000000587));
#10689 = SURFACE_CURVE('',#10690,(#10694,#10700),.PCURVE_S1.);
#10690 = LINE('',#10691,#10692);
#10691 = CARTESIAN_POINT('',(21.5,4.5,3.175000003412));
#10692 = VECTOR('',#10693,1.);
#10693 = DIRECTION('',(-0.,0.,-1.));
#10694 = PCURVE('',#8457,#10695);
#10695 = DEFINITIONAL_REPRESENTATION('',(#10696),#10699);
#10696 = B_SPLINE_CURVE_WITH_KNOTS('',1,(#10697,#10698),.UNSPECIFIED.,
  .F.,.F.,(2,2),(-1.525000003412,-0.524999997175),
  .PIECEWISE_BEZIER_KNOTS.);
#10697 = CARTESIAN_POINT('',(0.,-0.4));
#10698 = CARTESIAN_POINT('',(1.000000006236,-0.4));
#10699 = ( GEOMETRIC_REPRESENTATION_CONTEXT(2) 
PARAMETRIC_REPRESENTATION_CONTEXT() REPRESENTATION_CONTEXT('2D SPACE',''
  ) );
#10700 = PCURVE('',#10575,#10701);
#10701 = DEFINITIONAL_REPRESENTATION('',(#10702),#10705);
#10702 = B_SPLINE_CURVE_WITH_KNOTS('',1,(#10703,#10704),.UNSPECIFIED.,
  .F.,.F.,(2,2),(-1.525000003412,-0.524999997175),
  .PIECEWISE_BEZIER_KNOTS.);
#10703 = CARTESIAN_POINT('',(3.050000006823,-16.1));
#10704 = CARTESIAN_POINT('',(2.050000000587,-16.1));
#10705 = ( GEOMETRIC_REPRESENTATION_CONTEXT(2) 
PARAMETRIC_REPRESENTATION_CONTEXT() REPRESENTATION_CONTEXT('2D SPACE',''
  ) );
#10706 = ORIENTED_EDGE('',*,*,#10661,.T.);
#10707 = ORIENTED_EDGE('',*,*,#8442,.T.);
#10708 = ORIENTED_EDGE('',*,*,#10709,.F.);
#10709 = EDGE_CURVE('',#10687,#8414,#10710,.T.);
#10710 = SURFACE_CURVE('',#10711,(#10715,#10722),.PCURVE_S1.);
#10711 = LINE('',#10712,#10713);
#10712 = CARTESIAN_POINT('',(21.1,4.5,3.700000000587));
#10713 = VECTOR('',#10714,1.);
#10714 = DIRECTION('',(1.,0.,2.22044604925E-16));
#10715 = PCURVE('',#8457,#10716);
#10716 = DEFINITIONAL_REPRESENTATION('',(#10717),#10721);
#10717 = LINE('',#10718,#10719);
#10718 = CARTESIAN_POINT('',(1.000000006236,0.));
#10719 = VECTOR('',#10720,1.);
#10720 = DIRECTION('',(0.,-1.));
#10721 = ( GEOMETRIC_REPRESENTATION_CONTEXT(2) 
PARAMETRIC_REPRESENTATION_CONTEXT() REPRESENTATION_CONTEXT('2D SPACE',''
  ) );
#10722 = PCURVE('',#8430,#10723);
#10723 = DEFINITIONAL_REPRESENTATION('',(#10724),#10728);
#10724 = LINE('',#10725,#10726);
#10725 = CARTESIAN_POINT('',(-1.570796326795,0.));
#10726 = VECTOR('',#10727,1.);
#10727 = DIRECTION('',(-0.,-1.));
#10728 = ( GEOMETRIC_REPRESENTATION_CONTEXT(2) 
PARAMETRIC_REPRESENTATION_CONTEXT() REPRESENTATION_CONTEXT('2D SPACE',''
  ) );
#10729 = ADVANCED_FACE('',(#10730),#8430,.F.);
#10730 = FACE_BOUND('',#10731,.T.);
#10731 = EDGE_LOOP('',(#10732,#10733,#10761,#10782));
#10732 = ORIENTED_EDGE('',*,*,#10709,.F.);
#10733 = ORIENTED_EDGE('',*,*,#10734,.T.);
#10734 = EDGE_CURVE('',#10687,#10735,#10737,.T.);
#10735 = VERTEX_POINT('',#10736);
#10736 = CARTESIAN_POINT('',(21.5,3.4,2.599999996882));
#10737 = SURFACE_CURVE('',#10738,(#10743,#10750),.PCURVE_S1.);
#10738 = CIRCLE('',#10739,1.1);
#10739 = AXIS2_PLACEMENT_3D('',#10740,#10741,#10742);
#10740 = CARTESIAN_POINT('',(21.5,3.4,3.700000000587));
#10741 = DIRECTION('',(-1.,-0.,-2.22044604925E-16));
#10742 = DIRECTION('',(2.22044604925E-16,0.,-1.));
#10743 = PCURVE('',#8430,#10744);
#10744 = DEFINITIONAL_REPRESENTATION('',(#10745),#10749);
#10745 = LINE('',#10746,#10747);
#10746 = CARTESIAN_POINT('',(-6.28318530718,-0.4));
#10747 = VECTOR('',#10748,1.);
#10748 = DIRECTION('',(1.,-0.));
#10749 = ( GEOMETRIC_REPRESENTATION_CONTEXT(2) 
PARAMETRIC_REPRESENTATION_CONTEXT() REPRESENTATION_CONTEXT('2D SPACE',''
  ) );
#10750 = PCURVE('',#10575,#10751);
#10751 = DEFINITIONAL_REPRESENTATION('',(#10752),#10760);
#10752 = ( BOUNDED_CURVE() B_SPLINE_CURVE(2,(#10753,#10754,#10755,#10756
    ,#10757,#10758,#10759),.UNSPECIFIED.,.T.,.F.) 
B_SPLINE_CURVE_WITH_KNOTS((1,2,2,2,2,1),(-2.094395102393,0.,
    2.094395102393,4.188790204786,6.28318530718,8.377580409573),
.UNSPECIFIED.) CURVE() GEOMETRIC_REPRESENTATION_ITEM() 
RATIONAL_B_SPLINE_CURVE((1.,0.5,1.,0.5,1.,0.5,1.)) REPRESENTATION_ITEM(
  '') );
#10753 = CARTESIAN_POINT('',(0.950000000587,-15.));
#10754 = CARTESIAN_POINT('',(0.950000000587,-13.09474411167));
#10755 = CARTESIAN_POINT('',(2.600000000587,-14.04737205583));
#10756 = CARTESIAN_POINT('',(4.250000000587,-15.));
#10757 = CARTESIAN_POINT('',(2.600000000587,-15.95262794416));
#10758 = CARTESIAN_POINT('',(0.950000000587,-16.90525588832));
#10759 = CARTESIAN_POINT('',(0.950000000587,-15.));
#10760 = ( GEOMETRIC_REPRESENTATION_CONTEXT(2) 
PARAMETRIC_REPRESENTATION_CONTEXT() REPRESENTATION_CONTEXT('2D SPACE',''
  ) );
#10761 = ORIENTED_EDGE('',*,*,#10762,.T.);
#10762 = EDGE_CURVE('',#10735,#8388,#10763,.T.);
#10763 = SURFACE_CURVE('',#10764,(#10768,#10775),.PCURVE_S1.);
#10764 = LINE('',#10765,#10766);
#10765 = CARTESIAN_POINT('',(21.1,3.4,2.599999996882));
#10766 = VECTOR('',#10767,1.);
#10767 = DIRECTION('',(1.,0.,2.22044604925E-16));
#10768 = PCURVE('',#8430,#10769);
#10769 = DEFINITIONAL_REPRESENTATION('',(#10770),#10774);
#10770 = LINE('',#10771,#10772);
#10771 = CARTESIAN_POINT('',(-0.,0.));
#10772 = VECTOR('',#10773,1.);
#10773 = DIRECTION('',(-0.,-1.));
#10774 = ( GEOMETRIC_REPRESENTATION_CONTEXT(2) 
PARAMETRIC_REPRESENTATION_CONTEXT() REPRESENTATION_CONTEXT('2D SPACE',''
  ) );
#10775 = PCURVE('',#8402,#10776);
#10776 = DEFINITIONAL_REPRESENTATION('',(#10777),#10781);
#10777 = LINE('',#10778,#10779);
#10778 = CARTESIAN_POINT('',(6.8,0.));
#10779 = VECTOR('',#10780,1.);
#10780 = DIRECTION('',(0.,-1.));
#10781 = ( GEOMETRIC_REPRESENTATION_CONTEXT(2) 
PARAMETRIC_REPRESENTATION_CONTEXT() REPRESENTATION_CONTEXT('2D SPACE',''
  ) );
#10782 = ORIENTED_EDGE('',*,*,#8413,.F.);
#10783 = ADVANCED_FACE('',(#10784),#8402,.T.);
#10784 = FACE_BOUND('',#10785,.T.);
#10785 = EDGE_LOOP('',(#10786,#10807,#10828,#10829));
#10786 = ORIENTED_EDGE('',*,*,#10787,.F.);
#10787 = EDGE_CURVE('',#10788,#10735,#10790,.T.);
#10788 = VERTEX_POINT('',#10789);
#10789 = CARTESIAN_POINT('',(21.5,-3.4,2.599999996882));
#10790 = SURFACE_CURVE('',#10791,(#10795,#10801),.PCURVE_S1.);
#10791 = LINE('',#10792,#10793);
#10792 = CARTESIAN_POINT('',(21.5,-7.5,2.599999993177));
#10793 = VECTOR('',#10794,1.);
#10794 = DIRECTION('',(-0.,1.,-0.));
#10795 = PCURVE('',#8402,#10796);
#10796 = DEFINITIONAL_REPRESENTATION('',(#10797),#10800);
#10797 = B_SPLINE_CURVE_WITH_KNOTS('',1,(#10798,#10799),.UNSPECIFIED.,
  .F.,.F.,(2,2),(4.1,10.9),.PIECEWISE_BEZIER_KNOTS.);
#10798 = CARTESIAN_POINT('',(0.,-0.4));
#10799 = CARTESIAN_POINT('',(6.8,-0.4));
#10800 = ( GEOMETRIC_REPRESENTATION_CONTEXT(2) 
PARAMETRIC_REPRESENTATION_CONTEXT() REPRESENTATION_CONTEXT('2D SPACE',''
  ) );
#10801 = PCURVE('',#10575,#10802);
#10802 = DEFINITIONAL_REPRESENTATION('',(#10803),#10806);
#10803 = B_SPLINE_CURVE_WITH_KNOTS('',1,(#10804,#10805),.UNSPECIFIED.,
  .F.,.F.,(2,2),(4.1,10.9),.PIECEWISE_BEZIER_KNOTS.);
#10804 = CARTESIAN_POINT('',(0.949999993177,-8.2));
#10805 = CARTESIAN_POINT('',(0.949999993177,-15.));
#10806 = ( GEOMETRIC_REPRESENTATION_CONTEXT(2) 
PARAMETRIC_REPRESENTATION_CONTEXT() REPRESENTATION_CONTEXT('2D SPACE',''
  ) );
#10807 = ORIENTED_EDGE('',*,*,#10808,.T.);
#10808 = EDGE_CURVE('',#10788,#8359,#10809,.T.);
#10809 = SURFACE_CURVE('',#10810,(#10814,#10821),.PCURVE_S1.);
#10810 = LINE('',#10811,#10812);
#10811 = CARTESIAN_POINT('',(21.1,-3.4,2.599999996882));
#10812 = VECTOR('',#10813,1.);
#10813 = DIRECTION('',(1.,0.,2.22044604925E-16));
#10814 = PCURVE('',#8402,#10815);
#10815 = DEFINITIONAL_REPRESENTATION('',(#10816),#10820);
#10816 = LINE('',#10817,#10818);
#10817 = CARTESIAN_POINT('',(0.,0.));
#10818 = VECTOR('',#10819,1.);
#10819 = DIRECTION('',(0.,-1.));
#10820 = ( GEOMETRIC_REPRESENTATION_CONTEXT(2) 
PARAMETRIC_REPRESENTATION_CONTEXT() REPRESENTATION_CONTEXT('2D SPACE',''
  ) );
#10821 = PCURVE('',#8375,#10822);
#10822 = DEFINITIONAL_REPRESENTATION('',(#10823),#10827);
#10823 = LINE('',#10824,#10825);
#10824 = CARTESIAN_POINT('',(-6.28318530718,0.));
#10825 = VECTOR('',#10826,1.);
#10826 = DIRECTION('',(-0.,-1.));
#10827 = ( GEOMETRIC_REPRESENTATION_CONTEXT(2) 
PARAMETRIC_REPRESENTATION_CONTEXT() REPRESENTATION_CONTEXT('2D SPACE',''
  ) );
#10828 = ORIENTED_EDGE('',*,*,#8387,.T.);
#10829 = ORIENTED_EDGE('',*,*,#10762,.F.);
#10830 = ADVANCED_FACE('',(#10831),#8375,.F.);
#10831 = FACE_BOUND('',#10832,.T.);
#10832 = EDGE_LOOP('',(#10833,#10834,#10862,#10883));
#10833 = ORIENTED_EDGE('',*,*,#10808,.F.);
#10834 = ORIENTED_EDGE('',*,*,#10835,.T.);
#10835 = EDGE_CURVE('',#10788,#10836,#10838,.T.);
#10836 = VERTEX_POINT('',#10837);
#10837 = CARTESIAN_POINT('',(21.5,-4.5,3.700000000587));
#10838 = SURFACE_CURVE('',#10839,(#10844,#10851),.PCURVE_S1.);
#10839 = CIRCLE('',#10840,1.1);
#10840 = AXIS2_PLACEMENT_3D('',#10841,#10842,#10843);
#10841 = CARTESIAN_POINT('',(21.5,-3.4,3.700000000587));
#10842 = DIRECTION('',(-1.,-0.,-2.22044604925E-16));
#10843 = DIRECTION('',(2.22044604925E-16,0.,-1.));
#10844 = PCURVE('',#8375,#10845);
#10845 = DEFINITIONAL_REPRESENTATION('',(#10846),#10850);
#10846 = LINE('',#10847,#10848);
#10847 = CARTESIAN_POINT('',(-6.28318530718,-0.4));
#10848 = VECTOR('',#10849,1.);
#10849 = DIRECTION('',(1.,-0.));
#10850 = ( GEOMETRIC_REPRESENTATION_CONTEXT(2) 
PARAMETRIC_REPRESENTATION_CONTEXT() REPRESENTATION_CONTEXT('2D SPACE',''
  ) );
#10851 = PCURVE('',#10575,#10852);
#10852 = DEFINITIONAL_REPRESENTATION('',(#10853),#10861);
#10853 = ( BOUNDED_CURVE() B_SPLINE_CURVE(2,(#10854,#10855,#10856,#10857
    ,#10858,#10859,#10860),.UNSPECIFIED.,.T.,.F.) 
B_SPLINE_CURVE_WITH_KNOTS((1,2,2,2,2,1),(-2.094395102393,0.,
    2.094395102393,4.188790204786,6.28318530718,8.377580409573),
.UNSPECIFIED.) CURVE() GEOMETRIC_REPRESENTATION_ITEM() 
RATIONAL_B_SPLINE_CURVE((1.,0.5,1.,0.5,1.,0.5,1.)) REPRESENTATION_ITEM(
  '') );
#10854 = CARTESIAN_POINT('',(0.950000000587,-8.2));
#10855 = CARTESIAN_POINT('',(0.950000000587,-6.294744111674));
#10856 = CARTESIAN_POINT('',(2.600000000587,-7.247372055837));
#10857 = CARTESIAN_POINT('',(4.250000000587,-8.2));
#10858 = CARTESIAN_POINT('',(2.600000000587,-9.152627944163));
#10859 = CARTESIAN_POINT('',(0.950000000587,-10.10525588832));
#10860 = CARTESIAN_POINT('',(0.950000000587,-8.2));
#10861 = ( GEOMETRIC_REPRESENTATION_CONTEXT(2) 
PARAMETRIC_REPRESENTATION_CONTEXT() REPRESENTATION_CONTEXT('2D SPACE',''
  ) );
#10862 = ORIENTED_EDGE('',*,*,#10863,.T.);
#10863 = EDGE_CURVE('',#10836,#8333,#10864,.T.);
#10864 = SURFACE_CURVE('',#10865,(#10869,#10876),.PCURVE_S1.);
#10865 = LINE('',#10866,#10867);
#10866 = CARTESIAN_POINT('',(21.1,-4.5,3.700000000587));
#10867 = VECTOR('',#10868,1.);
#10868 = DIRECTION('',(1.,0.,2.22044604925E-16));
#10869 = PCURVE('',#8375,#10870);
#10870 = DEFINITIONAL_REPRESENTATION('',(#10871),#10875);
#10871 = LINE('',#10872,#10873);
#10872 = CARTESIAN_POINT('',(-4.712388980385,0.));
#10873 = VECTOR('',#10874,1.);
#10874 = DIRECTION('',(-0.,-1.));
#10875 = ( GEOMETRIC_REPRESENTATION_CONTEXT(2) 
PARAMETRIC_REPRESENTATION_CONTEXT() REPRESENTATION_CONTEXT('2D SPACE',''
  ) );
#10876 = PCURVE('',#8347,#10877);
#10877 = DEFINITIONAL_REPRESENTATION('',(#10878),#10882);
#10878 = LINE('',#10879,#10880);
#10879 = CARTESIAN_POINT('',(1.000000006236,0.));
#10880 = VECTOR('',#10881,1.);
#10881 = DIRECTION('',(0.,-1.));
#10882 = ( GEOMETRIC_REPRESENTATION_CONTEXT(2) 
PARAMETRIC_REPRESENTATION_CONTEXT() REPRESENTATION_CONTEXT('2D SPACE',''
  ) );
#10883 = ORIENTED_EDGE('',*,*,#8358,.F.);
#10884 = ADVANCED_FACE('',(#10885),#8347,.T.);
#10885 = FACE_BOUND('',#10886,.T.);
#10886 = EDGE_LOOP('',(#10887,#10908,#10929,#10930));
#10887 = ORIENTED_EDGE('',*,*,#10888,.F.);
#10888 = EDGE_CURVE('',#10889,#10836,#10891,.T.);
#10889 = VERTEX_POINT('',#10890);
#10890 = CARTESIAN_POINT('',(21.5,-4.5,4.700000006823));
#10891 = SURFACE_CURVE('',#10892,(#10896,#10902),.PCURVE_S1.);
#10892 = LINE('',#10893,#10894);
#10893 = CARTESIAN_POINT('',(21.5,-4.5,3.175000003412));
#10894 = VECTOR('',#10895,1.);
#10895 = DIRECTION('',(-0.,0.,-1.));
#10896 = PCURVE('',#8347,#10897);
#10897 = DEFINITIONAL_REPRESENTATION('',(#10898),#10901);
#10898 = B_SPLINE_CURVE_WITH_KNOTS('',1,(#10899,#10900),.UNSPECIFIED.,
  .F.,.F.,(2,2),(-1.525000003412,-0.524999997175),
  .PIECEWISE_BEZIER_KNOTS.);
#10899 = CARTESIAN_POINT('',(0.,-0.4));
#10900 = CARTESIAN_POINT('',(1.000000006236,-0.4));
#10901 = ( GEOMETRIC_REPRESENTATION_CONTEXT(2) 
PARAMETRIC_REPRESENTATION_CONTEXT() REPRESENTATION_CONTEXT('2D SPACE',''
  ) );
#10902 = PCURVE('',#10575,#10903);
#10903 = DEFINITIONAL_REPRESENTATION('',(#10904),#10907);
#10904 = B_SPLINE_CURVE_WITH_KNOTS('',1,(#10905,#10906),.UNSPECIFIED.,
  .F.,.F.,(2,2),(-1.525000003412,-0.524999997175),
  .PIECEWISE_BEZIER_KNOTS.);
#10905 = CARTESIAN_POINT('',(3.050000006823,-7.1));
#10906 = CARTESIAN_POINT('',(2.050000000587,-7.1));
#10907 = ( GEOMETRIC_REPRESENTATION_CONTEXT(2) 
PARAMETRIC_REPRESENTATION_CONTEXT() REPRESENTATION_CONTEXT('2D SPACE',''
  ) );
#10908 = ORIENTED_EDGE('',*,*,#10909,.T.);
#10909 = EDGE_CURVE('',#10889,#8304,#10910,.T.);
#10910 = SURFACE_CURVE('',#10911,(#10915,#10922),.PCURVE_S1.);
#10911 = LINE('',#10912,#10913);
#10912 = CARTESIAN_POINT('',(21.1,-4.5,4.700000006823));
#10913 = VECTOR('',#10914,1.);
#10914 = DIRECTION('',(1.,0.,2.22044604925E-16));
#10915 = PCURVE('',#8347,#10916);
#10916 = DEFINITIONAL_REPRESENTATION('',(#10917),#10921);
#10917 = LINE('',#10918,#10919);
#10918 = CARTESIAN_POINT('',(-1.110223024625E-16,0.));
#10919 = VECTOR('',#10920,1.);
#10920 = DIRECTION('',(0.,-1.));
#10921 = ( GEOMETRIC_REPRESENTATION_CONTEXT(2) 
PARAMETRIC_REPRESENTATION_CONTEXT() REPRESENTATION_CONTEXT('2D SPACE',''
  ) );
#10922 = PCURVE('',#8320,#10923);
#10923 = DEFINITIONAL_REPRESENTATION('',(#10924),#10928);
#10924 = LINE('',#10925,#10926);
#10925 = CARTESIAN_POINT('',(-4.712388980385,0.));
#10926 = VECTOR('',#10927,1.);
#10927 = DIRECTION('',(-0.,-1.));
#10928 = ( GEOMETRIC_REPRESENTATION_CONTEXT(2) 
PARAMETRIC_REPRESENTATION_CONTEXT() REPRESENTATION_CONTEXT('2D SPACE',''
  ) );
#10929 = ORIENTED_EDGE('',*,*,#8332,.T.);
#10930 = ORIENTED_EDGE('',*,*,#10863,.F.);
#10931 = ADVANCED_FACE('',(#10932),#8320,.F.);
#10932 = FACE_BOUND('',#10933,.T.);
#10933 = EDGE_LOOP('',(#10934,#10935,#10961,#10962));
#10934 = ORIENTED_EDGE('',*,*,#10909,.F.);
#10935 = ORIENTED_EDGE('',*,*,#10936,.T.);
#10936 = EDGE_CURVE('',#10889,#10559,#10937,.T.);
#10937 = SURFACE_CURVE('',#10938,(#10943,#10950),.PCURVE_S1.);
#10938 = CIRCLE('',#10939,1.1);
#10939 = AXIS2_PLACEMENT_3D('',#10940,#10941,#10942);
#10940 = CARTESIAN_POINT('',(21.5,-3.4,4.700000006823));
#10941 = DIRECTION('',(-1.,-0.,-2.22044604925E-16));
#10942 = DIRECTION('',(2.22044604925E-16,0.,-1.));
#10943 = PCURVE('',#8320,#10944);
#10944 = DEFINITIONAL_REPRESENTATION('',(#10945),#10949);
#10945 = LINE('',#10946,#10947);
#10946 = CARTESIAN_POINT('',(-6.28318530718,-0.4));
#10947 = VECTOR('',#10948,1.);
#10948 = DIRECTION('',(1.,-0.));
#10949 = ( GEOMETRIC_REPRESENTATION_CONTEXT(2) 
PARAMETRIC_REPRESENTATION_CONTEXT() REPRESENTATION_CONTEXT('2D SPACE',''
  ) );
#10950 = PCURVE('',#10575,#10951);
#10951 = DEFINITIONAL_REPRESENTATION('',(#10952),#10960);
#10952 = ( BOUNDED_CURVE() B_SPLINE_CURVE(2,(#10953,#10954,#10955,#10956
    ,#10957,#10958,#10959),.UNSPECIFIED.,.T.,.F.) 
B_SPLINE_CURVE_WITH_KNOTS((1,2,2,2,2,1),(-2.094395102393,0.,
    2.094395102393,4.188790204786,6.28318530718,8.377580409573),
.UNSPECIFIED.) CURVE() GEOMETRIC_REPRESENTATION_ITEM() 
RATIONAL_B_SPLINE_CURVE((1.,0.5,1.,0.5,1.,0.5,1.)) REPRESENTATION_ITEM(
  '') );
#10953 = CARTESIAN_POINT('',(1.950000006823,-8.2));
#10954 = CARTESIAN_POINT('',(1.950000006823,-6.294744111674));
#10955 = CARTESIAN_POINT('',(3.600000006823,-7.247372055837));
#10956 = CARTESIAN_POINT('',(5.250000006823,-8.2));
#10957 = CARTESIAN_POINT('',(3.600000006823,-9.152627944163));
#10958 = CARTESIAN_POINT('',(1.950000006823,-10.10525588832));
#10959 = CARTESIAN_POINT('',(1.950000006823,-8.2));
#10960 = ( GEOMETRIC_REPRESENTATION_CONTEXT(2) 
PARAMETRIC_REPRESENTATION_CONTEXT() REPRESENTATION_CONTEXT('2D SPACE',''
  ) );
#10961 = ORIENTED_EDGE('',*,*,#10586,.T.);
#10962 = ORIENTED_EDGE('',*,*,#8303,.F.);
#10963 = ADVANCED_FACE('',(#10964),#8716,.T.);
#10964 = FACE_BOUND('',#10965,.T.);
#10965 = EDGE_LOOP('',(#10966,#10967,#10968,#10969));
#10966 = ORIENTED_EDGE('',*,*,#9449,.F.);
#10967 = ORIENTED_EDGE('',*,*,#8701,.T.);
#10968 = ORIENTED_EDGE('',*,*,#9957,.T.);
#10969 = ORIENTED_EDGE('',*,*,#10970,.T.);
#10970 = EDGE_CURVE('',#9958,#9422,#10971,.T.);
#10971 = SURFACE_CURVE('',#10972,(#10976,#10982),.PCURVE_S1.);
#10972 = LINE('',#10973,#10974);
#10973 = CARTESIAN_POINT('',(5.25,-6.724999986599,1.65));
#10974 = VECTOR('',#10975,1.);
#10975 = DIRECTION('',(0.,1.,-0.));
#10976 = PCURVE('',#8716,#10977);
#10977 = DEFINITIONAL_REPRESENTATION('',(#10978),#10981);
#10978 = B_SPLINE_CURVE_WITH_KNOTS('',1,(#10979,#10980),.UNSPECIFIED.,
  .F.,.F.,(2,2),(4.875000013401,8.5749999391),.PIECEWISE_BEZIER_KNOTS.);
#10979 = CARTESIAN_POINT('',(0.,-1.3));
#10980 = CARTESIAN_POINT('',(3.699999925698,-1.3));
#10981 = ( GEOMETRIC_REPRESENTATION_CONTEXT(2) 
PARAMETRIC_REPRESENTATION_CONTEXT() REPRESENTATION_CONTEXT('2D SPACE',''
  ) );
#10982 = PCURVE('',#9340,#10983);
#10983 = DEFINITIONAL_REPRESENTATION('',(#10984),#10987);
#10984 = B_SPLINE_CURVE_WITH_KNOTS('',1,(#10985,#10986),.UNSPECIFIED.,
  .F.,.F.,(2,2),(4.875000013401,8.5749999391),.PIECEWISE_BEZIER_KNOTS.);
#10985 = CARTESIAN_POINT('',(0.35,9.750000026803));
#10986 = CARTESIAN_POINT('',(0.35,13.449999952501));
#10987 = ( GEOMETRIC_REPRESENTATION_CONTEXT(2) 
PARAMETRIC_REPRESENTATION_CONTEXT() REPRESENTATION_CONTEXT('2D SPACE',''
  ) );
#10988 = ADVANCED_FACE('',(#10989),#8844,.F.);
#10989 = FACE_BOUND('',#10990,.F.);
#10990 = EDGE_LOOP('',(#10991,#10992,#11013,#11039,#11065,#11091,#11110,
    #11111));
#10991 = ORIENTED_EDGE('',*,*,#8932,.F.);
#10992 = ORIENTED_EDGE('',*,*,#10993,.F.);
#10993 = EDGE_CURVE('',#10994,#8907,#10996,.T.);
#10994 = VERTEX_POINT('',#10995);
#10995 = CARTESIAN_POINT('',(20.3,-11.5,4.35));
#10996 = SURFACE_CURVE('',#10997,(#11001,#11007),.PCURVE_S1.);
#10997 = LINE('',#10998,#10999);
#10998 = CARTESIAN_POINT('',(20.3,-12.15,4.35));
#10999 = VECTOR('',#11000,1.);
#11000 = DIRECTION('',(0.,-1.,0.));
#11001 = PCURVE('',#8844,#11002);
#11002 = DEFINITIONAL_REPRESENTATION('',(#11003),#11006);
#11003 = B_SPLINE_CURVE_WITH_KNOTS('',1,(#11004,#11005),.UNSPECIFIED.,
  .F.,.F.,(2,2),(-0.65,-0.55),.PIECEWISE_BEZIER_KNOTS.);
#11004 = CARTESIAN_POINT('',(2.7,-0.1));
#11005 = CARTESIAN_POINT('',(2.7,0.));
#11006 = ( GEOMETRIC_REPRESENTATION_CONTEXT(2) 
PARAMETRIC_REPRESENTATION_CONTEXT() REPRESENTATION_CONTEXT('2D SPACE',''
  ) );
#11007 = PCURVE('',#8921,#11008);
#11008 = DEFINITIONAL_REPRESENTATION('',(#11009),#11012);
#11009 = B_SPLINE_CURVE_WITH_KNOTS('',1,(#11010,#11011),.UNSPECIFIED.,
  .F.,.F.,(2,2),(-0.65,-0.55),.PIECEWISE_BEZIER_KNOTS.);
#11010 = CARTESIAN_POINT('',(14.3,1.2));
#11011 = CARTESIAN_POINT('',(14.3,1.1));
#11012 = ( GEOMETRIC_REPRESENTATION_CONTEXT(2) 
PARAMETRIC_REPRESENTATION_CONTEXT() REPRESENTATION_CONTEXT('2D SPACE',''
  ) );
#11013 = ORIENTED_EDGE('',*,*,#11014,.F.);
#11014 = EDGE_CURVE('',#11015,#10994,#11017,.T.);
#11015 = VERTEX_POINT('',#11016);
#11016 = CARTESIAN_POINT('',(20.3,-11.5,1.8));
#11017 = SURFACE_CURVE('',#11018,(#11022,#11028),.PCURVE_S1.);
#11018 = LINE('',#11019,#11020);
#11019 = CARTESIAN_POINT('',(20.3,-11.5,1.65));
#11020 = VECTOR('',#11021,1.);
#11021 = DIRECTION('',(0.,0.,1.));
#11022 = PCURVE('',#8844,#11023);
#11023 = DEFINITIONAL_REPRESENTATION('',(#11024),#11027);
#11024 = B_SPLINE_CURVE_WITH_KNOTS('',1,(#11025,#11026),.UNSPECIFIED.,
  .F.,.F.,(2,2),(0.15,2.7),.PIECEWISE_BEZIER_KNOTS.);
#11025 = CARTESIAN_POINT('',(0.15,-1.E-01));
#11026 = CARTESIAN_POINT('',(2.7,-1.E-01));
#11027 = ( GEOMETRIC_REPRESENTATION_CONTEXT(2) 
PARAMETRIC_REPRESENTATION_CONTEXT() REPRESENTATION_CONTEXT('2D SPACE',''
  ) );
#11028 = PCURVE('',#11029,#11034);
#11029 = PLANE('',#11030);
#11030 = AXIS2_PLACEMENT_3D('',#11031,#11032,#11033);
#11031 = CARTESIAN_POINT('',(6.,-11.5,1.65));
#11032 = DIRECTION('',(-0.,1.,0.));
#11033 = DIRECTION('',(0.,0.,1.));
#11034 = DEFINITIONAL_REPRESENTATION('',(#11035),#11038);
#11035 = B_SPLINE_CURVE_WITH_KNOTS('',1,(#11036,#11037),.UNSPECIFIED.,
  .F.,.F.,(2,2),(0.15,2.7),.PIECEWISE_BEZIER_KNOTS.);
#11036 = CARTESIAN_POINT('',(0.15,14.3));
#11037 = CARTESIAN_POINT('',(2.7,14.3));
#11038 = ( GEOMETRIC_REPRESENTATION_CONTEXT(2) 
PARAMETRIC_REPRESENTATION_CONTEXT() REPRESENTATION_CONTEXT('2D SPACE',''
  ) );
#11039 = ORIENTED_EDGE('',*,*,#11040,.T.);
#11040 = EDGE_CURVE('',#11015,#11041,#11043,.T.);
#11041 = VERTEX_POINT('',#11042);
#11042 = CARTESIAN_POINT('',(20.3,11.5,1.8));
#11043 = SURFACE_CURVE('',#11044,(#11048,#11054),.PCURVE_S1.);
#11044 = LINE('',#11045,#11046);
#11045 = CARTESIAN_POINT('',(20.3,-5.800000008192,1.8));
#11046 = VECTOR('',#11047,1.);
#11047 = DIRECTION('',(-0.,1.,0.));
#11048 = PCURVE('',#8844,#11049);
#11049 = DEFINITIONAL_REPRESENTATION('',(#11050),#11053);
#11050 = B_SPLINE_CURVE_WITH_KNOTS('',1,(#11051,#11052),.UNSPECIFIED.,
  .F.,.F.,(2,2),(-5.799999991808,17.400000008192),
  .PIECEWISE_BEZIER_KNOTS.);
#11051 = CARTESIAN_POINT('',(0.15,0.));
#11052 = CARTESIAN_POINT('',(0.15,-23.2));
#11053 = ( GEOMETRIC_REPRESENTATION_CONTEXT(2) 
PARAMETRIC_REPRESENTATION_CONTEXT() REPRESENTATION_CONTEXT('2D SPACE',''
  ) );
#11054 = PCURVE('',#11055,#11060);
#11055 = PLANE('',#11056);
#11056 = AXIS2_PLACEMENT_3D('',#11057,#11058,#11059);
#11057 = CARTESIAN_POINT('',(-1.425198320616E-09,-1.638325935653E-08,1.8
    ));
#11058 = DIRECTION('',(0.,0.,1.));
#11059 = DIRECTION('',(1.,0.,-0.));
#11060 = DEFINITIONAL_REPRESENTATION('',(#11061),#11064);
#11061 = B_SPLINE_CURVE_WITH_KNOTS('',1,(#11062,#11063),.UNSPECIFIED.,
  .F.,.F.,(2,2),(-5.799999991808,17.400000008192),
  .PIECEWISE_BEZIER_KNOTS.);
#11062 = CARTESIAN_POINT('',(20.300000001425,-11.59999998361));
#11063 = CARTESIAN_POINT('',(20.300000001425,11.600000016383));
#11064 = ( GEOMETRIC_REPRESENTATION_CONTEXT(2) 
PARAMETRIC_REPRESENTATION_CONTEXT() REPRESENTATION_CONTEXT('2D SPACE',''
  ) );
#11065 = ORIENTED_EDGE('',*,*,#11066,.T.);
#11066 = EDGE_CURVE('',#11041,#11067,#11069,.T.);
#11067 = VERTEX_POINT('',#11068);
#11068 = CARTESIAN_POINT('',(20.3,11.5,4.35));
#11069 = SURFACE_CURVE('',#11070,(#11074,#11080),.PCURVE_S1.);
#11070 = LINE('',#11071,#11072);
#11071 = CARTESIAN_POINT('',(20.3,11.5,1.65));
#11072 = VECTOR('',#11073,1.);
#11073 = DIRECTION('',(0.,0.,1.));
#11074 = PCURVE('',#8844,#11075);
#11075 = DEFINITIONAL_REPRESENTATION('',(#11076),#11079);
#11076 = B_SPLINE_CURVE_WITH_KNOTS('',1,(#11077,#11078),.UNSPECIFIED.,
  .F.,.F.,(2,2),(0.15,2.7),.PIECEWISE_BEZIER_KNOTS.);
#11077 = CARTESIAN_POINT('',(0.15,-23.1));
#11078 = CARTESIAN_POINT('',(2.7,-23.1));
#11079 = ( GEOMETRIC_REPRESENTATION_CONTEXT(2) 
PARAMETRIC_REPRESENTATION_CONTEXT() REPRESENTATION_CONTEXT('2D SPACE',''
  ) );
#11080 = PCURVE('',#11081,#11086);
#11081 = PLANE('',#11082);
#11082 = AXIS2_PLACEMENT_3D('',#11083,#11084,#11085);
#11083 = CARTESIAN_POINT('',(6.,11.5,1.65));
#11084 = DIRECTION('',(-0.,1.,0.));
#11085 = DIRECTION('',(0.,0.,1.));
#11086 = DEFINITIONAL_REPRESENTATION('',(#11087),#11090);
#11087 = B_SPLINE_CURVE_WITH_KNOTS('',1,(#11088,#11089),.UNSPECIFIED.,
  .F.,.F.,(2,2),(0.15,2.7),.PIECEWISE_BEZIER_KNOTS.);
#11088 = CARTESIAN_POINT('',(0.15,14.3));
#11089 = CARTESIAN_POINT('',(2.7,14.3));
#11090 = ( GEOMETRIC_REPRESENTATION_CONTEXT(2) 
PARAMETRIC_REPRESENTATION_CONTEXT() REPRESENTATION_CONTEXT('2D SPACE',''
  ) );
#11091 = ORIENTED_EDGE('',*,*,#11092,.F.);
#11092 = EDGE_CURVE('',#8981,#11067,#11093,.T.);
#11093 = SURFACE_CURVE('',#11094,(#11098,#11104),.PCURVE_S1.);
#11094 = LINE('',#11095,#11096);
#11095 = CARTESIAN_POINT('',(20.3,-5.E-02,4.35));
#11096 = VECTOR('',#11097,1.);
#11097 = DIRECTION('',(0.,-1.,0.));
#11098 = PCURVE('',#8844,#11099);
#11099 = DEFINITIONAL_REPRESENTATION('',(#11100),#11103);
#11100 = B_SPLINE_CURVE_WITH_KNOTS('',1,(#11101,#11102),.UNSPECIFIED.,
  .F.,.F.,(2,2),(-11.65,-11.55),.PIECEWISE_BEZIER_KNOTS.);
#11101 = CARTESIAN_POINT('',(2.7,-23.2));
#11102 = CARTESIAN_POINT('',(2.7,-23.1));
#11103 = ( GEOMETRIC_REPRESENTATION_CONTEXT(2) 
PARAMETRIC_REPRESENTATION_CONTEXT() REPRESENTATION_CONTEXT('2D SPACE',''
  ) );
#11104 = PCURVE('',#8995,#11105);
#11105 = DEFINITIONAL_REPRESENTATION('',(#11106),#11109);
#11106 = B_SPLINE_CURVE_WITH_KNOTS('',1,(#11107,#11108),.UNSPECIFIED.,
  .F.,.F.,(2,2),(-11.65,-11.55),.PIECEWISE_BEZIER_KNOTS.);
#11107 = CARTESIAN_POINT('',(14.3,1.E-01));
#11108 = CARTESIAN_POINT('',(14.3,0.));
#11109 = ( GEOMETRIC_REPRESENTATION_CONTEXT(2) 
PARAMETRIC_REPRESENTATION_CONTEXT() REPRESENTATION_CONTEXT('2D SPACE',''
  ) );
#11110 = ORIENTED_EDGE('',*,*,#9006,.T.);
#11111 = ORIENTED_EDGE('',*,*,#8828,.F.);
#11112 = ADVANCED_FACE('',(#11113),#8921,.T.);
#11113 = FACE_BOUND('',#11114,.T.);
#11114 = EDGE_LOOP('',(#11115,#11116,#11117,#11118,#11119,#11120,#11143,
    #11162));
#11115 = ORIENTED_EDGE('',*,*,#10128,.F.);
#11116 = ORIENTED_EDGE('',*,*,#10177,.T.);
#11117 = ORIENTED_EDGE('',*,*,#10204,.T.);
#11118 = ORIENTED_EDGE('',*,*,#8906,.F.);
#11119 = ORIENTED_EDGE('',*,*,#10993,.F.);
#11120 = ORIENTED_EDGE('',*,*,#11121,.F.);
#11121 = EDGE_CURVE('',#11122,#10994,#11124,.T.);
#11122 = VERTEX_POINT('',#11123);
#11123 = CARTESIAN_POINT('',(6.1,-11.5,4.35));
#11124 = SURFACE_CURVE('',#11125,(#11129,#11136),.PCURVE_S1.);
#11125 = LINE('',#11126,#11127);
#11126 = CARTESIAN_POINT('',(6.,-11.5,4.35));
#11127 = VECTOR('',#11128,1.);
#11128 = DIRECTION('',(1.,0.,-0.));
#11129 = PCURVE('',#8921,#11130);
#11130 = DEFINITIONAL_REPRESENTATION('',(#11131),#11135);
#11131 = LINE('',#11132,#11133);
#11132 = CARTESIAN_POINT('',(0.,1.2));
#11133 = VECTOR('',#11134,1.);
#11134 = DIRECTION('',(1.,0.));
#11135 = ( GEOMETRIC_REPRESENTATION_CONTEXT(2) 
PARAMETRIC_REPRESENTATION_CONTEXT() REPRESENTATION_CONTEXT('2D SPACE',''
  ) );
#11136 = PCURVE('',#11029,#11137);
#11137 = DEFINITIONAL_REPRESENTATION('',(#11138),#11142);
#11138 = LINE('',#11139,#11140);
#11139 = CARTESIAN_POINT('',(2.7,0.));
#11140 = VECTOR('',#11141,1.);
#11141 = DIRECTION('',(0.,1.));
#11142 = ( GEOMETRIC_REPRESENTATION_CONTEXT(2) 
PARAMETRIC_REPRESENTATION_CONTEXT() REPRESENTATION_CONTEXT('2D SPACE',''
  ) );
#11143 = ORIENTED_EDGE('',*,*,#11144,.T.);
#11144 = EDGE_CURVE('',#11122,#10013,#11145,.T.);
#11145 = SURFACE_CURVE('',#11146,(#11150,#11156),.PCURVE_S1.);
#11146 = LINE('',#11147,#11148);
#11147 = CARTESIAN_POINT('',(6.1,-12.15,4.35));
#11148 = VECTOR('',#11149,1.);
#11149 = DIRECTION('',(0.,-1.,0.));
#11150 = PCURVE('',#8921,#11151);
#11151 = DEFINITIONAL_REPRESENTATION('',(#11152),#11155);
#11152 = B_SPLINE_CURVE_WITH_KNOTS('',1,(#11153,#11154),.UNSPECIFIED.,
  .F.,.F.,(2,2),(-0.65,-0.55),.PIECEWISE_BEZIER_KNOTS.);
#11153 = CARTESIAN_POINT('',(0.1,1.2));
#11154 = CARTESIAN_POINT('',(0.1,1.1));
#11155 = ( GEOMETRIC_REPRESENTATION_CONTEXT(2) 
PARAMETRIC_REPRESENTATION_CONTEXT() REPRESENTATION_CONTEXT('2D SPACE',''
  ) );
#11156 = PCURVE('',#9194,#11157);
#11157 = DEFINITIONAL_REPRESENTATION('',(#11158),#11161);
#11158 = B_SPLINE_CURVE_WITH_KNOTS('',1,(#11159,#11160),.UNSPECIFIED.,
  .F.,.F.,(2,2),(-0.65,-0.55),.PIECEWISE_BEZIER_KNOTS.);
#11159 = CARTESIAN_POINT('',(2.7,-0.1));
#11160 = CARTESIAN_POINT('',(2.7,0.));
#11161 = ( GEOMETRIC_REPRESENTATION_CONTEXT(2) 
PARAMETRIC_REPRESENTATION_CONTEXT() REPRESENTATION_CONTEXT('2D SPACE',''
  ) );
#11162 = ORIENTED_EDGE('',*,*,#10037,.F.);
#11163 = ADVANCED_FACE('',(#11164),#8995,.T.);
#11164 = FACE_BOUND('',#11165,.T.);
#11165 = EDGE_LOOP('',(#11166,#11167,#11168,#11189,#11210,#11211,#11212,
    #11213));
#11166 = ORIENTED_EDGE('',*,*,#9129,.F.);
#11167 = ORIENTED_EDGE('',*,*,#9206,.T.);
#11168 = ORIENTED_EDGE('',*,*,#11169,.T.);
#11169 = EDGE_CURVE('',#9177,#11170,#11172,.T.);
#11170 = VERTEX_POINT('',#11171);
#11171 = CARTESIAN_POINT('',(6.1,11.5,4.35));
#11172 = SURFACE_CURVE('',#11173,(#11177,#11183),.PCURVE_S1.);
#11173 = LINE('',#11174,#11175);
#11174 = CARTESIAN_POINT('',(6.1,-5.E-02,4.35));
#11175 = VECTOR('',#11176,1.);
#11176 = DIRECTION('',(0.,-1.,0.));
#11177 = PCURVE('',#8995,#11178);
#11178 = DEFINITIONAL_REPRESENTATION('',(#11179),#11182);
#11179 = B_SPLINE_CURVE_WITH_KNOTS('',1,(#11180,#11181),.UNSPECIFIED.,
  .F.,.F.,(2,2),(-11.65,-11.55),.PIECEWISE_BEZIER_KNOTS.);
#11180 = CARTESIAN_POINT('',(0.1,1.E-01));
#11181 = CARTESIAN_POINT('',(0.1,0.));
#11182 = ( GEOMETRIC_REPRESENTATION_CONTEXT(2) 
PARAMETRIC_REPRESENTATION_CONTEXT() REPRESENTATION_CONTEXT('2D SPACE',''
  ) );
#11183 = PCURVE('',#9194,#11184);
#11184 = DEFINITIONAL_REPRESENTATION('',(#11185),#11188);
#11185 = B_SPLINE_CURVE_WITH_KNOTS('',1,(#11186,#11187),.UNSPECIFIED.,
  .F.,.F.,(2,2),(-11.65,-11.55),.PIECEWISE_BEZIER_KNOTS.);
#11186 = CARTESIAN_POINT('',(2.7,-23.2));
#11187 = CARTESIAN_POINT('',(2.7,-23.1));
#11188 = ( GEOMETRIC_REPRESENTATION_CONTEXT(2) 
PARAMETRIC_REPRESENTATION_CONTEXT() REPRESENTATION_CONTEXT('2D SPACE',''
  ) );
#11189 = ORIENTED_EDGE('',*,*,#11190,.T.);
#11190 = EDGE_CURVE('',#11170,#11067,#11191,.T.);
#11191 = SURFACE_CURVE('',#11192,(#11196,#11203),.PCURVE_S1.);
#11192 = LINE('',#11193,#11194);
#11193 = CARTESIAN_POINT('',(6.,11.5,4.35));
#11194 = VECTOR('',#11195,1.);
#11195 = DIRECTION('',(1.,0.,-0.));
#11196 = PCURVE('',#8995,#11197);
#11197 = DEFINITIONAL_REPRESENTATION('',(#11198),#11202);
#11198 = LINE('',#11199,#11200);
#11199 = CARTESIAN_POINT('',(0.,0.));
#11200 = VECTOR('',#11201,1.);
#11201 = DIRECTION('',(1.,0.));
#11202 = ( GEOMETRIC_REPRESENTATION_CONTEXT(2) 
PARAMETRIC_REPRESENTATION_CONTEXT() REPRESENTATION_CONTEXT('2D SPACE',''
  ) );
#11203 = PCURVE('',#11081,#11204);
#11204 = DEFINITIONAL_REPRESENTATION('',(#11205),#11209);
#11205 = LINE('',#11206,#11207);
#11206 = CARTESIAN_POINT('',(2.7,0.));
#11207 = VECTOR('',#11208,1.);
#11208 = DIRECTION('',(0.,1.));
#11209 = ( GEOMETRIC_REPRESENTATION_CONTEXT(2) 
PARAMETRIC_REPRESENTATION_CONTEXT() REPRESENTATION_CONTEXT('2D SPACE',''
  ) );
#11210 = ORIENTED_EDGE('',*,*,#11092,.F.);
#11211 = ORIENTED_EDGE('',*,*,#8980,.T.);
#11212 = ORIENTED_EDGE('',*,*,#9031,.T.);
#11213 = ORIENTED_EDGE('',*,*,#9105,.F.);
#11214 = ADVANCED_FACE('',(#11215),#9194,.T.);
#11215 = FACE_BOUND('',#11216,.T.);
#11216 = EDGE_LOOP('',(#11217,#11218,#11219,#11240,#11261,#11280,#11281,
    #11282));
#11217 = ORIENTED_EDGE('',*,*,#10012,.F.);
#11218 = ORIENTED_EDGE('',*,*,#11144,.F.);
#11219 = ORIENTED_EDGE('',*,*,#11220,.F.);
#11220 = EDGE_CURVE('',#11221,#11122,#11223,.T.);
#11221 = VERTEX_POINT('',#11222);
#11222 = CARTESIAN_POINT('',(6.1,-11.5,1.8));
#11223 = SURFACE_CURVE('',#11224,(#11228,#11234),.PCURVE_S1.);
#11224 = LINE('',#11225,#11226);
#11225 = CARTESIAN_POINT('',(6.1,-11.5,1.65));
#11226 = VECTOR('',#11227,1.);
#11227 = DIRECTION('',(0.,0.,1.));
#11228 = PCURVE('',#9194,#11229);
#11229 = DEFINITIONAL_REPRESENTATION('',(#11230),#11233);
#11230 = B_SPLINE_CURVE_WITH_KNOTS('',1,(#11231,#11232),.UNSPECIFIED.,
  .F.,.F.,(2,2),(0.15,2.7),.PIECEWISE_BEZIER_KNOTS.);
#11231 = CARTESIAN_POINT('',(0.15,-1.E-01));
#11232 = CARTESIAN_POINT('',(2.7,-1.E-01));
#11233 = ( GEOMETRIC_REPRESENTATION_CONTEXT(2) 
PARAMETRIC_REPRESENTATION_CONTEXT() REPRESENTATION_CONTEXT('2D SPACE',''
  ) );
#11234 = PCURVE('',#11029,#11235);
#11235 = DEFINITIONAL_REPRESENTATION('',(#11236),#11239);
#11236 = B_SPLINE_CURVE_WITH_KNOTS('',1,(#11237,#11238),.UNSPECIFIED.,
  .F.,.F.,(2,2),(0.15,2.7),.PIECEWISE_BEZIER_KNOTS.);
#11237 = CARTESIAN_POINT('',(0.15,0.1));
#11238 = CARTESIAN_POINT('',(2.7,0.1));
#11239 = ( GEOMETRIC_REPRESENTATION_CONTEXT(2) 
PARAMETRIC_REPRESENTATION_CONTEXT() REPRESENTATION_CONTEXT('2D SPACE',''
  ) );
#11240 = ORIENTED_EDGE('',*,*,#11241,.T.);
#11241 = EDGE_CURVE('',#11221,#11242,#11244,.T.);
#11242 = VERTEX_POINT('',#11243);
#11243 = CARTESIAN_POINT('',(6.1,11.5,1.8));
#11244 = SURFACE_CURVE('',#11245,(#11249,#11255),.PCURVE_S1.);
#11245 = LINE('',#11246,#11247);
#11246 = CARTESIAN_POINT('',(6.1,-5.800000008192,1.8));
#11247 = VECTOR('',#11248,1.);
#11248 = DIRECTION('',(-0.,1.,0.));
#11249 = PCURVE('',#9194,#11250);
#11250 = DEFINITIONAL_REPRESENTATION('',(#11251),#11254);
#11251 = B_SPLINE_CURVE_WITH_KNOTS('',1,(#11252,#11253),.UNSPECIFIED.,
  .F.,.F.,(2,2),(-5.799999991808,17.400000008192),
  .PIECEWISE_BEZIER_KNOTS.);
#11252 = CARTESIAN_POINT('',(0.15,0.));
#11253 = CARTESIAN_POINT('',(0.15,-23.2));
#11254 = ( GEOMETRIC_REPRESENTATION_CONTEXT(2) 
PARAMETRIC_REPRESENTATION_CONTEXT() REPRESENTATION_CONTEXT('2D SPACE',''
  ) );
#11255 = PCURVE('',#11055,#11256);
#11256 = DEFINITIONAL_REPRESENTATION('',(#11257),#11260);
#11257 = B_SPLINE_CURVE_WITH_KNOTS('',1,(#11258,#11259),.UNSPECIFIED.,
  .F.,.F.,(2,2),(-5.799999991808,17.400000008192),
  .PIECEWISE_BEZIER_KNOTS.);
#11258 = CARTESIAN_POINT('',(6.100000001425,-11.59999998361));
#11259 = CARTESIAN_POINT('',(6.100000001425,11.600000016383));
#11260 = ( GEOMETRIC_REPRESENTATION_CONTEXT(2) 
PARAMETRIC_REPRESENTATION_CONTEXT() REPRESENTATION_CONTEXT('2D SPACE',''
  ) );
#11261 = ORIENTED_EDGE('',*,*,#11262,.T.);
#11262 = EDGE_CURVE('',#11242,#11170,#11263,.T.);
#11263 = SURFACE_CURVE('',#11264,(#11268,#11274),.PCURVE_S1.);
#11264 = LINE('',#11265,#11266);
#11265 = CARTESIAN_POINT('',(6.1,11.5,1.65));
#11266 = VECTOR('',#11267,1.);
#11267 = DIRECTION('',(0.,0.,1.));
#11268 = PCURVE('',#9194,#11269);
#11269 = DEFINITIONAL_REPRESENTATION('',(#11270),#11273);
#11270 = B_SPLINE_CURVE_WITH_KNOTS('',1,(#11271,#11272),.UNSPECIFIED.,
  .F.,.F.,(2,2),(0.15,2.7),.PIECEWISE_BEZIER_KNOTS.);
#11271 = CARTESIAN_POINT('',(0.15,-23.1));
#11272 = CARTESIAN_POINT('',(2.7,-23.1));
#11273 = ( GEOMETRIC_REPRESENTATION_CONTEXT(2) 
PARAMETRIC_REPRESENTATION_CONTEXT() REPRESENTATION_CONTEXT('2D SPACE',''
  ) );
#11274 = PCURVE('',#11081,#11275);
#11275 = DEFINITIONAL_REPRESENTATION('',(#11276),#11279);
#11276 = B_SPLINE_CURVE_WITH_KNOTS('',1,(#11277,#11278),.UNSPECIFIED.,
  .F.,.F.,(2,2),(0.15,2.7),.PIECEWISE_BEZIER_KNOTS.);
#11277 = CARTESIAN_POINT('',(0.15,0.1));
#11278 = CARTESIAN_POINT('',(2.7,0.1));
#11279 = ( GEOMETRIC_REPRESENTATION_CONTEXT(2) 
PARAMETRIC_REPRESENTATION_CONTEXT() REPRESENTATION_CONTEXT('2D SPACE',''
  ) );
#11280 = ORIENTED_EDGE('',*,*,#11169,.F.);
#11281 = ORIENTED_EDGE('',*,*,#9176,.T.);
#11282 = ORIENTED_EDGE('',*,*,#11283,.F.);
#11283 = EDGE_CURVE('',#10015,#9179,#11284,.T.);
#11284 = SURFACE_CURVE('',#11285,(#11289,#11296),.PCURVE_S1.);
#11285 = LINE('',#11286,#11287);
#11286 = CARTESIAN_POINT('',(6.1,-11.6,6.2));
#11287 = VECTOR('',#11288,1.);
#11288 = DIRECTION('',(-0.,1.,0.));
#11289 = PCURVE('',#9194,#11290);
#11290 = DEFINITIONAL_REPRESENTATION('',(#11291),#11295);
#11291 = LINE('',#11292,#11293);
#11292 = CARTESIAN_POINT('',(4.55,0.));
#11293 = VECTOR('',#11294,1.);
#11294 = DIRECTION('',(0.,-1.));
#11295 = ( GEOMETRIC_REPRESENTATION_CONTEXT(2) 
PARAMETRIC_REPRESENTATION_CONTEXT() REPRESENTATION_CONTEXT('2D SPACE',''
  ) );
#11296 = PCURVE('',#9264,#11297);
#11297 = DEFINITIONAL_REPRESENTATION('',(#11298),#11302);
#11298 = LINE('',#11299,#11300);
#11299 = CARTESIAN_POINT('',(1.2,0.));
#11300 = VECTOR('',#11301,1.);
#11301 = DIRECTION('',(0.,1.));
#11302 = ( GEOMETRIC_REPRESENTATION_CONTEXT(2) 
PARAMETRIC_REPRESENTATION_CONTEXT() REPRESENTATION_CONTEXT('2D SPACE',''
  ) );
#11303 = ADVANCED_FACE('',(#11304),#9264,.T.);
#11304 = FACE_BOUND('',#11305,.T.);
#11305 = EDGE_LOOP('',(#11306,#11307,#11308,#11309));
#11306 = ORIENTED_EDGE('',*,*,#9373,.F.);
#11307 = ORIENTED_EDGE('',*,*,#10079,.T.);
#11308 = ORIENTED_EDGE('',*,*,#11283,.T.);
#11309 = ORIENTED_EDGE('',*,*,#9250,.F.);
#11310 = ADVANCED_FACE('',(#11311),#9340,.F.);
#11311 = FACE_BOUND('',#11312,.F.);
#11312 = EDGE_LOOP('',(#11313,#11314,#11315,#11316));
#11313 = ORIENTED_EDGE('',*,*,#9324,.F.);
#11314 = ORIENTED_EDGE('',*,*,#9980,.F.);
#11315 = ORIENTED_EDGE('',*,*,#10970,.T.);
#11316 = ORIENTED_EDGE('',*,*,#9421,.F.);
#11317 = ADVANCED_FACE('',(#11318),#9513,.F.);
#11318 = FACE_BOUND('',#11319,.F.);
#11319 = EDGE_LOOP('',(#11320,#11321,#11322));
#11320 = ORIENTED_EDGE('',*,*,#9671,.F.);
#11321 = ORIENTED_EDGE('',*,*,#9620,.T.);
#11322 = ORIENTED_EDGE('',*,*,#9498,.F.);
#11323 = ADVANCED_FACE('',(#11324,#11327),#9585,.T.);
#11324 = FACE_BOUND('',#11325,.T.);
#11325 = EDGE_LOOP('',(#11326));
#11326 = ORIENTED_EDGE('',*,*,#9570,.T.);
#11327 = FACE_BOUND('',#11328,.T.);
#11328 = EDGE_LOOP('',(#11329));
#11329 = ORIENTED_EDGE('',*,*,#11330,.F.);
#11330 = EDGE_CURVE('',#11331,#11331,#11333,.T.);
#11331 = VERTEX_POINT('',#11332);
#11332 = CARTESIAN_POINT('',(-1.85,7.,3.2));
#11333 = SURFACE_CURVE('',#11334,(#11339,#11346),.PCURVE_S1.);
#11334 = CIRCLE('',#11335,0.65);
#11335 = AXIS2_PLACEMENT_3D('',#11336,#11337,#11338);
#11336 = CARTESIAN_POINT('',(-2.5,7.,3.2));
#11337 = DIRECTION('',(0.,0.,1.));
#11338 = DIRECTION('',(1.,0.,-0.));
#11339 = PCURVE('',#9585,#11340);
#11340 = DEFINITIONAL_REPRESENTATION('',(#11341),#11345);
#11341 = CIRCLE('',#11342,0.65);
#11342 = AXIS2_PLACEMENT_2D('',#11343,#11344);
#11343 = CARTESIAN_POINT('',(0.,0.));
#11344 = DIRECTION('',(1.,0.));
#11345 = ( GEOMETRIC_REPRESENTATION_CONTEXT(2) 
PARAMETRIC_REPRESENTATION_CONTEXT() REPRESENTATION_CONTEXT('2D SPACE',''
  ) );
#11346 = PCURVE('',#11347,#11352);
#11347 = CYLINDRICAL_SURFACE('',#11348,0.65);
#11348 = AXIS2_PLACEMENT_3D('',#11349,#11350,#11351);
#11349 = CARTESIAN_POINT('',(-2.5,7.,1.68));
#11350 = DIRECTION('',(0.,0.,1.));
#11351 = DIRECTION('',(1.,0.,-0.));
#11352 = DEFINITIONAL_REPRESENTATION('',(#11353),#11357);
#11353 = LINE('',#11354,#11355);
#11354 = CARTESIAN_POINT('',(0.,1.52));
#11355 = VECTOR('',#11356,1.);
#11356 = DIRECTION('',(1.,0.));
#11357 = ( GEOMETRIC_REPRESENTATION_CONTEXT(2) 
PARAMETRIC_REPRESENTATION_CONTEXT() REPRESENTATION_CONTEXT('2D SPACE',''
  ) );
#11358 = ADVANCED_FACE('',(#11359),#9769,.F.);
#11359 = FACE_BOUND('',#11360,.F.);
#11360 = EDGE_LOOP('',(#11361,#11362,#11363));
#11361 = ORIENTED_EDGE('',*,*,#9932,.T.);
#11362 = ORIENTED_EDGE('',*,*,#9882,.T.);
#11363 = ORIENTED_EDGE('',*,*,#9752,.F.);
#11364 = ADVANCED_FACE('',(#11365,#11368),#9847,.T.);
#11365 = FACE_BOUND('',#11366,.T.);
#11366 = EDGE_LOOP('',(#11367));
#11367 = ORIENTED_EDGE('',*,*,#9832,.T.);
#11368 = FACE_BOUND('',#11369,.T.);
#11369 = EDGE_LOOP('',(#11370));
#11370 = ORIENTED_EDGE('',*,*,#11371,.F.);
#11371 = EDGE_CURVE('',#11372,#11372,#11374,.T.);
#11372 = VERTEX_POINT('',#11373);
#11373 = CARTESIAN_POINT('',(-1.85,-7.,3.2));
#11374 = SURFACE_CURVE('',#11375,(#11380,#11387),.PCURVE_S1.);
#11375 = CIRCLE('',#11376,0.65);
#11376 = AXIS2_PLACEMENT_3D('',#11377,#11378,#11379);
#11377 = CARTESIAN_POINT('',(-2.5,-7.,3.2));
#11378 = DIRECTION('',(0.,0.,1.));
#11379 = DIRECTION('',(1.,0.,-0.));
#11380 = PCURVE('',#9847,#11381);
#11381 = DEFINITIONAL_REPRESENTATION('',(#11382),#11386);
#11382 = CIRCLE('',#11383,0.65);
#11383 = AXIS2_PLACEMENT_2D('',#11384,#11385);
#11384 = CARTESIAN_POINT('',(0.,0.));
#11385 = DIRECTION('',(1.,0.));
#11386 = ( GEOMETRIC_REPRESENTATION_CONTEXT(2) 
PARAMETRIC_REPRESENTATION_CONTEXT() REPRESENTATION_CONTEXT('2D SPACE',''
  ) );
#11387 = PCURVE('',#11388,#11393);
#11388 = CYLINDRICAL_SURFACE('',#11389,0.65);
#11389 = AXIS2_PLACEMENT_3D('',#11390,#11391,#11392);
#11390 = CARTESIAN_POINT('',(-2.5,-7.,1.68));
#11391 = DIRECTION('',(0.,0.,1.));
#11392 = DIRECTION('',(1.,0.,-0.));
#11393 = DEFINITIONAL_REPRESENTATION('',(#11394),#11398);
#11394 = LINE('',#11395,#11396);
#11395 = CARTESIAN_POINT('',(0.,1.52));
#11396 = VECTOR('',#11397,1.);
#11397 = DIRECTION('',(1.,0.));
#11398 = ( GEOMETRIC_REPRESENTATION_CONTEXT(2) 
PARAMETRIC_REPRESENTATION_CONTEXT() REPRESENTATION_CONTEXT('2D SPACE',''
  ) );
#11399 = ADVANCED_FACE('',(#11400,#11403),#10266,.T.);
#11400 = FACE_BOUND('',#11401,.T.);
#11401 = EDGE_LOOP('',(#11402));
#11402 = ORIENTED_EDGE('',*,*,#10251,.T.);
#11403 = FACE_BOUND('',#11404,.T.);
#11404 = EDGE_LOOP('',(#11405));
#11405 = ORIENTED_EDGE('',*,*,#11406,.F.);
#11406 = EDGE_CURVE('',#11407,#11407,#11409,.T.);
#11407 = VERTEX_POINT('',#11408);
#11408 = CARTESIAN_POINT('',(-14.1,-15.5,9.5));
#11409 = SURFACE_CURVE('',#11410,(#11415,#11422),.PCURVE_S1.);
#11410 = CIRCLE('',#11411,0.9);
#11411 = AXIS2_PLACEMENT_3D('',#11412,#11413,#11414);
#11412 = CARTESIAN_POINT('',(-15.,-15.5,9.5));
#11413 = DIRECTION('',(0.,0.,1.));
#11414 = DIRECTION('',(1.,0.,-0.));
#11415 = PCURVE('',#10266,#11416);
#11416 = DEFINITIONAL_REPRESENTATION('',(#11417),#11421);
#11417 = CIRCLE('',#11418,0.9);
#11418 = AXIS2_PLACEMENT_2D('',#11419,#11420);
#11419 = CARTESIAN_POINT('',(0.,0.));
#11420 = DIRECTION('',(1.,0.));
#11421 = ( GEOMETRIC_REPRESENTATION_CONTEXT(2) 
PARAMETRIC_REPRESENTATION_CONTEXT() REPRESENTATION_CONTEXT('2D SPACE',''
  ) );
#11422 = PCURVE('',#11423,#11428);
#11423 = CYLINDRICAL_SURFACE('',#11424,0.9);
#11424 = AXIS2_PLACEMENT_3D('',#11425,#11426,#11427);
#11425 = CARTESIAN_POINT('',(-15.,-15.5,1.8));
#11426 = DIRECTION('',(0.,0.,1.));
#11427 = DIRECTION('',(1.,0.,-0.));
#11428 = DEFINITIONAL_REPRESENTATION('',(#11429),#11433);
#11429 = LINE('',#11430,#11431);
#11430 = CARTESIAN_POINT('',(0.,7.7));
#11431 = VECTOR('',#11432,1.);
#11432 = DIRECTION('',(1.,0.));
#11433 = ( GEOMETRIC_REPRESENTATION_CONTEXT(2) 
PARAMETRIC_REPRESENTATION_CONTEXT() REPRESENTATION_CONTEXT('2D SPACE',''
  ) );
#11434 = ADVANCED_FACE('',(#11435,#11438),#10321,.T.);
#11435 = FACE_BOUND('',#11436,.T.);
#11436 = EDGE_LOOP('',(#11437));
#11437 = ORIENTED_EDGE('',*,*,#10306,.T.);
#11438 = FACE_BOUND('',#11439,.T.);
#11439 = EDGE_LOOP('',(#11440));
#11440 = ORIENTED_EDGE('',*,*,#11441,.F.);
#11441 = EDGE_CURVE('',#11442,#11442,#11444,.T.);
#11442 = VERTEX_POINT('',#11443);
#11443 = CARTESIAN_POINT('',(-17.85,-7.,3.2));
#11444 = SURFACE_CURVE('',#11445,(#11450,#11457),.PCURVE_S1.);
#11445 = CIRCLE('',#11446,0.65);
#11446 = AXIS2_PLACEMENT_3D('',#11447,#11448,#11449);
#11447 = CARTESIAN_POINT('',(-18.5,-7.,3.2));
#11448 = DIRECTION('',(0.,0.,1.));
#11449 = DIRECTION('',(1.,0.,-0.));
#11450 = PCURVE('',#10321,#11451);
#11451 = DEFINITIONAL_REPRESENTATION('',(#11452),#11456);
#11452 = CIRCLE('',#11453,0.65);
#11453 = AXIS2_PLACEMENT_2D('',#11454,#11455);
#11454 = CARTESIAN_POINT('',(0.,0.));
#11455 = DIRECTION('',(1.,0.));
#11456 = ( GEOMETRIC_REPRESENTATION_CONTEXT(2) 
PARAMETRIC_REPRESENTATION_CONTEXT() REPRESENTATION_CONTEXT('2D SPACE',''
  ) );
#11457 = PCURVE('',#11458,#11463);
#11458 = CYLINDRICAL_SURFACE('',#11459,0.65);
#11459 = AXIS2_PLACEMENT_3D('',#11460,#11461,#11462);
#11460 = CARTESIAN_POINT('',(-18.5,-7.,1.68));
#11461 = DIRECTION('',(0.,0.,1.));
#11462 = DIRECTION('',(1.,0.,-0.));
#11463 = DEFINITIONAL_REPRESENTATION('',(#11464),#11468);
#11464 = LINE('',#11465,#11466);
#11465 = CARTESIAN_POINT('',(0.,1.52));
#11466 = VECTOR('',#11467,1.);
#11467 = DIRECTION('',(1.,0.));
#11468 = ( GEOMETRIC_REPRESENTATION_CONTEXT(2) 
PARAMETRIC_REPRESENTATION_CONTEXT() REPRESENTATION_CONTEXT('2D SPACE',''
  ) );
#11469 = ADVANCED_FACE('',(#11470,#11473),#10376,.T.);
#11470 = FACE_BOUND('',#11471,.T.);
#11471 = EDGE_LOOP('',(#11472));
#11472 = ORIENTED_EDGE('',*,*,#10361,.T.);
#11473 = FACE_BOUND('',#11474,.T.);
#11474 = EDGE_LOOP('',(#11475));
#11475 = ORIENTED_EDGE('',*,*,#11476,.F.);
#11476 = EDGE_CURVE('',#11477,#11477,#11479,.T.);
#11477 = VERTEX_POINT('',#11478);
#11478 = CARTESIAN_POINT('',(15.9,-15.5,9.5));
#11479 = SURFACE_CURVE('',#11480,(#11485,#11492),.PCURVE_S1.);
#11480 = CIRCLE('',#11481,0.9);
#11481 = AXIS2_PLACEMENT_3D('',#11482,#11483,#11484);
#11482 = CARTESIAN_POINT('',(15.,-15.5,9.5));
#11483 = DIRECTION('',(0.,0.,1.));
#11484 = DIRECTION('',(1.,0.,-0.));
#11485 = PCURVE('',#10376,#11486);
#11486 = DEFINITIONAL_REPRESENTATION('',(#11487),#11491);
#11487 = CIRCLE('',#11488,0.9);
#11488 = AXIS2_PLACEMENT_2D('',#11489,#11490);
#11489 = CARTESIAN_POINT('',(0.,0.));
#11490 = DIRECTION('',(1.,0.));
#11491 = ( GEOMETRIC_REPRESENTATION_CONTEXT(2) 
PARAMETRIC_REPRESENTATION_CONTEXT() REPRESENTATION_CONTEXT('2D SPACE',''
  ) );
#11492 = PCURVE('',#11493,#11498);
#11493 = CYLINDRICAL_SURFACE('',#11494,0.9);
#11494 = AXIS2_PLACEMENT_3D('',#11495,#11496,#11497);
#11495 = CARTESIAN_POINT('',(15.,-15.5,1.8));
#11496 = DIRECTION('',(0.,0.,1.));
#11497 = DIRECTION('',(1.,0.,-0.));
#11498 = DEFINITIONAL_REPRESENTATION('',(#11499),#11503);
#11499 = LINE('',#11500,#11501);
#11500 = CARTESIAN_POINT('',(0.,7.7));
#11501 = VECTOR('',#11502,1.);
#11502 = DIRECTION('',(1.,0.));
#11503 = ( GEOMETRIC_REPRESENTATION_CONTEXT(2) 
PARAMETRIC_REPRESENTATION_CONTEXT() REPRESENTATION_CONTEXT('2D SPACE',''
  ) );
#11504 = ADVANCED_FACE('',(#11505,#11508),#10431,.T.);
#11505 = FACE_BOUND('',#11506,.T.);
#11506 = EDGE_LOOP('',(#11507));
#11507 = ORIENTED_EDGE('',*,*,#10416,.T.);
#11508 = FACE_BOUND('',#11509,.T.);
#11509 = EDGE_LOOP('',(#11510));
#11510 = ORIENTED_EDGE('',*,*,#11511,.F.);
#11511 = EDGE_CURVE('',#11512,#11512,#11514,.T.);
#11512 = VERTEX_POINT('',#11513);
#11513 = CARTESIAN_POINT('',(-17.85,7.,3.2));
#11514 = SURFACE_CURVE('',#11515,(#11520,#11527),.PCURVE_S1.);
#11515 = CIRCLE('',#11516,0.65);
#11516 = AXIS2_PLACEMENT_3D('',#11517,#11518,#11519);
#11517 = CARTESIAN_POINT('',(-18.5,7.,3.2));
#11518 = DIRECTION('',(0.,0.,1.));
#11519 = DIRECTION('',(1.,0.,-0.));
#11520 = PCURVE('',#10431,#11521);
#11521 = DEFINITIONAL_REPRESENTATION('',(#11522),#11526);
#11522 = CIRCLE('',#11523,0.65);
#11523 = AXIS2_PLACEMENT_2D('',#11524,#11525);
#11524 = CARTESIAN_POINT('',(0.,0.));
#11525 = DIRECTION('',(1.,0.));
#11526 = ( GEOMETRIC_REPRESENTATION_CONTEXT(2) 
PARAMETRIC_REPRESENTATION_CONTEXT() REPRESENTATION_CONTEXT('2D SPACE',''
  ) );
#11527 = PCURVE('',#11528,#11533);
#11528 = CYLINDRICAL_SURFACE('',#11529,0.65);
#11529 = AXIS2_PLACEMENT_3D('',#11530,#11531,#11532);
#11530 = CARTESIAN_POINT('',(-18.5,7.,1.68));
#11531 = DIRECTION('',(0.,0.,1.));
#11532 = DIRECTION('',(1.,0.,-0.));
#11533 = DEFINITIONAL_REPRESENTATION('',(#11534),#11538);
#11534 = LINE('',#11535,#11536);
#11535 = CARTESIAN_POINT('',(0.,1.52));
#11536 = VECTOR('',#11537,1.);
#11537 = DIRECTION('',(1.,0.));
#11538 = ( GEOMETRIC_REPRESENTATION_CONTEXT(2) 
PARAMETRIC_REPRESENTATION_CONTEXT() REPRESENTATION_CONTEXT('2D SPACE',''
  ) );
#11539 = ADVANCED_FACE('',(#11540,#11543),#10486,.T.);
#11540 = FACE_BOUND('',#11541,.T.);
#11541 = EDGE_LOOP('',(#11542));
#11542 = ORIENTED_EDGE('',*,*,#10471,.T.);
#11543 = FACE_BOUND('',#11544,.T.);
#11544 = EDGE_LOOP('',(#11545));
#11545 = ORIENTED_EDGE('',*,*,#11546,.F.);
#11546 = EDGE_CURVE('',#11547,#11547,#11549,.T.);
#11547 = VERTEX_POINT('',#11548);
#11548 = CARTESIAN_POINT('',(-14.1,15.5,9.5));
#11549 = SURFACE_CURVE('',#11550,(#11555,#11562),.PCURVE_S1.);
#11550 = CIRCLE('',#11551,0.9);
#11551 = AXIS2_PLACEMENT_3D('',#11552,#11553,#11554);
#11552 = CARTESIAN_POINT('',(-15.,15.5,9.5));
#11553 = DIRECTION('',(0.,0.,1.));
#11554 = DIRECTION('',(1.,0.,-0.));
#11555 = PCURVE('',#10486,#11556);
#11556 = DEFINITIONAL_REPRESENTATION('',(#11557),#11561);
#11557 = CIRCLE('',#11558,0.9);
#11558 = AXIS2_PLACEMENT_2D('',#11559,#11560);
#11559 = CARTESIAN_POINT('',(0.,0.));
#11560 = DIRECTION('',(1.,0.));
#11561 = ( GEOMETRIC_REPRESENTATION_CONTEXT(2) 
PARAMETRIC_REPRESENTATION_CONTEXT() REPRESENTATION_CONTEXT('2D SPACE',''
  ) );
#11562 = PCURVE('',#11563,#11568);
#11563 = CYLINDRICAL_SURFACE('',#11564,0.9);
#11564 = AXIS2_PLACEMENT_3D('',#11565,#11566,#11567);
#11565 = CARTESIAN_POINT('',(-15.,15.5,1.8));
#11566 = DIRECTION('',(0.,0.,1.));
#11567 = DIRECTION('',(1.,0.,-0.));
#11568 = DEFINITIONAL_REPRESENTATION('',(#11569),#11573);
#11569 = LINE('',#11570,#11571);
#11570 = CARTESIAN_POINT('',(0.,7.7));
#11571 = VECTOR('',#11572,1.);
#11572 = DIRECTION('',(1.,0.));
#11573 = ( GEOMETRIC_REPRESENTATION_CONTEXT(2) 
PARAMETRIC_REPRESENTATION_CONTEXT() REPRESENTATION_CONTEXT('2D SPACE',''
  ) );
#11574 = ADVANCED_FACE('',(#11575,#11578),#10541,.T.);
#11575 = FACE_BOUND('',#11576,.T.);
#11576 = EDGE_LOOP('',(#11577));
#11577 = ORIENTED_EDGE('',*,*,#10526,.T.);
#11578 = FACE_BOUND('',#11579,.T.);
#11579 = EDGE_LOOP('',(#11580));
#11580 = ORIENTED_EDGE('',*,*,#11581,.F.);
#11581 = EDGE_CURVE('',#11582,#11582,#11584,.T.);
#11582 = VERTEX_POINT('',#11583);
#11583 = CARTESIAN_POINT('',(15.9,15.5,9.5));
#11584 = SURFACE_CURVE('',#11585,(#11590,#11597),.PCURVE_S1.);
#11585 = CIRCLE('',#11586,0.9);
#11586 = AXIS2_PLACEMENT_3D('',#11587,#11588,#11589);
#11587 = CARTESIAN_POINT('',(15.,15.5,9.5));
#11588 = DIRECTION('',(0.,0.,1.));
#11589 = DIRECTION('',(1.,0.,-0.));
#11590 = PCURVE('',#10541,#11591);
#11591 = DEFINITIONAL_REPRESENTATION('',(#11592),#11596);
#11592 = CIRCLE('',#11593,0.9);
#11593 = AXIS2_PLACEMENT_2D('',#11594,#11595);
#11594 = CARTESIAN_POINT('',(0.,0.));
#11595 = DIRECTION('',(1.,0.));
#11596 = ( GEOMETRIC_REPRESENTATION_CONTEXT(2) 
PARAMETRIC_REPRESENTATION_CONTEXT() REPRESENTATION_CONTEXT('2D SPACE',''
  ) );
#11597 = PCURVE('',#11598,#11603);
#11598 = CYLINDRICAL_SURFACE('',#11599,0.9);
#11599 = AXIS2_PLACEMENT_3D('',#11600,#11601,#11602);
#11600 = CARTESIAN_POINT('',(15.,15.5,1.8));
#11601 = DIRECTION('',(0.,0.,1.));
#11602 = DIRECTION('',(1.,0.,-0.));
#11603 = DEFINITIONAL_REPRESENTATION('',(#11604),#11608);
#11604 = LINE('',#11605,#11606);
#11605 = CARTESIAN_POINT('',(0.,7.7));
#11606 = VECTOR('',#11607,1.);
#11607 = DIRECTION('',(1.,0.));
#11608 = ( GEOMETRIC_REPRESENTATION_CONTEXT(2) 
PARAMETRIC_REPRESENTATION_CONTEXT() REPRESENTATION_CONTEXT('2D SPACE',''
  ) );
#11609 = ADVANCED_FACE('',(#11610),#10575,.T.);
#11610 = FACE_BOUND('',#11611,.T.);
#11611 = EDGE_LOOP('',(#11612,#11613,#11614,#11615,#11616,#11617,#11618,
    #11619));
#11612 = ORIENTED_EDGE('',*,*,#10558,.F.);
#11613 = ORIENTED_EDGE('',*,*,#10936,.F.);
#11614 = ORIENTED_EDGE('',*,*,#10888,.T.);
#11615 = ORIENTED_EDGE('',*,*,#10835,.F.);
#11616 = ORIENTED_EDGE('',*,*,#10787,.T.);
#11617 = ORIENTED_EDGE('',*,*,#10734,.F.);
#11618 = ORIENTED_EDGE('',*,*,#10686,.F.);
#11619 = ORIENTED_EDGE('',*,*,#10633,.F.);
#11620 = ADVANCED_FACE('',(#11621),#11081,.F.);
#11621 = FACE_BOUND('',#11622,.F.);
#11622 = EDGE_LOOP('',(#11623,#11624,#11625,#11644));
#11623 = ORIENTED_EDGE('',*,*,#11190,.T.);
#11624 = ORIENTED_EDGE('',*,*,#11066,.F.);
#11625 = ORIENTED_EDGE('',*,*,#11626,.T.);
#11626 = EDGE_CURVE('',#11041,#11242,#11627,.T.);
#11627 = SURFACE_CURVE('',#11628,(#11632,#11638),.PCURVE_S1.);
#11628 = LINE('',#11629,#11630);
#11629 = CARTESIAN_POINT('',(2.999999999287,11.5,1.8));
#11630 = VECTOR('',#11631,1.);
#11631 = DIRECTION('',(-1.,-0.,0.));
#11632 = PCURVE('',#11081,#11633);
#11633 = DEFINITIONAL_REPRESENTATION('',(#11634),#11637);
#11634 = B_SPLINE_CURVE_WITH_KNOTS('',1,(#11635,#11636),.UNSPECIFIED.,
  .F.,.F.,(2,2),(-17.40000000071,-3.000000000713),
  .PIECEWISE_BEZIER_KNOTS.);
#11635 = CARTESIAN_POINT('',(0.15,14.4));
#11636 = CARTESIAN_POINT('',(0.15,0.));
#11637 = ( GEOMETRIC_REPRESENTATION_CONTEXT(2) 
PARAMETRIC_REPRESENTATION_CONTEXT() REPRESENTATION_CONTEXT('2D SPACE',''
  ) );
#11638 = PCURVE('',#11055,#11639);
#11639 = DEFINITIONAL_REPRESENTATION('',(#11640),#11643);
#11640 = B_SPLINE_CURVE_WITH_KNOTS('',1,(#11641,#11642),.UNSPECIFIED.,
  .F.,.F.,(2,2),(-17.40000000071,-3.000000000713),
  .PIECEWISE_BEZIER_KNOTS.);
#11641 = CARTESIAN_POINT('',(20.400000001425,11.500000016383));
#11642 = CARTESIAN_POINT('',(6.000000001425,11.500000016383));
#11643 = ( GEOMETRIC_REPRESENTATION_CONTEXT(2) 
PARAMETRIC_REPRESENTATION_CONTEXT() REPRESENTATION_CONTEXT('2D SPACE',''
  ) );
#11644 = ORIENTED_EDGE('',*,*,#11262,.T.);
#11645 = ADVANCED_FACE('',(#11646),#11055,.T.);
#11646 = FACE_BOUND('',#11647,.T.);
#11647 = EDGE_LOOP('',(#11648,#11649,#11650,#11651));
#11648 = ORIENTED_EDGE('',*,*,#11040,.T.);
#11649 = ORIENTED_EDGE('',*,*,#11626,.T.);
#11650 = ORIENTED_EDGE('',*,*,#11241,.F.);
#11651 = ORIENTED_EDGE('',*,*,#11652,.F.);
#11652 = EDGE_CURVE('',#11015,#11221,#11653,.T.);
#11653 = SURFACE_CURVE('',#11654,(#11658,#11664),.PCURVE_S1.);
#11654 = LINE('',#11655,#11656);
#11655 = CARTESIAN_POINT('',(2.999999999287,-11.5,1.8));
#11656 = VECTOR('',#11657,1.);
#11657 = DIRECTION('',(-1.,-0.,0.));
#11658 = PCURVE('',#11055,#11659);
#11659 = DEFINITIONAL_REPRESENTATION('',(#11660),#11663);
#11660 = B_SPLINE_CURVE_WITH_KNOTS('',1,(#11661,#11662),.UNSPECIFIED.,
  .F.,.F.,(2,2),(-17.40000000071,-3.000000000713),
  .PIECEWISE_BEZIER_KNOTS.);
#11661 = CARTESIAN_POINT('',(20.400000001425,-11.49999998361));
#11662 = CARTESIAN_POINT('',(6.000000001425,-11.49999998361));
#11663 = ( GEOMETRIC_REPRESENTATION_CONTEXT(2) 
PARAMETRIC_REPRESENTATION_CONTEXT() REPRESENTATION_CONTEXT('2D SPACE',''
  ) );
#11664 = PCURVE('',#11029,#11665);
#11665 = DEFINITIONAL_REPRESENTATION('',(#11666),#11669);
#11666 = B_SPLINE_CURVE_WITH_KNOTS('',1,(#11667,#11668),.UNSPECIFIED.,
  .F.,.F.,(2,2),(-17.40000000071,-3.000000000713),
  .PIECEWISE_BEZIER_KNOTS.);
#11667 = CARTESIAN_POINT('',(0.15,14.4));
#11668 = CARTESIAN_POINT('',(0.15,0.));
#11669 = ( GEOMETRIC_REPRESENTATION_CONTEXT(2) 
PARAMETRIC_REPRESENTATION_CONTEXT() REPRESENTATION_CONTEXT('2D SPACE',''
  ) );
#11670 = ADVANCED_FACE('',(#11671),#11029,.T.);
#11671 = FACE_BOUND('',#11672,.T.);
#11672 = EDGE_LOOP('',(#11673,#11674,#11675,#11676));
#11673 = ORIENTED_EDGE('',*,*,#11121,.T.);
#11674 = ORIENTED_EDGE('',*,*,#11014,.F.);
#11675 = ORIENTED_EDGE('',*,*,#11652,.T.);
#11676 = ORIENTED_EDGE('',*,*,#11220,.T.);
#11677 = ADVANCED_FACE('',(#11678),#11347,.F.);
#11678 = FACE_BOUND('',#11679,.F.);
#11679 = EDGE_LOOP('',(#11680,#11681,#11704,#11731));
#11680 = ORIENTED_EDGE('',*,*,#11330,.F.);
#11681 = ORIENTED_EDGE('',*,*,#11682,.F.);
#11682 = EDGE_CURVE('',#11683,#11331,#11685,.T.);
#11683 = VERTEX_POINT('',#11684);
#11684 = CARTESIAN_POINT('',(-1.85,7.,1.68));
#11685 = SEAM_CURVE('',#11686,(#11690,#11697),.PCURVE_S1.);
#11686 = LINE('',#11687,#11688);
#11687 = CARTESIAN_POINT('',(-1.85,7.,1.68));
#11688 = VECTOR('',#11689,1.);
#11689 = DIRECTION('',(0.,0.,1.));
#11690 = PCURVE('',#11347,#11691);
#11691 = DEFINITIONAL_REPRESENTATION('',(#11692),#11696);
#11692 = LINE('',#11693,#11694);
#11693 = CARTESIAN_POINT('',(6.28318530718,-0.));
#11694 = VECTOR('',#11695,1.);
#11695 = DIRECTION('',(0.,1.));
#11696 = ( GEOMETRIC_REPRESENTATION_CONTEXT(2) 
PARAMETRIC_REPRESENTATION_CONTEXT() REPRESENTATION_CONTEXT('2D SPACE',''
  ) );
#11697 = PCURVE('',#11347,#11698);
#11698 = DEFINITIONAL_REPRESENTATION('',(#11699),#11703);
#11699 = LINE('',#11700,#11701);
#11700 = CARTESIAN_POINT('',(0.,-0.));
#11701 = VECTOR('',#11702,1.);
#11702 = DIRECTION('',(0.,1.));
#11703 = ( GEOMETRIC_REPRESENTATION_CONTEXT(2) 
PARAMETRIC_REPRESENTATION_CONTEXT() REPRESENTATION_CONTEXT('2D SPACE',''
  ) );
#11704 = ORIENTED_EDGE('',*,*,#11705,.T.);
#11705 = EDGE_CURVE('',#11683,#11683,#11706,.T.);
#11706 = SURFACE_CURVE('',#11707,(#11712,#11719),.PCURVE_S1.);
#11707 = CIRCLE('',#11708,0.65);
#11708 = AXIS2_PLACEMENT_3D('',#11709,#11710,#11711);
#11709 = CARTESIAN_POINT('',(-2.5,7.,1.68));
#11710 = DIRECTION('',(0.,0.,1.));
#11711 = DIRECTION('',(1.,0.,-0.));
#11712 = PCURVE('',#11347,#11713);
#11713 = DEFINITIONAL_REPRESENTATION('',(#11714),#11718);
#11714 = LINE('',#11715,#11716);
#11715 = CARTESIAN_POINT('',(0.,0.));
#11716 = VECTOR('',#11717,1.);
#11717 = DIRECTION('',(1.,0.));
#11718 = ( GEOMETRIC_REPRESENTATION_CONTEXT(2) 
PARAMETRIC_REPRESENTATION_CONTEXT() REPRESENTATION_CONTEXT('2D SPACE',''
  ) );
#11719 = PCURVE('',#11720,#11725);
#11720 = PLANE('',#11721);
#11721 = AXIS2_PLACEMENT_3D('',#11722,#11723,#11724);
#11722 = CARTESIAN_POINT('',(-2.5,7.,1.68));
#11723 = DIRECTION('',(0.,0.,1.));
#11724 = DIRECTION('',(1.,0.,-0.));
#11725 = DEFINITIONAL_REPRESENTATION('',(#11726),#11730);
#11726 = CIRCLE('',#11727,0.65);
#11727 = AXIS2_PLACEMENT_2D('',#11728,#11729);
#11728 = CARTESIAN_POINT('',(0.,0.));
#11729 = DIRECTION('',(1.,0.));
#11730 = ( GEOMETRIC_REPRESENTATION_CONTEXT(2) 
PARAMETRIC_REPRESENTATION_CONTEXT() REPRESENTATION_CONTEXT('2D SPACE',''
  ) );
#11731 = ORIENTED_EDGE('',*,*,#11682,.T.);
#11732 = ADVANCED_FACE('',(#11733),#11388,.F.);
#11733 = FACE_BOUND('',#11734,.F.);
#11734 = EDGE_LOOP('',(#11735,#11736,#11759,#11786));
#11735 = ORIENTED_EDGE('',*,*,#11371,.F.);
#11736 = ORIENTED_EDGE('',*,*,#11737,.F.);
#11737 = EDGE_CURVE('',#11738,#11372,#11740,.T.);
#11738 = VERTEX_POINT('',#11739);
#11739 = CARTESIAN_POINT('',(-1.85,-7.,1.68));
#11740 = SEAM_CURVE('',#11741,(#11745,#11752),.PCURVE_S1.);
#11741 = LINE('',#11742,#11743);
#11742 = CARTESIAN_POINT('',(-1.85,-7.,1.68));
#11743 = VECTOR('',#11744,1.);
#11744 = DIRECTION('',(0.,0.,1.));
#11745 = PCURVE('',#11388,#11746);
#11746 = DEFINITIONAL_REPRESENTATION('',(#11747),#11751);
#11747 = LINE('',#11748,#11749);
#11748 = CARTESIAN_POINT('',(6.28318530718,-0.));
#11749 = VECTOR('',#11750,1.);
#11750 = DIRECTION('',(0.,1.));
#11751 = ( GEOMETRIC_REPRESENTATION_CONTEXT(2) 
PARAMETRIC_REPRESENTATION_CONTEXT() REPRESENTATION_CONTEXT('2D SPACE',''
  ) );
#11752 = PCURVE('',#11388,#11753);
#11753 = DEFINITIONAL_REPRESENTATION('',(#11754),#11758);
#11754 = LINE('',#11755,#11756);
#11755 = CARTESIAN_POINT('',(0.,-0.));
#11756 = VECTOR('',#11757,1.);
#11757 = DIRECTION('',(0.,1.));
#11758 = ( GEOMETRIC_REPRESENTATION_CONTEXT(2) 
PARAMETRIC_REPRESENTATION_CONTEXT() REPRESENTATION_CONTEXT('2D SPACE',''
  ) );
#11759 = ORIENTED_EDGE('',*,*,#11760,.T.);
#11760 = EDGE_CURVE('',#11738,#11738,#11761,.T.);
#11761 = SURFACE_CURVE('',#11762,(#11767,#11774),.PCURVE_S1.);
#11762 = CIRCLE('',#11763,0.65);
#11763 = AXIS2_PLACEMENT_3D('',#11764,#11765,#11766);
#11764 = CARTESIAN_POINT('',(-2.5,-7.,1.68));
#11765 = DIRECTION('',(0.,0.,1.));
#11766 = DIRECTION('',(1.,0.,-0.));
#11767 = PCURVE('',#11388,#11768);
#11768 = DEFINITIONAL_REPRESENTATION('',(#11769),#11773);
#11769 = LINE('',#11770,#11771);
#11770 = CARTESIAN_POINT('',(0.,0.));
#11771 = VECTOR('',#11772,1.);
#11772 = DIRECTION('',(1.,0.));
#11773 = ( GEOMETRIC_REPRESENTATION_CONTEXT(2) 
PARAMETRIC_REPRESENTATION_CONTEXT() REPRESENTATION_CONTEXT('2D SPACE',''
  ) );
#11774 = PCURVE('',#11775,#11780);
#11775 = PLANE('',#11776);
#11776 = AXIS2_PLACEMENT_3D('',#11777,#11778,#11779);
#11777 = CARTESIAN_POINT('',(-2.5,-7.,1.68));
#11778 = DIRECTION('',(0.,0.,1.));
#11779 = DIRECTION('',(1.,0.,-0.));
#11780 = DEFINITIONAL_REPRESENTATION('',(#11781),#11785);
#11781 = CIRCLE('',#11782,0.65);
#11782 = AXIS2_PLACEMENT_2D('',#11783,#11784);
#11783 = CARTESIAN_POINT('',(0.,0.));
#11784 = DIRECTION('',(1.,0.));
#11785 = ( GEOMETRIC_REPRESENTATION_CONTEXT(2) 
PARAMETRIC_REPRESENTATION_CONTEXT() REPRESENTATION_CONTEXT('2D SPACE',''
  ) );
#11786 = ORIENTED_EDGE('',*,*,#11737,.T.);
#11787 = ADVANCED_FACE('',(#11788),#11423,.F.);
#11788 = FACE_BOUND('',#11789,.F.);
#11789 = EDGE_LOOP('',(#11790,#11791,#11814,#11841));
#11790 = ORIENTED_EDGE('',*,*,#11406,.F.);
#11791 = ORIENTED_EDGE('',*,*,#11792,.F.);
#11792 = EDGE_CURVE('',#11793,#11407,#11795,.T.);
#11793 = VERTEX_POINT('',#11794);
#11794 = CARTESIAN_POINT('',(-14.1,-15.5,1.8));
#11795 = SEAM_CURVE('',#11796,(#11800,#11807),.PCURVE_S1.);
#11796 = LINE('',#11797,#11798);
#11797 = CARTESIAN_POINT('',(-14.1,-15.5,1.8));
#11798 = VECTOR('',#11799,1.);
#11799 = DIRECTION('',(0.,0.,1.));
#11800 = PCURVE('',#11423,#11801);
#11801 = DEFINITIONAL_REPRESENTATION('',(#11802),#11806);
#11802 = LINE('',#11803,#11804);
#11803 = CARTESIAN_POINT('',(6.28318530718,-0.));
#11804 = VECTOR('',#11805,1.);
#11805 = DIRECTION('',(0.,1.));
#11806 = ( GEOMETRIC_REPRESENTATION_CONTEXT(2) 
PARAMETRIC_REPRESENTATION_CONTEXT() REPRESENTATION_CONTEXT('2D SPACE',''
  ) );
#11807 = PCURVE('',#11423,#11808);
#11808 = DEFINITIONAL_REPRESENTATION('',(#11809),#11813);
#11809 = LINE('',#11810,#11811);
#11810 = CARTESIAN_POINT('',(0.,-0.));
#11811 = VECTOR('',#11812,1.);
#11812 = DIRECTION('',(0.,1.));
#11813 = ( GEOMETRIC_REPRESENTATION_CONTEXT(2) 
PARAMETRIC_REPRESENTATION_CONTEXT() REPRESENTATION_CONTEXT('2D SPACE',''
  ) );
#11814 = ORIENTED_EDGE('',*,*,#11815,.T.);
#11815 = EDGE_CURVE('',#11793,#11793,#11816,.T.);
#11816 = SURFACE_CURVE('',#11817,(#11822,#11829),.PCURVE_S1.);
#11817 = CIRCLE('',#11818,0.9);
#11818 = AXIS2_PLACEMENT_3D('',#11819,#11820,#11821);
#11819 = CARTESIAN_POINT('',(-15.,-15.5,1.8));
#11820 = DIRECTION('',(0.,0.,1.));
#11821 = DIRECTION('',(1.,0.,-0.));
#11822 = PCURVE('',#11423,#11823);
#11823 = DEFINITIONAL_REPRESENTATION('',(#11824),#11828);
#11824 = LINE('',#11825,#11826);
#11825 = CARTESIAN_POINT('',(0.,0.));
#11826 = VECTOR('',#11827,1.);
#11827 = DIRECTION('',(1.,0.));
#11828 = ( GEOMETRIC_REPRESENTATION_CONTEXT(2) 
PARAMETRIC_REPRESENTATION_CONTEXT() REPRESENTATION_CONTEXT('2D SPACE',''
  ) );
#11829 = PCURVE('',#11830,#11835);
#11830 = PLANE('',#11831);
#11831 = AXIS2_PLACEMENT_3D('',#11832,#11833,#11834);
#11832 = CARTESIAN_POINT('',(-15.,-15.5,1.8));
#11833 = DIRECTION('',(0.,0.,1.));
#11834 = DIRECTION('',(1.,0.,-0.));
#11835 = DEFINITIONAL_REPRESENTATION('',(#11836),#11840);
#11836 = CIRCLE('',#11837,0.9);
#11837 = AXIS2_PLACEMENT_2D('',#11838,#11839);
#11838 = CARTESIAN_POINT('',(0.,0.));
#11839 = DIRECTION('',(1.,0.));
#11840 = ( GEOMETRIC_REPRESENTATION_CONTEXT(2) 
PARAMETRIC_REPRESENTATION_CONTEXT() REPRESENTATION_CONTEXT('2D SPACE',''
  ) );
#11841 = ORIENTED_EDGE('',*,*,#11792,.T.);
#11842 = ADVANCED_FACE('',(#11843),#11458,.F.);
#11843 = FACE_BOUND('',#11844,.F.);
#11844 = EDGE_LOOP('',(#11845,#11846,#11869,#11896));
#11845 = ORIENTED_EDGE('',*,*,#11441,.F.);
#11846 = ORIENTED_EDGE('',*,*,#11847,.F.);
#11847 = EDGE_CURVE('',#11848,#11442,#11850,.T.);
#11848 = VERTEX_POINT('',#11849);
#11849 = CARTESIAN_POINT('',(-17.85,-7.,1.68));
#11850 = SEAM_CURVE('',#11851,(#11855,#11862),.PCURVE_S1.);
#11851 = LINE('',#11852,#11853);
#11852 = CARTESIAN_POINT('',(-17.85,-7.,1.68));
#11853 = VECTOR('',#11854,1.);
#11854 = DIRECTION('',(0.,0.,1.));
#11855 = PCURVE('',#11458,#11856);
#11856 = DEFINITIONAL_REPRESENTATION('',(#11857),#11861);
#11857 = LINE('',#11858,#11859);
#11858 = CARTESIAN_POINT('',(6.28318530718,-0.));
#11859 = VECTOR('',#11860,1.);
#11860 = DIRECTION('',(0.,1.));
#11861 = ( GEOMETRIC_REPRESENTATION_CONTEXT(2) 
PARAMETRIC_REPRESENTATION_CONTEXT() REPRESENTATION_CONTEXT('2D SPACE',''
  ) );
#11862 = PCURVE('',#11458,#11863);
#11863 = DEFINITIONAL_REPRESENTATION('',(#11864),#11868);
#11864 = LINE('',#11865,#11866);
#11865 = CARTESIAN_POINT('',(0.,-0.));
#11866 = VECTOR('',#11867,1.);
#11867 = DIRECTION('',(0.,1.));
#11868 = ( GEOMETRIC_REPRESENTATION_CONTEXT(2) 
PARAMETRIC_REPRESENTATION_CONTEXT() REPRESENTATION_CONTEXT('2D SPACE',''
  ) );
#11869 = ORIENTED_EDGE('',*,*,#11870,.T.);
#11870 = EDGE_CURVE('',#11848,#11848,#11871,.T.);
#11871 = SURFACE_CURVE('',#11872,(#11877,#11884),.PCURVE_S1.);
#11872 = CIRCLE('',#11873,0.65);
#11873 = AXIS2_PLACEMENT_3D('',#11874,#11875,#11876);
#11874 = CARTESIAN_POINT('',(-18.5,-7.,1.68));
#11875 = DIRECTION('',(0.,0.,1.));
#11876 = DIRECTION('',(1.,0.,-0.));
#11877 = PCURVE('',#11458,#11878);
#11878 = DEFINITIONAL_REPRESENTATION('',(#11879),#11883);
#11879 = LINE('',#11880,#11881);
#11880 = CARTESIAN_POINT('',(0.,0.));
#11881 = VECTOR('',#11882,1.);
#11882 = DIRECTION('',(1.,0.));
#11883 = ( GEOMETRIC_REPRESENTATION_CONTEXT(2) 
PARAMETRIC_REPRESENTATION_CONTEXT() REPRESENTATION_CONTEXT('2D SPACE',''
  ) );
#11884 = PCURVE('',#11885,#11890);
#11885 = PLANE('',#11886);
#11886 = AXIS2_PLACEMENT_3D('',#11887,#11888,#11889);
#11887 = CARTESIAN_POINT('',(-18.5,-7.,1.68));
#11888 = DIRECTION('',(0.,0.,1.));
#11889 = DIRECTION('',(1.,0.,-0.));
#11890 = DEFINITIONAL_REPRESENTATION('',(#11891),#11895);
#11891 = CIRCLE('',#11892,0.65);
#11892 = AXIS2_PLACEMENT_2D('',#11893,#11894);
#11893 = CARTESIAN_POINT('',(0.,0.));
#11894 = DIRECTION('',(1.,0.));
#11895 = ( GEOMETRIC_REPRESENTATION_CONTEXT(2) 
PARAMETRIC_REPRESENTATION_CONTEXT() REPRESENTATION_CONTEXT('2D SPACE',''
  ) );
#11896 = ORIENTED_EDGE('',*,*,#11847,.T.);
#11897 = ADVANCED_FACE('',(#11898),#11493,.F.);
#11898 = FACE_BOUND('',#11899,.F.);
#11899 = EDGE_LOOP('',(#11900,#11901,#11924,#11951));
#11900 = ORIENTED_EDGE('',*,*,#11476,.F.);
#11901 = ORIENTED_EDGE('',*,*,#11902,.F.);
#11902 = EDGE_CURVE('',#11903,#11477,#11905,.T.);
#11903 = VERTEX_POINT('',#11904);
#11904 = CARTESIAN_POINT('',(15.9,-15.5,1.8));
#11905 = SEAM_CURVE('',#11906,(#11910,#11917),.PCURVE_S1.);
#11906 = LINE('',#11907,#11908);
#11907 = CARTESIAN_POINT('',(15.9,-15.5,1.8));
#11908 = VECTOR('',#11909,1.);
#11909 = DIRECTION('',(0.,0.,1.));
#11910 = PCURVE('',#11493,#11911);
#11911 = DEFINITIONAL_REPRESENTATION('',(#11912),#11916);
#11912 = LINE('',#11913,#11914);
#11913 = CARTESIAN_POINT('',(6.28318530718,-0.));
#11914 = VECTOR('',#11915,1.);
#11915 = DIRECTION('',(0.,1.));
#11916 = ( GEOMETRIC_REPRESENTATION_CONTEXT(2) 
PARAMETRIC_REPRESENTATION_CONTEXT() REPRESENTATION_CONTEXT('2D SPACE',''
  ) );
#11917 = PCURVE('',#11493,#11918);
#11918 = DEFINITIONAL_REPRESENTATION('',(#11919),#11923);
#11919 = LINE('',#11920,#11921);
#11920 = CARTESIAN_POINT('',(0.,-0.));
#11921 = VECTOR('',#11922,1.);
#11922 = DIRECTION('',(0.,1.));
#11923 = ( GEOMETRIC_REPRESENTATION_CONTEXT(2) 
PARAMETRIC_REPRESENTATION_CONTEXT() REPRESENTATION_CONTEXT('2D SPACE',''
  ) );
#11924 = ORIENTED_EDGE('',*,*,#11925,.T.);
#11925 = EDGE_CURVE('',#11903,#11903,#11926,.T.);
#11926 = SURFACE_CURVE('',#11927,(#11932,#11939),.PCURVE_S1.);
#11927 = CIRCLE('',#11928,0.9);
#11928 = AXIS2_PLACEMENT_3D('',#11929,#11930,#11931);
#11929 = CARTESIAN_POINT('',(15.,-15.5,1.8));
#11930 = DIRECTION('',(0.,0.,1.));
#11931 = DIRECTION('',(1.,0.,-0.));
#11932 = PCURVE('',#11493,#11933);
#11933 = DEFINITIONAL_REPRESENTATION('',(#11934),#11938);
#11934 = LINE('',#11935,#11936);
#11935 = CARTESIAN_POINT('',(0.,0.));
#11936 = VECTOR('',#11937,1.);
#11937 = DIRECTION('',(1.,0.));
#11938 = ( GEOMETRIC_REPRESENTATION_CONTEXT(2) 
PARAMETRIC_REPRESENTATION_CONTEXT() REPRESENTATION_CONTEXT('2D SPACE',''
  ) );
#11939 = PCURVE('',#11940,#11945);
#11940 = PLANE('',#11941);
#11941 = AXIS2_PLACEMENT_3D('',#11942,#11943,#11944);
#11942 = CARTESIAN_POINT('',(15.,-15.5,1.8));
#11943 = DIRECTION('',(0.,0.,1.));
#11944 = DIRECTION('',(1.,0.,-0.));
#11945 = DEFINITIONAL_REPRESENTATION('',(#11946),#11950);
#11946 = CIRCLE('',#11947,0.9);
#11947 = AXIS2_PLACEMENT_2D('',#11948,#11949);
#11948 = CARTESIAN_POINT('',(0.,0.));
#11949 = DIRECTION('',(1.,0.));
#11950 = ( GEOMETRIC_REPRESENTATION_CONTEXT(2) 
PARAMETRIC_REPRESENTATION_CONTEXT() REPRESENTATION_CONTEXT('2D SPACE',''
  ) );
#11951 = ORIENTED_EDGE('',*,*,#11902,.T.);
#11952 = ADVANCED_FACE('',(#11953),#11528,.F.);
#11953 = FACE_BOUND('',#11954,.F.);
#11954 = EDGE_LOOP('',(#11955,#11956,#11979,#12006));
#11955 = ORIENTED_EDGE('',*,*,#11511,.F.);
#11956 = ORIENTED_EDGE('',*,*,#11957,.F.);
#11957 = EDGE_CURVE('',#11958,#11512,#11960,.T.);
#11958 = VERTEX_POINT('',#11959);
#11959 = CARTESIAN_POINT('',(-17.85,7.,1.68));
#11960 = SEAM_CURVE('',#11961,(#11965,#11972),.PCURVE_S1.);
#11961 = LINE('',#11962,#11963);
#11962 = CARTESIAN_POINT('',(-17.85,7.,1.68));
#11963 = VECTOR('',#11964,1.);
#11964 = DIRECTION('',(0.,0.,1.));
#11965 = PCURVE('',#11528,#11966);
#11966 = DEFINITIONAL_REPRESENTATION('',(#11967),#11971);
#11967 = LINE('',#11968,#11969);
#11968 = CARTESIAN_POINT('',(6.28318530718,-0.));
#11969 = VECTOR('',#11970,1.);
#11970 = DIRECTION('',(0.,1.));
#11971 = ( GEOMETRIC_REPRESENTATION_CONTEXT(2) 
PARAMETRIC_REPRESENTATION_CONTEXT() REPRESENTATION_CONTEXT('2D SPACE',''
  ) );
#11972 = PCURVE('',#11528,#11973);
#11973 = DEFINITIONAL_REPRESENTATION('',(#11974),#11978);
#11974 = LINE('',#11975,#11976);
#11975 = CARTESIAN_POINT('',(0.,-0.));
#11976 = VECTOR('',#11977,1.);
#11977 = DIRECTION('',(0.,1.));
#11978 = ( GEOMETRIC_REPRESENTATION_CONTEXT(2) 
PARAMETRIC_REPRESENTATION_CONTEXT() REPRESENTATION_CONTEXT('2D SPACE',''
  ) );
#11979 = ORIENTED_EDGE('',*,*,#11980,.T.);
#11980 = EDGE_CURVE('',#11958,#11958,#11981,.T.);
#11981 = SURFACE_CURVE('',#11982,(#11987,#11994),.PCURVE_S1.);
#11982 = CIRCLE('',#11983,0.65);
#11983 = AXIS2_PLACEMENT_3D('',#11984,#11985,#11986);
#11984 = CARTESIAN_POINT('',(-18.5,7.,1.68));
#11985 = DIRECTION('',(0.,0.,1.));
#11986 = DIRECTION('',(1.,0.,-0.));
#11987 = PCURVE('',#11528,#11988);
#11988 = DEFINITIONAL_REPRESENTATION('',(#11989),#11993);
#11989 = LINE('',#11990,#11991);
#11990 = CARTESIAN_POINT('',(0.,0.));
#11991 = VECTOR('',#11992,1.);
#11992 = DIRECTION('',(1.,0.));
#11993 = ( GEOMETRIC_REPRESENTATION_CONTEXT(2) 
PARAMETRIC_REPRESENTATION_CONTEXT() REPRESENTATION_CONTEXT('2D SPACE',''
  ) );
#11994 = PCURVE('',#11995,#12000);
#11995 = PLANE('',#11996);
#11996 = AXIS2_PLACEMENT_3D('',#11997,#11998,#11999);
#11997 = CARTESIAN_POINT('',(-18.5,7.,1.68));
#11998 = DIRECTION('',(0.,0.,1.));
#11999 = DIRECTION('',(1.,0.,-0.));
#12000 = DEFINITIONAL_REPRESENTATION('',(#12001),#12005);
#12001 = CIRCLE('',#12002,0.65);
#12002 = AXIS2_PLACEMENT_2D('',#12003,#12004);
#12003 = CARTESIAN_POINT('',(0.,0.));
#12004 = DIRECTION('',(1.,0.));
#12005 = ( GEOMETRIC_REPRESENTATION_CONTEXT(2) 
PARAMETRIC_REPRESENTATION_CONTEXT() REPRESENTATION_CONTEXT('2D SPACE',''
  ) );
#12006 = ORIENTED_EDGE('',*,*,#11957,.T.);
#12007 = ADVANCED_FACE('',(#12008),#11563,.F.);
#12008 = FACE_BOUND('',#12009,.F.);
#12009 = EDGE_LOOP('',(#12010,#12011,#12034,#12061));
#12010 = ORIENTED_EDGE('',*,*,#11546,.F.);
#12011 = ORIENTED_EDGE('',*,*,#12012,.F.);
#12012 = EDGE_CURVE('',#12013,#11547,#12015,.T.);
#12013 = VERTEX_POINT('',#12014);
#12014 = CARTESIAN_POINT('',(-14.1,15.5,1.8));
#12015 = SEAM_CURVE('',#12016,(#12020,#12027),.PCURVE_S1.);
#12016 = LINE('',#12017,#12018);
#12017 = CARTESIAN_POINT('',(-14.1,15.5,1.8));
#12018 = VECTOR('',#12019,1.);
#12019 = DIRECTION('',(0.,0.,1.));
#12020 = PCURVE('',#11563,#12021);
#12021 = DEFINITIONAL_REPRESENTATION('',(#12022),#12026);
#12022 = LINE('',#12023,#12024);
#12023 = CARTESIAN_POINT('',(6.28318530718,-0.));
#12024 = VECTOR('',#12025,1.);
#12025 = DIRECTION('',(0.,1.));
#12026 = ( GEOMETRIC_REPRESENTATION_CONTEXT(2) 
PARAMETRIC_REPRESENTATION_CONTEXT() REPRESENTATION_CONTEXT('2D SPACE',''
  ) );
#12027 = PCURVE('',#11563,#12028);
#12028 = DEFINITIONAL_REPRESENTATION('',(#12029),#12033);
#12029 = LINE('',#12030,#12031);
#12030 = CARTESIAN_POINT('',(0.,-0.));
#12031 = VECTOR('',#12032,1.);
#12032 = DIRECTION('',(0.,1.));
#12033 = ( GEOMETRIC_REPRESENTATION_CONTEXT(2) 
PARAMETRIC_REPRESENTATION_CONTEXT() REPRESENTATION_CONTEXT('2D SPACE',''
  ) );
#12034 = ORIENTED_EDGE('',*,*,#12035,.T.);
#12035 = EDGE_CURVE('',#12013,#12013,#12036,.T.);
#12036 = SURFACE_CURVE('',#12037,(#12042,#12049),.PCURVE_S1.);
#12037 = CIRCLE('',#12038,0.9);
#12038 = AXIS2_PLACEMENT_3D('',#12039,#12040,#12041);
#12039 = CARTESIAN_POINT('',(-15.,15.5,1.8));
#12040 = DIRECTION('',(0.,0.,1.));
#12041 = DIRECTION('',(1.,0.,-0.));
#12042 = PCURVE('',#11563,#12043);
#12043 = DEFINITIONAL_REPRESENTATION('',(#12044),#12048);
#12044 = LINE('',#12045,#12046);
#12045 = CARTESIAN_POINT('',(0.,0.));
#12046 = VECTOR('',#12047,1.);
#12047 = DIRECTION('',(1.,0.));
#12048 = ( GEOMETRIC_REPRESENTATION_CONTEXT(2) 
PARAMETRIC_REPRESENTATION_CONTEXT() REPRESENTATION_CONTEXT('2D SPACE',''
  ) );
#12049 = PCURVE('',#12050,#12055);
#12050 = PLANE('',#12051);
#12051 = AXIS2_PLACEMENT_3D('',#12052,#12053,#12054);
#12052 = CARTESIAN_POINT('',(-15.,15.5,1.8));
#12053 = DIRECTION('',(0.,0.,1.));
#12054 = DIRECTION('',(1.,0.,-0.));
#12055 = DEFINITIONAL_REPRESENTATION('',(#12056),#12060);
#12056 = CIRCLE('',#12057,0.9);
#12057 = AXIS2_PLACEMENT_2D('',#12058,#12059);
#12058 = CARTESIAN_POINT('',(0.,0.));
#12059 = DIRECTION('',(1.,0.));
#12060 = ( GEOMETRIC_REPRESENTATION_CONTEXT(2) 
PARAMETRIC_REPRESENTATION_CONTEXT() REPRESENTATION_CONTEXT('2D SPACE',''
  ) );
#12061 = ORIENTED_EDGE('',*,*,#12012,.T.);
#12062 = ADVANCED_FACE('',(#12063),#11598,.F.);
#12063 = FACE_BOUND('',#12064,.F.);
#12064 = EDGE_LOOP('',(#12065,#12066,#12089,#12116));
#12065 = ORIENTED_EDGE('',*,*,#11581,.F.);
#12066 = ORIENTED_EDGE('',*,*,#12067,.F.);
#12067 = EDGE_CURVE('',#12068,#11582,#12070,.T.);
#12068 = VERTEX_POINT('',#12069);
#12069 = CARTESIAN_POINT('',(15.9,15.5,1.8));
#12070 = SEAM_CURVE('',#12071,(#12075,#12082),.PCURVE_S1.);
#12071 = LINE('',#12072,#12073);
#12072 = CARTESIAN_POINT('',(15.9,15.5,1.8));
#12073 = VECTOR('',#12074,1.);
#12074 = DIRECTION('',(0.,0.,1.));
#12075 = PCURVE('',#11598,#12076);
#12076 = DEFINITIONAL_REPRESENTATION('',(#12077),#12081);
#12077 = LINE('',#12078,#12079);
#12078 = CARTESIAN_POINT('',(6.28318530718,-0.));
#12079 = VECTOR('',#12080,1.);
#12080 = DIRECTION('',(0.,1.));
#12081 = ( GEOMETRIC_REPRESENTATION_CONTEXT(2) 
PARAMETRIC_REPRESENTATION_CONTEXT() REPRESENTATION_CONTEXT('2D SPACE',''
  ) );
#12082 = PCURVE('',#11598,#12083);
#12083 = DEFINITIONAL_REPRESENTATION('',(#12084),#12088);
#12084 = LINE('',#12085,#12086);
#12085 = CARTESIAN_POINT('',(0.,-0.));
#12086 = VECTOR('',#12087,1.);
#12087 = DIRECTION('',(0.,1.));
#12088 = ( GEOMETRIC_REPRESENTATION_CONTEXT(2) 
PARAMETRIC_REPRESENTATION_CONTEXT() REPRESENTATION_CONTEXT('2D SPACE',''
  ) );
#12089 = ORIENTED_EDGE('',*,*,#12090,.T.);
#12090 = EDGE_CURVE('',#12068,#12068,#12091,.T.);
#12091 = SURFACE_CURVE('',#12092,(#12097,#12104),.PCURVE_S1.);
#12092 = CIRCLE('',#12093,0.9);
#12093 = AXIS2_PLACEMENT_3D('',#12094,#12095,#12096);
#12094 = CARTESIAN_POINT('',(15.,15.5,1.8));
#12095 = DIRECTION('',(0.,0.,1.));
#12096 = DIRECTION('',(1.,0.,-0.));
#12097 = PCURVE('',#11598,#12098);
#12098 = DEFINITIONAL_REPRESENTATION('',(#12099),#12103);
#12099 = LINE('',#12100,#12101);
#12100 = CARTESIAN_POINT('',(0.,0.));
#12101 = VECTOR('',#12102,1.);
#12102 = DIRECTION('',(1.,0.));
#12103 = ( GEOMETRIC_REPRESENTATION_CONTEXT(2) 
PARAMETRIC_REPRESENTATION_CONTEXT() REPRESENTATION_CONTEXT('2D SPACE',''
  ) );
#12104 = PCURVE('',#12105,#12110);
#12105 = PLANE('',#12106);
#12106 = AXIS2_PLACEMENT_3D('',#12107,#12108,#12109);
#12107 = CARTESIAN_POINT('',(15.,15.5,1.8));
#12108 = DIRECTION('',(0.,0.,1.));
#12109 = DIRECTION('',(1.,0.,-0.));
#12110 = DEFINITIONAL_REPRESENTATION('',(#12111),#12115);
#12111 = CIRCLE('',#12112,0.9);
#12112 = AXIS2_PLACEMENT_2D('',#12113,#12114);
#12113 = CARTESIAN_POINT('',(0.,0.));
#12114 = DIRECTION('',(1.,0.));
#12115 = ( GEOMETRIC_REPRESENTATION_CONTEXT(2) 
PARAMETRIC_REPRESENTATION_CONTEXT() REPRESENTATION_CONTEXT('2D SPACE',''
  ) );
#12116 = ORIENTED_EDGE('',*,*,#12067,.T.);
#12117 = ADVANCED_FACE('',(#12118),#11720,.T.);
#12118 = FACE_BOUND('',#12119,.F.);
#12119 = EDGE_LOOP('',(#12120));
#12120 = ORIENTED_EDGE('',*,*,#11705,.F.);
#12121 = ADVANCED_FACE('',(#12122),#11775,.T.);
#12122 = FACE_BOUND('',#12123,.F.);
#12123 = EDGE_LOOP('',(#12124));
#12124 = ORIENTED_EDGE('',*,*,#11760,.F.);
#12125 = ADVANCED_FACE('',(#12126),#11830,.T.);
#12126 = FACE_BOUND('',#12127,.F.);
#12127 = EDGE_LOOP('',(#12128));
#12128 = ORIENTED_EDGE('',*,*,#11815,.F.);
#12129 = ADVANCED_FACE('',(#12130),#11885,.T.);
#12130 = FACE_BOUND('',#12131,.F.);
#12131 = EDGE_LOOP('',(#12132));
#12132 = ORIENTED_EDGE('',*,*,#11870,.F.);
#12133 = ADVANCED_FACE('',(#12134),#11940,.T.);
#12134 = FACE_BOUND('',#12135,.F.);
#12135 = EDGE_LOOP('',(#12136));
#12136 = ORIENTED_EDGE('',*,*,#11925,.F.);
#12137 = ADVANCED_FACE('',(#12138),#11995,.T.);
#12138 = FACE_BOUND('',#12139,.F.);
#12139 = EDGE_LOOP('',(#12140));
#12140 = ORIENTED_EDGE('',*,*,#11980,.F.);
#12141 = ADVANCED_FACE('',(#12142),#12050,.T.);
#12142 = FACE_BOUND('',#12143,.F.);
#12143 = EDGE_LOOP('',(#12144));
#12144 = ORIENTED_EDGE('',*,*,#12035,.F.);
#12145 = ADVANCED_FACE('',(#12146),#12105,.T.);
#12146 = FACE_BOUND('',#12147,.F.);
#12147 = EDGE_LOOP('',(#12148));
#12148 = ORIENTED_EDGE('',*,*,#12090,.F.);
#12149 = ( GEOMETRIC_REPRESENTATION_CONTEXT(3) 
GLOBAL_UNCERTAINTY_ASSIGNED_CONTEXT((#12153)) 
GLOBAL_UNIT_ASSIGNED_CONTEXT((#12150,#12151,#12152)) 
REPRESENTATION_CONTEXT('Context #1',
  '3D Context with UNIT and UNCERTAINTY') );
#12150 = ( LENGTH_UNIT() NAMED_UNIT(*) SI_UNIT(.MILLI.,.METRE.) );
#12151 = ( NAMED_UNIT(*) PLANE_ANGLE_UNIT() SI_UNIT($,.RADIAN.) );
#12152 = ( NAMED_UNIT(*) SI_UNIT($,.STERADIAN.) SOLID_ANGLE_UNIT() );
#12153 = UNCERTAINTY_MEASURE_WITH_UNIT(LENGTH_MEASURE(1.E-07),#12150,
  'distance_accuracy_value','confusion accuracy');
#12154 = PRODUCT_RELATED_PRODUCT_CATEGORY('part',$,(#7));
#12155 = MECHANICAL_DESIGN_GEOMETRIC_PRESENTATION_REPRESENTATION('',(
    #12156),#12149);
#12156 = STYLED_ITEM('color',(#12157),#15);
#12157 = PRESENTATION_STYLE_ASSIGNMENT((#12158,#12164));
#12158 = SURFACE_STYLE_USAGE(.BOTH.,#12159);
#12159 = SURFACE_SIDE_STYLE('',(#12160));
#12160 = SURFACE_STYLE_FILL_AREA(#12161);
#12161 = FILL_AREA_STYLE('',(#12162));
#12162 = FILL_AREA_STYLE_COLOUR('',#12163);
#12163 = COLOUR_RGB('',0.199999998682,0.230000002338,0.259999998834);
#12164 = CURVE_STYLE('',#12165,POSITIVE_LENGTH_MEASURE(0.1),#12163);
#12165 = DRAUGHTING_PRE_DEFINED_CURVE_FONT('continuous');
ENDSEC;
END-ISO-10303-21;
